/home/user/anaconda3/lib/python3.12/site-packages/stable_baselines3/common/on_policy_algorithm.py:150: UserWarning: You are trying to run PPO on the GPU, but it is primarily intended to run on the CPU when not using a CNN policy (you are using ActorCriticPolicy which should be a MlpPolicy). See https://github.com/DLR-RM/stable-baselines3/issues/1245 for more info. You can pass `device='cpu'` or `export CUDA_VISIBLE_DEVICES=` to force using the CPU.Note: The model will train, but the GPU utilization will be poor and the training might take longer than on CPU.
  warnings.warn(
[v3.1 env init] xvel_boost_multiplier = 5.0
[v3.1 env init] Ours reward weights = {'alpha_W_pos': 0.3, 'alpha_W_neg': 0.6, 'alpha_E_damp': 0.5, 'alpha_E_fric': 0.5, 'alpha_E_norm': 1.0}
[v3.1 env init] xvel_boost_multiplier = 5.0
[v3.1 env init] Ours reward weights = {'alpha_W_pos': 0.3, 'alpha_W_neg': 0.6, 'alpha_E_damp': 0.5, 'alpha_E_fric': 0.5, 'alpha_E_norm': 1.0}
[v3.1 env init] xvel_boost_multiplier = 5.0
[v3.1 env init] Ours reward weights = {'alpha_W_pos': 0.3, 'alpha_W_neg': 0.6, 'alpha_E_damp': 0.5, 'alpha_E_fric': 0.5, 'alpha_E_norm': 1.0}
[v3.1 env init] xvel_boost_multiplier = 5.0
[v3.1 env init] Ours reward weights = {'alpha_W_pos': 0.3, 'alpha_W_neg': 0.6, 'alpha_E_damp': 0.5, 'alpha_E_fric': 0.5, 'alpha_E_norm': 1.0}
Using cuda device
Logging to logs/w3_ours_v3.1/seed0/tb_logs/PPO_1
---------------------------------
| energy/            |          |
|    E_damp_J        | 0.141    |
|    E_fric_J        | 0.0261   |
|    E_norm_J        | 0.0126   |
|    W_neg_J         | 0.15     |
|    W_pos_J         | 0.311    |
| reward/            |          |
|    r_energy        | -0.279   |
| rollout/           |          |
|    ep_len_mean     | 82       |
|    ep_rew_mean     | -182     |
| time/              |          |
|    fps             | 49       |
|    iterations      | 1        |
|    time_elapsed    | 82       |
|    total_timesteps | 4096     |
---------------------------------
-----------------------------------------
| energy/                 |             |
|    E_damp_J             | 0.145       |
|    E_fric_J             | 0.0273      |
|    E_norm_J             | 0.0122      |
|    W_neg_J              | 0.15        |
|    W_pos_J              | 0.309       |
| reward/                 |             |
|    r_energy             | -0.281      |
| rollout/                |             |
|    ep_len_mean          | 82          |
|    ep_rew_mean          | -181        |
| time/                   |             |
|    fps                  | 49          |
|    iterations           | 2           |
|    time_elapsed         | 165         |
|    total_timesteps      | 8192        |
| train/                  |             |
|    approx_kl            | 0.009406555 |
|    clip_fraction        | 0.105       |
|    clip_range           | 0.2         |
|    entropy_loss         | -14.2       |
|    explained_variance   | -0.00194    |
|    learning_rate        | 0.0003      |
|    loss                 | 203         |
|    n_updates            | 10          |
|    policy_gradient_loss | -0.016      |
|    std                  | 1           |
|    value_loss           | 624         |
-----------------------------------------
-----------------------------------------
| energy/                 |             |
|    E_damp_J             | 0.124       |
|    E_fric_J             | 0.0257      |
|    E_norm_J             | 0.0124      |
|    W_neg_J              | 0.129       |
|    W_pos_J              | 0.285       |
| reward/                 |             |
|    r_energy             | -0.25       |
| rollout/                |             |
|    ep_len_mean          | 82          |
|    ep_rew_mean          | -179        |
| time/                   |             |
|    fps                  | 49          |
|    iterations           | 3           |
|    time_elapsed         | 247         |
|    total_timesteps      | 12288       |
| train/                  |             |
|    approx_kl            | 0.009376731 |
|    clip_fraction        | 0.091       |
|    clip_range           | 0.2         |
|    entropy_loss         | -14.2       |
|    explained_variance   | -0.000263   |
|    learning_rate        | 0.0003      |
|    loss                 | 275         |
|    n_updates            | 20          |
|    policy_gradient_loss | -0.0151     |
|    std                  | 0.999       |
|    value_loss           | 683         |
-----------------------------------------
----------------------------------------
| energy/                 |            |
|    E_damp_J             | 0.14       |
|    E_fric_J             | 0.0249     |
|    E_norm_J             | 0.0113     |
|    W_neg_J              | 0.13       |
|    W_pos_J              | 0.333      |
| reward/                 |            |
|    r_energy             | -0.271     |
| rollout/                |            |
|    ep_len_mean          | 82         |
|    ep_rew_mean          | -178       |
| time/                   |            |
|    fps                  | 49         |
|    iterations           | 4          |
|    time_elapsed         | 328        |
|    total_timesteps      | 16384      |
| train/                  |            |
|    approx_kl            | 0.00947511 |
|    clip_fraction        | 0.0953     |
|    clip_range           | 0.2        |
|    entropy_loss         | -14.2      |
|    explained_variance   | -0.000313  |
|    learning_rate        | 0.0003     |
|    loss                 | 281        |
|    n_updates            | 30         |
|    policy_gradient_loss | -0.0159    |
|    std                  | 1          |
|    value_loss           | 676        |
----------------------------------------
-----------------------------------------
| energy/                 |             |
|    E_damp_J             | 0.127       |
|    E_fric_J             | 0.0233      |
|    E_norm_J             | 0.0113      |
|    W_neg_J              | 0.127       |
|    W_pos_J              | 0.307       |
| reward/                 |             |
|    r_energy             | -0.255      |
| rollout/                |             |
|    ep_len_mean          | 82          |
|    ep_rew_mean          | -172        |
| time/                   |             |
|    fps                  | 49          |
|    iterations           | 5           |
|    time_elapsed         | 410         |
|    total_timesteps      | 20480       |
| train/                  |             |
|    approx_kl            | 0.010180693 |
|    clip_fraction        | 0.112       |
|    clip_range           | 0.2         |
|    entropy_loss         | -14.3       |
|    explained_variance   | -9.33e-05   |
|    learning_rate        | 0.0003      |
|    loss                 | 212         |
|    n_updates            | 40          |
|    policy_gradient_loss | -0.0165     |
|    std                  | 1.01        |
|    value_loss           | 595         |
-----------------------------------------
----------------------------------------
| energy/                 |            |
|    E_damp_J             | 0.124      |
|    E_fric_J             | 0.0241     |
|    E_norm_J             | 0.0113     |
|    W_neg_J              | 0.114      |
|    W_pos_J              | 0.303      |
| reward/                 |            |
|    r_energy             | -0.245     |
| rollout/                |            |
|    ep_len_mean          | 82         |
|    ep_rew_mean          | -169       |
| time/                   |            |
|    fps                  | 50         |
|    iterations           | 6          |
|    time_elapsed         | 491        |
|    total_timesteps      | 24576      |
| train/                  |            |
|    approx_kl            | 0.01168741 |
|    clip_fraction        | 0.122      |
|    clip_range           | 0.2        |
|    entropy_loss         | -14.3      |
|    explained_variance   | -4.07e-05  |
|    learning_rate        | 0.0003     |
|    loss                 | 204        |
|    n_updates            | 50         |
|    policy_gradient_loss | -0.0181    |
|    std                  | 1.01       |
|    value_loss           | 491        |
----------------------------------------
-----------------------------------------
| energy/                 |             |
|    E_damp_J             | 0.136       |
|    E_fric_J             | 0.0253      |
|    E_norm_J             | 0.0132      |
|    W_neg_J              | 0.146       |
|    W_pos_J              | 0.311       |
| reward/                 |             |
|    r_energy             | -0.275      |
| rollout/                |             |
|    ep_len_mean          | 82          |
|    ep_rew_mean          | -165        |
| time/                   |             |
|    fps                  | 50          |
|    iterations           | 7           |
|    time_elapsed         | 572         |
|    total_timesteps      | 28672       |
| train/                  |             |
|    approx_kl            | 0.010344846 |
|    clip_fraction        | 0.124       |
|    clip_range           | 0.2         |
|    entropy_loss         | -14.2       |
|    explained_variance   | -0.000111   |
|    learning_rate        | 0.0003      |
|    loss                 | 184         |
|    n_updates            | 60          |
|    policy_gradient_loss | -0.0192     |
|    std                  | 1           |
|    value_loss           | 461         |
-----------------------------------------
-----------------------------------------
| energy/                 |             |
|    E_damp_J             | 0.109       |
|    E_fric_J             | 0.024       |
|    E_norm_J             | 0.0117      |
|    W_neg_J              | 0.123       |
|    W_pos_J              | 0.257       |
| reward/                 |             |
|    r_energy             | -0.229      |
| rollout/                |             |
|    ep_len_mean          | 82          |
|    ep_rew_mean          | -161        |
| time/                   |             |
|    fps                  | 50          |
|    iterations           | 8           |
|    time_elapsed         | 653         |
|    total_timesteps      | 32768       |
| train/                  |             |
|    approx_kl            | 0.011214973 |
|    clip_fraction        | 0.122       |
|    clip_range           | 0.2         |
|    entropy_loss         | -14.2       |
|    explained_variance   | -6.77e-05   |
|    learning_rate        | 0.0003      |
|    loss                 | 141         |
|    n_updates            | 70          |
|    policy_gradient_loss | -0.0198     |
|    std                  | 0.999       |
|    value_loss           | 364         |
-----------------------------------------
------------------------------------------
| energy/                 |              |
|    E_damp_J             | 0.107        |
|    E_fric_J             | 0.0227       |
|    E_norm_J             | 0.0106       |
|    W_neg_J              | 0.106        |
|    W_pos_J              | 0.266        |
| reward/                 |              |
|    r_energy             | -0.219       |
| rollout/                |              |
|    ep_len_mean          | 82           |
|    ep_rew_mean          | -155         |
| time/                   |              |
|    fps                  | 50           |
|    iterations           | 9            |
|    time_elapsed         | 737          |
|    total_timesteps      | 36864        |
| train/                  |              |
|    approx_kl            | 0.0122400485 |
|    clip_fraction        | 0.152        |
|    clip_range           | 0.2          |
|    entropy_loss         | -14.2        |
|    explained_variance   | -5.41e-05    |
|    learning_rate        | 0.0003       |
|    loss                 | 121          |
|    n_updates            | 80           |
|    policy_gradient_loss | -0.0213      |
|    std                  | 1            |
|    value_loss           | 337          |
------------------------------------------
------------------------------------------
| energy/                 |              |
|    E_damp_J             | 0.108        |
|    E_fric_J             | 0.0212       |
|    E_norm_J             | 0.00977      |
|    W_neg_J              | 0.112        |
|    W_pos_J              | 0.259        |
| reward/                 |              |
|    r_energy             | -0.22        |
| rollout/                |              |
|    ep_len_mean          | 82           |
|    ep_rew_mean          | -148         |
| time/                   |              |
|    fps                  | 49           |
|    iterations           | 10           |
|    time_elapsed         | 821          |
|    total_timesteps      | 40960        |
| train/                  |              |
|    approx_kl            | 0.0111017395 |
|    clip_fraction        | 0.131        |
|    clip_range           | 0.2          |
|    entropy_loss         | -14.1        |
|    explained_variance   | -3.55e-05    |
|    learning_rate        | 0.0003       |
|    loss                 | 84.6         |
|    n_updates            | 90           |
|    policy_gradient_loss | -0.019       |
|    std                  | 0.994        |
|    value_loss           | 229          |
------------------------------------------
-----------------------------------------
| energy/                 |             |
|    E_damp_J             | 0.0913      |
|    E_fric_J             | 0.0207      |
|    E_norm_J             | 0.00976     |
|    W_neg_J              | 0.128       |
|    W_pos_J              | 0.212       |
| reward/                 |             |
|    r_energy             | -0.206      |
| rollout/                |             |
|    ep_len_mean          | 82          |
|    ep_rew_mean          | -146        |
| time/                   |             |
|    fps                  | 49          |
|    iterations           | 11          |
|    time_elapsed         | 907         |
|    total_timesteps      | 45056       |
| train/                  |             |
|    approx_kl            | 0.012305737 |
|    clip_fraction        | 0.137       |
|    clip_range           | 0.2         |
|    entropy_loss         | -14.1       |
|    explained_variance   | -2.59e-05   |
|    learning_rate        | 0.0003      |
|    loss                 | 63.7        |
|    n_updates            | 100         |
|    policy_gradient_loss | -0.0206     |
|    std                  | 0.992       |
|    value_loss           | 200         |
-----------------------------------------
-----------------------------------------
| energy/                 |             |
|    E_damp_J             | 0.104       |
|    E_fric_J             | 0.0225      |
|    E_norm_J             | 0.00979     |
|    W_neg_J              | 0.107       |
|    W_pos_J              | 0.242       |
| reward/                 |             |
|    r_energy             | -0.21       |
| rollout/                |             |
|    ep_len_mean          | 82          |
|    ep_rew_mean          | -144        |
| time/                   |             |
|    fps                  | 49          |
|    iterations           | 12          |
|    time_elapsed         | 993         |
|    total_timesteps      | 49152       |
| train/                  |             |
|    approx_kl            | 0.013576213 |
|    clip_fraction        | 0.157       |
|    clip_range           | 0.2         |
|    entropy_loss         | -14.1       |
|    explained_variance   | -3.06e-05   |
|    learning_rate        | 0.0003      |
|    loss                 | 54.3        |
|    n_updates            | 110         |
|    policy_gradient_loss | -0.0235     |
|    std                  | 0.987       |
|    value_loss           | 172         |
-----------------------------------------
-----------------------------------------
| energy/                 |             |
|    E_damp_J             | 0.0854      |
|    E_fric_J             | 0.0196      |
|    E_norm_J             | 0.00875     |
|    W_neg_J              | 0.0991      |
|    W_pos_J              | 0.212       |
| reward/                 |             |
|    r_energy             | -0.184      |
| rollout/                |             |
|    ep_len_mean          | 82          |
|    ep_rew_mean          | -140        |
| time/                   |             |
|    fps                  | 49          |
|    iterations           | 13          |
|    time_elapsed         | 1077        |
|    total_timesteps      | 53248       |
| train/                  |             |
|    approx_kl            | 0.013314815 |
|    clip_fraction        | 0.157       |
|    clip_range           | 0.2         |
|    entropy_loss         | -14         |
|    explained_variance   | -1.86e-05   |
|    learning_rate        | 0.0003      |
|    loss                 | 47.1        |
|    n_updates            | 120         |
|    policy_gradient_loss | -0.0235     |
|    std                  | 0.982       |
|    value_loss           | 151         |
-----------------------------------------
------------------------------------------
| energy/                 |              |
|    E_damp_J             | 0.0751       |
|    E_fric_J             | 0.0189       |
|    E_norm_J             | 0.00937      |
|    W_neg_J              | 0.085        |
|    W_pos_J              | 0.205        |
| reward/                 |              |
|    r_energy             | -0.169       |
| rollout/                |              |
|    ep_len_mean          | 82           |
|    ep_rew_mean          | -132         |
| time/                   |              |
|    fps                  | 49           |
|    iterations           | 14           |
|    time_elapsed         | 1161         |
|    total_timesteps      | 57344        |
| train/                  |              |
|    approx_kl            | 0.0147087285 |
|    clip_fraction        | 0.167        |
|    clip_range           | 0.2          |
|    entropy_loss         | -14          |
|    explained_variance   | -1.65e-05    |
|    learning_rate        | 0.0003       |
|    loss                 | 27.3         |
|    n_updates            | 130          |
|    policy_gradient_loss | -0.0233      |
|    std                  | 0.981        |
|    value_loss           | 102          |
------------------------------------------
----------------------------------------
| energy/                 |            |
|    E_damp_J             | 0.0827     |
|    E_fric_J             | 0.0192     |
|    E_norm_J             | 0.0251     |
|    W_neg_J              | 0.0863     |
|    W_pos_J              | 0.222      |
| reward/                 |            |
|    r_energy             | -0.195     |
| rollout/                |            |
|    ep_len_mean          | 82         |
|    ep_rew_mean          | -122       |
| time/                   |            |
|    fps                  | 49         |
|    iterations           | 15         |
|    time_elapsed         | 1244       |
|    total_timesteps      | 61440      |
| train/                  |            |
|    approx_kl            | 0.01516558 |
|    clip_fraction        | 0.169      |
|    clip_range           | 0.2        |
|    entropy_loss         | -14        |
|    explained_variance   | -1.05e-05  |
|    learning_rate        | 0.0003     |
|    loss                 | 19.2       |
|    n_updates            | 140        |
|    policy_gradient_loss | -0.0211    |
|    std                  | 0.979      |
|    value_loss           | 63.1       |
----------------------------------------
-----------------------------------------
| energy/                 |             |
|    E_damp_J             | 0.075       |
|    E_fric_J             | 0.0184      |
|    E_norm_J             | 0.00785     |
|    W_neg_J              | 0.0881      |
|    W_pos_J              | 0.212       |
| reward/                 |             |
|    r_energy             | -0.171      |
| rollout/                |             |
|    ep_len_mean          | 82          |
|    ep_rew_mean          | -116        |
| time/                   |             |
|    fps                  | 49          |
|    iterations           | 16          |
|    time_elapsed         | 1328        |
|    total_timesteps      | 65536       |
| train/                  |             |
|    approx_kl            | 0.024010647 |
|    clip_fraction        | 0.216       |
|    clip_range           | 0.2         |
|    entropy_loss         | -13.9       |
|    explained_variance   | -1.05e-05   |
|    learning_rate        | 0.0003      |
|    loss                 | 11.6        |
|    n_updates            | 150         |
|    policy_gradient_loss | -0.0264     |
|    std                  | 0.973       |
|    value_loss           | 36.7        |
-----------------------------------------
-----------------------------------------
| energy/                 |             |
|    E_damp_J             | 0.0734      |
|    E_fric_J             | 0.0155      |
|    E_norm_J             | 0.0236      |
|    W_neg_J              | 0.0979      |
|    W_pos_J              | 0.182       |
| reward/                 |             |
|    r_energy             | -0.181      |
| rollout/                |             |
|    ep_len_mean          | 82          |
|    ep_rew_mean          | -110        |
| time/                   |             |
|    fps                  | 49          |
|    iterations           | 17          |
|    time_elapsed         | 1413        |
|    total_timesteps      | 69632       |
| train/                  |             |
|    approx_kl            | 0.020737521 |
|    clip_fraction        | 0.23        |
|    clip_range           | 0.2         |
|    entropy_loss         | -13.9       |
|    explained_variance   | -1.45e-05   |
|    learning_rate        | 0.0003      |
|    loss                 | 8.77        |
|    n_updates            | 160         |
|    policy_gradient_loss | -0.0167     |
|    std                  | 0.971       |
|    value_loss           | 23.2        |
-----------------------------------------
-----------------------------------------
| energy/                 |             |
|    E_damp_J             | 0.0693      |
|    E_fric_J             | 0.0167      |
|    E_norm_J             | 0.00761     |
|    W_neg_J              | 0.0795      |
|    W_pos_J              | 0.186       |
| reward/                 |             |
|    r_energy             | -0.154      |
| rollout/                |             |
|    ep_len_mean          | 82          |
|    ep_rew_mean          | -103        |
| time/                   |             |
|    fps                  | 49          |
|    iterations           | 18          |
|    time_elapsed         | 1497        |
|    total_timesteps      | 73728       |
| train/                  |             |
|    approx_kl            | 0.023855053 |
|    clip_fraction        | 0.235       |
|    clip_range           | 0.2         |
|    entropy_loss         | -13.8       |
|    explained_variance   | -8.46e-06   |
|    learning_rate        | 0.0003      |
|    loss                 | 6.41        |
|    n_updates            | 170         |
|    policy_gradient_loss | -0.0232     |
|    std                  | 0.97        |
|    value_loss           | 16.7        |
-----------------------------------------
-----------------------------------------
| energy/                 |             |
|    E_damp_J             | 0.0834      |
|    E_fric_J             | 0.0174      |
|    E_norm_J             | 0.0237      |
|    W_neg_J              | 0.0998      |
|    W_pos_J              | 0.199       |
| reward/                 |             |
|    r_energy             | -0.194      |
| rollout/                |             |
|    ep_len_mean          | 82          |
|    ep_rew_mean          | -98.9       |
| time/                   |             |
|    fps                  | 49          |
|    iterations           | 19          |
|    time_elapsed         | 1582        |
|    total_timesteps      | 77824       |
| train/                  |             |
|    approx_kl            | 0.017296422 |
|    clip_fraction        | 0.198       |
|    clip_range           | 0.2         |
|    entropy_loss         | -13.8       |
|    explained_variance   | -9.89e-06   |
|    learning_rate        | 0.0003      |
|    loss                 | 7.09        |
|    n_updates            | 180         |
|    policy_gradient_loss | -0.0243     |
|    std                  | 0.964       |
|    value_loss           | 15.3        |
-----------------------------------------
-----------------------------------------
| energy/                 |             |
|    E_damp_J             | 0.0552      |
|    E_fric_J             | 0.0153      |
|    E_norm_J             | 0.00694     |
|    W_neg_J              | 0.0573      |
|    W_pos_J              | 0.16        |
| reward/                 |             |
|    r_energy             | -0.125      |
| rollout/                |             |
|    ep_len_mean          | 82          |
|    ep_rew_mean          | -94.4       |
| time/                   |             |
|    fps                  | 49          |
|    iterations           | 20          |
|    time_elapsed         | 1668        |
|    total_timesteps      | 81920       |
| train/                  |             |
|    approx_kl            | 0.017212238 |
|    clip_fraction        | 0.211       |
|    clip_range           | 0.2         |
|    entropy_loss         | -13.7       |
|    explained_variance   | -9.3e-06    |
|    learning_rate        | 0.0003      |
|    loss                 | 5.96        |
|    n_updates            | 190         |
|    policy_gradient_loss | -0.0251     |
|    std                  | 0.959       |
|    value_loss           | 14.3        |
-----------------------------------------
-----------------------------------------
| energy/                 |             |
|    E_damp_J             | 0.0781      |
|    E_fric_J             | 0.0157      |
|    E_norm_J             | 0.0223      |
|    W_neg_J              | 0.0828      |
|    W_pos_J              | 0.19        |
| reward/                 |             |
|    r_energy             | -0.176      |
| rollout/                |             |
|    ep_len_mean          | 82          |
|    ep_rew_mean          | -88.7       |
| time/                   |             |
|    fps                  | 49          |
|    iterations           | 21          |
|    time_elapsed         | 1752        |
|    total_timesteps      | 86016       |
| train/                  |             |
|    approx_kl            | 0.016999107 |
|    clip_fraction        | 0.205       |
|    clip_range           | 0.2         |
|    entropy_loss         | -13.7       |
|    explained_variance   | -5.6e-06    |
|    learning_rate        | 0.0003      |
|    loss                 | 6.01        |
|    n_updates            | 200         |
|    policy_gradient_loss | -0.0266     |
|    std                  | 0.954       |
|    value_loss           | 12.4        |
-----------------------------------------
-----------------------------------------
| energy/                 |             |
|    E_damp_J             | 0.0531      |
|    E_fric_J             | 0.015       |
|    E_norm_J             | 0.00678     |
|    W_neg_J              | 0.0483      |
|    W_pos_J              | 0.165       |
| reward/                 |             |
|    r_energy             | -0.119      |
| rollout/                |             |
|    ep_len_mean          | 82          |
|    ep_rew_mean          | -84         |
| time/                   |             |
|    fps                  | 49          |
|    iterations           | 22          |
|    time_elapsed         | 1837        |
|    total_timesteps      | 90112       |
| train/                  |             |
|    approx_kl            | 0.015965264 |
|    clip_fraction        | 0.182       |
|    clip_range           | 0.2         |
|    entropy_loss         | -13.6       |
|    explained_variance   | -2.15e-06   |
|    learning_rate        | 0.0003      |
|    loss                 | 4.69        |
|    n_updates            | 210         |
|    policy_gradient_loss | -0.0239     |
|    std                  | 0.949       |
|    value_loss           | 11.7        |
-----------------------------------------
----------------------------------------
| energy/                 |            |
|    E_damp_J             | 0.0678     |
|    E_fric_J             | 0.0156     |
|    E_norm_J             | 0.0238     |
|    W_neg_J              | 0.0902     |
|    W_pos_J              | 0.17       |
| reward/                 |            |
|    r_energy             | -0.171     |
| rollout/                |            |
|    ep_len_mean          | 82         |
|    ep_rew_mean          | -77.4      |
| time/                   |            |
|    fps                  | 48         |
|    iterations           | 23         |
|    time_elapsed         | 1924       |
|    total_timesteps      | 94208      |
| train/                  |            |
|    approx_kl            | 0.01432748 |
|    clip_fraction        | 0.16       |
|    clip_range           | 0.2        |
|    entropy_loss         | -13.5      |
|    explained_variance   | -1.07e-06  |
|    learning_rate        | 0.0003     |
|    loss                 | 4.21       |
|    n_updates            | 220        |
|    policy_gradient_loss | -0.0203    |
|    std                  | 0.946      |
|    value_loss           | 11.6       |
----------------------------------------
------------------------------------------
| energy/                 |              |
|    E_damp_J             | 0.0494       |
|    E_fric_J             | 0.0156       |
|    E_norm_J             | 0.00692      |
|    W_neg_J              | 0.0593       |
|    W_pos_J              | 0.147        |
| reward/                 |              |
|    r_energy             | -0.119       |
| rollout/                |              |
|    ep_len_mean          | 82           |
|    ep_rew_mean          | -72.7        |
| time/                   |              |
|    fps                  | 48           |
|    iterations           | 24           |
|    time_elapsed         | 2009         |
|    total_timesteps      | 98304        |
| train/                  |              |
|    approx_kl            | 0.0119068045 |
|    clip_fraction        | 0.124        |
|    clip_range           | 0.2          |
|    entropy_loss         | -13.5        |
|    explained_variance   | -1.24e-05    |
|    learning_rate        | 0.0003       |
|    loss                 | 4.11         |
|    n_updates            | 230          |
|    policy_gradient_loss | -0.0182      |
|    std                  | 0.942        |
|    value_loss           | 10.7         |
------------------------------------------
-----------------------------------------
| energy/                 |             |
|    E_damp_J             | 0.0617      |
|    E_fric_J             | 0.0135      |
|    E_norm_J             | 0.0229      |
|    W_neg_J              | 0.0811      |
|    W_pos_J              | 0.137       |
| reward/                 |             |
|    r_energy             | -0.15       |
| rollout/                |             |
|    ep_len_mean          | 82          |
|    ep_rew_mean          | -69.1       |
| time/                   |             |
|    fps                  | 48          |
|    iterations           | 25          |
|    time_elapsed         | 2095        |
|    total_timesteps      | 102400      |
| train/                  |             |
|    approx_kl            | 0.016840665 |
|    clip_fraction        | 0.165       |
|    clip_range           | 0.2         |
|    entropy_loss         | -13.4       |
|    explained_variance   | -4.65e-06   |
|    learning_rate        | 0.0003      |
|    loss                 | 4.91        |
|    n_updates            | 240         |
|    policy_gradient_loss | -0.0238     |
|    std                  | 0.936       |
|    value_loss           | 11.8        |
-----------------------------------------
-----------------------------------------
| energy/                 |             |
|    E_damp_J             | 0.037       |
|    E_fric_J             | 0.0129      |
|    E_norm_J             | 0.00571     |
|    W_neg_J              | 0.0505      |
|    W_pos_J              | 0.102       |
| reward/                 |             |
|    r_energy             | -0.0916     |
| rollout/                |             |
|    ep_len_mean          | 82          |
|    ep_rew_mean          | -65.5       |
| time/                   |             |
|    fps                  | 48          |
|    iterations           | 26          |
|    time_elapsed         | 2182        |
|    total_timesteps      | 106496      |
| train/                  |             |
|    approx_kl            | 0.013834916 |
|    clip_fraction        | 0.13        |
|    clip_range           | 0.2         |
|    entropy_loss         | -13.4       |
|    explained_variance   | -6.32e-06   |
|    learning_rate        | 0.0003      |
|    loss                 | 4.09        |
|    n_updates            | 250         |
|    policy_gradient_loss | -0.0166     |
|    std                  | 0.931       |
|    value_loss           | 12.4        |
-----------------------------------------
-----------------------------------------
| energy/                 |             |
|    E_damp_J             | 0.0608      |
|    E_fric_J             | 0.014       |
|    E_norm_J             | 0.0227      |
|    W_neg_J              | 0.0757      |
|    W_pos_J              | 0.15        |
| reward/                 |             |
|    r_energy             | -0.15       |
| rollout/                |             |
|    ep_len_mean          | 82          |
|    ep_rew_mean          | -62         |
| time/                   |             |
|    fps                  | 48          |
|    iterations           | 27          |
|    time_elapsed         | 2268        |
|    total_timesteps      | 110592      |
| train/                  |             |
|    approx_kl            | 0.014678094 |
|    clip_fraction        | 0.148       |
|    clip_range           | 0.2         |
|    entropy_loss         | -13.3       |
|    explained_variance   | -1.45e-05   |
|    learning_rate        | 0.0003      |
|    loss                 | 5.52        |
|    n_updates            | 260         |
|    policy_gradient_loss | -0.0193     |
|    std                  | 0.929       |
|    value_loss           | 11.6        |
-----------------------------------------
-----------------------------------------
| energy/                 |             |
|    E_damp_J             | 0.0407      |
|    E_fric_J             | 0.0137      |
|    E_norm_J             | 0.00628     |
|    W_neg_J              | 0.0533      |
|    W_pos_J              | 0.116       |
| reward/                 |             |
|    r_energy             | -0.1        |
| rollout/                |             |
|    ep_len_mean          | 82          |
|    ep_rew_mean          | -59.4       |
| time/                   |             |
|    fps                  | 48          |
|    iterations           | 28          |
|    time_elapsed         | 2354        |
|    total_timesteps      | 114688      |
| train/                  |             |
|    approx_kl            | 0.013690045 |
|    clip_fraction        | 0.135       |
|    clip_range           | 0.2         |
|    entropy_loss         | -13.3       |
|    explained_variance   | -4.05e-06   |
|    learning_rate        | 0.0003      |
|    loss                 | 4.54        |
|    n_updates            | 270         |
|    policy_gradient_loss | -0.0182     |
|    std                  | 0.923       |
|    value_loss           | 10.7        |
-----------------------------------------
-----------------------------------------
| energy/                 |             |
|    E_damp_J             | 0.0606      |
|    E_fric_J             | 0.0139      |
|    E_norm_J             | 0.0228      |
|    W_neg_J              | 0.059       |
|    W_pos_J              | 0.155       |
| reward/                 |             |
|    r_energy             | -0.142      |
| rollout/                |             |
|    ep_len_mean          | 82          |
|    ep_rew_mean          | -56.7       |
| time/                   |             |
|    fps                  | 48          |
|    iterations           | 29          |
|    time_elapsed         | 2441        |
|    total_timesteps      | 118784      |
| train/                  |             |
|    approx_kl            | 0.014491031 |
|    clip_fraction        | 0.179       |
|    clip_range           | 0.2         |
|    entropy_loss         | -13.2       |
|    explained_variance   | 0.000756    |
|    learning_rate        | 0.0003      |
|    loss                 | 4.45        |
|    n_updates            | 280         |
|    policy_gradient_loss | -0.0226     |
|    std                  | 0.921       |
|    value_loss           | 8.53        |
-----------------------------------------
----------------------------------------
| energy/                 |            |
|    E_damp_J             | 0.0355     |
|    E_fric_J             | 0.0107     |
|    E_norm_J             | 0.00487    |
|    W_neg_J              | 0.0378     |
|    W_pos_J              | 0.092      |
| reward/                 |            |
|    r_energy             | -0.0783    |
| rollout/                |            |
|    ep_len_mean          | 82         |
|    ep_rew_mean          | -52.8      |
| time/                   |            |
|    fps                  | 48         |
|    iterations           | 30         |
|    time_elapsed         | 2528       |
|    total_timesteps      | 122880     |
| train/                  |            |
|    approx_kl            | 0.01375694 |
|    clip_fraction        | 0.155      |
|    clip_range           | 0.2        |
|    entropy_loss         | -13.2      |
|    explained_variance   | 0.0144     |
|    learning_rate        | 0.0003     |
|    loss                 | 3.28       |
|    n_updates            | 290        |
|    policy_gradient_loss | -0.0207    |
|    std                  | 0.915      |
|    value_loss           | 9.81       |
----------------------------------------
-----------------------------------------
| energy/                 |             |
|    E_damp_J             | 0.0491      |
|    E_fric_J             | 0.0114      |
|    E_norm_J             | 0.0221      |
|    W_neg_J              | 0.0583      |
|    W_pos_J              | 0.13        |
| reward/                 |             |
|    r_energy             | -0.126      |
| rollout/                |             |
|    ep_len_mean          | 82          |
|    ep_rew_mean          | -47.7       |
| time/                   |             |
|    fps                  | 48          |
|    iterations           | 31          |
|    time_elapsed         | 2616        |
|    total_timesteps      | 126976      |
| train/                  |             |
|    approx_kl            | 0.015764939 |
|    clip_fraction        | 0.175       |
|    clip_range           | 0.2         |
|    entropy_loss         | -13.1       |
|    explained_variance   | 8e-05       |
|    learning_rate        | 0.0003      |
|    loss                 | 3.37        |
|    n_updates            | 300         |
|    policy_gradient_loss | -0.0201     |
|    std                  | 0.912       |
|    value_loss           | 7.89        |
-----------------------------------------
------------------------------------------
| energy/                 |              |
|    E_damp_J             | 0.0313       |
|    E_fric_J             | 0.0112       |
|    E_norm_J             | 0.00506      |
|    W_neg_J              | 0.0357       |
|    W_pos_J              | 0.0893       |
| reward/                 |              |
|    r_energy             | -0.0745      |
| rollout/                |              |
|    ep_len_mean          | 82           |
|    ep_rew_mean          | -43.8        |
| time/                   |              |
|    fps                  | 48           |
|    iterations           | 32           |
|    time_elapsed         | 2705         |
|    total_timesteps      | 131072       |
| train/                  |              |
|    approx_kl            | 0.0152591225 |
|    clip_fraction        | 0.171        |
|    clip_range           | 0.2          |
|    entropy_loss         | -13.1        |
|    explained_variance   | 0.0189       |
|    learning_rate        | 0.0003       |
|    loss                 | 3.11         |
|    n_updates            | 310          |
|    policy_gradient_loss | -0.0217      |
|    std                  | 0.91         |
|    value_loss           | 8.08         |
------------------------------------------
------------------------------------------
| energy/                 |              |
|    E_damp_J             | 0.052        |
|    E_fric_J             | 0.011        |
|    E_norm_J             | 0.022        |
|    W_neg_J              | 0.0542       |
|    W_pos_J              | 0.125        |
| reward/                 |              |
|    r_energy             | -0.124       |
| rollout/                |              |
|    ep_len_mean          | 82           |
|    ep_rew_mean          | -40.5        |
| time/                   |              |
|    fps                  | 48           |
|    iterations           | 33           |
|    time_elapsed         | 2793         |
|    total_timesteps      | 135168       |
| train/                  |              |
|    approx_kl            | 0.0144991595 |
|    clip_fraction        | 0.158        |
|    clip_range           | 0.2          |
|    entropy_loss         | -13          |
|    explained_variance   | 0.0302       |
|    learning_rate        | 0.0003       |
|    loss                 | 2.45         |
|    n_updates            | 320          |
|    policy_gradient_loss | -0.0206      |
|    std                  | 0.905        |
|    value_loss           | 6.61         |
------------------------------------------
------------------------------------------
| energy/                 |              |
|    E_damp_J             | 0.0263       |
|    E_fric_J             | 0.0114       |
|    E_norm_J             | 0.00496      |
|    W_neg_J              | 0.0341       |
|    W_pos_J              | 0.0704       |
| reward/                 |              |
|    r_energy             | -0.0654      |
| rollout/                |              |
|    ep_len_mean          | 82           |
|    ep_rew_mean          | -38.4        |
| time/                   |              |
|    fps                  | 48           |
|    iterations           | 34           |
|    time_elapsed         | 2881         |
|    total_timesteps      | 139264       |
| train/                  |              |
|    approx_kl            | 0.0130793415 |
|    clip_fraction        | 0.147        |
|    clip_range           | 0.2          |
|    entropy_loss         | -13          |
|    explained_variance   | 0.0274       |
|    learning_rate        | 0.0003       |
|    loss                 | 2.69         |
|    n_updates            | 330          |
|    policy_gradient_loss | -0.0221      |
|    std                  | 0.903        |
|    value_loss           | 7.05         |
------------------------------------------
----------------------------------------
| energy/                 |            |
|    E_damp_J             | 0.0546     |
|    E_fric_J             | 0.0119     |
|    E_norm_J             | 0.0217     |
|    W_neg_J              | 0.0667     |
|    W_pos_J              | 0.119      |
| reward/                 |            |
|    r_energy             | -0.131     |
| rollout/                |            |
|    ep_len_mean          | 82         |
|    ep_rew_mean          | -36.9      |
| time/                   |            |
|    fps                  | 48         |
|    iterations           | 35         |
|    time_elapsed         | 2967       |
|    total_timesteps      | 143360     |
| train/                  |            |
|    approx_kl            | 0.01576044 |
|    clip_fraction        | 0.175      |
|    clip_range           | 0.2        |
|    entropy_loss         | -12.9      |
|    explained_variance   | 0.0309     |
|    learning_rate        | 0.0003     |
|    loss                 | 2.64       |
|    n_updates            | 340        |
|    policy_gradient_loss | -0.0222    |
|    std                  | 0.897      |
|    value_loss           | 5.69       |
----------------------------------------
-----------------------------------------
| energy/                 |             |
|    E_damp_J             | 0.0224      |
|    E_fric_J             | 0.00991     |
|    E_norm_J             | 0.00489     |
|    W_neg_J              | 0.0309      |
|    W_pos_J              | 0.0698      |
| reward/                 |             |
|    r_energy             | -0.0606     |
| rollout/                |             |
|    ep_len_mean          | 82          |
|    ep_rew_mean          | -35.3       |
| time/                   |             |
|    fps                  | 48          |
|    iterations           | 36          |
|    time_elapsed         | 3055        |
|    total_timesteps      | 147456      |
| train/                  |             |
|    approx_kl            | 0.014214336 |
|    clip_fraction        | 0.158       |
|    clip_range           | 0.2         |
|    entropy_loss         | -12.8       |
|    explained_variance   | 0.042       |
|    learning_rate        | 0.0003      |
|    loss                 | 2.54        |
|    n_updates            | 350         |
|    policy_gradient_loss | -0.0212     |
|    std                  | 0.893       |
|    value_loss           | 5.99        |
-----------------------------------------
-----------------------------------------
| energy/                 |             |
|    E_damp_J             | 0.0492      |
|    E_fric_J             | 0.0103      |
|    E_norm_J             | 0.0211      |
|    W_neg_J              | 0.0541      |
|    W_pos_J              | 0.114       |
| reward/                 |             |
|    r_energy             | -0.118      |
| rollout/                |             |
|    ep_len_mean          | 82          |
|    ep_rew_mean          | -32         |
| time/                   |             |
|    fps                  | 48          |
|    iterations           | 37          |
|    time_elapsed         | 3143        |
|    total_timesteps      | 151552      |
| train/                  |             |
|    approx_kl            | 0.015383077 |
|    clip_fraction        | 0.185       |
|    clip_range           | 0.2         |
|    entropy_loss         | -12.8       |
|    explained_variance   | 0.033       |
|    learning_rate        | 0.0003      |
|    loss                 | 1.76        |
|    n_updates            | 360         |
|    policy_gradient_loss | -0.0248     |
|    std                  | 0.887       |
|    value_loss           | 4.47        |
-----------------------------------------
-----------------------------------------
| energy/                 |             |
|    E_damp_J             | 0.0253      |
|    E_fric_J             | 0.00978     |
|    E_norm_J             | 0.00397     |
|    W_neg_J              | 0.0294      |
|    W_pos_J              | 0.0726      |
| reward/                 |             |
|    r_energy             | -0.0609     |
| rollout/                |             |
|    ep_len_mean          | 82          |
|    ep_rew_mean          | -30.5       |
| time/                   |             |
|    fps                  | 48          |
|    iterations           | 38          |
|    time_elapsed         | 3231        |
|    total_timesteps      | 155648      |
| train/                  |             |
|    approx_kl            | 0.013434389 |
|    clip_fraction        | 0.169       |
|    clip_range           | 0.2         |
|    entropy_loss         | -12.7       |
|    explained_variance   | 0.0547      |
|    learning_rate        | 0.0003      |
|    loss                 | 1.32        |
|    n_updates            | 370         |
|    policy_gradient_loss | -0.0218     |
|    std                  | 0.883       |
|    value_loss           | 3.64        |
-----------------------------------------
-----------------------------------------
| energy/                 |             |
|    E_damp_J             | 0.0406      |
|    E_fric_J             | 0.00978     |
|    E_norm_J             | 0.0206      |
|    W_neg_J              | 0.0497      |
|    W_pos_J              | 0.0849      |
| reward/                 |             |
|    r_energy             | -0.101      |
| rollout/                |             |
|    ep_len_mean          | 82          |
|    ep_rew_mean          | -30.3       |
| time/                   |             |
|    fps                  | 48          |
|    iterations           | 39          |
|    time_elapsed         | 3318        |
|    total_timesteps      | 159744      |
| train/                  |             |
|    approx_kl            | 0.016011143 |
|    clip_fraction        | 0.179       |
|    clip_range           | 0.2         |
|    entropy_loss         | -12.7       |
|    explained_variance   | 0.0472      |
|    learning_rate        | 0.0003      |
|    loss                 | 1.27        |
|    n_updates            | 380         |
|    policy_gradient_loss | -0.0229     |
|    std                  | 0.88        |
|    value_loss           | 3.55        |
-----------------------------------------
-----------------------------------------
| energy/                 |             |
|    E_damp_J             | 0.0231      |
|    E_fric_J             | 0.00993     |
|    E_norm_J             | 0.00434     |
|    W_neg_J              | 0.0266      |
|    W_pos_J              | 0.0693      |
| reward/                 |             |
|    r_energy             | -0.0576     |
| rollout/                |             |
|    ep_len_mean          | 82          |
|    ep_rew_mean          | -27.5       |
| time/                   |             |
|    fps                  | 48          |
|    iterations           | 40          |
|    time_elapsed         | 3407        |
|    total_timesteps      | 163840      |
| train/                  |             |
|    approx_kl            | 0.015395464 |
|    clip_fraction        | 0.188       |
|    clip_range           | 0.2         |
|    entropy_loss         | -12.6       |
|    explained_variance   | 0.0746      |
|    learning_rate        | 0.0003      |
|    loss                 | 1.25        |
|    n_updates            | 390         |
|    policy_gradient_loss | -0.0209     |
|    std                  | 0.879       |
|    value_loss           | 3.63        |
-----------------------------------------
-----------------------------------------
| energy/                 |             |
|    E_damp_J             | 0.0183      |
|    E_fric_J             | 0.00856     |
|    E_norm_J             | 0.00389     |
|    W_neg_J              | 0.0241      |
|    W_pos_J              | 0.049       |
| reward/                 |             |
|    r_energy             | -0.0465     |
| rollout/                |             |
|    ep_len_mean          | 82          |
|    ep_rew_mean          | -25.5       |
| time/                   |             |
|    fps                  | 48          |
|    iterations           | 41          |
|    time_elapsed         | 3496        |
|    total_timesteps      | 167936      |
| train/                  |             |
|    approx_kl            | 0.013787741 |
|    clip_fraction        | 0.161       |
|    clip_range           | 0.2         |
|    entropy_loss         | -12.6       |
|    explained_variance   | 0.0682      |
|    learning_rate        | 0.0003      |
|    loss                 | 0.857       |
|    n_updates            | 400         |
|    policy_gradient_loss | -0.0189     |
|    std                  | 0.875       |
|    value_loss           | 3.13        |
-----------------------------------------
-----------------------------------------
| energy/                 |             |
|    E_damp_J             | 0.0187      |
|    E_fric_J             | 0.00861     |
|    E_norm_J             | 0.00368     |
|    W_neg_J              | 0.0233      |
|    W_pos_J              | 0.0467      |
| reward/                 |             |
|    r_energy             | -0.0453     |
| rollout/                |             |
|    ep_len_mean          | 82          |
|    ep_rew_mean          | -25.5       |
| time/                   |             |
|    fps                  | 48          |
|    iterations           | 42          |
|    time_elapsed         | 3583        |
|    total_timesteps      | 172032      |
| train/                  |             |
|    approx_kl            | 0.015963389 |
|    clip_fraction        | 0.178       |
|    clip_range           | 0.2         |
|    entropy_loss         | -12.5       |
|    explained_variance   | 0.0603      |
|    learning_rate        | 0.0003      |
|    loss                 | 1.23        |
|    n_updates            | 410         |
|    policy_gradient_loss | -0.0209     |
|    std                  | 0.866       |
|    value_loss           | 2.74        |
-----------------------------------------
----------------------------------------
| energy/                 |            |
|    E_damp_J             | 0.0193     |
|    E_fric_J             | 0.00864    |
|    E_norm_J             | 0.00384    |
|    W_neg_J              | 0.0254     |
|    W_pos_J              | 0.0515     |
| reward/                 |            |
|    r_energy             | -0.0485    |
| rollout/                |            |
|    ep_len_mean          | 82         |
|    ep_rew_mean          | -24.3      |
| time/                   |            |
|    fps                  | 47         |
|    iterations           | 43         |
|    time_elapsed         | 3672       |
|    total_timesteps      | 176128     |
| train/                  |            |
|    approx_kl            | 0.01607016 |
|    clip_fraction        | 0.194      |
|    clip_range           | 0.2        |
|    entropy_loss         | -12.4      |
|    explained_variance   | 0.101      |
|    learning_rate        | 0.0003     |
|    loss                 | 0.771      |
|    n_updates            | 420        |
|    policy_gradient_loss | -0.0236    |
|    std                  | 0.858      |
|    value_loss           | 2.61       |
----------------------------------------
-----------------------------------------
| energy/                 |             |
|    E_damp_J             | 0.0183      |
|    E_fric_J             | 0.00881     |
|    E_norm_J             | 0.00343     |
|    W_neg_J              | 0.0219      |
|    W_pos_J              | 0.0392      |
| reward/                 |             |
|    r_energy             | -0.0418     |
| rollout/                |             |
|    ep_len_mean          | 82          |
|    ep_rew_mean          | -22.3       |
| time/                   |             |
|    fps                  | 47          |
|    iterations           | 44          |
|    time_elapsed         | 3760        |
|    total_timesteps      | 180224      |
| train/                  |             |
|    approx_kl            | 0.015864767 |
|    clip_fraction        | 0.2         |
|    clip_range           | 0.2         |
|    entropy_loss         | -12.3       |
|    explained_variance   | 0.115       |
|    learning_rate        | 0.0003      |
|    loss                 | 0.912       |
|    n_updates            | 430         |
|    policy_gradient_loss | -0.0217     |
|    std                  | 0.852       |
|    value_loss           | 2.22        |
-----------------------------------------
-----------------------------------------
| energy/                 |             |
|    E_damp_J             | 0.0185      |
|    E_fric_J             | 0.00925     |
|    E_norm_J             | 0.00401     |
|    W_neg_J              | 0.025       |
|    W_pos_J              | 0.0506      |
| reward/                 |             |
|    r_energy             | -0.048      |
| rollout/                |             |
|    ep_len_mean          | 82          |
|    ep_rew_mean          | -21.7       |
| time/                   |             |
|    fps                  | 47          |
|    iterations           | 45          |
|    time_elapsed         | 3848        |
|    total_timesteps      | 184320      |
| train/                  |             |
|    approx_kl            | 0.016040113 |
|    clip_fraction        | 0.188       |
|    clip_range           | 0.2         |
|    entropy_loss         | -12.2       |
|    explained_variance   | 0.121       |
|    learning_rate        | 0.0003      |
|    loss                 | 0.58        |
|    n_updates            | 440         |
|    policy_gradient_loss | -0.0214     |
|    std                  | 0.848       |
|    value_loss           | 1.9         |
-----------------------------------------
----------------------------------------
| energy/                 |            |
|    E_damp_J             | 0.019      |
|    E_fric_J             | 0.00806    |
|    E_norm_J             | 0.0032     |
|    W_neg_J              | 0.0229     |
|    W_pos_J              | 0.0487     |
| reward/                 |            |
|    r_energy             | -0.0451    |
| rollout/                |            |
|    ep_len_mean          | 82         |
|    ep_rew_mean          | -21.4      |
| time/                   |            |
|    fps                  | 47         |
|    iterations           | 46         |
|    time_elapsed         | 3936       |
|    total_timesteps      | 188416     |
| train/                  |            |
|    approx_kl            | 0.01695565 |
|    clip_fraction        | 0.185      |
|    clip_range           | 0.2        |
|    entropy_loss         | -12.2      |
|    explained_variance   | 0.16       |
|    learning_rate        | 0.0003     |
|    loss                 | 0.879      |
|    n_updates            | 450        |
|    policy_gradient_loss | -0.0231    |
|    std                  | 0.843      |
|    value_loss           | 1.85       |
----------------------------------------
-----------------------------------------
| energy/                 |             |
|    E_damp_J             | 0.019       |
|    E_fric_J             | 0.00892     |
|    E_norm_J             | 0.00376     |
|    W_neg_J              | 0.0208      |
|    W_pos_J              | 0.0488      |
| reward/                 |             |
|    r_energy             | -0.0448     |
| rollout/                |             |
|    ep_len_mean          | 82          |
|    ep_rew_mean          | -19.7       |
| time/                   |             |
|    fps                  | 47          |
|    iterations           | 47          |
|    time_elapsed         | 4025        |
|    total_timesteps      | 192512      |
| train/                  |             |
|    approx_kl            | 0.016324934 |
|    clip_fraction        | 0.177       |
|    clip_range           | 0.2         |
|    entropy_loss         | -12.1       |
|    explained_variance   | 0.167       |
|    learning_rate        | 0.0003      |
|    loss                 | 0.525       |
|    n_updates            | 460         |
|    policy_gradient_loss | -0.0194     |
|    std                  | 0.839       |
|    value_loss           | 1.63        |
-----------------------------------------
-----------------------------------------
| energy/                 |             |
|    E_damp_J             | 0.0212      |
|    E_fric_J             | 0.00901     |
|    E_norm_J             | 0.00406     |
|    W_neg_J              | 0.0258      |
|    W_pos_J              | 0.0565      |
| reward/                 |             |
|    r_energy             | -0.0516     |
| rollout/                |             |
|    ep_len_mean          | 82          |
|    ep_rew_mean          | -18.9       |
| time/                   |             |
|    fps                  | 47          |
|    iterations           | 48          |
|    time_elapsed         | 4114        |
|    total_timesteps      | 196608      |
| train/                  |             |
|    approx_kl            | 0.016381241 |
|    clip_fraction        | 0.196       |
|    clip_range           | 0.2         |
|    entropy_loss         | -12         |
|    explained_variance   | 0.164       |
|    learning_rate        | 0.0003      |
|    loss                 | 0.384       |
|    n_updates            | 470         |
|    policy_gradient_loss | -0.0223     |
|    std                  | 0.832       |
|    value_loss           | 1.39        |
-----------------------------------------
-----------------------------------------
| energy/                 |             |
|    E_damp_J             | 0.0174      |
|    E_fric_J             | 0.00769     |
|    E_norm_J             | 0.00323     |
|    W_neg_J              | 0.0229      |
|    W_pos_J              | 0.0402      |
| reward/                 |             |
|    r_energy             | -0.0416     |
| rollout/                |             |
|    ep_len_mean          | 82          |
|    ep_rew_mean          | -18.5       |
| time/                   |             |
|    fps                  | 47          |
|    iterations           | 49          |
|    time_elapsed         | 4203        |
|    total_timesteps      | 200704      |
| train/                  |             |
|    approx_kl            | 0.017341783 |
|    clip_fraction        | 0.197       |
|    clip_range           | 0.2         |
|    entropy_loss         | -12         |
|    explained_variance   | 0.181       |
|    learning_rate        | 0.0003      |
|    loss                 | 0.476       |
|    n_updates            | 480         |
|    policy_gradient_loss | -0.0248     |
|    std                  | 0.825       |
|    value_loss           | 1.49        |
-----------------------------------------
----------------------------------------
| energy/                 |            |
|    E_damp_J             | 0.0164     |
|    E_fric_J             | 0.00814    |
|    E_norm_J             | 0.00345    |
|    W_neg_J              | 0.0174     |
|    W_pos_J              | 0.0405     |
| reward/                 |            |
|    r_energy             | -0.0383    |
| rollout/                |            |
|    ep_len_mean          | 82         |
|    ep_rew_mean          | -17.6      |
| time/                   |            |
|    fps                  | 47         |
|    iterations           | 50         |
|    time_elapsed         | 4293       |
|    total_timesteps      | 204800     |
| train/                  |            |
|    approx_kl            | 0.01721025 |
|    clip_fraction        | 0.178      |
|    clip_range           | 0.2        |
|    entropy_loss         | -11.9      |
|    explained_variance   | 0.223      |
|    learning_rate        | 0.0003     |
|    loss                 | 0.433      |
|    n_updates            | 490        |
|    policy_gradient_loss | -0.0208    |
|    std                  | 0.821      |
|    value_loss           | 1.18       |
----------------------------------------
-----------------------------------------
| energy/                 |             |
|    E_damp_J             | 0.0142      |
|    E_fric_J             | 0.0074      |
|    E_norm_J             | 0.00307     |
|    W_neg_J              | 0.02        |
|    W_pos_J              | 0.0391      |
| reward/                 |             |
|    r_energy             | -0.0376     |
| rollout/                |             |
|    ep_len_mean          | 82          |
|    ep_rew_mean          | -16.6       |
| time/                   |             |
|    fps                  | 47          |
|    iterations           | 51          |
|    time_elapsed         | 4382        |
|    total_timesteps      | 208896      |
| train/                  |             |
|    approx_kl            | 0.015651464 |
|    clip_fraction        | 0.184       |
|    clip_range           | 0.2         |
|    entropy_loss         | -11.8       |
|    explained_variance   | 0.225       |
|    learning_rate        | 0.0003      |
|    loss                 | 0.362       |
|    n_updates            | 500         |
|    policy_gradient_loss | -0.0209     |
|    std                  | 0.816       |
|    value_loss           | 1.06        |
-----------------------------------------
-----------------------------------------
| energy/                 |             |
|    E_damp_J             | 0.0149      |
|    E_fric_J             | 0.00781     |
|    E_norm_J             | 0.0033      |
|    W_neg_J              | 0.0215      |
|    W_pos_J              | 0.0401      |
| reward/                 |             |
|    r_energy             | -0.0396     |
| rollout/                |             |
|    ep_len_mean          | 82          |
|    ep_rew_mean          | -16.1       |
| time/                   |             |
|    fps                  | 47          |
|    iterations           | 52          |
|    time_elapsed         | 4473        |
|    total_timesteps      | 212992      |
| train/                  |             |
|    approx_kl            | 0.016114455 |
|    clip_fraction        | 0.18        |
|    clip_range           | 0.2         |
|    entropy_loss         | -11.8       |
|    explained_variance   | 0.228       |
|    learning_rate        | 0.0003      |
|    loss                 | 0.366       |
|    n_updates            | 510         |
|    policy_gradient_loss | -0.0204     |
|    std                  | 0.814       |
|    value_loss           | 0.986       |
-----------------------------------------
-----------------------------------------
| energy/                 |             |
|    E_damp_J             | 0.016       |
|    E_fric_J             | 0.00829     |
|    E_norm_J             | 0.00329     |
|    W_neg_J              | 0.0182      |
|    W_pos_J              | 0.046       |
| reward/                 |             |
|    r_energy             | -0.0402     |
| rollout/                |             |
|    ep_len_mean          | 82          |
|    ep_rew_mean          | -15.7       |
| time/                   |             |
|    fps                  | 47          |
|    iterations           | 53          |
|    time_elapsed         | 4563        |
|    total_timesteps      | 217088      |
| train/                  |             |
|    approx_kl            | 0.018143365 |
|    clip_fraction        | 0.205       |
|    clip_range           | 0.2         |
|    entropy_loss         | -11.7       |
|    explained_variance   | 0.334       |
|    learning_rate        | 0.0003      |
|    loss                 | 0.23        |
|    n_updates            | 520         |
|    policy_gradient_loss | -0.0239     |
|    std                  | 0.809       |
|    value_loss           | 0.811       |
-----------------------------------------
-----------------------------------------
| energy/                 |             |
|    E_damp_J             | 0.0184      |
|    E_fric_J             | 0.00855     |
|    E_norm_J             | 0.00392     |
|    W_neg_J              | 0.0231      |
|    W_pos_J              | 0.0549      |
| reward/                 |             |
|    r_energy             | -0.0477     |
| rollout/                |             |
|    ep_len_mean          | 82          |
|    ep_rew_mean          | -15.2       |
| time/                   |             |
|    fps                  | 47          |
|    iterations           | 54          |
|    time_elapsed         | 4654        |
|    total_timesteps      | 221184      |
| train/                  |             |
|    approx_kl            | 0.016675029 |
|    clip_fraction        | 0.204       |
|    clip_range           | 0.2         |
|    entropy_loss         | -11.7       |
|    explained_variance   | 0.299       |
|    learning_rate        | 0.0003      |
|    loss                 | 0.265       |
|    n_updates            | 530         |
|    policy_gradient_loss | -0.022      |
|    std                  | 0.805       |
|    value_loss           | 0.925       |
-----------------------------------------
------------------------------------------
| energy/                 |              |
|    E_damp_J             | 0.0135       |
|    E_fric_J             | 0.00705      |
|    E_norm_J             | 0.0027       |
|    W_neg_J              | 0.014        |
|    W_pos_J              | 0.0388       |
| reward/                 |              |
|    r_energy             | -0.0331      |
| rollout/                |              |
|    ep_len_mean          | 82           |
|    ep_rew_mean          | -15          |
| time/                   |              |
|    fps                  | 47           |
|    iterations           | 55           |
|    time_elapsed         | 4744         |
|    total_timesteps      | 225280       |
| train/                  |              |
|    approx_kl            | 0.0155766085 |
|    clip_fraction        | 0.194        |
|    clip_range           | 0.2          |
|    entropy_loss         | -11.6        |
|    explained_variance   | 0.326        |
|    learning_rate        | 0.0003       |
|    loss                 | 0.365        |
|    n_updates            | 540          |
|    policy_gradient_loss | -0.0201      |
|    std                  | 0.798        |
|    value_loss           | 0.9          |
------------------------------------------
-----------------------------------------
| energy/                 |             |
|    E_damp_J             | 0.0258      |
|    E_fric_J             | 0.00847     |
|    E_norm_J             | 0.0205      |
|    W_neg_J              | 0.0284      |
|    W_pos_J              | 0.0723      |
| reward/                 |             |
|    r_energy             | -0.0763     |
| rollout/                |             |
|    ep_len_mean          | 82          |
|    ep_rew_mean          | -14.2       |
| time/                   |             |
|    fps                  | 47          |
|    iterations           | 56          |
|    time_elapsed         | 4835        |
|    total_timesteps      | 229376      |
| train/                  |             |
|    approx_kl            | 0.015668564 |
|    clip_fraction        | 0.192       |
|    clip_range           | 0.2         |
|    entropy_loss         | -11.5       |
|    explained_variance   | 0.299       |
|    learning_rate        | 0.0003      |
|    loss                 | 0.26        |
|    n_updates            | 550         |
|    policy_gradient_loss | -0.0195     |
|    std                  | 0.793       |
|    value_loss           | 0.846       |
-----------------------------------------
-----------------------------------------
| energy/                 |             |
|    E_damp_J             | 0.0168      |
|    E_fric_J             | 0.00804     |
|    E_norm_J             | 0.00339     |
|    W_neg_J              | 0.0208      |
|    W_pos_J              | 0.0453      |
| reward/                 |             |
|    r_energy             | -0.0419     |
| rollout/                |             |
|    ep_len_mean          | 82          |
|    ep_rew_mean          | -13.6       |
| time/                   |             |
|    fps                  | 47          |
|    iterations           | 57          |
|    time_elapsed         | 4925        |
|    total_timesteps      | 233472      |
| train/                  |             |
|    approx_kl            | 0.017313387 |
|    clip_fraction        | 0.198       |
|    clip_range           | 0.2         |
|    entropy_loss         | -11.5       |
|    explained_variance   | 0.373       |
|    learning_rate        | 0.0003      |
|    loss                 | 0.134       |
|    n_updates            | 560         |
|    policy_gradient_loss | -0.022      |
|    std                  | 0.79        |
|    value_loss           | 0.701       |
-----------------------------------------
-----------------------------------------
| energy/                 |             |
|    E_damp_J             | 0.0397      |
|    E_fric_J             | 0.00775     |
|    E_norm_J             | 0.02        |
|    W_neg_J              | 0.0468      |
|    W_pos_J              | 0.0827      |
| reward/                 |             |
|    r_energy             | -0.0966     |
| rollout/                |             |
|    ep_len_mean          | 82          |
|    ep_rew_mean          | -12.7       |
| time/                   |             |
|    fps                  | 47          |
|    iterations           | 58          |
|    time_elapsed         | 5017        |
|    total_timesteps      | 237568      |
| train/                  |             |
|    approx_kl            | 0.017066192 |
|    clip_fraction        | 0.207       |
|    clip_range           | 0.2         |
|    entropy_loss         | -11.4       |
|    explained_variance   | 0.351       |
|    learning_rate        | 0.0003      |
|    loss                 | 0.264       |
|    n_updates            | 570         |
|    policy_gradient_loss | -0.0228     |
|    std                  | 0.785       |
|    value_loss           | 0.729       |
-----------------------------------------
-----------------------------------------
| energy/                 |             |
|    E_damp_J             | 0.0146      |
|    E_fric_J             | 0.00745     |
|    E_norm_J             | 0.00272     |
|    W_neg_J              | 0.0169      |
|    W_pos_J              | 0.0334      |
| reward/                 |             |
|    r_energy             | -0.0339     |
| rollout/                |             |
|    ep_len_mean          | 82          |
|    ep_rew_mean          | -12.1       |
| time/                   |             |
|    fps                  | 47          |
|    iterations           | 59          |
|    time_elapsed         | 5107        |
|    total_timesteps      | 241664      |
| train/                  |             |
|    approx_kl            | 0.018307285 |
|    clip_fraction        | 0.206       |
|    clip_range           | 0.2         |
|    entropy_loss         | -11.3       |
|    explained_variance   | 0.355       |
|    learning_rate        | 0.0003      |
|    loss                 | 0.248       |
|    n_updates            | 580         |
|    policy_gradient_loss | -0.022      |
|    std                  | 0.781       |
|    value_loss           | 0.64        |
-----------------------------------------
-----------------------------------------
| energy/                 |             |
|    E_damp_J             | 0.04        |
|    E_fric_J             | 0.00925     |
|    E_norm_J             | 0.0205      |
|    W_neg_J              | 0.0472      |
|    W_pos_J              | 0.0866      |
| reward/                 |             |
|    r_energy             | -0.0995     |
| rollout/                |             |
|    ep_len_mean          | 82          |
|    ep_rew_mean          | -11.8       |
| time/                   |             |
|    fps                  | 47          |
|    iterations           | 60          |
|    time_elapsed         | 5196        |
|    total_timesteps      | 245760      |
| train/                  |             |
|    approx_kl            | 0.019134227 |
|    clip_fraction        | 0.215       |
|    clip_range           | 0.2         |
|    entropy_loss         | -11.3       |
|    explained_variance   | 0.479       |
|    learning_rate        | 0.0003      |
|    loss                 | 0.0979      |
|    n_updates            | 590         |
|    policy_gradient_loss | -0.0247     |
|    std                  | 0.774       |
|    value_loss           | 0.468       |
-----------------------------------------
-----------------------------------------
| energy/                 |             |
|    E_damp_J             | 0.0127      |
|    E_fric_J             | 0.00729     |
|    E_norm_J             | 0.0029      |
|    W_neg_J              | 0.013       |
|    W_pos_J              | 0.0341      |
| reward/                 |             |
|    r_energy             | -0.0309     |
| rollout/                |             |
|    ep_len_mean          | 82          |
|    ep_rew_mean          | -11.4       |
| time/                   |             |
|    fps                  | 47          |
|    iterations           | 61          |
|    time_elapsed         | 5285        |
|    total_timesteps      | 249856      |
| train/                  |             |
|    approx_kl            | 0.017027225 |
|    clip_fraction        | 0.205       |
|    clip_range           | 0.2         |
|    entropy_loss         | -11.2       |
|    explained_variance   | 0.43        |
|    learning_rate        | 0.0003      |
|    loss                 | 0.0912      |
|    n_updates            | 600         |
|    policy_gradient_loss | -0.0225     |
|    std                  | 0.771       |
|    value_loss           | 0.594       |
-----------------------------------------
-----------------------------------------
| energy/                 |             |
|    E_damp_J             | 0.037       |
|    E_fric_J             | 0.00907     |
|    E_norm_J             | 0.0203      |
|    W_neg_J              | 0.0425      |
|    W_pos_J              | 0.0776      |
| reward/                 |             |
|    r_energy             | -0.0922     |
| rollout/                |             |
|    ep_len_mean          | 82          |
|    ep_rew_mean          | -11.2       |
| time/                   |             |
|    fps                  | 47          |
|    iterations           | 62          |
|    time_elapsed         | 5374        |
|    total_timesteps      | 253952      |
| train/                  |             |
|    approx_kl            | 0.017692005 |
|    clip_fraction        | 0.21        |
|    clip_range           | 0.2         |
|    entropy_loss         | -11.1       |
|    explained_variance   | 0.438       |
|    learning_rate        | 0.0003      |
|    loss                 | 0.0835      |
|    n_updates            | 610         |
|    policy_gradient_loss | -0.0226     |
|    std                  | 0.766       |
|    value_loss           | 0.468       |
-----------------------------------------
-----------------------------------------
| energy/                 |             |
|    E_damp_J             | 0.0114      |
|    E_fric_J             | 0.00664     |
|    E_norm_J             | 0.00266     |
|    W_neg_J              | 0.014       |
|    W_pos_J              | 0.03        |
| reward/                 |             |
|    r_energy             | -0.0291     |
| rollout/                |             |
|    ep_len_mean          | 82          |
|    ep_rew_mean          | -11         |
| time/                   |             |
|    fps                  | 47          |
|    iterations           | 63          |
|    time_elapsed         | 5464        |
|    total_timesteps      | 258048      |
| train/                  |             |
|    approx_kl            | 0.018931437 |
|    clip_fraction        | 0.219       |
|    clip_range           | 0.2         |
|    entropy_loss         | -11.1       |
|    explained_variance   | 0.469       |
|    learning_rate        | 0.0003      |
|    loss                 | 0.0945      |
|    n_updates            | 620         |
|    policy_gradient_loss | -0.0234     |
|    std                  | 0.759       |
|    value_loss           | 0.518       |
-----------------------------------------
-----------------------------------------
| energy/                 |             |
|    E_damp_J             | 0.0394      |
|    E_fric_J             | 0.00824     |
|    E_norm_J             | 0.0202      |
|    W_neg_J              | 0.0391      |
|    W_pos_J              | 0.0884      |
| reward/                 |             |
|    r_energy             | -0.0941     |
| rollout/                |             |
|    ep_len_mean          | 82          |
|    ep_rew_mean          | -10.4       |
| time/                   |             |
|    fps                  | 47          |
|    iterations           | 64          |
|    time_elapsed         | 5555        |
|    total_timesteps      | 262144      |
| train/                  |             |
|    approx_kl            | 0.017126195 |
|    clip_fraction        | 0.214       |
|    clip_range           | 0.2         |
|    entropy_loss         | -11         |
|    explained_variance   | 0.439       |
|    learning_rate        | 0.0003      |
|    loss                 | 0.0654      |
|    n_updates            | 630         |
|    policy_gradient_loss | -0.0217     |
|    std                  | 0.754       |
|    value_loss           | 0.476       |
-----------------------------------------
----------------------------------------
| energy/                 |            |
|    E_damp_J             | 0.0131     |
|    E_fric_J             | 0.00661    |
|    E_norm_J             | 0.00227    |
|    W_neg_J              | 0.0113     |
|    W_pos_J              | 0.0358     |
| reward/                 |            |
|    r_energy             | -0.0296    |
| rollout/                |            |
|    ep_len_mean          | 82         |
|    ep_rew_mean          | -10.1      |
| time/                   |            |
|    fps                  | 47         |
|    iterations           | 65         |
|    time_elapsed         | 5646       |
|    total_timesteps      | 266240     |
| train/                  |            |
|    approx_kl            | 0.01934332 |
|    clip_fraction        | 0.207      |
|    clip_range           | 0.2        |
|    entropy_loss         | -10.9      |
|    explained_variance   | 0.518      |
|    learning_rate        | 0.0003     |
|    loss                 | 0.098      |
|    n_updates            | 640        |
|    policy_gradient_loss | -0.0223    |
|    std                  | 0.748      |
|    value_loss           | 0.417      |
----------------------------------------
-----------------------------------------
| energy/                 |             |
|    E_damp_J             | 0.0354      |
|    E_fric_J             | 0.00741     |
|    E_norm_J             | 0.0198      |
|    W_neg_J              | 0.0452      |
|    W_pos_J              | 0.0759      |
| reward/                 |             |
|    r_energy             | -0.0911     |
| rollout/                |             |
|    ep_len_mean          | 82          |
|    ep_rew_mean          | -10         |
| time/                   |             |
|    fps                  | 47          |
|    iterations           | 66          |
|    time_elapsed         | 5737        |
|    total_timesteps      | 270336      |
| train/                  |             |
|    approx_kl            | 0.018951807 |
|    clip_fraction        | 0.216       |
|    clip_range           | 0.2         |
|    entropy_loss         | -10.8       |
|    explained_variance   | 0.462       |
|    learning_rate        | 0.0003      |
|    loss                 | 0.12        |
|    n_updates            | 650         |
|    policy_gradient_loss | -0.0233     |
|    std                  | 0.742       |
|    value_loss           | 0.475       |
-----------------------------------------
-----------------------------------------
| energy/                 |             |
|    E_damp_J             | 0.00877     |
|    E_fric_J             | 0.00602     |
|    E_norm_J             | 0.00235     |
|    W_neg_J              | 0.0101      |
|    W_pos_J              | 0.0237      |
| reward/                 |             |
|    r_energy             | -0.0229     |
| rollout/                |             |
|    ep_len_mean          | 82          |
|    ep_rew_mean          | -9.53       |
| time/                   |             |
|    fps                  | 47          |
|    iterations           | 67          |
|    time_elapsed         | 5828        |
|    total_timesteps      | 274432      |
| train/                  |             |
|    approx_kl            | 0.017940553 |
|    clip_fraction        | 0.225       |
|    clip_range           | 0.2         |
|    entropy_loss         | -10.7       |
|    explained_variance   | 0.515       |
|    learning_rate        | 0.0003      |
|    loss                 | 0.0596      |
|    n_updates            | 660         |
|    policy_gradient_loss | -0.0234     |
|    std                  | 0.738       |
|    value_loss           | 0.406       |
-----------------------------------------
-----------------------------------------
| energy/                 |             |
|    E_damp_J             | 0.0378      |
|    E_fric_J             | 0.0081      |
|    E_norm_J             | 0.0195      |
|    W_neg_J              | 0.0475      |
|    W_pos_J              | 0.0763      |
| reward/                 |             |
|    r_energy             | -0.0938     |
| rollout/                |             |
|    ep_len_mean          | 82          |
|    ep_rew_mean          | -9.25       |
| time/                   |             |
|    fps                  | 47          |
|    iterations           | 68          |
|    time_elapsed         | 5918        |
|    total_timesteps      | 278528      |
| train/                  |             |
|    approx_kl            | 0.018976867 |
|    clip_fraction        | 0.22        |
|    clip_range           | 0.2         |
|    entropy_loss         | -10.7       |
|    explained_variance   | 0.534       |
|    learning_rate        | 0.0003      |
|    loss                 | -0.0101     |
|    n_updates            | 670         |
|    policy_gradient_loss | -0.0209     |
|    std                  | 0.733       |
|    value_loss           | 0.314       |
-----------------------------------------
-----------------------------------------
| energy/                 |             |
|    E_damp_J             | 0.00938     |
|    E_fric_J             | 0.00619     |
|    E_norm_J             | 0.0023      |
|    W_neg_J              | 0.01        |
|    W_pos_J              | 0.0264      |
| reward/                 |             |
|    r_energy             | -0.024      |
| rollout/                |             |
|    ep_len_mean          | 82          |
|    ep_rew_mean          | -9.01       |
| time/                   |             |
|    fps                  | 47          |
|    iterations           | 69          |
|    time_elapsed         | 6009        |
|    total_timesteps      | 282624      |
| train/                  |             |
|    approx_kl            | 0.018829761 |
|    clip_fraction        | 0.223       |
|    clip_range           | 0.2         |
|    entropy_loss         | -10.6       |
|    explained_variance   | 0.54        |
|    learning_rate        | 0.0003      |
|    loss                 | 0.000184    |
|    n_updates            | 680         |
|    policy_gradient_loss | -0.0197     |
|    std                  | 0.725       |
|    value_loss           | 0.378       |
-----------------------------------------
-----------------------------------------
| energy/                 |             |
|    E_damp_J             | 0.0401      |
|    E_fric_J             | 0.00795     |
|    E_norm_J             | 0.0203      |
|    W_neg_J              | 0.0482      |
|    W_pos_J              | 0.09        |
| reward/                 |             |
|    r_energy             | -0.1        |
| rollout/                |             |
|    ep_len_mean          | 82          |
|    ep_rew_mean          | -8.75       |
| time/                   |             |
|    fps                  | 46          |
|    iterations           | 70          |
|    time_elapsed         | 6101        |
|    total_timesteps      | 286720      |
| train/                  |             |
|    approx_kl            | 0.017862547 |
|    clip_fraction        | 0.207       |
|    clip_range           | 0.2         |
|    entropy_loss         | -10.5       |
|    explained_variance   | 0.508       |
|    learning_rate        | 0.0003      |
|    loss                 | 0.021       |
|    n_updates            | 690         |
|    policy_gradient_loss | -0.0216     |
|    std                  | 0.722       |
|    value_loss           | 0.365       |
-----------------------------------------
-----------------------------------------
| energy/                 |             |
|    E_damp_J             | 0.00989     |
|    E_fric_J             | 0.00633     |
|    E_norm_J             | 0.00219     |
|    W_neg_J              | 0.0133      |
|    W_pos_J              | 0.0264      |
| reward/                 |             |
|    r_energy             | -0.0262     |
| rollout/                |             |
|    ep_len_mean          | 82          |
|    ep_rew_mean          | -8.61       |
| time/                   |             |
|    fps                  | 46          |
|    iterations           | 71          |
|    time_elapsed         | 6191        |
|    total_timesteps      | 290816      |
| train/                  |             |
|    approx_kl            | 0.018568072 |
|    clip_fraction        | 0.211       |
|    clip_range           | 0.2         |
|    entropy_loss         | -10.5       |
|    explained_variance   | 0.557       |
|    learning_rate        | 0.0003      |
|    loss                 | 0.0114      |
|    n_updates            | 700         |
|    policy_gradient_loss | -0.0222     |
|    std                  | 0.719       |
|    value_loss           | 0.363       |
-----------------------------------------
-----------------------------------------
| energy/                 |             |
|    E_damp_J             | 0.0386      |
|    E_fric_J             | 0.00767     |
|    E_norm_J             | 0.0197      |
|    W_neg_J              | 0.0457      |
|    W_pos_J              | 0.0793      |
| reward/                 |             |
|    r_energy             | -0.0941     |
| rollout/                |             |
|    ep_len_mean          | 82          |
|    ep_rew_mean          | -8.03       |
| time/                   |             |
|    fps                  | 46          |
|    iterations           | 72          |
|    time_elapsed         | 6282        |
|    total_timesteps      | 294912      |
| train/                  |             |
|    approx_kl            | 0.020763133 |
|    clip_fraction        | 0.226       |
|    clip_range           | 0.2         |
|    entropy_loss         | -10.4       |
|    explained_variance   | 0.491       |
|    learning_rate        | 0.0003      |
|    loss                 | 0.122       |
|    n_updates            | 710         |
|    policy_gradient_loss | -0.023      |
|    std                  | 0.71        |
|    value_loss           | 0.459       |
-----------------------------------------
-----------------------------------------
| energy/                 |             |
|    E_damp_J             | 0.00952     |
|    E_fric_J             | 0.00592     |
|    E_norm_J             | 0.00198     |
|    W_neg_J              | 0.0108      |
|    W_pos_J              | 0.0292      |
| reward/                 |             |
|    r_energy             | -0.025      |
| rollout/                |             |
|    ep_len_mean          | 82          |
|    ep_rew_mean          | -7.8        |
| time/                   |             |
|    fps                  | 46          |
|    iterations           | 73          |
|    time_elapsed         | 6376        |
|    total_timesteps      | 299008      |
| train/                  |             |
|    approx_kl            | 0.021331698 |
|    clip_fraction        | 0.256       |
|    clip_range           | 0.2         |
|    entropy_loss         | -10.3       |
|    explained_variance   | 0.592       |
|    learning_rate        | 0.0003      |
|    loss                 | -0.00264    |
|    n_updates            | 720         |
|    policy_gradient_loss | -0.0256     |
|    std                  | 0.702       |
|    value_loss           | 0.348       |
-----------------------------------------
-----------------------------------------
| energy/                 |             |
|    E_damp_J             | 0.0364      |
|    E_fric_J             | 0.00758     |
|    E_norm_J             | 0.02        |
|    W_neg_J              | 0.0401      |
|    W_pos_J              | 0.0856      |
| reward/                 |             |
|    r_energy             | -0.0918     |
| rollout/                |             |
|    ep_len_mean          | 82          |
|    ep_rew_mean          | -7.46       |
| time/                   |             |
|    fps                  | 46          |
|    iterations           | 74          |
|    time_elapsed         | 6469        |
|    total_timesteps      | 303104      |
| train/                  |             |
|    approx_kl            | 0.018915132 |
|    clip_fraction        | 0.239       |
|    clip_range           | 0.2         |
|    entropy_loss         | -10.2       |
|    explained_variance   | 0.574       |
|    learning_rate        | 0.0003      |
|    loss                 | 0.0314      |
|    n_updates            | 730         |
|    policy_gradient_loss | -0.0222     |
|    std                  | 0.697       |
|    value_loss           | 0.341       |
-----------------------------------------
-----------------------------------------
| energy/                 |             |
|    E_damp_J             | 0.00884     |
|    E_fric_J             | 0.00523     |
|    E_norm_J             | 0.00196     |
|    W_neg_J              | 0.0104      |
|    W_pos_J              | 0.0236      |
| reward/                 |             |
|    r_energy             | -0.0223     |
| rollout/                |             |
|    ep_len_mean          | 82          |
|    ep_rew_mean          | -7.2        |
| time/                   |             |
|    fps                  | 46          |
|    iterations           | 75          |
|    time_elapsed         | 6561        |
|    total_timesteps      | 307200      |
| train/                  |             |
|    approx_kl            | 0.020044116 |
|    clip_fraction        | 0.235       |
|    clip_range           | 0.2         |
|    entropy_loss         | -10.1       |
|    explained_variance   | 0.628       |
|    learning_rate        | 0.0003      |
|    loss                 | 0.0363      |
|    n_updates            | 740         |
|    policy_gradient_loss | -0.0227     |
|    std                  | 0.691       |
|    value_loss           | 0.326       |
-----------------------------------------
-----------------------------------------
| energy/                 |             |
|    E_damp_J             | 0.0348      |
|    E_fric_J             | 0.00733     |
|    E_norm_J             | 0.02        |
|    W_neg_J              | 0.0392      |
|    W_pos_J              | 0.0834      |
| reward/                 |             |
|    r_energy             | -0.0896     |
| rollout/                |             |
|    ep_len_mean          | 82          |
|    ep_rew_mean          | -6.91       |
| time/                   |             |
|    fps                  | 46          |
|    iterations           | 76          |
|    time_elapsed         | 6653        |
|    total_timesteps      | 311296      |
| train/                  |             |
|    approx_kl            | 0.017445069 |
|    clip_fraction        | 0.218       |
|    clip_range           | 0.2         |
|    entropy_loss         | -10         |
|    explained_variance   | 0.564       |
|    learning_rate        | 0.0003      |
|    loss                 | -0.0387     |
|    n_updates            | 750         |
|    policy_gradient_loss | -0.0208     |
|    std                  | 0.687       |
|    value_loss           | 0.33        |
-----------------------------------------
----------------------------------------
| energy/                 |            |
|    E_damp_J             | 0.0106     |
|    E_fric_J             | 0.00635    |
|    E_norm_J             | 0.00219    |
|    W_neg_J              | 0.0112     |
|    W_pos_J              | 0.0302     |
| reward/                 |            |
|    r_energy             | -0.0265    |
| rollout/                |            |
|    ep_len_mean          | 82         |
|    ep_rew_mean          | -6.55      |
| time/                   |            |
|    fps                  | 46         |
|    iterations           | 77         |
|    time_elapsed         | 6744       |
|    total_timesteps      | 315392     |
| train/                  |            |
|    approx_kl            | 0.01978732 |
|    clip_fraction        | 0.239      |
|    clip_range           | 0.2        |
|    entropy_loss         | -9.99      |
|    explained_variance   | 0.634      |
|    learning_rate        | 0.0003     |
|    loss                 | -0.000854  |
|    n_updates            | 760        |
|    policy_gradient_loss | -0.0223    |
|    std                  | 0.683      |
|    value_loss           | 0.278      |
----------------------------------------
-----------------------------------------
| energy/                 |             |
|    E_damp_J             | 0.0375      |
|    E_fric_J             | 0.00736     |
|    E_norm_J             | 0.0196      |
|    W_neg_J              | 0.0446      |
|    W_pos_J              | 0.0778      |
| reward/                 |             |
|    r_energy             | -0.0921     |
| rollout/                |             |
|    ep_len_mean          | 82          |
|    ep_rew_mean          | -6.54       |
| time/                   |             |
|    fps                  | 46          |
|    iterations           | 78          |
|    time_elapsed         | 6833        |
|    total_timesteps      | 319488      |
| train/                  |             |
|    approx_kl            | 0.021408089 |
|    clip_fraction        | 0.244       |
|    clip_range           | 0.2         |
|    entropy_loss         | -9.94       |
|    explained_variance   | 0.581       |
|    learning_rate        | 0.0003      |
|    loss                 | 0.0209      |
|    n_updates            | 770         |
|    policy_gradient_loss | -0.0212     |
|    std                  | 0.68        |
|    value_loss           | 0.302       |
-----------------------------------------
---------------------------------------
| energy/                 |           |
|    E_damp_J             | 0.0103    |
|    E_fric_J             | 0.00638   |
|    E_norm_J             | 0.00219   |
|    W_neg_J              | 0.00996   |
|    W_pos_J              | 0.0262    |
| reward/                 |           |
|    r_energy             | -0.0243   |
| rollout/                |           |
|    ep_len_mean          | 82        |
|    ep_rew_mean          | -6.61     |
| time/                   |           |
|    fps                  | 46        |
|    iterations           | 79        |
|    time_elapsed         | 6922      |
|    total_timesteps      | 323584    |
| train/                  |           |
|    approx_kl            | 0.0214752 |
|    clip_fraction        | 0.253     |
|    clip_range           | 0.2       |
|    entropy_loss         | -9.89     |
|    explained_variance   | 0.615     |
|    learning_rate        | 0.0003    |
|    loss                 | 0.00809   |
|    n_updates            | 780       |
|    policy_gradient_loss | -0.0228   |
|    std                  | 0.676     |
|    value_loss           | 0.284     |
---------------------------------------
-----------------------------------------
| energy/                 |             |
|    E_damp_J             | 0.0293      |
|    E_fric_J             | 0.00685     |
|    E_norm_J             | 0.0186      |
|    W_neg_J              | 0.0327      |
|    W_pos_J              | 0.0609      |
| reward/                 |             |
|    r_energy             | -0.0745     |
| rollout/                |             |
|    ep_len_mean          | 82          |
|    ep_rew_mean          | -6.54       |
| time/                   |             |
|    fps                  | 46          |
|    iterations           | 80          |
|    time_elapsed         | 7012        |
|    total_timesteps      | 327680      |
| train/                  |             |
|    approx_kl            | 0.020512592 |
|    clip_fraction        | 0.239       |
|    clip_range           | 0.2         |
|    entropy_loss         | -9.84       |
|    explained_variance   | 0.636       |
|    learning_rate        | 0.0003      |
|    loss                 | 0.00614     |
|    n_updates            | 790         |
|    policy_gradient_loss | -0.0236     |
|    std                  | 0.674       |
|    value_loss           | 0.288       |
-----------------------------------------
----------------------------------------
| energy/                 |            |
|    E_damp_J             | 0.00858    |
|    E_fric_J             | 0.00579    |
|    E_norm_J             | 0.00183    |
|    W_neg_J              | 0.00902    |
|    W_pos_J              | 0.0247     |
| reward/                 |            |
|    r_energy             | -0.0218    |
| rollout/                |            |
|    ep_len_mean          | 82         |
|    ep_rew_mean          | -6.16      |
| time/                   |            |
|    fps                  | 46         |
|    iterations           | 81         |
|    time_elapsed         | 7101       |
|    total_timesteps      | 331776     |
| train/                  |            |
|    approx_kl            | 0.01845231 |
|    clip_fraction        | 0.231      |
|    clip_range           | 0.2        |
|    entropy_loss         | -9.77      |
|    explained_variance   | 0.607      |
|    learning_rate        | 0.0003     |
|    loss                 | -0.00448   |
|    n_updates            | 800        |
|    policy_gradient_loss | -0.0246    |
|    std                  | 0.669      |
|    value_loss           | 0.324      |
----------------------------------------
-----------------------------------------
| energy/                 |             |
|    E_damp_J             | 0.0101      |
|    E_fric_J             | 0.00643     |
|    E_norm_J             | 0.00207     |
|    W_neg_J              | 0.0115      |
|    W_pos_J              | 0.0268      |
| reward/                 |             |
|    r_energy             | -0.0253     |
| rollout/                |             |
|    ep_len_mean          | 82          |
|    ep_rew_mean          | -5.47       |
| time/                   |             |
|    fps                  | 46          |
|    iterations           | 82          |
|    time_elapsed         | 7190        |
|    total_timesteps      | 335872      |
| train/                  |             |
|    approx_kl            | 0.019786645 |
|    clip_fraction        | 0.245       |
|    clip_range           | 0.2         |
|    entropy_loss         | -9.72       |
|    explained_variance   | 0.547       |
|    learning_rate        | 0.0003      |
|    loss                 | 0.0251      |
|    n_updates            | 810         |
|    policy_gradient_loss | -0.0226     |
|    std                  | 0.666       |
|    value_loss           | 0.351       |
-----------------------------------------
----------------------------------------
| energy/                 |            |
|    E_damp_J             | 0.0113     |
|    E_fric_J             | 0.00677    |
|    E_norm_J             | 0.00222    |
|    W_neg_J              | 0.0114     |
|    W_pos_J              | 0.034      |
| reward/                 |            |
|    r_energy             | -0.0283    |
| rollout/                |            |
|    ep_len_mean          | 82         |
|    ep_rew_mean          | -5.21      |
| time/                   |            |
|    fps                  | 46         |
|    iterations           | 83         |
|    time_elapsed         | 7280       |
|    total_timesteps      | 339968     |
| train/                  |            |
|    approx_kl            | 0.02021998 |
|    clip_fraction        | 0.236      |
|    clip_range           | 0.2        |
|    entropy_loss         | -9.68      |
|    explained_variance   | 0.658      |
|    learning_rate        | 0.0003     |
|    loss                 | -0.0113    |
|    n_updates            | 820        |
|    policy_gradient_loss | -0.0174    |
|    std                  | 0.664      |
|    value_loss           | 0.221      |
----------------------------------------
----------------------------------------
| energy/                 |            |
|    E_damp_J             | 0.0115     |
|    E_fric_J             | 0.00687    |
|    E_norm_J             | 0.00223    |
|    W_neg_J              | 0.0115     |
|    W_pos_J              | 0.0309     |
| reward/                 |            |
|    r_energy             | -0.0276    |
| rollout/                |            |
|    ep_len_mean          | 82         |
|    ep_rew_mean          | -5.27      |
| time/                   |            |
|    fps                  | 46         |
|    iterations           | 84         |
|    time_elapsed         | 7369       |
|    total_timesteps      | 344064     |
| train/                  |            |
|    approx_kl            | 0.01891362 |
|    clip_fraction        | 0.238      |
|    clip_range           | 0.2        |
|    entropy_loss         | -9.63      |
|    explained_variance   | 0.642      |
|    learning_rate        | 0.0003     |
|    loss                 | -0.0283    |
|    n_updates            | 830        |
|    policy_gradient_loss | -0.022     |
|    std                  | 0.66       |
|    value_loss           | 0.264      |
----------------------------------------
-----------------------------------------
| energy/                 |             |
|    E_damp_J             | 0.0137      |
|    E_fric_J             | 0.0067      |
|    E_norm_J             | 0.00228     |
|    W_neg_J              | 0.0104      |
|    W_pos_J              | 0.0358      |
| reward/                 |             |
|    r_energy             | -0.0294     |
| rollout/                |             |
|    ep_len_mean          | 82          |
|    ep_rew_mean          | -5.09       |
| time/                   |             |
|    fps                  | 46          |
|    iterations           | 85          |
|    time_elapsed         | 7459        |
|    total_timesteps      | 348160      |
| train/                  |             |
|    approx_kl            | 0.020116188 |
|    clip_fraction        | 0.242       |
|    clip_range           | 0.2         |
|    entropy_loss         | -9.59       |
|    explained_variance   | 0.593       |
|    learning_rate        | 0.0003      |
|    loss                 | 0.0108      |
|    n_updates            | 840         |
|    policy_gradient_loss | -0.0214     |
|    std                  | 0.659       |
|    value_loss           | 0.322       |
-----------------------------------------
-----------------------------------------
| energy/                 |             |
|    E_damp_J             | 0.0127      |
|    E_fric_J             | 0.00713     |
|    E_norm_J             | 0.00227     |
|    W_neg_J              | 0.0124      |
|    W_pos_J              | 0.0316      |
| reward/                 |             |
|    r_energy             | -0.0291     |
| rollout/                |             |
|    ep_len_mean          | 82          |
|    ep_rew_mean          | -4.86       |
| time/                   |             |
|    fps                  | 46          |
|    iterations           | 86          |
|    time_elapsed         | 7548        |
|    total_timesteps      | 352256      |
| train/                  |             |
|    approx_kl            | 0.020762997 |
|    clip_fraction        | 0.245       |
|    clip_range           | 0.2         |
|    entropy_loss         | -9.57       |
|    explained_variance   | 0.634       |
|    learning_rate        | 0.0003      |
|    loss                 | 0.0198      |
|    n_updates            | 850         |
|    policy_gradient_loss | -0.0199     |
|    std                  | 0.659       |
|    value_loss           | 0.299       |
-----------------------------------------
-----------------------------------------
| energy/                 |             |
|    E_damp_J             | 0.0113      |
|    E_fric_J             | 0.00641     |
|    E_norm_J             | 0.00201     |
|    W_neg_J              | 0.0121      |
|    W_pos_J              | 0.0288      |
| reward/                 |             |
|    r_energy             | -0.0268     |
| rollout/                |             |
|    ep_len_mean          | 82          |
|    ep_rew_mean          | -4.73       |
| time/                   |             |
|    fps                  | 46          |
|    iterations           | 87          |
|    time_elapsed         | 7639        |
|    total_timesteps      | 356352      |
| train/                  |             |
|    approx_kl            | 0.020422477 |
|    clip_fraction        | 0.256       |
|    clip_range           | 0.2         |
|    entropy_loss         | -9.5        |
|    explained_variance   | 0.641       |
|    learning_rate        | 0.0003      |
|    loss                 | 0.00923     |
|    n_updates            | 860         |
|    policy_gradient_loss | -0.0223     |
|    std                  | 0.653       |
|    value_loss           | 0.284       |
-----------------------------------------
-----------------------------------------
| energy/                 |             |
|    E_damp_J             | 0.0117      |
|    E_fric_J             | 0.0071      |
|    E_norm_J             | 0.00223     |
|    W_neg_J              | 0.0129      |
|    W_pos_J              | 0.0303      |
| reward/                 |             |
|    r_energy             | -0.0285     |
| rollout/                |             |
|    ep_len_mean          | 82          |
|    ep_rew_mean          | -4.59       |
| time/                   |             |
|    fps                  | 46          |
|    iterations           | 88          |
|    time_elapsed         | 7729        |
|    total_timesteps      | 360448      |
| train/                  |             |
|    approx_kl            | 0.020058278 |
|    clip_fraction        | 0.248       |
|    clip_range           | 0.2         |
|    entropy_loss         | -9.45       |
|    explained_variance   | 0.633       |
|    learning_rate        | 0.0003      |
|    loss                 | -0.000115   |
|    n_updates            | 870         |
|    policy_gradient_loss | -0.0213     |
|    std                  | 0.651       |
|    value_loss           | 0.299       |
-----------------------------------------
----------------------------------------
| energy/                 |            |
|    E_damp_J             | 0.0175     |
|    E_fric_J             | 0.00824    |
|    E_norm_J             | 0.00276    |
|    W_neg_J              | 0.0149     |
|    W_pos_J              | 0.0421     |
| reward/                 |            |
|    r_energy             | -0.0372    |
| rollout/                |            |
|    ep_len_mean          | 82         |
|    ep_rew_mean          | -4.13      |
| time/                   |            |
|    fps                  | 46         |
|    iterations           | 89         |
|    time_elapsed         | 7821       |
|    total_timesteps      | 364544     |
| train/                  |            |
|    approx_kl            | 0.01881286 |
|    clip_fraction        | 0.262      |
|    clip_range           | 0.2        |
|    entropy_loss         | -9.42      |
|    explained_variance   | 0.628      |
|    learning_rate        | 0.0003     |
|    loss                 | 0.000198   |
|    n_updates            | 880        |
|    policy_gradient_loss | -0.023     |
|    std                  | 0.648      |
|    value_loss           | 0.291      |
----------------------------------------
-----------------------------------------
| energy/                 |             |
|    E_damp_J             | 0.0139      |
|    E_fric_J             | 0.00713     |
|    E_norm_J             | 0.00218     |
|    W_neg_J              | 0.0144      |
|    W_pos_J              | 0.0329      |
| reward/                 |             |
|    r_energy             | -0.0312     |
| rollout/                |             |
|    ep_len_mean          | 82          |
|    ep_rew_mean          | -3.52       |
| time/                   |             |
|    fps                  | 46          |
|    iterations           | 90          |
|    time_elapsed         | 7912        |
|    total_timesteps      | 368640      |
| train/                  |             |
|    approx_kl            | 0.020207379 |
|    clip_fraction        | 0.249       |
|    clip_range           | 0.2         |
|    entropy_loss         | -9.38       |
|    explained_variance   | 0.576       |
|    learning_rate        | 0.0003      |
|    loss                 | 0.0182      |
|    n_updates            | 890         |
|    policy_gradient_loss | -0.0193     |
|    std                  | 0.647       |
|    value_loss           | 0.314       |
-----------------------------------------
-----------------------------------------
| energy/                 |             |
|    E_damp_J             | 0.0143      |
|    E_fric_J             | 0.00696     |
|    E_norm_J             | 0.00225     |
|    W_neg_J              | 0.0134      |
|    W_pos_J              | 0.0358      |
| reward/                 |             |
|    r_energy             | -0.0317     |
| rollout/                |             |
|    ep_len_mean          | 82          |
|    ep_rew_mean          | -3.24       |
| time/                   |             |
|    fps                  | 46          |
|    iterations           | 91          |
|    time_elapsed         | 8004        |
|    total_timesteps      | 372736      |
| train/                  |             |
|    approx_kl            | 0.021612568 |
|    clip_fraction        | 0.24        |
|    clip_range           | 0.2         |
|    entropy_loss         | -9.32       |
|    explained_variance   | 0.61        |
|    learning_rate        | 0.0003      |
|    loss                 | 0.0453      |
|    n_updates            | 900         |
|    policy_gradient_loss | -0.0205     |
|    std                  | 0.641       |
|    value_loss           | 0.33        |
-----------------------------------------
-----------------------------------------
| energy/                 |             |
|    E_damp_J             | 0.0132      |
|    E_fric_J             | 0.00685     |
|    E_norm_J             | 0.00218     |
|    W_neg_J              | 0.0129      |
|    W_pos_J              | 0.0346      |
| reward/                 |             |
|    r_energy             | -0.0303     |
| rollout/                |             |
|    ep_len_mean          | 82          |
|    ep_rew_mean          | -3.31       |
| time/                   |             |
|    fps                  | 46          |
|    iterations           | 92          |
|    time_elapsed         | 8095        |
|    total_timesteps      | 376832      |
| train/                  |             |
|    approx_kl            | 0.022463989 |
|    clip_fraction        | 0.249       |
|    clip_range           | 0.2         |
|    entropy_loss         | -9.26       |
|    explained_variance   | 0.515       |
|    learning_rate        | 0.0003      |
|    loss                 | 0.0796      |
|    n_updates            | 910         |
|    policy_gradient_loss | -0.0224     |
|    std                  | 0.639       |
|    value_loss           | 0.374       |
-----------------------------------------
-----------------------------------------
| energy/                 |             |
|    E_damp_J             | 0.0158      |
|    E_fric_J             | 0.00759     |
|    E_norm_J             | 0.00241     |
|    W_neg_J              | 0.0159      |
|    W_pos_J              | 0.0375      |
| reward/                 |             |
|    r_energy             | -0.0349     |
| rollout/                |             |
|    ep_len_mean          | 82          |
|    ep_rew_mean          | -3.2        |
| time/                   |             |
|    fps                  | 46          |
|    iterations           | 93          |
|    time_elapsed         | 8187        |
|    total_timesteps      | 380928      |
| train/                  |             |
|    approx_kl            | 0.019718822 |
|    clip_fraction        | 0.251       |
|    clip_range           | 0.2         |
|    entropy_loss         | -9.22       |
|    explained_variance   | 0.509       |
|    learning_rate        | 0.0003      |
|    loss                 | 0.0426      |
|    n_updates            | 920         |
|    policy_gradient_loss | -0.0196     |
|    std                  | 0.636       |
|    value_loss           | 0.396       |
-----------------------------------------
-----------------------------------------
| energy/                 |             |
|    E_damp_J             | 0.0123      |
|    E_fric_J             | 0.00715     |
|    E_norm_J             | 0.0023      |
|    W_neg_J              | 0.0133      |
|    W_pos_J              | 0.0306      |
| reward/                 |             |
|    r_energy             | -0.0291     |
| rollout/                |             |
|    ep_len_mean          | 82          |
|    ep_rew_mean          | -2.6        |
| time/                   |             |
|    fps                  | 46          |
|    iterations           | 94          |
|    time_elapsed         | 8276        |
|    total_timesteps      | 385024      |
| train/                  |             |
|    approx_kl            | 0.022817768 |
|    clip_fraction        | 0.273       |
|    clip_range           | 0.2         |
|    entropy_loss         | -9.18       |
|    explained_variance   | 0.589       |
|    learning_rate        | 0.0003      |
|    loss                 | 0.0424      |
|    n_updates            | 930         |
|    policy_gradient_loss | -0.0224     |
|    std                  | 0.633       |
|    value_loss           | 0.361       |
-----------------------------------------
-----------------------------------------
| energy/                 |             |
|    E_damp_J             | 0.0212      |
|    E_fric_J             | 0.0087      |
|    E_norm_J             | 0.00322     |
|    W_neg_J              | 0.0239      |
|    W_pos_J              | 0.0468      |
| reward/                 |             |
|    r_energy             | -0.0465     |
| rollout/                |             |
|    ep_len_mean          | 82          |
|    ep_rew_mean          | -2.2        |
| time/                   |             |
|    fps                  | 46          |
|    iterations           | 95          |
|    time_elapsed         | 8366        |
|    total_timesteps      | 389120      |
| train/                  |             |
|    approx_kl            | 0.025256079 |
|    clip_fraction        | 0.269       |
|    clip_range           | 0.2         |
|    entropy_loss         | -9.13       |
|    explained_variance   | 0.611       |
|    learning_rate        | 0.0003      |
|    loss                 | 0.027       |
|    n_updates            | 940         |
|    policy_gradient_loss | -0.0245     |
|    std                  | 0.629       |
|    value_loss           | 0.316       |
-----------------------------------------
-----------------------------------------
| energy/                 |             |
|    E_damp_J             | 0.0173      |
|    E_fric_J             | 0.00804     |
|    E_norm_J             | 0.00233     |
|    W_neg_J              | 0.0144      |
|    W_pos_J              | 0.0486      |
| reward/                 |             |
|    r_energy             | -0.0382     |
| rollout/                |             |
|    ep_len_mean          | 82          |
|    ep_rew_mean          | -2.07       |
| time/                   |             |
|    fps                  | 46          |
|    iterations           | 96          |
|    time_elapsed         | 8455        |
|    total_timesteps      | 393216      |
| train/                  |             |
|    approx_kl            | 0.022044066 |
|    clip_fraction        | 0.268       |
|    clip_range           | 0.2         |
|    entropy_loss         | -9.05       |
|    explained_variance   | 0.607       |
|    learning_rate        | 0.0003      |
|    loss                 | 0.0645      |
|    n_updates            | 950         |
|    policy_gradient_loss | -0.0231     |
|    std                  | 0.624       |
|    value_loss           | 0.337       |
-----------------------------------------
-----------------------------------------
| energy/                 |             |
|    E_damp_J             | 0.0249      |
|    E_fric_J             | 0.00896     |
|    E_norm_J             | 0.0193      |
|    W_neg_J              | 0.0293      |
|    W_pos_J              | 0.062       |
| reward/                 |             |
|    r_energy             | -0.0724     |
| rollout/                |             |
|    ep_len_mean          | 82          |
|    ep_rew_mean          | -1.65       |
| time/                   |             |
|    fps                  | 46          |
|    iterations           | 97          |
|    time_elapsed         | 8544        |
|    total_timesteps      | 397312      |
| train/                  |             |
|    approx_kl            | 0.020494841 |
|    clip_fraction        | 0.271       |
|    clip_range           | 0.2         |
|    entropy_loss         | -8.98       |
|    explained_variance   | 0.547       |
|    learning_rate        | 0.0003      |
|    loss                 | 0.0561      |
|    n_updates            | 960         |
|    policy_gradient_loss | -0.0236     |
|    std                  | 0.619       |
|    value_loss           | 0.413       |
-----------------------------------------
----------------------------------------
| energy/                 |            |
|    E_damp_J             | 0.0176     |
|    E_fric_J             | 0.00827    |
|    E_norm_J             | 0.0024     |
|    W_neg_J              | 0.0148     |
|    W_pos_J              | 0.0463     |
| reward/                 |            |
|    r_energy             | -0.0381    |
| rollout/                |            |
|    ep_len_mean          | 82         |
|    ep_rew_mean          | -1.16      |
| time/                   |            |
|    fps                  | 46         |
|    iterations           | 98         |
|    time_elapsed         | 8634       |
|    total_timesteps      | 401408     |
| train/                  |            |
|    approx_kl            | 0.02091837 |
|    clip_fraction        | 0.258      |
|    clip_range           | 0.2        |
|    entropy_loss         | -8.92      |
|    explained_variance   | 0.614      |
|    learning_rate        | 0.0003     |
|    loss                 | 0.071      |
|    n_updates            | 970        |
|    policy_gradient_loss | -0.0214    |
|    std                  | 0.616      |
|    value_loss           | 0.359      |
----------------------------------------
----------------------------------------
| energy/                 |            |
|    E_damp_J             | 0.042      |
|    E_fric_J             | 0.00935    |
|    E_norm_J             | 0.0198     |
|    W_neg_J              | 0.045      |
|    W_pos_J              | 0.0966     |
| reward/                 |            |
|    r_energy             | -0.101     |
| rollout/                |            |
|    ep_len_mean          | 82         |
|    ep_rew_mean          | -0.682     |
| time/                   |            |
|    fps                  | 46         |
|    iterations           | 99         |
|    time_elapsed         | 8723       |
|    total_timesteps      | 405504     |
| train/                  |            |
|    approx_kl            | 0.01995409 |
|    clip_fraction        | 0.264      |
|    clip_range           | 0.2        |
|    entropy_loss         | -8.87      |
|    explained_variance   | 0.529      |
|    learning_rate        | 0.0003     |
|    loss                 | 0.14       |
|    n_updates            | 980        |
|    policy_gradient_loss | -0.0221    |
|    std                  | 0.613      |
|    value_loss           | 0.394      |
----------------------------------------
-----------------------------------------
| energy/                 |             |
|    E_damp_J             | 0.0217      |
|    E_fric_J             | 0.00865     |
|    E_norm_J             | 0.00262     |
|    W_neg_J              | 0.0198      |
|    W_pos_J              | 0.0447      |
| reward/                 |             |
|    r_energy             | -0.0431     |
| rollout/                |             |
|    ep_len_mean          | 82          |
|    ep_rew_mean          | -0.242      |
| time/                   |             |
|    fps                  | 46          |
|    iterations           | 100         |
|    time_elapsed         | 8813        |
|    total_timesteps      | 409600      |
| train/                  |             |
|    approx_kl            | 0.026284061 |
|    clip_fraction        | 0.287       |
|    clip_range           | 0.2         |
|    entropy_loss         | -8.81       |
|    explained_variance   | 0.56        |
|    learning_rate        | 0.0003      |
|    loss                 | 0.0626      |
|    n_updates            | 990         |
|    policy_gradient_loss | -0.0249     |
|    std                  | 0.608       |
|    value_loss           | 0.438       |
-----------------------------------------
----------------------------------------
| energy/                 |            |
|    E_damp_J             | 0.0436     |
|    E_fric_J             | 0.00903    |
|    E_norm_J             | 0.0204     |
|    W_neg_J              | 0.0496     |
|    W_pos_J              | 0.0899     |
| reward/                 |            |
|    r_energy             | -0.103     |
| rollout/                |            |
|    ep_len_mean          | 82         |
|    ep_rew_mean          | 0.292      |
| time/                   |            |
|    fps                  | 46         |
|    iterations           | 101        |
|    time_elapsed         | 8903       |
|    total_timesteps      | 413696     |
| train/                  |            |
|    approx_kl            | 0.02097208 |
|    clip_fraction        | 0.271      |
|    clip_range           | 0.2        |
|    entropy_loss         | -8.74      |
|    explained_variance   | 0.545      |
|    learning_rate        | 0.0003     |
|    loss                 | 0.0754     |
|    n_updates            | 1000       |
|    policy_gradient_loss | -0.0197    |
|    std                  | 0.604      |
|    value_loss           | 0.433      |
----------------------------------------
----------------------------------------
| energy/                 |            |
|    E_damp_J             | 0.0215     |
|    E_fric_J             | 0.00846    |
|    E_norm_J             | 0.0025     |
|    W_neg_J              | 0.0179     |
|    W_pos_J              | 0.0457     |
| reward/                 |            |
|    r_energy             | -0.0419    |
| rollout/                |            |
|    ep_len_mean          | 82         |
|    ep_rew_mean          | 0.689      |
| time/                   |            |
|    fps                  | 46         |
|    iterations           | 102        |
|    time_elapsed         | 8994       |
|    total_timesteps      | 417792     |
| train/                  |            |
|    approx_kl            | 0.02287279 |
|    clip_fraction        | 0.259      |
|    clip_range           | 0.2        |
|    entropy_loss         | -8.66      |
|    explained_variance   | 0.572      |
|    learning_rate        | 0.0003     |
|    loss                 | 0.0646     |
|    n_updates            | 1010       |
|    policy_gradient_loss | -0.0199    |
|    std                  | 0.599      |
|    value_loss           | 0.386      |
----------------------------------------
-----------------------------------------
| energy/                 |             |
|    E_damp_J             | 0.0454      |
|    E_fric_J             | 0.00972     |
|    E_norm_J             | 0.02        |
|    W_neg_J              | 0.0511      |
|    W_pos_J              | 0.0996      |
| reward/                 |             |
|    r_energy             | -0.108      |
| rollout/                |             |
|    ep_len_mean          | 82          |
|    ep_rew_mean          | 1.19        |
| time/                   |             |
|    fps                  | 46          |
|    iterations           | 103         |
|    time_elapsed         | 9082        |
|    total_timesteps      | 421888      |
| train/                  |             |
|    approx_kl            | 0.023556978 |
|    clip_fraction        | 0.263       |
|    clip_range           | 0.2         |
|    entropy_loss         | -8.6        |
|    explained_variance   | 0.531       |
|    learning_rate        | 0.0003      |
|    loss                 | 0.0669      |
|    n_updates            | 1020        |
|    policy_gradient_loss | -0.0192     |
|    std                  | 0.594       |
|    value_loss           | 0.442       |
-----------------------------------------
-----------------------------------------
| energy/                 |             |
|    E_damp_J             | 0.0191      |
|    E_fric_J             | 0.00877     |
|    E_norm_J             | 0.00275     |
|    W_neg_J              | 0.0199      |
|    W_pos_J              | 0.0494      |
| reward/                 |             |
|    r_energy             | -0.0435     |
| rollout/                |             |
|    ep_len_mean          | 82          |
|    ep_rew_mean          | 1.55        |
| time/                   |             |
|    fps                  | 46          |
|    iterations           | 104         |
|    time_elapsed         | 9171        |
|    total_timesteps      | 425984      |
| train/                  |             |
|    approx_kl            | 0.024463624 |
|    clip_fraction        | 0.292       |
|    clip_range           | 0.2         |
|    entropy_loss         | -8.5        |
|    explained_variance   | 0.561       |
|    learning_rate        | 0.0003      |
|    loss                 | 0.144       |
|    n_updates            | 1030        |
|    policy_gradient_loss | -0.0225     |
|    std                  | 0.588       |
|    value_loss           | 0.487       |
-----------------------------------------
-----------------------------------------
| energy/                 |             |
|    E_damp_J             | 0.0488      |
|    E_fric_J             | 0.00995     |
|    E_norm_J             | 0.0198      |
|    W_neg_J              | 0.0536      |
|    W_pos_J              | 0.103       |
| reward/                 |             |
|    r_energy             | -0.112      |
| rollout/                |             |
|    ep_len_mean          | 82          |
|    ep_rew_mean          | 1.54        |
| time/                   |             |
|    fps                  | 46          |
|    iterations           | 105         |
|    time_elapsed         | 9259        |
|    total_timesteps      | 430080      |
| train/                  |             |
|    approx_kl            | 0.020691993 |
|    clip_fraction        | 0.276       |
|    clip_range           | 0.2         |
|    entropy_loss         | -8.42       |
|    explained_variance   | 0.423       |
|    learning_rate        | 0.0003      |
|    loss                 | 0.177       |
|    n_updates            | 1040        |
|    policy_gradient_loss | -0.015      |
|    std                  | 0.583       |
|    value_loss           | 0.664       |
-----------------------------------------
-----------------------------------------
| energy/                 |             |
|    E_damp_J             | 0.0218      |
|    E_fric_J             | 0.00839     |
|    E_norm_J             | 0.00217     |
|    W_neg_J              | 0.017       |
|    W_pos_J              | 0.0437      |
| reward/                 |             |
|    r_energy             | -0.0406     |
| rollout/                |             |
|    ep_len_mean          | 82          |
|    ep_rew_mean          | 1.62        |
| time/                   |             |
|    fps                  | 46          |
|    iterations           | 106         |
|    time_elapsed         | 9347        |
|    total_timesteps      | 434176      |
| train/                  |             |
|    approx_kl            | 0.020790078 |
|    clip_fraction        | 0.255       |
|    clip_range           | 0.2         |
|    entropy_loss         | -8.36       |
|    explained_variance   | 0.557       |
|    learning_rate        | 0.0003      |
|    loss                 | 0.0969      |
|    n_updates            | 1050        |
|    policy_gradient_loss | -0.016      |
|    std                  | 0.58        |
|    value_loss           | 0.481       |
-----------------------------------------
-----------------------------------------
| energy/                 |             |
|    E_damp_J             | 0.0422      |
|    E_fric_J             | 0.00959     |
|    E_norm_J             | 0.0199      |
|    W_neg_J              | 0.0438      |
|    W_pos_J              | 0.0922      |
| reward/                 |             |
|    r_energy             | -0.0997     |
| rollout/                |             |
|    ep_len_mean          | 82          |
|    ep_rew_mean          | 2.55        |
| time/                   |             |
|    fps                  | 46          |
|    iterations           | 107         |
|    time_elapsed         | 9437        |
|    total_timesteps      | 438272      |
| train/                  |             |
|    approx_kl            | 0.020642778 |
|    clip_fraction        | 0.276       |
|    clip_range           | 0.2         |
|    entropy_loss         | -8.3        |
|    explained_variance   | 0.589       |
|    learning_rate        | 0.0003      |
|    loss                 | 0.116       |
|    n_updates            | 1060        |
|    policy_gradient_loss | -0.02       |
|    std                  | 0.575       |
|    value_loss           | 0.397       |
-----------------------------------------
-----------------------------------------
| energy/                 |             |
|    E_damp_J             | 0.0221      |
|    E_fric_J             | 0.00869     |
|    E_norm_J             | 0.00254     |
|    W_neg_J              | 0.0172      |
|    W_pos_J              | 0.0539      |
| reward/                 |             |
|    r_energy             | -0.0444     |
| rollout/                |             |
|    ep_len_mean          | 82          |
|    ep_rew_mean          | 3.51        |
| time/                   |             |
|    fps                  | 46          |
|    iterations           | 108         |
|    time_elapsed         | 9528        |
|    total_timesteps      | 442368      |
| train/                  |             |
|    approx_kl            | 0.023350816 |
|    clip_fraction        | 0.284       |
|    clip_range           | 0.2         |
|    entropy_loss         | -8.2        |
|    explained_variance   | 0.58        |
|    learning_rate        | 0.0003      |
|    loss                 | 0.144       |
|    n_updates            | 1070        |
|    policy_gradient_loss | -0.0201     |
|    std                  | 0.569       |
|    value_loss           | 0.405       |
-----------------------------------------
-----------------------------------------
| energy/                 |             |
|    E_damp_J             | 0.0461      |
|    E_fric_J             | 0.00988     |
|    E_norm_J             | 0.0195      |
|    W_neg_J              | 0.0507      |
|    W_pos_J              | 0.0924      |
| reward/                 |             |
|    r_energy             | -0.106      |
| rollout/                |             |
|    ep_len_mean          | 82          |
|    ep_rew_mean          | 3.92        |
| time/                   |             |
|    fps                  | 46          |
|    iterations           | 109         |
|    time_elapsed         | 9618        |
|    total_timesteps      | 446464      |
| train/                  |             |
|    approx_kl            | 0.027052116 |
|    clip_fraction        | 0.286       |
|    clip_range           | 0.2         |
|    entropy_loss         | -8.12       |
|    explained_variance   | 0.488       |
|    learning_rate        | 0.0003      |
|    loss                 | 0.136       |
|    n_updates            | 1080        |
|    policy_gradient_loss | -0.0198     |
|    std                  | 0.564       |
|    value_loss           | 0.483       |
-----------------------------------------
-----------------------------------------
| energy/                 |             |
|    E_damp_J             | 0.0222      |
|    E_fric_J             | 0.00918     |
|    E_norm_J             | 0.00247     |
|    W_neg_J              | 0.0212      |
|    W_pos_J              | 0.0494      |
| reward/                 |             |
|    r_energy             | -0.0457     |
| rollout/                |             |
|    ep_len_mean          | 82          |
|    ep_rew_mean          | 4.19        |
| time/                   |             |
|    fps                  | 46          |
|    iterations           | 110         |
|    time_elapsed         | 9709        |
|    total_timesteps      | 450560      |
| train/                  |             |
|    approx_kl            | 0.023944674 |
|    clip_fraction        | 0.297       |
|    clip_range           | 0.2         |
|    entropy_loss         | -8.02       |
|    explained_variance   | 0.561       |
|    learning_rate        | 0.0003      |
|    loss                 | 0.144       |
|    n_updates            | 1090        |
|    policy_gradient_loss | -0.0208     |
|    std                  | 0.558       |
|    value_loss           | 0.444       |
-----------------------------------------
-----------------------------------------
| energy/                 |             |
|    E_damp_J             | 0.0444      |
|    E_fric_J             | 0.00934     |
|    E_norm_J             | 0.02        |
|    W_neg_J              | 0.0505      |
|    W_pos_J              | 0.0942      |
| reward/                 |             |
|    r_energy             | -0.105      |
| rollout/                |             |
|    ep_len_mean          | 82          |
|    ep_rew_mean          | 4.65        |
| time/                   |             |
|    fps                  | 46          |
|    iterations           | 111         |
|    time_elapsed         | 9799        |
|    total_timesteps      | 454656      |
| train/                  |             |
|    approx_kl            | 0.023324724 |
|    clip_fraction        | 0.299       |
|    clip_range           | 0.2         |
|    entropy_loss         | -7.93       |
|    explained_variance   | 0.586       |
|    learning_rate        | 0.0003      |
|    loss                 | 0.0699      |
|    n_updates            | 1100        |
|    policy_gradient_loss | -0.0231     |
|    std                  | 0.552       |
|    value_loss           | 0.375       |
-----------------------------------------
-----------------------------------------
| energy/                 |             |
|    E_damp_J             | 0.0262      |
|    E_fric_J             | 0.00979     |
|    E_norm_J             | 0.00247     |
|    W_neg_J              | 0.0205      |
|    W_pos_J              | 0.0563      |
| reward/                 |             |
|    r_energy             | -0.0496     |
| rollout/                |             |
|    ep_len_mean          | 82          |
|    ep_rew_mean          | 4.96        |
| time/                   |             |
|    fps                  | 46          |
|    iterations           | 112         |
|    time_elapsed         | 9887        |
|    total_timesteps      | 458752      |
| train/                  |             |
|    approx_kl            | 0.020755257 |
|    clip_fraction        | 0.283       |
|    clip_range           | 0.2         |
|    entropy_loss         | -7.86       |
|    explained_variance   | 0.549       |
|    learning_rate        | 0.0003      |
|    loss                 | 0.148       |
|    n_updates            | 1110        |
|    policy_gradient_loss | -0.0188     |
|    std                  | 0.548       |
|    value_loss           | 0.499       |
-----------------------------------------
-----------------------------------------
| energy/                 |             |
|    E_damp_J             | 0.0437      |
|    E_fric_J             | 0.00981     |
|    E_norm_J             | 0.02        |
|    W_neg_J              | 0.0533      |
|    W_pos_J              | 0.0836      |
| reward/                 |             |
|    r_energy             | -0.104      |
| rollout/                |             |
|    ep_len_mean          | 82          |
|    ep_rew_mean          | 5.59        |
| time/                   |             |
|    fps                  | 46          |
|    iterations           | 113         |
|    time_elapsed         | 9976        |
|    total_timesteps      | 462848      |
| train/                  |             |
|    approx_kl            | 0.024952263 |
|    clip_fraction        | 0.293       |
|    clip_range           | 0.2         |
|    entropy_loss         | -7.79       |
|    explained_variance   | 0.561       |
|    learning_rate        | 0.0003      |
|    loss                 | 0.169       |
|    n_updates            | 1120        |
|    policy_gradient_loss | -0.0192     |
|    std                  | 0.544       |
|    value_loss           | 0.45        |
-----------------------------------------
-----------------------------------------
| energy/                 |             |
|    E_damp_J             | 0.0241      |
|    E_fric_J             | 0.00997     |
|    E_norm_J             | 0.00272     |
|    W_neg_J              | 0.0201      |
|    W_pos_J              | 0.0609      |
| reward/                 |             |
|    r_energy             | -0.0501     |
| rollout/                |             |
|    ep_len_mean          | 82          |
|    ep_rew_mean          | 6.08        |
| time/                   |             |
|    fps                  | 46          |
|    iterations           | 114         |
|    time_elapsed         | 10066       |
|    total_timesteps      | 466944      |
| train/                  |             |
|    approx_kl            | 0.025154363 |
|    clip_fraction        | 0.298       |
|    clip_range           | 0.2         |
|    entropy_loss         | -7.74       |
|    explained_variance   | 0.499       |
|    learning_rate        | 0.0003      |
|    loss                 | 0.192       |
|    n_updates            | 1130        |
|    policy_gradient_loss | -0.0192     |
|    std                  | 0.542       |
|    value_loss           | 0.556       |
-----------------------------------------
-----------------------------------------
| energy/                 |             |
|    E_damp_J             | 0.0469      |
|    E_fric_J             | 0.0102      |
|    E_norm_J             | 0.0199      |
|    W_neg_J              | 0.0528      |
|    W_pos_J              | 0.102       |
| reward/                 |             |
|    r_energy             | -0.111      |
| rollout/                |             |
|    ep_len_mean          | 82          |
|    ep_rew_mean          | 6.2         |
| time/                   |             |
|    fps                  | 46          |
|    iterations           | 115         |
|    time_elapsed         | 10157       |
|    total_timesteps      | 471040      |
| train/                  |             |
|    approx_kl            | 0.023609962 |
|    clip_fraction        | 0.282       |
|    clip_range           | 0.2         |
|    entropy_loss         | -7.68       |
|    explained_variance   | 0.522       |
|    learning_rate        | 0.0003      |
|    loss                 | 0.122       |
|    n_updates            | 1140        |
|    policy_gradient_loss | -0.0182     |
|    std                  | 0.538       |
|    value_loss           | 0.512       |
-----------------------------------------
-----------------------------------------
| energy/                 |             |
|    E_damp_J             | 0.0214      |
|    E_fric_J             | 0.00954     |
|    E_norm_J             | 0.00238     |
|    W_neg_J              | 0.0195      |
|    W_pos_J              | 0.0525      |
| reward/                 |             |
|    r_energy             | -0.0453     |
| rollout/                |             |
|    ep_len_mean          | 82          |
|    ep_rew_mean          | 6.37        |
| time/                   |             |
|    fps                  | 46          |
|    iterations           | 116         |
|    time_elapsed         | 10246       |
|    total_timesteps      | 475136      |
| train/                  |             |
|    approx_kl            | 0.022937067 |
|    clip_fraction        | 0.293       |
|    clip_range           | 0.2         |
|    entropy_loss         | -7.61       |
|    explained_variance   | 0.554       |
|    learning_rate        | 0.0003      |
|    loss                 | 0.101       |
|    n_updates            | 1150        |
|    policy_gradient_loss | -0.0191     |
|    std                  | 0.534       |
|    value_loss           | 0.49        |
-----------------------------------------
----------------------------------------
| energy/                 |            |
|    E_damp_J             | 0.0471     |
|    E_fric_J             | 0.0101     |
|    E_norm_J             | 0.0204     |
|    W_neg_J              | 0.0543     |
|    W_pos_J              | 0.0951     |
| reward/                 |            |
|    r_energy             | -0.11      |
| rollout/                |            |
|    ep_len_mean          | 82         |
|    ep_rew_mean          | 6.81       |
| time/                   |            |
|    fps                  | 46         |
|    iterations           | 117        |
|    time_elapsed         | 10337      |
|    total_timesteps      | 479232     |
| train/                  |            |
|    approx_kl            | 0.02257049 |
|    clip_fraction        | 0.298      |
|    clip_range           | 0.2        |
|    entropy_loss         | -7.55      |
|    explained_variance   | 0.543      |
|    learning_rate        | 0.0003     |
|    loss                 | 0.138      |
|    n_updates            | 1160       |
|    policy_gradient_loss | -0.0172    |
|    std                  | 0.532      |
|    value_loss           | 0.453      |
----------------------------------------
-----------------------------------------
| energy/                 |             |
|    E_damp_J             | 0.0236      |
|    E_fric_J             | 0.00941     |
|    E_norm_J             | 0.00234     |
|    W_neg_J              | 0.0233      |
|    W_pos_J              | 0.0482      |
| reward/                 |             |
|    r_energy             | -0.0473     |
| rollout/                |             |
|    ep_len_mean          | 82          |
|    ep_rew_mean          | 7.3         |
| time/                   |             |
|    fps                  | 46          |
|    iterations           | 118         |
|    time_elapsed         | 10428       |
|    total_timesteps      | 483328      |
| train/                  |             |
|    approx_kl            | 0.024757218 |
|    clip_fraction        | 0.28        |
|    clip_range           | 0.2         |
|    entropy_loss         | -7.48       |
|    explained_variance   | 0.55        |
|    learning_rate        | 0.0003      |
|    loss                 | 0.126       |
|    n_updates            | 1170        |
|    policy_gradient_loss | -0.0205     |
|    std                  | 0.528       |
|    value_loss           | 0.503       |
-----------------------------------------
-----------------------------------------
| energy/                 |             |
|    E_damp_J             | 0.0493      |
|    E_fric_J             | 0.00995     |
|    E_norm_J             | 0.0199      |
|    W_neg_J              | 0.0545      |
|    W_pos_J              | 0.0972      |
| reward/                 |             |
|    r_energy             | -0.111      |
| rollout/                |             |
|    ep_len_mean          | 82          |
|    ep_rew_mean          | 7.4         |
| time/                   |             |
|    fps                  | 46          |
|    iterations           | 119         |
|    time_elapsed         | 10517       |
|    total_timesteps      | 487424      |
| train/                  |             |
|    approx_kl            | 0.024599575 |
|    clip_fraction        | 0.28        |
|    clip_range           | 0.2         |
|    entropy_loss         | -7.42       |
|    explained_variance   | 0.577       |
|    learning_rate        | 0.0003      |
|    loss                 | 0.0894      |
|    n_updates            | 1180        |
|    policy_gradient_loss | -0.0171     |
|    std                  | 0.524       |
|    value_loss           | 0.439       |
-----------------------------------------
-----------------------------------------
| energy/                 |             |
|    E_damp_J             | 0.0246      |
|    E_fric_J             | 0.0102      |
|    E_norm_J             | 0.0027      |
|    W_neg_J              | 0.0187      |
|    W_pos_J              | 0.0557      |
| reward/                 |             |
|    r_energy             | -0.0481     |
| rollout/                |             |
|    ep_len_mean          | 82          |
|    ep_rew_mean          | 7.81        |
| time/                   |             |
|    fps                  | 46          |
|    iterations           | 120         |
|    time_elapsed         | 10605       |
|    total_timesteps      | 491520      |
| train/                  |             |
|    approx_kl            | 0.023955505 |
|    clip_fraction        | 0.289       |
|    clip_range           | 0.2         |
|    entropy_loss         | -7.35       |
|    explained_variance   | 0.535       |
|    learning_rate        | 0.0003      |
|    loss                 | 0.198       |
|    n_updates            | 1190        |
|    policy_gradient_loss | -0.0175     |
|    std                  | 0.521       |
|    value_loss           | 0.533       |
-----------------------------------------
-----------------------------------------
| energy/                 |             |
|    E_damp_J             | 0.0435      |
|    E_fric_J             | 0.00952     |
|    E_norm_J             | 0.0193      |
|    W_neg_J              | 0.047       |
|    W_pos_J              | 0.0837      |
| reward/                 |             |
|    r_energy             | -0.0991     |
| rollout/                |             |
|    ep_len_mean          | 82          |
|    ep_rew_mean          | 8.28        |
| time/                   |             |
|    fps                  | 46          |
|    iterations           | 121         |
|    time_elapsed         | 10692       |
|    total_timesteps      | 495616      |
| train/                  |             |
|    approx_kl            | 0.022767302 |
|    clip_fraction        | 0.3         |
|    clip_range           | 0.2         |
|    entropy_loss         | -7.27       |
|    explained_variance   | 0.512       |
|    learning_rate        | 0.0003      |
|    loss                 | 0.127       |
|    n_updates            | 1200        |
|    policy_gradient_loss | -0.0153     |
|    std                  | 0.516       |
|    value_loss           | 0.469       |
-----------------------------------------
-----------------------------------------
| energy/                 |             |
|    E_damp_J             | 0.0212      |
|    E_fric_J             | 0.00922     |
|    E_norm_J             | 0.00235     |
|    W_neg_J              | 0.0175      |
|    W_pos_J              | 0.0504      |
| reward/                 |             |
|    r_energy             | -0.0432     |
| rollout/                |             |
|    ep_len_mean          | 82          |
|    ep_rew_mean          | 8.11        |
| time/                   |             |
|    fps                  | 46          |
|    iterations           | 122         |
|    time_elapsed         | 10780       |
|    total_timesteps      | 499712      |
| train/                  |             |
|    approx_kl            | 0.022776125 |
|    clip_fraction        | 0.277       |
|    clip_range           | 0.2         |
|    entropy_loss         | -7.18       |
|    explained_variance   | 0.588       |
|    learning_rate        | 0.0003      |
|    loss                 | 0.126       |
|    n_updates            | 1210        |
|    policy_gradient_loss | -0.0178     |
|    std                  | 0.512       |
|    value_loss           | 0.441       |
-----------------------------------------
-----------------------------------------
| energy/                 |             |
|    E_damp_J             | 0.0234      |
|    E_fric_J             | 0.0101      |
|    E_norm_J             | 0.00258     |
|    W_neg_J              | 0.0217      |
|    W_pos_J              | 0.0485      |
| reward/                 |             |
|    r_energy             | -0.0469     |
| rollout/                |             |
|    ep_len_mean          | 82          |
|    ep_rew_mean          | 8.58        |
| time/                   |             |
|    fps                  | 46          |
|    iterations           | 123         |
|    time_elapsed         | 10867       |
|    total_timesteps      | 503808      |
| train/                  |             |
|    approx_kl            | 0.026275728 |
|    clip_fraction        | 0.295       |
|    clip_range           | 0.2         |
|    entropy_loss         | -7.09       |
|    explained_variance   | 0.575       |
|    learning_rate        | 0.0003      |
|    loss                 | 0.0865      |
|    n_updates            | 1220        |
|    policy_gradient_loss | -0.018      |
|    std                  | 0.507       |
|    value_loss           | 0.434       |
-----------------------------------------
-----------------------------------------
| energy/                 |             |
|    E_damp_J             | 0.0254      |
|    E_fric_J             | 0.0101      |
|    E_norm_J             | 0.00283     |
|    W_neg_J              | 0.0189      |
|    W_pos_J              | 0.0582      |
| reward/                 |             |
|    r_energy             | -0.0494     |
| rollout/                |             |
|    ep_len_mean          | 82          |
|    ep_rew_mean          | 9.15        |
| time/                   |             |
|    fps                  | 46          |
|    iterations           | 124         |
|    time_elapsed         | 10955       |
|    total_timesteps      | 507904      |
| train/                  |             |
|    approx_kl            | 0.025365636 |
|    clip_fraction        | 0.303       |
|    clip_range           | 0.2         |
|    entropy_loss         | -7.03       |
|    explained_variance   | 0.534       |
|    learning_rate        | 0.0003      |
|    loss                 | 0.174       |
|    n_updates            | 1230        |
|    policy_gradient_loss | -0.0194     |
|    std                  | 0.504       |
|    value_loss           | 0.47        |
-----------------------------------------
-----------------------------------------
| energy/                 |             |
|    E_damp_J             | 0.0255      |
|    E_fric_J             | 0.0107      |
|    E_norm_J             | 0.00283     |
|    W_neg_J              | 0.0231      |
|    W_pos_J              | 0.0532      |
| reward/                 |             |
|    r_energy             | -0.0508     |
| rollout/                |             |
|    ep_len_mean          | 82          |
|    ep_rew_mean          | 9.4         |
| time/                   |             |
|    fps                  | 46          |
|    iterations           | 125         |
|    time_elapsed         | 11042       |
|    total_timesteps      | 512000      |
| train/                  |             |
|    approx_kl            | 0.023778688 |
|    clip_fraction        | 0.284       |
|    clip_range           | 0.2         |
|    entropy_loss         | -6.96       |
|    explained_variance   | 0.591       |
|    learning_rate        | 0.0003      |
|    loss                 | 0.0935      |
|    n_updates            | 1240        |
|    policy_gradient_loss | -0.0187     |
|    std                  | 0.5         |
|    value_loss           | 0.407       |
-----------------------------------------
-----------------------------------------
| energy/                 |             |
|    E_damp_J             | 0.0241      |
|    E_fric_J             | 0.00992     |
|    E_norm_J             | 0.00238     |
|    W_neg_J              | 0.0246      |
|    W_pos_J              | 0.0521      |
| reward/                 |             |
|    r_energy             | -0.0498     |
| rollout/                |             |
|    ep_len_mean          | 82          |
|    ep_rew_mean          | 9.36        |
| time/                   |             |
|    fps                  | 46          |
|    iterations           | 126         |
|    time_elapsed         | 11130       |
|    total_timesteps      | 516096      |
| train/                  |             |
|    approx_kl            | 0.025264978 |
|    clip_fraction        | 0.307       |
|    clip_range           | 0.2         |
|    entropy_loss         | -6.89       |
|    explained_variance   | 0.574       |
|    learning_rate        | 0.0003      |
|    loss                 | 0.0889      |
|    n_updates            | 1250        |
|    policy_gradient_loss | -0.0188     |
|    std                  | 0.496       |
|    value_loss           | 0.411       |
-----------------------------------------
----------------------------------------
| energy/                 |            |
|    E_damp_J             | 0.0231     |
|    E_fric_J             | 0.00994    |
|    E_norm_J             | 0.00254    |
|    W_neg_J              | 0.0225     |
|    W_pos_J              | 0.0514     |
| reward/                 |            |
|    r_energy             | -0.0479    |
| rollout/                |            |
|    ep_len_mean          | 82         |
|    ep_rew_mean          | 9.4        |
| time/                   |            |
|    fps                  | 46         |
|    iterations           | 127        |
|    time_elapsed         | 11219      |
|    total_timesteps      | 520192     |
| train/                  |            |
|    approx_kl            | 0.02279535 |
|    clip_fraction        | 0.287      |
|    clip_range           | 0.2        |
|    entropy_loss         | -6.81      |
|    explained_variance   | 0.615      |
|    learning_rate        | 0.0003     |
|    loss                 | 0.118      |
|    n_updates            | 1260       |
|    policy_gradient_loss | -0.0162    |
|    std                  | 0.493      |
|    value_loss           | 0.447      |
----------------------------------------
----------------------------------------
| energy/                 |            |
|    E_damp_J             | 0.023      |
|    E_fric_J             | 0.00988    |
|    E_norm_J             | 0.0025     |
|    W_neg_J              | 0.0176     |
|    W_pos_J              | 0.0543     |
| reward/                 |            |
|    r_energy             | -0.0458    |
| rollout/                |            |
|    ep_len_mean          | 82         |
|    ep_rew_mean          | 9.97       |
| time/                   |            |
|    fps                  | 46         |
|    iterations           | 128        |
|    time_elapsed         | 11309      |
|    total_timesteps      | 524288     |
| train/                  |            |
|    approx_kl            | 0.02524182 |
|    clip_fraction        | 0.282      |
|    clip_range           | 0.2        |
|    entropy_loss         | -6.73      |
|    explained_variance   | 0.575      |
|    learning_rate        | 0.0003     |
|    loss                 | 0.113      |
|    n_updates            | 1270       |
|    policy_gradient_loss | -0.0145    |
|    std                  | 0.488      |
|    value_loss           | 0.419      |
----------------------------------------
-----------------------------------------
| energy/                 |             |
|    E_damp_J             | 0.0229      |
|    E_fric_J             | 0.01        |
|    E_norm_J             | 0.0026      |
|    W_neg_J              | 0.0192      |
|    W_pos_J              | 0.0528      |
| reward/                 |             |
|    r_energy             | -0.0464     |
| rollout/                |             |
|    ep_len_mean          | 82          |
|    ep_rew_mean          | 10.1        |
| time/                   |             |
|    fps                  | 46          |
|    iterations           | 129         |
|    time_elapsed         | 11399       |
|    total_timesteps      | 528384      |
| train/                  |             |
|    approx_kl            | 0.024875194 |
|    clip_fraction        | 0.31        |
|    clip_range           | 0.2         |
|    entropy_loss         | -6.69       |
|    explained_variance   | 0.553       |
|    learning_rate        | 0.0003      |
|    loss                 | 0.336       |
|    n_updates            | 1280        |
|    policy_gradient_loss | -0.0191     |
|    std                  | 0.487       |
|    value_loss           | 0.498       |
-----------------------------------------
-----------------------------------------
| energy/                 |             |
|    E_damp_J             | 0.0252      |
|    E_fric_J             | 0.0106      |
|    E_norm_J             | 0.00263     |
|    W_neg_J              | 0.019       |
|    W_pos_J              | 0.0598      |
| reward/                 |             |
|    r_energy             | -0.0499     |
| rollout/                |             |
|    ep_len_mean          | 82          |
|    ep_rew_mean          | 10.6        |
| time/                   |             |
|    fps                  | 46          |
|    iterations           | 130         |
|    time_elapsed         | 11487       |
|    total_timesteps      | 532480      |
| train/                  |             |
|    approx_kl            | 0.022803158 |
|    clip_fraction        | 0.303       |
|    clip_range           | 0.2         |
|    entropy_loss         | -6.63       |
|    explained_variance   | 0.595       |
|    learning_rate        | 0.0003      |
|    loss                 | 0.0621      |
|    n_updates            | 1290        |
|    policy_gradient_loss | -0.0158     |
|    std                  | 0.483       |
|    value_loss           | 0.398       |
-----------------------------------------
----------------------------------------
| energy/                 |            |
|    E_damp_J             | 0.0257     |
|    E_fric_J             | 0.00979    |
|    E_norm_J             | 0.00231    |
|    W_neg_J              | 0.0198     |
|    W_pos_J              | 0.0556     |
| reward/                 |            |
|    r_energy             | -0.0486    |
| rollout/                |            |
|    ep_len_mean          | 82         |
|    ep_rew_mean          | 10.9       |
| time/                   |            |
|    fps                  | 46         |
|    iterations           | 131        |
|    time_elapsed         | 11575      |
|    total_timesteps      | 536576     |
| train/                  |            |
|    approx_kl            | 0.02835526 |
|    clip_fraction        | 0.317      |
|    clip_range           | 0.2        |
|    entropy_loss         | -6.57      |
|    explained_variance   | 0.596      |
|    learning_rate        | 0.0003     |
|    loss                 | 0.0874     |
|    n_updates            | 1300       |
|    policy_gradient_loss | -0.0167    |
|    std                  | 0.48       |
|    value_loss           | 0.451      |
----------------------------------------
-----------------------------------------
| energy/                 |             |
|    E_damp_J             | 0.0266      |
|    E_fric_J             | 0.0106      |
|    E_norm_J             | 0.00275     |
|    W_neg_J              | 0.0228      |
|    W_pos_J              | 0.0544      |
| reward/                 |             |
|    r_energy             | -0.0513     |
| rollout/                |             |
|    ep_len_mean          | 82          |
|    ep_rew_mean          | 11.1        |
| time/                   |             |
|    fps                  | 46          |
|    iterations           | 132         |
|    time_elapsed         | 11664       |
|    total_timesteps      | 540672      |
| train/                  |             |
|    approx_kl            | 0.025953338 |
|    clip_fraction        | 0.303       |
|    clip_range           | 0.2         |
|    entropy_loss         | -6.49       |
|    explained_variance   | 0.651       |
|    learning_rate        | 0.0003      |
|    loss                 | 0.104       |
|    n_updates            | 1310        |
|    policy_gradient_loss | -0.0208     |
|    std                  | 0.476       |
|    value_loss           | 0.373       |
-----------------------------------------
-----------------------------------------
| energy/                 |             |
|    E_damp_J             | 0.0273      |
|    E_fric_J             | 0.0106      |
|    E_norm_J             | 0.00264     |
|    W_neg_J              | 0.0173      |
|    W_pos_J              | 0.0621      |
| reward/                 |             |
|    r_energy             | -0.0506     |
| rollout/                |             |
|    ep_len_mean          | 82          |
|    ep_rew_mean          | 11.6        |
| time/                   |             |
|    fps                  | 46          |
|    iterations           | 133         |
|    time_elapsed         | 11755       |
|    total_timesteps      | 544768      |
| train/                  |             |
|    approx_kl            | 0.026271844 |
|    clip_fraction        | 0.296       |
|    clip_range           | 0.2         |
|    entropy_loss         | -6.44       |
|    explained_variance   | 0.574       |
|    learning_rate        | 0.0003      |
|    loss                 | 0.144       |
|    n_updates            | 1320        |
|    policy_gradient_loss | -0.0145     |
|    std                  | 0.475       |
|    value_loss           | 0.484       |
-----------------------------------------
-----------------------------------------
| energy/                 |             |
|    E_damp_J             | 0.0281      |
|    E_fric_J             | 0.0107      |
|    E_norm_J             | 0.00251     |
|    W_neg_J              | 0.0215      |
|    W_pos_J              | 0.0618      |
| reward/                 |             |
|    r_energy             | -0.0534     |
| rollout/                |             |
|    ep_len_mean          | 82          |
|    ep_rew_mean          | 11.7        |
| time/                   |             |
|    fps                  | 46          |
|    iterations           | 134         |
|    time_elapsed         | 11844       |
|    total_timesteps      | 548864      |
| train/                  |             |
|    approx_kl            | 0.024335276 |
|    clip_fraction        | 0.291       |
|    clip_range           | 0.2         |
|    entropy_loss         | -6.36       |
|    explained_variance   | 0.65        |
|    learning_rate        | 0.0003      |
|    loss                 | 0.0427      |
|    n_updates            | 1330        |
|    policy_gradient_loss | -0.0165     |
|    std                  | 0.47        |
|    value_loss           | 0.318       |
-----------------------------------------
-----------------------------------------
| energy/                 |             |
|    E_damp_J             | 0.0263      |
|    E_fric_J             | 0.0105      |
|    E_norm_J             | 0.00279     |
|    W_neg_J              | 0.0207      |
|    W_pos_J              | 0.0603      |
| reward/                 |             |
|    r_energy             | -0.0517     |
| rollout/                |             |
|    ep_len_mean          | 82          |
|    ep_rew_mean          | 11.2        |
| time/                   |             |
|    fps                  | 46          |
|    iterations           | 135         |
|    time_elapsed         | 11933       |
|    total_timesteps      | 552960      |
| train/                  |             |
|    approx_kl            | 0.026206106 |
|    clip_fraction        | 0.319       |
|    clip_range           | 0.2         |
|    entropy_loss         | -6.31       |
|    explained_variance   | 0.611       |
|    learning_rate        | 0.0003      |
|    loss                 | 0.0898      |
|    n_updates            | 1340        |
|    policy_gradient_loss | -0.0141     |
|    std                  | 0.469       |
|    value_loss           | 0.447       |
-----------------------------------------
-----------------------------------------
| energy/                 |             |
|    E_damp_J             | 0.0287      |
|    E_fric_J             | 0.0109      |
|    E_norm_J             | 0.00332     |
|    W_neg_J              | 0.0288      |
|    W_pos_J              | 0.0575      |
| reward/                 |             |
|    r_energy             | -0.0576     |
| rollout/                |             |
|    ep_len_mean          | 82          |
|    ep_rew_mean          | 11.4        |
| time/                   |             |
|    fps                  | 46          |
|    iterations           | 136         |
|    time_elapsed         | 12022       |
|    total_timesteps      | 557056      |
| train/                  |             |
|    approx_kl            | 0.025443569 |
|    clip_fraction        | 0.304       |
|    clip_range           | 0.2         |
|    entropy_loss         | -6.28       |
|    explained_variance   | 0.565       |
|    learning_rate        | 0.0003      |
|    loss                 | 0.171       |
|    n_updates            | 1350        |
|    policy_gradient_loss | -0.0125     |
|    std                  | 0.467       |
|    value_loss           | 0.495       |
-----------------------------------------
-----------------------------------------
| energy/                 |             |
|    E_damp_J             | 0.0261      |
|    E_fric_J             | 0.0105      |
|    E_norm_J             | 0.0026      |
|    W_neg_J              | 0.0213      |
|    W_pos_J              | 0.0588      |
| reward/                 |             |
|    r_energy             | -0.0514     |
| rollout/                |             |
|    ep_len_mean          | 82          |
|    ep_rew_mean          | 12.5        |
| time/                   |             |
|    fps                  | 46          |
|    iterations           | 137         |
|    time_elapsed         | 12112       |
|    total_timesteps      | 561152      |
| train/                  |             |
|    approx_kl            | 0.024437306 |
|    clip_fraction        | 0.31        |
|    clip_range           | 0.2         |
|    entropy_loss         | -6.23       |
|    explained_variance   | 0.578       |
|    learning_rate        | 0.0003      |
|    loss                 | 0.179       |
|    n_updates            | 1360        |
|    policy_gradient_loss | -0.0158     |
|    std                  | 0.465       |
|    value_loss           | 0.464       |
-----------------------------------------
-----------------------------------------
| energy/                 |             |
|    E_damp_J             | 0.0352      |
|    E_fric_J             | 0.0116      |
|    E_norm_J             | 0.0203      |
|    W_neg_J              | 0.0324      |
|    W_pos_J              | 0.0856      |
| reward/                 |             |
|    r_energy             | -0.0888     |
| rollout/                |             |
|    ep_len_mean          | 82          |
|    ep_rew_mean          | 13.1        |
| time/                   |             |
|    fps                  | 46          |
|    iterations           | 138         |
|    time_elapsed         | 12203       |
|    total_timesteps      | 565248      |
| train/                  |             |
|    approx_kl            | 0.023879673 |
|    clip_fraction        | 0.315       |
|    clip_range           | 0.2         |
|    entropy_loss         | -6.2        |
|    explained_variance   | 0.593       |
|    learning_rate        | 0.0003      |
|    loss                 | 0.087       |
|    n_updates            | 1370        |
|    policy_gradient_loss | -0.0143     |
|    std                  | 0.464       |
|    value_loss           | 0.412       |
-----------------------------------------
-----------------------------------------
| energy/                 |             |
|    E_damp_J             | 0.0277      |
|    E_fric_J             | 0.011       |
|    E_norm_J             | 0.00254     |
|    W_neg_J              | 0.021       |
|    W_pos_J              | 0.0646      |
| reward/                 |             |
|    r_energy             | -0.0539     |
| rollout/                |             |
|    ep_len_mean          | 82          |
|    ep_rew_mean          | 13.3        |
| time/                   |             |
|    fps                  | 46          |
|    iterations           | 139         |
|    time_elapsed         | 12293       |
|    total_timesteps      | 569344      |
| train/                  |             |
|    approx_kl            | 0.028932754 |
|    clip_fraction        | 0.307       |
|    clip_range           | 0.2         |
|    entropy_loss         | -6.18       |
|    explained_variance   | 0.607       |
|    learning_rate        | 0.0003      |
|    loss                 | 0.0893      |
|    n_updates            | 1380        |
|    policy_gradient_loss | -0.0129     |
|    std                  | 0.463       |
|    value_loss           | 0.424       |
-----------------------------------------
-----------------------------------------
| energy/                 |             |
|    E_damp_J             | 0.0555      |
|    E_fric_J             | 0.0116      |
|    E_norm_J             | 0.02        |
|    W_neg_J              | 0.0558      |
|    W_pos_J              | 0.114       |
| reward/                 |             |
|    r_energy             | -0.121      |
| rollout/                |             |
|    ep_len_mean          | 82          |
|    ep_rew_mean          | 13.5        |
| time/                   |             |
|    fps                  | 46          |
|    iterations           | 140         |
|    time_elapsed         | 12381       |
|    total_timesteps      | 573440      |
| train/                  |             |
|    approx_kl            | 0.025525514 |
|    clip_fraction        | 0.312       |
|    clip_range           | 0.2         |
|    entropy_loss         | -6.14       |
|    explained_variance   | 0.633       |
|    learning_rate        | 0.0003      |
|    loss                 | 0.0978      |
|    n_updates            | 1390        |
|    policy_gradient_loss | -0.0141     |
|    std                  | 0.461       |
|    value_loss           | 0.364       |
-----------------------------------------
-----------------------------------------
| energy/                 |             |
|    E_damp_J             | 0.0291      |
|    E_fric_J             | 0.0115      |
|    E_norm_J             | 0.00267     |
|    W_neg_J              | 0.0178      |
|    W_pos_J              | 0.0643      |
| reward/                 |             |
|    r_energy             | -0.0529     |
| rollout/                |             |
|    ep_len_mean          | 82          |
|    ep_rew_mean          | 13.8        |
| time/                   |             |
|    fps                  | 46          |
|    iterations           | 141         |
|    time_elapsed         | 12469       |
|    total_timesteps      | 577536      |
| train/                  |             |
|    approx_kl            | 0.029212724 |
|    clip_fraction        | 0.303       |
|    clip_range           | 0.2         |
|    entropy_loss         | -6.11       |
|    explained_variance   | 0.665       |
|    learning_rate        | 0.0003      |
|    loss                 | 0.102       |
|    n_updates            | 1400        |
|    policy_gradient_loss | -0.0135     |
|    std                  | 0.46        |
|    value_loss           | 0.346       |
-----------------------------------------
-----------------------------------------
| energy/                 |             |
|    E_damp_J             | 0.0532      |
|    E_fric_J             | 0.0117      |
|    E_norm_J             | 0.0201      |
|    W_neg_J              | 0.0538      |
|    W_pos_J              | 0.11        |
| reward/                 |             |
|    r_energy             | -0.118      |
| rollout/                |             |
|    ep_len_mean          | 82          |
|    ep_rew_mean          | 13.9        |
| time/                   |             |
|    fps                  | 46          |
|    iterations           | 142         |
|    time_elapsed         | 12556       |
|    total_timesteps      | 581632      |
| train/                  |             |
|    approx_kl            | 0.025885342 |
|    clip_fraction        | 0.296       |
|    clip_range           | 0.2         |
|    entropy_loss         | -6.09       |
|    explained_variance   | 0.513       |
|    learning_rate        | 0.0003      |
|    loss                 | 0.217       |
|    n_updates            | 1410        |
|    policy_gradient_loss | -0.00922    |
|    std                  | 0.458       |
|    value_loss           | 0.552       |
-----------------------------------------
-----------------------------------------
| energy/                 |             |
|    E_damp_J             | 0.0294      |
|    E_fric_J             | 0.0112      |
|    E_norm_J             | 0.00258     |
|    W_neg_J              | 0.0179      |
|    W_pos_J              | 0.0639      |
| reward/                 |             |
|    r_energy             | -0.0529     |
| rollout/                |             |
|    ep_len_mean          | 82          |
|    ep_rew_mean          | 14.2        |
| time/                   |             |
|    fps                  | 46          |
|    iterations           | 143         |
|    time_elapsed         | 12643       |
|    total_timesteps      | 585728      |
| train/                  |             |
|    approx_kl            | 0.026032198 |
|    clip_fraction        | 0.33        |
|    clip_range           | 0.2         |
|    entropy_loss         | -6.03       |
|    explained_variance   | 0.588       |
|    learning_rate        | 0.0003      |
|    loss                 | 0.168       |
|    n_updates            | 1420        |
|    policy_gradient_loss | -0.0169     |
|    std                  | 0.455       |
|    value_loss           | 0.5         |
-----------------------------------------
----------------------------------------
| energy/                 |            |
|    E_damp_J             | 0.052      |
|    E_fric_J             | 0.0113     |
|    E_norm_J             | 0.02       |
|    W_neg_J              | 0.0549     |
|    W_pos_J              | 0.0996     |
| reward/                 |            |
|    r_energy             | -0.115     |
| rollout/                |            |
|    ep_len_mean          | 82         |
|    ep_rew_mean          | 14.6       |
| time/                   |            |
|    fps                  | 46         |
|    iterations           | 144        |
|    time_elapsed         | 12731      |
|    total_timesteps      | 589824     |
| train/                  |            |
|    approx_kl            | 0.02646647 |
|    clip_fraction        | 0.316      |
|    clip_range           | 0.2        |
|    entropy_loss         | -5.97      |
|    explained_variance   | 0.605      |
|    learning_rate        | 0.0003     |
|    loss                 | 0.114      |
|    n_updates            | 1430       |
|    policy_gradient_loss | -0.0152    |
|    std                  | 0.453      |
|    value_loss           | 0.424      |
----------------------------------------
-----------------------------------------
| energy/                 |             |
|    E_damp_J             | 0.029       |
|    E_fric_J             | 0.0111      |
|    E_norm_J             | 0.00258     |
|    W_neg_J              | 0.0196      |
|    W_pos_J              | 0.0638      |
| reward/                 |             |
|    r_energy             | -0.0535     |
| rollout/                |             |
|    ep_len_mean          | 82          |
|    ep_rew_mean          | 14.6        |
| time/                   |             |
|    fps                  | 46          |
|    iterations           | 145         |
|    time_elapsed         | 12820       |
|    total_timesteps      | 593920      |
| train/                  |             |
|    approx_kl            | 0.024837023 |
|    clip_fraction        | 0.311       |
|    clip_range           | 0.2         |
|    entropy_loss         | -5.92       |
|    explained_variance   | 0.6         |
|    learning_rate        | 0.0003      |
|    loss                 | 0.19        |
|    n_updates            | 1440        |
|    policy_gradient_loss | -0.0132     |
|    std                  | 0.451       |
|    value_loss           | 0.463       |
-----------------------------------------
-----------------------------------------
| energy/                 |             |
|    E_damp_J             | 0.0572      |
|    E_fric_J             | 0.0116      |
|    E_norm_J             | 0.0207      |
|    W_neg_J              | 0.0586      |
|    W_pos_J              | 0.117       |
| reward/                 |             |
|    r_energy             | -0.125      |
| rollout/                |             |
|    ep_len_mean          | 82          |
|    ep_rew_mean          | 15          |
| time/                   |             |
|    fps                  | 46          |
|    iterations           | 146         |
|    time_elapsed         | 12907       |
|    total_timesteps      | 598016      |
| train/                  |             |
|    approx_kl            | 0.023211803 |
|    clip_fraction        | 0.328       |
|    clip_range           | 0.2         |
|    entropy_loss         | -5.88       |
|    explained_variance   | 0.591       |
|    learning_rate        | 0.0003      |
|    loss                 | 0.0545      |
|    n_updates            | 1450        |
|    policy_gradient_loss | -0.0146     |
|    std                  | 0.449       |
|    value_loss           | 0.53        |
-----------------------------------------
-----------------------------------------
| energy/                 |             |
|    E_damp_J             | 0.0292      |
|    E_fric_J             | 0.011       |
|    E_norm_J             | 0.00255     |
|    W_neg_J              | 0.0205      |
|    W_pos_J              | 0.0602      |
| reward/                 |             |
|    r_energy             | -0.0531     |
| rollout/                |             |
|    ep_len_mean          | 82          |
|    ep_rew_mean          | 15.2        |
| time/                   |             |
|    fps                  | 46          |
|    iterations           | 147         |
|    time_elapsed         | 12994       |
|    total_timesteps      | 602112      |
| train/                  |             |
|    approx_kl            | 0.024398763 |
|    clip_fraction        | 0.303       |
|    clip_range           | 0.2         |
|    entropy_loss         | -5.82       |
|    explained_variance   | 0.623       |
|    learning_rate        | 0.0003      |
|    loss                 | 0.153       |
|    n_updates            | 1460        |
|    policy_gradient_loss | -0.0131     |
|    std                  | 0.446       |
|    value_loss           | 0.44        |
-----------------------------------------
-----------------------------------------
| energy/                 |             |
|    E_damp_J             | 0.0512      |
|    E_fric_J             | 0.0114      |
|    E_norm_J             | 0.0193      |
|    W_neg_J              | 0.05        |
|    W_pos_J              | 0.104       |
| reward/                 |             |
|    r_energy             | -0.112      |
| rollout/                |             |
|    ep_len_mean          | 82          |
|    ep_rew_mean          | 15.7        |
| time/                   |             |
|    fps                  | 46          |
|    iterations           | 148         |
|    time_elapsed         | 13081       |
|    total_timesteps      | 606208      |
| train/                  |             |
|    approx_kl            | 0.027626969 |
|    clip_fraction        | 0.33        |
|    clip_range           | 0.2         |
|    entropy_loss         | -5.75       |
|    explained_variance   | 0.605       |
|    learning_rate        | 0.0003      |
|    loss                 | 0.141       |
|    n_updates            | 1470        |
|    policy_gradient_loss | -0.0113     |
|    std                  | 0.443       |
|    value_loss           | 0.438       |
-----------------------------------------
-----------------------------------------
| energy/                 |             |
|    E_damp_J             | 0.0287      |
|    E_fric_J             | 0.0109      |
|    E_norm_J             | 0.00257     |
|    W_neg_J              | 0.0212      |
|    W_pos_J              | 0.0597      |
| reward/                 |             |
|    r_energy             | -0.053      |
| rollout/                |             |
|    ep_len_mean          | 82          |
|    ep_rew_mean          | 16          |
| time/                   |             |
|    fps                  | 46          |
|    iterations           | 149         |
|    time_elapsed         | 13168       |
|    total_timesteps      | 610304      |
| train/                  |             |
|    approx_kl            | 0.029625624 |
|    clip_fraction        | 0.323       |
|    clip_range           | 0.2         |
|    entropy_loss         | -5.71       |
|    explained_variance   | 0.68        |
|    learning_rate        | 0.0003      |
|    loss                 | 0.102       |
|    n_updates            | 1480        |
|    policy_gradient_loss | -0.0123     |
|    std                  | 0.442       |
|    value_loss           | 0.342       |
-----------------------------------------
----------------------------------------
| energy/                 |            |
|    E_damp_J             | 0.0503     |
|    E_fric_J             | 0.012      |
|    E_norm_J             | 0.0198     |
|    W_neg_J              | 0.0501     |
|    W_pos_J              | 0.105      |
| reward/                 |            |
|    r_energy             | -0.113     |
| rollout/                |            |
|    ep_len_mean          | 82         |
|    ep_rew_mean          | 15.9       |
| time/                   |            |
|    fps                  | 46         |
|    iterations           | 150        |
|    time_elapsed         | 13256      |
|    total_timesteps      | 614400     |
| train/                  |            |
|    approx_kl            | 0.02700499 |
|    clip_fraction        | 0.335      |
|    clip_range           | 0.2        |
|    entropy_loss         | -5.66      |
|    explained_variance   | 0.604      |
|    learning_rate        | 0.0003     |
|    loss                 | 0.136      |
|    n_updates            | 1490       |
|    policy_gradient_loss | -0.0153    |
|    std                  | 0.439      |
|    value_loss           | 0.465      |
----------------------------------------
-----------------------------------------
| energy/                 |             |
|    E_damp_J             | 0.0285      |
|    E_fric_J             | 0.0107      |
|    E_norm_J             | 0.00249     |
|    W_neg_J              | 0.0184      |
|    W_pos_J              | 0.0619      |
| reward/                 |             |
|    r_energy             | -0.0517     |
| rollout/                |             |
|    ep_len_mean          | 82          |
|    ep_rew_mean          | 16.7        |
| time/                   |             |
|    fps                  | 46          |
|    iterations           | 151         |
|    time_elapsed         | 13343       |
|    total_timesteps      | 618496      |
| train/                  |             |
|    approx_kl            | 0.027386852 |
|    clip_fraction        | 0.318       |
|    clip_range           | 0.2         |
|    entropy_loss         | -5.58       |
|    explained_variance   | 0.668       |
|    learning_rate        | 0.0003      |
|    loss                 | 0.0914      |
|    n_updates            | 1500        |
|    policy_gradient_loss | -0.0144     |
|    std                  | 0.436       |
|    value_loss           | 0.403       |
-----------------------------------------
-----------------------------------------
| energy/                 |             |
|    E_damp_J             | 0.0566      |
|    E_fric_J             | 0.0121      |
|    E_norm_J             | 0.0206      |
|    W_neg_J              | 0.0654      |
|    W_pos_J              | 0.116       |
| reward/                 |             |
|    r_energy             | -0.129      |
| rollout/                |             |
|    ep_len_mean          | 82          |
|    ep_rew_mean          | 16.9        |
| time/                   |             |
|    fps                  | 46          |
|    iterations           | 152         |
|    time_elapsed         | 13430       |
|    total_timesteps      | 622592      |
| train/                  |             |
|    approx_kl            | 0.027908884 |
|    clip_fraction        | 0.325       |
|    clip_range           | 0.2         |
|    entropy_loss         | -5.52       |
|    explained_variance   | 0.63        |
|    learning_rate        | 0.0003      |
|    loss                 | 0.188       |
|    n_updates            | 1510        |
|    policy_gradient_loss | -0.01       |
|    std                  | 0.434       |
|    value_loss           | 0.396       |
-----------------------------------------
-----------------------------------------
| energy/                 |             |
|    E_damp_J             | 0.0288      |
|    E_fric_J             | 0.0111      |
|    E_norm_J             | 0.00249     |
|    W_neg_J              | 0.0176      |
|    W_pos_J              | 0.0649      |
| reward/                 |             |
|    r_energy             | -0.0525     |
| rollout/                |             |
|    ep_len_mean          | 82          |
|    ep_rew_mean          | 16.9        |
| time/                   |             |
|    fps                  | 46          |
|    iterations           | 153         |
|    time_elapsed         | 13517       |
|    total_timesteps      | 626688      |
| train/                  |             |
|    approx_kl            | 0.029279955 |
|    clip_fraction        | 0.315       |
|    clip_range           | 0.2         |
|    entropy_loss         | -5.47       |
|    explained_variance   | 0.703       |
|    learning_rate        | 0.0003      |
|    loss                 | 0.101       |
|    n_updates            | 1520        |
|    policy_gradient_loss | -0.0175     |
|    std                  | 0.431       |
|    value_loss           | 0.362       |
-----------------------------------------
-----------------------------------------
| energy/                 |             |
|    E_damp_J             | 0.0545      |
|    E_fric_J             | 0.0116      |
|    E_norm_J             | 0.0203      |
|    W_neg_J              | 0.0577      |
|    W_pos_J              | 0.111       |
| reward/                 |             |
|    r_energy             | -0.121      |
| rollout/                |             |
|    ep_len_mean          | 82          |
|    ep_rew_mean          | 17.5        |
| time/                   |             |
|    fps                  | 46          |
|    iterations           | 154         |
|    time_elapsed         | 13605       |
|    total_timesteps      | 630784      |
| train/                  |             |
|    approx_kl            | 0.027588222 |
|    clip_fraction        | 0.333       |
|    clip_range           | 0.2         |
|    entropy_loss         | -5.43       |
|    explained_variance   | 0.593       |
|    learning_rate        | 0.0003      |
|    loss                 | 0.148       |
|    n_updates            | 1530        |
|    policy_gradient_loss | -0.0115     |
|    std                  | 0.43        |
|    value_loss           | 0.49        |
-----------------------------------------
-----------------------------------------
| energy/                 |             |
|    E_damp_J             | 0.0274      |
|    E_fric_J             | 0.0116      |
|    E_norm_J             | 0.00257     |
|    W_neg_J              | 0.0203      |
|    W_pos_J              | 0.0614      |
| reward/                 |             |
|    r_energy             | -0.0527     |
| rollout/                |             |
|    ep_len_mean          | 82          |
|    ep_rew_mean          | 17.7        |
| time/                   |             |
|    fps                  | 46          |
|    iterations           | 155         |
|    time_elapsed         | 13692       |
|    total_timesteps      | 634880      |
| train/                  |             |
|    approx_kl            | 0.034345523 |
|    clip_fraction        | 0.342       |
|    clip_range           | 0.2         |
|    entropy_loss         | -5.41       |
|    explained_variance   | 0.634       |
|    learning_rate        | 0.0003      |
|    loss                 | 0.169       |
|    n_updates            | 1540        |
|    policy_gradient_loss | -0.0109     |
|    std                  | 0.429       |
|    value_loss           | 0.463       |
-----------------------------------------
-----------------------------------------
| energy/                 |             |
|    E_damp_J             | 0.0557      |
|    E_fric_J             | 0.0122      |
|    E_norm_J             | 0.02        |
|    W_neg_J              | 0.0567      |
|    W_pos_J              | 0.114       |
| reward/                 |             |
|    r_energy             | -0.122      |
| rollout/                |             |
|    ep_len_mean          | 82          |
|    ep_rew_mean          | 18.2        |
| time/                   |             |
|    fps                  | 46          |
|    iterations           | 156         |
|    time_elapsed         | 13780       |
|    total_timesteps      | 638976      |
| train/                  |             |
|    approx_kl            | 0.028196037 |
|    clip_fraction        | 0.344       |
|    clip_range           | 0.2         |
|    entropy_loss         | -5.38       |
|    explained_variance   | 0.629       |
|    learning_rate        | 0.0003      |
|    loss                 | 0.126       |
|    n_updates            | 1550        |
|    policy_gradient_loss | -0.0127     |
|    std                  | 0.428       |
|    value_loss           | 0.427       |
-----------------------------------------
-----------------------------------------
| energy/                 |             |
|    E_damp_J             | 0.0302      |
|    E_fric_J             | 0.0115      |
|    E_norm_J             | 0.00262     |
|    W_neg_J              | 0.017       |
|    W_pos_J              | 0.0692      |
| reward/                 |             |
|    r_energy             | -0.0544     |
| rollout/                |             |
|    ep_len_mean          | 82          |
|    ep_rew_mean          | 18.9        |
| time/                   |             |
|    fps                  | 46          |
|    iterations           | 157         |
|    time_elapsed         | 13869       |
|    total_timesteps      | 643072      |
| train/                  |             |
|    approx_kl            | 0.029046692 |
|    clip_fraction        | 0.329       |
|    clip_range           | 0.2         |
|    entropy_loss         | -5.34       |
|    explained_variance   | 0.662       |
|    learning_rate        | 0.0003      |
|    loss                 | 0.279       |
|    n_updates            | 1560        |
|    policy_gradient_loss | -0.0129     |
|    std                  | 0.425       |
|    value_loss           | 0.437       |
-----------------------------------------
-----------------------------------------
| energy/                 |             |
|    E_damp_J             | 0.0593      |
|    E_fric_J             | 0.0124      |
|    E_norm_J             | 0.0207      |
|    W_neg_J              | 0.0588      |
|    W_pos_J              | 0.122       |
| reward/                 |             |
|    r_energy             | -0.128      |
| rollout/                |             |
|    ep_len_mean          | 82          |
|    ep_rew_mean          | 19.5        |
| time/                   |             |
|    fps                  | 46          |
|    iterations           | 158         |
|    time_elapsed         | 13956       |
|    total_timesteps      | 647168      |
| train/                  |             |
|    approx_kl            | 0.036973447 |
|    clip_fraction        | 0.335       |
|    clip_range           | 0.2         |
|    entropy_loss         | -5.29       |
|    explained_variance   | 0.703       |
|    learning_rate        | 0.0003      |
|    loss                 | 0.0928      |
|    n_updates            | 1570        |
|    policy_gradient_loss | -0.0149     |
|    std                  | 0.424       |
|    value_loss           | 0.341       |
-----------------------------------------
----------------------------------------
| energy/                 |            |
|    E_damp_J             | 0.0311     |
|    E_fric_J             | 0.0118     |
|    E_norm_J             | 0.00273    |
|    W_neg_J              | 0.0188     |
|    W_pos_J              | 0.0647     |
| reward/                 |            |
|    r_energy             | -0.0549    |
| rollout/                |            |
|    ep_len_mean          | 82         |
|    ep_rew_mean          | 19.8       |
| time/                   |            |
|    fps                  | 46         |
|    iterations           | 159        |
|    time_elapsed         | 14043      |
|    total_timesteps      | 651264     |
| train/                  |            |
|    approx_kl            | 0.02429262 |
|    clip_fraction        | 0.324      |
|    clip_range           | 0.2        |
|    entropy_loss         | -5.29      |
|    explained_variance   | 0.684      |
|    learning_rate        | 0.0003     |
|    loss                 | 0.0995     |
|    n_updates            | 1580       |
|    policy_gradient_loss | -0.0124    |
|    std                  | 0.424      |
|    value_loss           | 0.357      |
----------------------------------------
----------------------------------------
| energy/                 |            |
|    E_damp_J             | 0.0508     |
|    E_fric_J             | 0.0118     |
|    E_norm_J             | 0.0197     |
|    W_neg_J              | 0.054      |
|    W_pos_J              | 0.101      |
| reward/                 |            |
|    r_energy             | -0.114     |
| rollout/                |            |
|    ep_len_mean          | 82         |
|    ep_rew_mean          | 19.5       |
| time/                   |            |
|    fps                  | 46         |
|    iterations           | 160        |
|    time_elapsed         | 14131      |
|    total_timesteps      | 655360     |
| train/                  |            |
|    approx_kl            | 0.02881366 |
|    clip_fraction        | 0.345      |
|    clip_range           | 0.2        |
|    entropy_loss         | -5.29      |
|    explained_variance   | 0.656      |
|    learning_rate        | 0.0003     |
|    loss                 | 0.135      |
|    n_updates            | 1590       |
|    policy_gradient_loss | -0.0138    |
|    std                  | 0.424      |
|    value_loss           | 0.433      |
----------------------------------------
-----------------------------------------
| energy/                 |             |
|    E_damp_J             | 0.0333      |
|    E_fric_J             | 0.0119      |
|    E_norm_J             | 0.0026      |
|    W_neg_J              | 0.019       |
|    W_pos_J              | 0.0698      |
| reward/                 |             |
|    r_energy             | -0.0575     |
| rollout/                |             |
|    ep_len_mean          | 82          |
|    ep_rew_mean          | 19.5        |
| time/                   |             |
|    fps                  | 46          |
|    iterations           | 161         |
|    time_elapsed         | 14218       |
|    total_timesteps      | 659456      |
| train/                  |             |
|    approx_kl            | 0.023461308 |
|    clip_fraction        | 0.325       |
|    clip_range           | 0.2         |
|    entropy_loss         | -5.27       |
|    explained_variance   | 0.668       |
|    learning_rate        | 0.0003      |
|    loss                 | 0.101       |
|    n_updates            | 1600        |
|    policy_gradient_loss | -0.012      |
|    std                  | 0.422       |
|    value_loss           | 0.454       |
-----------------------------------------
-----------------------------------------
| energy/                 |             |
|    E_damp_J             | 0.0479      |
|    E_fric_J             | 0.0112      |
|    E_norm_J             | 0.0191      |
|    W_neg_J              | 0.0434      |
|    W_pos_J              | 0.0969      |
| reward/                 |             |
|    r_energy             | -0.104      |
| rollout/                |             |
|    ep_len_mean          | 82          |
|    ep_rew_mean          | 20.3        |
| time/                   |             |
|    fps                  | 46          |
|    iterations           | 162         |
|    time_elapsed         | 14305       |
|    total_timesteps      | 663552      |
| train/                  |             |
|    approx_kl            | 0.032273345 |
|    clip_fraction        | 0.346       |
|    clip_range           | 0.2         |
|    entropy_loss         | -5.19       |
|    explained_variance   | 0.665       |
|    learning_rate        | 0.0003      |
|    loss                 | 0.184       |
|    n_updates            | 1610        |
|    policy_gradient_loss | -0.0164     |
|    std                  | 0.418       |
|    value_loss           | 0.439       |
-----------------------------------------
-----------------------------------------
| energy/                 |             |
|    E_damp_J             | 0.0338      |
|    E_fric_J             | 0.0121      |
|    E_norm_J             | 0.0027      |
|    W_neg_J              | 0.0197      |
|    W_pos_J              | 0.07        |
| reward/                 |             |
|    r_energy             | -0.0585     |
| rollout/                |             |
|    ep_len_mean          | 82          |
|    ep_rew_mean          | 20.5        |
| time/                   |             |
|    fps                  | 46          |
|    iterations           | 163         |
|    time_elapsed         | 14393       |
|    total_timesteps      | 667648      |
| train/                  |             |
|    approx_kl            | 0.026477447 |
|    clip_fraction        | 0.319       |
|    clip_range           | 0.2         |
|    entropy_loss         | -5.15       |
|    explained_variance   | 0.712       |
|    learning_rate        | 0.0003      |
|    loss                 | 0.0932      |
|    n_updates            | 1620        |
|    policy_gradient_loss | -0.0123     |
|    std                  | 0.417       |
|    value_loss           | 0.33        |
-----------------------------------------
-----------------------------------------
| energy/                 |             |
|    E_damp_J             | 0.0341      |
|    E_fric_J             | 0.012       |
|    E_norm_J             | 0.00261     |
|    W_neg_J              | 0.0202      |
|    W_pos_J              | 0.068       |
| reward/                 |             |
|    r_energy             | -0.0582     |
| rollout/                |             |
|    ep_len_mean          | 82          |
|    ep_rew_mean          | 20.8        |
| time/                   |             |
|    fps                  | 46          |
|    iterations           | 164         |
|    time_elapsed         | 14480       |
|    total_timesteps      | 671744      |
| train/                  |             |
|    approx_kl            | 0.026645789 |
|    clip_fraction        | 0.335       |
|    clip_range           | 0.2         |
|    entropy_loss         | -5.13       |
|    explained_variance   | 0.644       |
|    learning_rate        | 0.0003      |
|    loss                 | 0.132       |
|    n_updates            | 1630        |
|    policy_gradient_loss | -0.0144     |
|    std                  | 0.418       |
|    value_loss           | 0.455       |
-----------------------------------------
-----------------------------------------
| energy/                 |             |
|    E_damp_J             | 0.032       |
|    E_fric_J             | 0.0118      |
|    E_norm_J             | 0.0026      |
|    W_neg_J              | 0.0205      |
|    W_pos_J              | 0.0647      |
| reward/                 |             |
|    r_energy             | -0.0562     |
| rollout/                |             |
|    ep_len_mean          | 82          |
|    ep_rew_mean          | 21.5        |
| time/                   |             |
|    fps                  | 46          |
|    iterations           | 165         |
|    time_elapsed         | 14568       |
|    total_timesteps      | 675840      |
| train/                  |             |
|    approx_kl            | 0.027421707 |
|    clip_fraction        | 0.334       |
|    clip_range           | 0.2         |
|    entropy_loss         | -5.08       |
|    explained_variance   | 0.684       |
|    learning_rate        | 0.0003      |
|    loss                 | 0.13        |
|    n_updates            | 1640        |
|    policy_gradient_loss | -0.0118     |
|    std                  | 0.414       |
|    value_loss           | 0.372       |
-----------------------------------------
----------------------------------------
| energy/                 |            |
|    E_damp_J             | 0.0319     |
|    E_fric_J             | 0.0125     |
|    E_norm_J             | 0.00272    |
|    W_neg_J              | 0.0208     |
|    W_pos_J              | 0.0673     |
| reward/                 |            |
|    r_energy             | -0.0576    |
| rollout/                |            |
|    ep_len_mean          | 82         |
|    ep_rew_mean          | 22.1       |
| time/                   |            |
|    fps                  | 46         |
|    iterations           | 166        |
|    time_elapsed         | 14655      |
|    total_timesteps      | 679936     |
| train/                  |            |
|    approx_kl            | 0.02967047 |
|    clip_fraction        | 0.329      |
|    clip_range           | 0.2        |
|    entropy_loss         | -5.02      |
|    explained_variance   | 0.687      |
|    learning_rate        | 0.0003     |
|    loss                 | 0.107      |
|    n_updates            | 1650       |
|    policy_gradient_loss | -0.0128    |
|    std                  | 0.412      |
|    value_loss           | 0.417      |
----------------------------------------
----------------------------------------
| energy/                 |            |
|    E_damp_J             | 0.0352     |
|    E_fric_J             | 0.0125     |
|    E_norm_J             | 0.0028     |
|    W_neg_J              | 0.0187     |
|    W_pos_J              | 0.0711     |
| reward/                 |            |
|    r_energy             | -0.0592    |
| rollout/                |            |
|    ep_len_mean          | 82         |
|    ep_rew_mean          | 22.2       |
| time/                   |            |
|    fps                  | 46         |
|    iterations           | 167        |
|    time_elapsed         | 14743      |
|    total_timesteps      | 684032     |
| train/                  |            |
|    approx_kl            | 0.02808128 |
|    clip_fraction        | 0.331      |
|    clip_range           | 0.2        |
|    entropy_loss         | -4.96      |
|    explained_variance   | 0.731      |
|    learning_rate        | 0.0003     |
|    loss                 | 0.0741     |
|    n_updates            | 1660       |
|    policy_gradient_loss | -0.0117    |
|    std                  | 0.41       |
|    value_loss           | 0.346      |
----------------------------------------
-----------------------------------------
| energy/                 |             |
|    E_damp_J             | 0.0351      |
|    E_fric_J             | 0.012       |
|    E_norm_J             | 0.00252     |
|    W_neg_J              | 0.0199      |
|    W_pos_J              | 0.0745      |
| reward/                 |             |
|    r_energy             | -0.0604     |
| rollout/                |             |
|    ep_len_mean          | 82          |
|    ep_rew_mean          | 22.3        |
| time/                   |             |
|    fps                  | 46          |
|    iterations           | 168         |
|    time_elapsed         | 14830       |
|    total_timesteps      | 688128      |
| train/                  |             |
|    approx_kl            | 0.031004211 |
|    clip_fraction        | 0.317       |
|    clip_range           | 0.2         |
|    entropy_loss         | -4.91       |
|    explained_variance   | 0.656       |
|    learning_rate        | 0.0003      |
|    loss                 | 0.0908      |
|    n_updates            | 1670        |
|    policy_gradient_loss | -0.00965    |
|    std                  | 0.408       |
|    value_loss           | 0.504       |
-----------------------------------------
-----------------------------------------
| energy/                 |             |
|    E_damp_J             | 0.0323      |
|    E_fric_J             | 0.0119      |
|    E_norm_J             | 0.00257     |
|    W_neg_J              | 0.0217      |
|    W_pos_J              | 0.0613      |
| reward/                 |             |
|    r_energy             | -0.0561     |
| rollout/                |             |
|    ep_len_mean          | 82          |
|    ep_rew_mean          | 22.9        |
| time/                   |             |
|    fps                  | 46          |
|    iterations           | 169         |
|    time_elapsed         | 14918       |
|    total_timesteps      | 692224      |
| train/                  |             |
|    approx_kl            | 0.027496455 |
|    clip_fraction        | 0.332       |
|    clip_range           | 0.2         |
|    entropy_loss         | -4.85       |
|    explained_variance   | 0.655       |
|    learning_rate        | 0.0003      |
|    loss                 | 0.137       |
|    n_updates            | 1680        |
|    policy_gradient_loss | -0.0141     |
|    std                  | 0.405       |
|    value_loss           | 0.411       |
-----------------------------------------
-----------------------------------------
| energy/                 |             |
|    E_damp_J             | 0.0348      |
|    E_fric_J             | 0.0122      |
|    E_norm_J             | 0.00257     |
|    W_neg_J              | 0.0197      |
|    W_pos_J              | 0.0739      |
| reward/                 |             |
|    r_energy             | -0.0601     |
| rollout/                |             |
|    ep_len_mean          | 82          |
|    ep_rew_mean          | 22.9        |
| time/                   |             |
|    fps                  | 46          |
|    iterations           | 170         |
|    time_elapsed         | 15005       |
|    total_timesteps      | 696320      |
| train/                  |             |
|    approx_kl            | 0.034689277 |
|    clip_fraction        | 0.327       |
|    clip_range           | 0.2         |
|    entropy_loss         | -4.81       |
|    explained_variance   | 0.649       |
|    learning_rate        | 0.0003      |
|    loss                 | 0.156       |
|    n_updates            | 1690        |
|    policy_gradient_loss | -0.00844    |
|    std                  | 0.404       |
|    value_loss           | 0.472       |
-----------------------------------------
-----------------------------------------
| energy/                 |             |
|    E_damp_J             | 0.0368      |
|    E_fric_J             | 0.0125      |
|    E_norm_J             | 0.00284     |
|    W_neg_J              | 0.0214      |
|    W_pos_J              | 0.0707      |
| reward/                 |             |
|    r_energy             | -0.0615     |
| rollout/                |             |
|    ep_len_mean          | 82          |
|    ep_rew_mean          | 23.4        |
| time/                   |             |
|    fps                  | 46          |
|    iterations           | 171         |
|    time_elapsed         | 15092       |
|    total_timesteps      | 700416      |
| train/                  |             |
|    approx_kl            | 0.030317515 |
|    clip_fraction        | 0.342       |
|    clip_range           | 0.2         |
|    entropy_loss         | -4.76       |
|    explained_variance   | 0.696       |
|    learning_rate        | 0.0003      |
|    loss                 | 0.138       |
|    n_updates            | 1700        |
|    policy_gradient_loss | -0.0139     |
|    std                  | 0.401       |
|    value_loss           | 0.373       |
-----------------------------------------
-----------------------------------------
| energy/                 |             |
|    E_damp_J             | 0.0337      |
|    E_fric_J             | 0.0125      |
|    E_norm_J             | 0.00277     |
|    W_neg_J              | 0.0228      |
|    W_pos_J              | 0.0694      |
| reward/                 |             |
|    r_energy             | -0.0604     |
| rollout/                |             |
|    ep_len_mean          | 82          |
|    ep_rew_mean          | 23.6        |
| time/                   |             |
|    fps                  | 46          |
|    iterations           | 172         |
|    time_elapsed         | 15179       |
|    total_timesteps      | 704512      |
| train/                  |             |
|    approx_kl            | 0.031905085 |
|    clip_fraction        | 0.349       |
|    clip_range           | 0.2         |
|    entropy_loss         | -4.69       |
|    explained_variance   | 0.613       |
|    learning_rate        | 0.0003      |
|    loss                 | 0.224       |
|    n_updates            | 1710        |
|    policy_gradient_loss | -0.00887    |
|    std                  | 0.398       |
|    value_loss           | 0.539       |
-----------------------------------------
--------------------------------------
| energy/                 |          |
|    E_damp_J             | 0.0337   |
|    E_fric_J             | 0.0133   |
|    E_norm_J             | 0.00293  |
|    W_neg_J              | 0.0263   |
|    W_pos_J              | 0.061    |
| reward/                 |          |
|    r_energy             | -0.0605  |
| rollout/                |          |
|    ep_len_mean          | 82       |
|    ep_rew_mean          | 24.2     |
| time/                   |          |
|    fps                  | 46       |
|    iterations           | 173      |
|    time_elapsed         | 15267    |
|    total_timesteps      | 708608   |
| train/                  |          |
|    approx_kl            | 0.032596 |
|    clip_fraction        | 0.356    |
|    clip_range           | 0.2      |
|    entropy_loss         | -4.65    |
|    explained_variance   | 0.549    |
|    learning_rate        | 0.0003   |
|    loss                 | 0.192    |
|    n_updates            | 1720     |
|    policy_gradient_loss | -0.0128  |
|    std                  | 0.397    |
|    value_loss           | 0.684    |
--------------------------------------
-----------------------------------------
| energy/                 |             |
|    E_damp_J             | 0.0359      |
|    E_fric_J             | 0.0128      |
|    E_norm_J             | 0.00266     |
|    W_neg_J              | 0.0212      |
|    W_pos_J              | 0.0687      |
| reward/                 |             |
|    r_energy             | -0.0603     |
| rollout/                |             |
|    ep_len_mean          | 82          |
|    ep_rew_mean          | 24.4        |
| time/                   |             |
|    fps                  | 46          |
|    iterations           | 174         |
|    time_elapsed         | 15354       |
|    total_timesteps      | 712704      |
| train/                  |             |
|    approx_kl            | 0.027915664 |
|    clip_fraction        | 0.342       |
|    clip_range           | 0.2         |
|    entropy_loss         | -4.61       |
|    explained_variance   | 0.725       |
|    learning_rate        | 0.0003      |
|    loss                 | 0.117       |
|    n_updates            | 1730        |
|    policy_gradient_loss | -0.015      |
|    std                  | 0.394       |
|    value_loss           | 0.362       |
-----------------------------------------
-----------------------------------------
| energy/                 |             |
|    E_damp_J             | 0.0333      |
|    E_fric_J             | 0.0123      |
|    E_norm_J             | 0.00266     |
|    W_neg_J              | 0.0215      |
|    W_pos_J              | 0.0663      |
| reward/                 |             |
|    r_energy             | -0.0582     |
| rollout/                |             |
|    ep_len_mean          | 82          |
|    ep_rew_mean          | 24.3        |
| time/                   |             |
|    fps                  | 46          |
|    iterations           | 175         |
|    time_elapsed         | 15441       |
|    total_timesteps      | 716800      |
| train/                  |             |
|    approx_kl            | 0.033220947 |
|    clip_fraction        | 0.354       |
|    clip_range           | 0.2         |
|    entropy_loss         | -4.56       |
|    explained_variance   | 0.567       |
|    learning_rate        | 0.0003      |
|    loss                 | 0.76        |
|    n_updates            | 1740        |
|    policy_gradient_loss | -0.0105     |
|    std                  | 0.393       |
|    value_loss           | 0.75        |
-----------------------------------------
----------------------------------------
| energy/                 |            |
|    E_damp_J             | 0.0355     |
|    E_fric_J             | 0.0124     |
|    E_norm_J             | 0.00268    |
|    W_neg_J              | 0.0202     |
|    W_pos_J              | 0.0698     |
| reward/                 |            |
|    r_energy             | -0.0597    |
| rollout/                |            |
|    ep_len_mean          | 82         |
|    ep_rew_mean          | 24.9       |
| time/                   |            |
|    fps                  | 46         |
|    iterations           | 176        |
|    time_elapsed         | 15528      |
|    total_timesteps      | 720896     |
| train/                  |            |
|    approx_kl            | 0.02663052 |
|    clip_fraction        | 0.359      |
|    clip_range           | 0.2        |
|    entropy_loss         | -4.5       |
|    explained_variance   | 0.679      |
|    learning_rate        | 0.0003     |
|    loss                 | 0.132      |
|    n_updates            | 1750       |
|    policy_gradient_loss | -0.0143    |
|    std                  | 0.39       |
|    value_loss           | 0.424      |
----------------------------------------
----------------------------------------
| energy/                 |            |
|    E_damp_J             | 0.0338     |
|    E_fric_J             | 0.0132     |
|    E_norm_J             | 0.00336    |
|    W_neg_J              | 0.0198     |
|    W_pos_J              | 0.0716     |
| reward/                 |            |
|    r_energy             | -0.0602    |
| rollout/                |            |
|    ep_len_mean          | 82         |
|    ep_rew_mean          | 25.4       |
| time/                   |            |
|    fps                  | 46         |
|    iterations           | 177        |
|    time_elapsed         | 15617      |
|    total_timesteps      | 724992     |
| train/                  |            |
|    approx_kl            | 0.02735398 |
|    clip_fraction        | 0.342      |
|    clip_range           | 0.2        |
|    entropy_loss         | -4.44      |
|    explained_variance   | 0.584      |
|    learning_rate        | 0.0003     |
|    loss                 | 0.256      |
|    n_updates            | 1760       |
|    policy_gradient_loss | -0.0101    |
|    std                  | 0.388      |
|    value_loss           | 0.612      |
----------------------------------------
-----------------------------------------
| energy/                 |             |
|    E_damp_J             | 0.0329      |
|    E_fric_J             | 0.0124      |
|    E_norm_J             | 0.00268     |
|    W_neg_J              | 0.0208      |
|    W_pos_J              | 0.0668      |
| reward/                 |             |
|    r_energy             | -0.0579     |
| rollout/                |             |
|    ep_len_mean          | 82          |
|    ep_rew_mean          | 26.1        |
| time/                   |             |
|    fps                  | 46          |
|    iterations           | 178         |
|    time_elapsed         | 15704       |
|    total_timesteps      | 729088      |
| train/                  |             |
|    approx_kl            | 0.030913804 |
|    clip_fraction        | 0.351       |
|    clip_range           | 0.2         |
|    entropy_loss         | -4.38       |
|    explained_variance   | 0.721       |
|    learning_rate        | 0.0003      |
|    loss                 | 0.106       |
|    n_updates            | 1770        |
|    policy_gradient_loss | -0.00922    |
|    std                  | 0.386       |
|    value_loss           | 0.381       |
-----------------------------------------
-----------------------------------------
| energy/                 |             |
|    E_damp_J             | 0.0393      |
|    E_fric_J             | 0.0134      |
|    E_norm_J             | 0.0193      |
|    W_neg_J              | 0.0317      |
|    W_pos_J              | 0.088       |
| reward/                 |             |
|    r_energy             | -0.0911     |
| rollout/                |             |
|    ep_len_mean          | 82          |
|    ep_rew_mean          | 26.2        |
| time/                   |             |
|    fps                  | 46          |
|    iterations           | 179         |
|    time_elapsed         | 15793       |
|    total_timesteps      | 733184      |
| train/                  |             |
|    approx_kl            | 0.035704616 |
|    clip_fraction        | 0.351       |
|    clip_range           | 0.2         |
|    entropy_loss         | -4.35       |
|    explained_variance   | 0.686       |
|    learning_rate        | 0.0003      |
|    loss                 | 0.124       |
|    n_updates            | 1780        |
|    policy_gradient_loss | -0.0123     |
|    std                  | 0.384       |
|    value_loss           | 0.426       |
-----------------------------------------
-----------------------------------------
| energy/                 |             |
|    E_damp_J             | 0.0352      |
|    E_fric_J             | 0.013       |
|    E_norm_J             | 0.00279     |
|    W_neg_J              | 0.021       |
|    W_pos_J              | 0.0699      |
| reward/                 |             |
|    r_energy             | -0.0605     |
| rollout/                |             |
|    ep_len_mean          | 82          |
|    ep_rew_mean          | 26.4        |
| time/                   |             |
|    fps                  | 46          |
|    iterations           | 180         |
|    time_elapsed         | 15881       |
|    total_timesteps      | 737280      |
| train/                  |             |
|    approx_kl            | 0.027872698 |
|    clip_fraction        | 0.356       |
|    clip_range           | 0.2         |
|    entropy_loss         | -4.31       |
|    explained_variance   | 0.605       |
|    learning_rate        | 0.0003      |
|    loss                 | 0.167       |
|    n_updates            | 1790        |
|    policy_gradient_loss | -0.00724    |
|    std                  | 0.383       |
|    value_loss           | 0.594       |
-----------------------------------------
----------------------------------------
| energy/                 |            |
|    E_damp_J             | 0.0604     |
|    E_fric_J             | 0.0128     |
|    E_norm_J             | 0.0205     |
|    W_neg_J              | 0.0609     |
|    W_pos_J              | 0.113      |
| reward/                 |            |
|    r_energy             | -0.128     |
| rollout/                |            |
|    ep_len_mean          | 82         |
|    ep_rew_mean          | 27.1       |
| time/                   |            |
|    fps                  | 46         |
|    iterations           | 181        |
|    time_elapsed         | 15970      |
|    total_timesteps      | 741376     |
| train/                  |            |
|    approx_kl            | 0.03345028 |
|    clip_fraction        | 0.37       |
|    clip_range           | 0.2        |
|    entropy_loss         | -4.29      |
|    explained_variance   | 0.689      |
|    learning_rate        | 0.0003     |
|    loss                 | 0.106      |
|    n_updates            | 1800       |
|    policy_gradient_loss | -0.0106    |
|    std                  | 0.382      |
|    value_loss           | 0.441      |
----------------------------------------
----------------------------------------
| energy/                 |            |
|    E_damp_J             | 0.036      |
|    E_fric_J             | 0.0131     |
|    E_norm_J             | 0.00297    |
|    W_neg_J              | 0.0256     |
|    W_pos_J              | 0.0653     |
| reward/                 |            |
|    r_energy             | -0.0624    |
| rollout/                |            |
|    ep_len_mean          | 82         |
|    ep_rew_mean          | 27.2       |
| time/                   |            |
|    fps                  | 46         |
|    iterations           | 182        |
|    time_elapsed         | 16059      |
|    total_timesteps      | 745472     |
| train/                  |            |
|    approx_kl            | 0.03152825 |
|    clip_fraction        | 0.362      |
|    clip_range           | 0.2        |
|    entropy_loss         | -4.26      |
|    explained_variance   | 0.701      |
|    learning_rate        | 0.0003     |
|    loss                 | 0.14       |
|    n_updates            | 1810       |
|    policy_gradient_loss | -0.0107    |
|    std                  | 0.381      |
|    value_loss           | 0.449      |
----------------------------------------
-----------------------------------------
| energy/                 |             |
|    E_damp_J             | 0.053       |
|    E_fric_J             | 0.013       |
|    E_norm_J             | 0.0194      |
|    W_neg_J              | 0.0444      |
|    W_pos_J              | 0.1         |
| reward/                 |             |
|    r_energy             | -0.109      |
| rollout/                |             |
|    ep_len_mean          | 82          |
|    ep_rew_mean          | 27.1        |
| time/                   |             |
|    fps                  | 46          |
|    iterations           | 183         |
|    time_elapsed         | 16147       |
|    total_timesteps      | 749568      |
| train/                  |             |
|    approx_kl            | 0.034616414 |
|    clip_fraction        | 0.346       |
|    clip_range           | 0.2         |
|    entropy_loss         | -4.23       |
|    explained_variance   | 0.726       |
|    learning_rate        | 0.0003      |
|    loss                 | 0.0696      |
|    n_updates            | 1820        |
|    policy_gradient_loss | -0.00987    |
|    std                  | 0.38        |
|    value_loss           | 0.361       |
-----------------------------------------
-----------------------------------------
| energy/                 |             |
|    E_damp_J             | 0.0383      |
|    E_fric_J             | 0.0128      |
|    E_norm_J             | 0.0027      |
|    W_neg_J              | 0.022       |
|    W_pos_J              | 0.071       |
| reward/                 |             |
|    r_energy             | -0.0628     |
| rollout/                |             |
|    ep_len_mean          | 82          |
|    ep_rew_mean          | 27.5        |
| time/                   |             |
|    fps                  | 46          |
|    iterations           | 184         |
|    time_elapsed         | 16235       |
|    total_timesteps      | 753664      |
| train/                  |             |
|    approx_kl            | 0.031037163 |
|    clip_fraction        | 0.361       |
|    clip_range           | 0.2         |
|    entropy_loss         | -4.17       |
|    explained_variance   | 0.778       |
|    learning_rate        | 0.0003      |
|    loss                 | 0.0893      |
|    n_updates            | 1830        |
|    policy_gradient_loss | -0.0113     |
|    std                  | 0.377       |
|    value_loss           | 0.297       |
-----------------------------------------
----------------------------------------
| energy/                 |            |
|    E_damp_J             | 0.0592     |
|    E_fric_J             | 0.0128     |
|    E_norm_J             | 0.0204     |
|    W_neg_J              | 0.0586     |
|    W_pos_J              | 0.112      |
| reward/                 |            |
|    r_energy             | -0.125     |
| rollout/                |            |
|    ep_len_mean          | 82         |
|    ep_rew_mean          | 28.1       |
| time/                   |            |
|    fps                  | 46         |
|    iterations           | 185        |
|    time_elapsed         | 16323      |
|    total_timesteps      | 757760     |
| train/                  |            |
|    approx_kl            | 0.03454549 |
|    clip_fraction        | 0.349      |
|    clip_range           | 0.2        |
|    entropy_loss         | -4.12      |
|    explained_variance   | 0.745      |
|    learning_rate        | 0.0003     |
|    loss                 | 0.133      |
|    n_updates            | 1840       |
|    policy_gradient_loss | -0.0116    |
|    std                  | 0.376      |
|    value_loss           | 0.35       |
----------------------------------------
-----------------------------------------
| energy/                 |             |
|    E_damp_J             | 0.0368      |
|    E_fric_J             | 0.0132      |
|    E_norm_J             | 0.00274     |
|    W_neg_J              | 0.0167      |
|    W_pos_J              | 0.0696      |
| reward/                 |             |
|    r_energy             | -0.0586     |
| rollout/                |             |
|    ep_len_mean          | 82          |
|    ep_rew_mean          | 28.4        |
| time/                   |             |
|    fps                  | 46          |
|    iterations           | 186         |
|    time_elapsed         | 16412       |
|    total_timesteps      | 761856      |
| train/                  |             |
|    approx_kl            | 0.029705957 |
|    clip_fraction        | 0.353       |
|    clip_range           | 0.2         |
|    entropy_loss         | -4.04       |
|    explained_variance   | 0.748       |
|    learning_rate        | 0.0003      |
|    loss                 | 0.117       |
|    n_updates            | 1850        |
|    policy_gradient_loss | -0.011      |
|    std                  | 0.373       |
|    value_loss           | 0.358       |
-----------------------------------------
-----------------------------------------
| energy/                 |             |
|    E_damp_J             | 0.0509      |
|    E_fric_J             | 0.0123      |
|    E_norm_J             | 0.0195      |
|    W_neg_J              | 0.0479      |
|    W_pos_J              | 0.101       |
| reward/                 |             |
|    r_energy             | -0.11       |
| rollout/                |             |
|    ep_len_mean          | 82          |
|    ep_rew_mean          | 29          |
| time/                   |             |
|    fps                  | 46          |
|    iterations           | 187         |
|    time_elapsed         | 16499       |
|    total_timesteps      | 765952      |
| train/                  |             |
|    approx_kl            | 0.028981034 |
|    clip_fraction        | 0.341       |
|    clip_range           | 0.2         |
|    entropy_loss         | -3.97       |
|    explained_variance   | 0.76        |
|    learning_rate        | 0.0003      |
|    loss                 | 0.105       |
|    n_updates            | 1860        |
|    policy_gradient_loss | -0.0129     |
|    std                  | 0.37        |
|    value_loss           | 0.346       |
-----------------------------------------
-----------------------------------------
| energy/                 |             |
|    E_damp_J             | 0.0383      |
|    E_fric_J             | 0.0136      |
|    E_norm_J             | 0.00289     |
|    W_neg_J              | 0.0165      |
|    W_pos_J              | 0.0757      |
| reward/                 |             |
|    r_energy             | -0.0614     |
| rollout/                |             |
|    ep_len_mean          | 82          |
|    ep_rew_mean          | 29.4        |
| time/                   |             |
|    fps                  | 46          |
|    iterations           | 188         |
|    time_elapsed         | 16586       |
|    total_timesteps      | 770048      |
| train/                  |             |
|    approx_kl            | 0.028065696 |
|    clip_fraction        | 0.345       |
|    clip_range           | 0.2         |
|    entropy_loss         | -3.91       |
|    explained_variance   | 0.774       |
|    learning_rate        | 0.0003      |
|    loss                 | 0.11        |
|    n_updates            | 1870        |
|    policy_gradient_loss | -0.0103     |
|    std                  | 0.368       |
|    value_loss           | 0.351       |
-----------------------------------------
----------------------------------------
| energy/                 |            |
|    E_damp_J             | 0.0577     |
|    E_fric_J             | 0.013      |
|    E_norm_J             | 0.02       |
|    W_neg_J              | 0.049      |
|    W_pos_J              | 0.111      |
| reward/                 |            |
|    r_energy             | -0.118     |
| rollout/                |            |
|    ep_len_mean          | 82         |
|    ep_rew_mean          | 29.2       |
| time/                   |            |
|    fps                  | 46         |
|    iterations           | 189        |
|    time_elapsed         | 16673      |
|    total_timesteps      | 774144     |
| train/                  |            |
|    approx_kl            | 0.02851779 |
|    clip_fraction        | 0.326      |
|    clip_range           | 0.2        |
|    entropy_loss         | -3.86      |
|    explained_variance   | 0.724      |
|    learning_rate        | 0.0003     |
|    loss                 | 0.123      |
|    n_updates            | 1880       |
|    policy_gradient_loss | -0.00393   |
|    std                  | 0.366      |
|    value_loss           | 0.379      |
----------------------------------------
-----------------------------------------
| energy/                 |             |
|    E_damp_J             | 0.038       |
|    E_fric_J             | 0.0137      |
|    E_norm_J             | 0.00299     |
|    W_neg_J              | 0.015       |
|    W_pos_J              | 0.0786      |
| reward/                 |             |
|    r_energy             | -0.0614     |
| rollout/                |             |
|    ep_len_mean          | 82          |
|    ep_rew_mean          | 29.5        |
| time/                   |             |
|    fps                  | 46          |
|    iterations           | 190         |
|    time_elapsed         | 16762       |
|    total_timesteps      | 778240      |
| train/                  |             |
|    approx_kl            | 0.037663672 |
|    clip_fraction        | 0.362       |
|    clip_range           | 0.2         |
|    entropy_loss         | -3.81       |
|    explained_variance   | 0.712       |
|    learning_rate        | 0.0003      |
|    loss                 | 0.238       |
|    n_updates            | 1890        |
|    policy_gradient_loss | -0.0116     |
|    std                  | 0.364       |
|    value_loss           | 0.412       |
-----------------------------------------
-----------------------------------------
| energy/                 |             |
|    E_damp_J             | 0.0581      |
|    E_fric_J             | 0.0136      |
|    E_norm_J             | 0.0195      |
|    W_neg_J              | 0.047       |
|    W_pos_J              | 0.114       |
| reward/                 |             |
|    r_energy             | -0.118      |
| rollout/                |             |
|    ep_len_mean          | 82          |
|    ep_rew_mean          | 29.9        |
| time/                   |             |
|    fps                  | 46          |
|    iterations           | 191         |
|    time_elapsed         | 16850       |
|    total_timesteps      | 782336      |
| train/                  |             |
|    approx_kl            | 0.040068645 |
|    clip_fraction        | 0.358       |
|    clip_range           | 0.2         |
|    entropy_loss         | -3.78       |
|    explained_variance   | 0.732       |
|    learning_rate        | 0.0003      |
|    loss                 | 0.09        |
|    n_updates            | 1900        |
|    policy_gradient_loss | -0.00909    |
|    std                  | 0.364       |
|    value_loss           | 0.337       |
-----------------------------------------
----------------------------------------
| energy/                 |            |
|    E_damp_J             | 0.0402     |
|    E_fric_J             | 0.0133     |
|    E_norm_J             | 0.00268    |
|    W_neg_J              | 0.0158     |
|    W_pos_J              | 0.0797     |
| reward/                 |            |
|    r_energy             | -0.0628    |
| rollout/                |            |
|    ep_len_mean          | 82         |
|    ep_rew_mean          | 29.9       |
| time/                   |            |
|    fps                  | 46         |
|    iterations           | 192        |
|    time_elapsed         | 16938      |
|    total_timesteps      | 786432     |
| train/                  |            |
|    approx_kl            | 0.03281142 |
|    clip_fraction        | 0.349      |
|    clip_range           | 0.2        |
|    entropy_loss         | -3.74      |
|    explained_variance   | 0.792      |
|    learning_rate        | 0.0003     |
|    loss                 | 0.114      |
|    n_updates            | 1910       |
|    policy_gradient_loss | -0.0111    |
|    std                  | 0.362      |
|    value_loss           | 0.281      |
----------------------------------------
-----------------------------------------
| energy/                 |             |
|    E_damp_J             | 0.0658      |
|    E_fric_J             | 0.0132      |
|    E_norm_J             | 0.0208      |
|    W_neg_J              | 0.0583      |
|    W_pos_J              | 0.108       |
| reward/                 |             |
|    r_energy             | -0.128      |
| rollout/                |             |
|    ep_len_mean          | 82          |
|    ep_rew_mean          | 30.4        |
| time/                   |             |
|    fps                  | 46          |
|    iterations           | 193         |
|    time_elapsed         | 17026       |
|    total_timesteps      | 790528      |
| train/                  |             |
|    approx_kl            | 0.028729789 |
|    clip_fraction        | 0.359       |
|    clip_range           | 0.2         |
|    entropy_loss         | -3.69       |
|    explained_variance   | 0.773       |
|    learning_rate        | 0.0003      |
|    loss                 | 0.119       |
|    n_updates            | 1920        |
|    policy_gradient_loss | -0.0107     |
|    std                  | 0.36        |
|    value_loss           | 0.314       |
-----------------------------------------
-----------------------------------------
| energy/                 |             |
|    E_damp_J             | 0.0416      |
|    E_fric_J             | 0.0134      |
|    E_norm_J             | 0.00282     |
|    W_neg_J              | 0.0189      |
|    W_pos_J              | 0.0696      |
| reward/                 |             |
|    r_energy             | -0.0625     |
| rollout/                |             |
|    ep_len_mean          | 82          |
|    ep_rew_mean          | 30.4        |
| time/                   |             |
|    fps                  | 46          |
|    iterations           | 194         |
|    time_elapsed         | 17114       |
|    total_timesteps      | 794624      |
| train/                  |             |
|    approx_kl            | 0.044847585 |
|    clip_fraction        | 0.36        |
|    clip_range           | 0.2         |
|    entropy_loss         | -3.65       |
|    explained_variance   | 0.819       |
|    learning_rate        | 0.0003      |
|    loss                 | 0.05        |
|    n_updates            | 1930        |
|    policy_gradient_loss | -0.00991    |
|    std                  | 0.359       |
|    value_loss           | 0.258       |
-----------------------------------------
-----------------------------------------
| energy/                 |             |
|    E_damp_J             | 0.059       |
|    E_fric_J             | 0.0131      |
|    E_norm_J             | 0.0198      |
|    W_neg_J              | 0.054       |
|    W_pos_J              | 0.106       |
| reward/                 |             |
|    r_energy             | -0.12       |
| rollout/                |             |
|    ep_len_mean          | 82          |
|    ep_rew_mean          | 30.4        |
| time/                   |             |
|    fps                  | 46          |
|    iterations           | 195         |
|    time_elapsed         | 17203       |
|    total_timesteps      | 798720      |
| train/                  |             |
|    approx_kl            | 0.027562978 |
|    clip_fraction        | 0.355       |
|    clip_range           | 0.2         |
|    entropy_loss         | -3.61       |
|    explained_variance   | 0.716       |
|    learning_rate        | 0.0003      |
|    loss                 | 0.0709      |
|    n_updates            | 1940        |
|    policy_gradient_loss | -0.00842    |
|    std                  | 0.358       |
|    value_loss           | 0.446       |
-----------------------------------------
-----------------------------------------
| energy/                 |             |
|    E_damp_J             | 0.0413      |
|    E_fric_J             | 0.0134      |
|    E_norm_J             | 0.0028      |
|    W_neg_J              | 0.0162      |
|    W_pos_J              | 0.0734      |
| reward/                 |             |
|    r_energy             | -0.0619     |
| rollout/                |             |
|    ep_len_mean          | 82          |
|    ep_rew_mean          | 31.3        |
| time/                   |             |
|    fps                  | 46          |
|    iterations           | 196         |
|    time_elapsed         | 17290       |
|    total_timesteps      | 802816      |
| train/                  |             |
|    approx_kl            | 0.044981804 |
|    clip_fraction        | 0.38        |
|    clip_range           | 0.2         |
|    entropy_loss         | -3.57       |
|    explained_variance   | 0.801       |
|    learning_rate        | 0.0003      |
|    loss                 | 0.0902      |
|    n_updates            | 1950        |
|    policy_gradient_loss | -0.0104     |
|    std                  | 0.357       |
|    value_loss           | 0.288       |
-----------------------------------------
-----------------------------------------
| energy/                 |             |
|    E_damp_J             | 0.0597      |
|    E_fric_J             | 0.0133      |
|    E_norm_J             | 0.0198      |
|    W_neg_J              | 0.0495      |
|    W_pos_J              | 0.103       |
| reward/                 |             |
|    r_energy             | -0.117      |
| rollout/                |             |
|    ep_len_mean          | 82          |
|    ep_rew_mean          | 31.8        |
| time/                   |             |
|    fps                  | 46          |
|    iterations           | 197         |
|    time_elapsed         | 17377       |
|    total_timesteps      | 806912      |
| train/                  |             |
|    approx_kl            | 0.033654418 |
|    clip_fraction        | 0.363       |
|    clip_range           | 0.2         |
|    entropy_loss         | -3.54       |
|    explained_variance   | 0.809       |
|    learning_rate        | 0.0003      |
|    loss                 | 0.0228      |
|    n_updates            | 1960        |
|    policy_gradient_loss | -0.0134     |
|    std                  | 0.356       |
|    value_loss           | 0.24        |
-----------------------------------------
----------------------------------------
| energy/                 |            |
|    E_damp_J             | 0.0424     |
|    E_fric_J             | 0.0139     |
|    E_norm_J             | 0.00299    |
|    W_neg_J              | 0.0138     |
|    W_pos_J              | 0.0759     |
| reward/                 |            |
|    r_energy             | -0.0622    |
| rollout/                |            |
|    ep_len_mean          | 82         |
|    ep_rew_mean          | 32         |
| time/                   |            |
|    fps                  | 46         |
|    iterations           | 198        |
|    time_elapsed         | 17467      |
|    total_timesteps      | 811008     |
| train/                  |            |
|    approx_kl            | 0.03322689 |
|    clip_fraction        | 0.376      |
|    clip_range           | 0.2        |
|    entropy_loss         | -3.49      |
|    explained_variance   | 0.791      |
|    learning_rate        | 0.0003     |
|    loss                 | 0.138      |
|    n_updates            | 1970       |
|    policy_gradient_loss | -0.0108    |
|    std                  | 0.353      |
|    value_loss           | 0.301      |
----------------------------------------
-----------------------------------------
| energy/                 |             |
|    E_damp_J             | 0.0596      |
|    E_fric_J             | 0.0132      |
|    E_norm_J             | 0.0204      |
|    W_neg_J              | 0.0522      |
|    W_pos_J              | 0.117       |
| reward/                 |             |
|    r_energy             | -0.123      |
| rollout/                |             |
|    ep_len_mean          | 82          |
|    ep_rew_mean          | 31.8        |
| time/                   |             |
|    fps                  | 46          |
|    iterations           | 199         |
|    time_elapsed         | 17557       |
|    total_timesteps      | 815104      |
| train/                  |             |
|    approx_kl            | 0.027329497 |
|    clip_fraction        | 0.354       |
|    clip_range           | 0.2         |
|    entropy_loss         | -3.41       |
|    explained_variance   | 0.821       |
|    learning_rate        | 0.0003      |
|    loss                 | 0.119       |
|    n_updates            | 1980        |
|    policy_gradient_loss | -0.0109     |
|    std                  | 0.351       |
|    value_loss           | 0.262       |
-----------------------------------------
-----------------------------------------
| energy/                 |             |
|    E_damp_J             | 0.0424      |
|    E_fric_J             | 0.014       |
|    E_norm_J             | 0.00299     |
|    W_neg_J              | 0.0191      |
|    W_pos_J              | 0.0687      |
| reward/                 |             |
|    r_energy             | -0.0633     |
| rollout/                |             |
|    ep_len_mean          | 82          |
|    ep_rew_mean          | 32.4        |
| time/                   |             |
|    fps                  | 46          |
|    iterations           | 200         |
|    time_elapsed         | 17646       |
|    total_timesteps      | 819200      |
| train/                  |             |
|    approx_kl            | 0.027920056 |
|    clip_fraction        | 0.372       |
|    clip_range           | 0.2         |
|    entropy_loss         | -3.38       |
|    explained_variance   | 0.777       |
|    learning_rate        | 0.0003      |
|    loss                 | 0.0968      |
|    n_updates            | 1990        |
|    policy_gradient_loss | -0.00988    |
|    std                  | 0.351       |
|    value_loss           | 0.371       |
-----------------------------------------
----------------------------------------
| energy/                 |            |
|    E_damp_J             | 0.062      |
|    E_fric_J             | 0.0139     |
|    E_norm_J             | 0.0206     |
|    W_neg_J              | 0.0461     |
|    W_pos_J              | 0.117      |
| reward/                 |            |
|    r_energy             | -0.121     |
| rollout/                |            |
|    ep_len_mean          | 82         |
|    ep_rew_mean          | 32.8       |
| time/                   |            |
|    fps                  | 46         |
|    iterations           | 201        |
|    time_elapsed         | 17734      |
|    total_timesteps      | 823296     |
| train/                  |            |
|    approx_kl            | 0.03302373 |
|    clip_fraction        | 0.352      |
|    clip_range           | 0.2        |
|    entropy_loss         | -3.35      |
|    explained_variance   | 0.828      |
|    learning_rate        | 0.0003     |
|    loss                 | 0.0896     |
|    n_updates            | 2000       |
|    policy_gradient_loss | -0.00748   |
|    std                  | 0.35       |
|    value_loss           | 0.24       |
----------------------------------------
-----------------------------------------
| energy/                 |             |
|    E_damp_J             | 0.0443      |
|    E_fric_J             | 0.0141      |
|    E_norm_J             | 0.00283     |
|    W_neg_J              | 0.0145      |
|    W_pos_J              | 0.0726      |
| reward/                 |             |
|    r_energy             | -0.0625     |
| rollout/                |             |
|    ep_len_mean          | 82          |
|    ep_rew_mean          | 32.6        |
| time/                   |             |
|    fps                  | 46          |
|    iterations           | 202         |
|    time_elapsed         | 17822       |
|    total_timesteps      | 827392      |
| train/                  |             |
|    approx_kl            | 0.029933838 |
|    clip_fraction        | 0.367       |
|    clip_range           | 0.2         |
|    entropy_loss         | -3.33       |
|    explained_variance   | 0.776       |
|    learning_rate        | 0.0003      |
|    loss                 | 0.158       |
|    n_updates            | 2010        |
|    policy_gradient_loss | -0.00635    |
|    std                  | 0.348       |
|    value_loss           | 0.387       |
-----------------------------------------
-----------------------------------------
| energy/                 |             |
|    E_damp_J             | 0.0626      |
|    E_fric_J             | 0.0136      |
|    E_norm_J             | 0.02        |
|    W_neg_J              | 0.0461      |
|    W_pos_J              | 0.0997      |
| reward/                 |             |
|    r_energy             | -0.116      |
| rollout/                |             |
|    ep_len_mean          | 82          |
|    ep_rew_mean          | 33.2        |
| time/                   |             |
|    fps                  | 46          |
|    iterations           | 203         |
|    time_elapsed         | 17912       |
|    total_timesteps      | 831488      |
| train/                  |             |
|    approx_kl            | 0.030711439 |
|    clip_fraction        | 0.381       |
|    clip_range           | 0.2         |
|    entropy_loss         | -3.28       |
|    explained_variance   | 0.783       |
|    learning_rate        | 0.0003      |
|    loss                 | 0.161       |
|    n_updates            | 2020        |
|    policy_gradient_loss | -0.0046     |
|    std                  | 0.347       |
|    value_loss           | 0.336       |
-----------------------------------------
-----------------------------------------
| energy/                 |             |
|    E_damp_J             | 0.048       |
|    E_fric_J             | 0.0144      |
|    E_norm_J             | 0.00304     |
|    W_neg_J              | 0.0111      |
|    W_pos_J              | 0.0764      |
| reward/                 |             |
|    r_energy             | -0.0639     |
| rollout/                |             |
|    ep_len_mean          | 82          |
|    ep_rew_mean          | 33.5        |
| time/                   |             |
|    fps                  | 46          |
|    iterations           | 204         |
|    time_elapsed         | 18000       |
|    total_timesteps      | 835584      |
| train/                  |             |
|    approx_kl            | 0.029894134 |
|    clip_fraction        | 0.375       |
|    clip_range           | 0.2         |
|    entropy_loss         | -3.21       |
|    explained_variance   | 0.831       |
|    learning_rate        | 0.0003      |
|    loss                 | 0.0863      |
|    n_updates            | 2030        |
|    policy_gradient_loss | -0.0106     |
|    std                  | 0.343       |
|    value_loss           | 0.229       |
-----------------------------------------
----------------------------------------
| energy/                 |            |
|    E_damp_J             | 0.0414     |
|    E_fric_J             | 0.0141     |
|    E_norm_J             | 0.00289    |
|    W_neg_J              | 0.0145     |
|    W_pos_J              | 0.0724     |
| reward/                 |            |
|    r_energy             | -0.061     |
| rollout/                |            |
|    ep_len_mean          | 82         |
|    ep_rew_mean          | 33.8       |
| time/                   |            |
|    fps                  | 46         |
|    iterations           | 205        |
|    time_elapsed         | 18088      |
|    total_timesteps      | 839680     |
| train/                  |            |
|    approx_kl            | 0.03839581 |
|    clip_fraction        | 0.363      |
|    clip_range           | 0.2        |
|    entropy_loss         | -3.15      |
|    explained_variance   | 0.769      |
|    learning_rate        | 0.0003     |
|    loss                 | 0.0777     |
|    n_updates            | 2040       |
|    policy_gradient_loss | -0.00657   |
|    std                  | 0.342      |
|    value_loss           | 0.364      |
----------------------------------------
----------------------------------------
| energy/                 |            |
|    E_damp_J             | 0.0488     |
|    E_fric_J             | 0.0144     |
|    E_norm_J             | 0.00312    |
|    W_neg_J              | 0.00887    |
|    W_pos_J              | 0.0792     |
| reward/                 |            |
|    r_energy             | -0.0638    |
| rollout/                |            |
|    ep_len_mean          | 82         |
|    ep_rew_mean          | 34.1       |
| time/                   |            |
|    fps                  | 46         |
|    iterations           | 206        |
|    time_elapsed         | 18176      |
|    total_timesteps      | 843776     |
| train/                  |            |
|    approx_kl            | 0.04320308 |
|    clip_fraction        | 0.362      |
|    clip_range           | 0.2        |
|    entropy_loss         | -3.12      |
|    explained_variance   | 0.782      |
|    learning_rate        | 0.0003     |
|    loss                 | 0.105      |
|    n_updates            | 2050       |
|    policy_gradient_loss | -0.00693   |
|    std                  | 0.342      |
|    value_loss           | 0.302      |
----------------------------------------
-----------------------------------------
| energy/                 |             |
|    E_damp_J             | 0.0449      |
|    E_fric_J             | 0.0146      |
|    E_norm_J             | 0.00301     |
|    W_neg_J              | 0.0134      |
|    W_pos_J              | 0.0772      |
| reward/                 |             |
|    r_energy             | -0.064      |
| rollout/                |             |
|    ep_len_mean          | 82          |
|    ep_rew_mean          | 34.2        |
| time/                   |             |
|    fps                  | 46          |
|    iterations           | 207         |
|    time_elapsed         | 18264       |
|    total_timesteps      | 847872      |
| train/                  |             |
|    approx_kl            | 0.033391878 |
|    clip_fraction        | 0.353       |
|    clip_range           | 0.2         |
|    entropy_loss         | -3.08       |
|    explained_variance   | 0.823       |
|    learning_rate        | 0.0003      |
|    loss                 | 0.104       |
|    n_updates            | 2060        |
|    policy_gradient_loss | -0.00425    |
|    std                  | 0.34        |
|    value_loss           | 0.274       |
-----------------------------------------
----------------------------------------
| energy/                 |            |
|    E_damp_J             | 0.0465     |
|    E_fric_J             | 0.0145     |
|    E_norm_J             | 0.003      |
|    W_neg_J              | 0.0125     |
|    W_pos_J              | 0.0768     |
| reward/                 |            |
|    r_energy             | -0.064     |
| rollout/                |            |
|    ep_len_mean          | 82         |
|    ep_rew_mean          | 34.6       |
| time/                   |            |
|    fps                  | 46         |
|    iterations           | 208        |
|    time_elapsed         | 18354      |
|    total_timesteps      | 851968     |
| train/                  |            |
|    approx_kl            | 0.03697133 |
|    clip_fraction        | 0.395      |
|    clip_range           | 0.2        |
|    entropy_loss         | -3.03      |
|    explained_variance   | 0.779      |
|    learning_rate        | 0.0003     |
|    loss                 | 0.136      |
|    n_updates            | 2070       |
|    policy_gradient_loss | -0.00247   |
|    std                  | 0.338      |
|    value_loss           | 0.35       |
----------------------------------------
-----------------------------------------
| energy/                 |             |
|    E_damp_J             | 0.0419      |
|    E_fric_J             | 0.0142      |
|    E_norm_J             | 0.00281     |
|    W_neg_J              | 0.0143      |
|    W_pos_J              | 0.0733      |
| reward/                 |             |
|    r_energy             | -0.0614     |
| rollout/                |             |
|    ep_len_mean          | 82          |
|    ep_rew_mean          | 34.6        |
| time/                   |             |
|    fps                  | 46          |
|    iterations           | 209         |
|    time_elapsed         | 18443       |
|    total_timesteps      | 856064      |
| train/                  |             |
|    approx_kl            | 0.046191506 |
|    clip_fraction        | 0.372       |
|    clip_range           | 0.2         |
|    entropy_loss         | -2.97       |
|    explained_variance   | 0.827       |
|    learning_rate        | 0.0003      |
|    loss                 | 0.101       |
|    n_updates            | 2080        |
|    policy_gradient_loss | -0.00717    |
|    std                  | 0.336       |
|    value_loss           | 0.269       |
-----------------------------------------
----------------------------------------
| energy/                 |            |
|    E_damp_J             | 0.0502     |
|    E_fric_J             | 0.0146     |
|    E_norm_J             | 0.00311    |
|    W_neg_J              | 0.0113     |
|    W_pos_J              | 0.0734     |
| reward/                 |            |
|    r_energy             | -0.0643    |
| rollout/                |            |
|    ep_len_mean          | 82         |
|    ep_rew_mean          | 34.7       |
| time/                   |            |
|    fps                  | 46         |
|    iterations           | 210        |
|    time_elapsed         | 18530      |
|    total_timesteps      | 860160     |
| train/                  |            |
|    approx_kl            | 0.04099878 |
|    clip_fraction        | 0.366      |
|    clip_range           | 0.2        |
|    entropy_loss         | -2.92      |
|    explained_variance   | 0.791      |
|    learning_rate        | 0.0003     |
|    loss                 | 0.114      |
|    n_updates            | 2090       |
|    policy_gradient_loss | -0.00582   |
|    std                  | 0.335      |
|    value_loss           | 0.324      |
----------------------------------------
-----------------------------------------
| energy/                 |             |
|    E_damp_J             | 0.049       |
|    E_fric_J             | 0.0144      |
|    E_norm_J             | 0.00302     |
|    W_neg_J              | 0.0102      |
|    W_pos_J              | 0.0753      |
| reward/                 |             |
|    r_energy             | -0.0635     |
| rollout/                |             |
|    ep_len_mean          | 82          |
|    ep_rew_mean          | 35.1        |
| time/                   |             |
|    fps                  | 46          |
|    iterations           | 211         |
|    time_elapsed         | 18618       |
|    total_timesteps      | 864256      |
| train/                  |             |
|    approx_kl            | 0.037280507 |
|    clip_fraction        | 0.381       |
|    clip_range           | 0.2         |
|    entropy_loss         | -2.88       |
|    explained_variance   | 0.82        |
|    learning_rate        | 0.0003      |
|    loss                 | 0.0934      |
|    n_updates            | 2100        |
|    policy_gradient_loss | -0.00936    |
|    std                  | 0.333       |
|    value_loss           | 0.29        |
-----------------------------------------
-----------------------------------------
| energy/                 |             |
|    E_damp_J             | 0.0467      |
|    E_fric_J             | 0.0147      |
|    E_norm_J             | 0.00297     |
|    W_neg_J              | 0.0109      |
|    W_pos_J              | 0.0739      |
| reward/                 |             |
|    r_energy             | -0.0623     |
| rollout/                |             |
|    ep_len_mean          | 82          |
|    ep_rew_mean          | 35.5        |
| time/                   |             |
|    fps                  | 46          |
|    iterations           | 212         |
|    time_elapsed         | 18706       |
|    total_timesteps      | 868352      |
| train/                  |             |
|    approx_kl            | 0.033895694 |
|    clip_fraction        | 0.38        |
|    clip_range           | 0.2         |
|    entropy_loss         | -2.83       |
|    explained_variance   | 0.796       |
|    learning_rate        | 0.0003      |
|    loss                 | 0.165       |
|    n_updates            | 2110        |
|    policy_gradient_loss | -0.00494    |
|    std                  | 0.332       |
|    value_loss           | 0.328       |
-----------------------------------------
-----------------------------------------
| energy/                 |             |
|    E_damp_J             | 0.0465      |
|    E_fric_J             | 0.0142      |
|    E_norm_J             | 0.00284     |
|    W_neg_J              | 0.0134      |
|    W_pos_J              | 0.0742      |
| reward/                 |             |
|    r_energy             | -0.0635     |
| rollout/                |             |
|    ep_len_mean          | 82          |
|    ep_rew_mean          | 35.7        |
| time/                   |             |
|    fps                  | 46          |
|    iterations           | 213         |
|    time_elapsed         | 18793       |
|    total_timesteps      | 872448      |
| train/                  |             |
|    approx_kl            | 0.039010834 |
|    clip_fraction        | 0.395       |
|    clip_range           | 0.2         |
|    entropy_loss         | -2.76       |
|    explained_variance   | 0.838       |
|    learning_rate        | 0.0003      |
|    loss                 | 0.0664      |
|    n_updates            | 2120        |
|    policy_gradient_loss | -0.00577    |
|    std                  | 0.329       |
|    value_loss           | 0.245       |
-----------------------------------------
-----------------------------------------
| energy/                 |             |
|    E_damp_J             | 0.0438      |
|    E_fric_J             | 0.0141      |
|    E_norm_J             | 0.00291     |
|    W_neg_J              | 0.0204      |
|    W_pos_J              | 0.0596      |
| reward/                 |             |
|    r_energy             | -0.062      |
| rollout/                |             |
|    ep_len_mean          | 82          |
|    ep_rew_mean          | 36.1        |
| time/                   |             |
|    fps                  | 46          |
|    iterations           | 214         |
|    time_elapsed         | 18881       |
|    total_timesteps      | 876544      |
| train/                  |             |
|    approx_kl            | 0.031394634 |
|    clip_fraction        | 0.37        |
|    clip_range           | 0.2         |
|    entropy_loss         | -2.69       |
|    explained_variance   | 0.826       |
|    learning_rate        | 0.0003      |
|    loss                 | 0.0932      |
|    n_updates            | 2130        |
|    policy_gradient_loss | -0.00979    |
|    std                  | 0.327       |
|    value_loss           | 0.301       |
-----------------------------------------
-----------------------------------------
| energy/                 |             |
|    E_damp_J             | 0.0445      |
|    E_fric_J             | 0.0146      |
|    E_norm_J             | 0.00293     |
|    W_neg_J              | 0.0107      |
|    W_pos_J              | 0.0819      |
| reward/                 |             |
|    r_energy             | -0.0635     |
| rollout/                |             |
|    ep_len_mean          | 82          |
|    ep_rew_mean          | 36.6        |
| time/                   |             |
|    fps                  | 46          |
|    iterations           | 215         |
|    time_elapsed         | 18967       |
|    total_timesteps      | 880640      |
| train/                  |             |
|    approx_kl            | 0.037586175 |
|    clip_fraction        | 0.37        |
|    clip_range           | 0.2         |
|    entropy_loss         | -2.63       |
|    explained_variance   | 0.844       |
|    learning_rate        | 0.0003      |
|    loss                 | 0.111       |
|    n_updates            | 2140        |
|    policy_gradient_loss | -0.00591    |
|    std                  | 0.325       |
|    value_loss           | 0.266       |
-----------------------------------------
-----------------------------------------
| energy/                 |             |
|    E_damp_J             | 0.0462      |
|    E_fric_J             | 0.0143      |
|    E_norm_J             | 0.00291     |
|    W_neg_J              | 0.0187      |
|    W_pos_J              | 0.0662      |
| reward/                 |             |
|    r_energy             | -0.0643     |
| rollout/                |             |
|    ep_len_mean          | 82          |
|    ep_rew_mean          | 36.7        |
| time/                   |             |
|    fps                  | 46          |
|    iterations           | 216         |
|    time_elapsed         | 19053       |
|    total_timesteps      | 884736      |
| train/                  |             |
|    approx_kl            | 0.030177092 |
|    clip_fraction        | 0.349       |
|    clip_range           | 0.2         |
|    entropy_loss         | -2.55       |
|    explained_variance   | 0.831       |
|    learning_rate        | 0.0003      |
|    loss                 | 0.0904      |
|    n_updates            | 2150        |
|    policy_gradient_loss | -0.00516    |
|    std                  | 0.323       |
|    value_loss           | 0.262       |
-----------------------------------------
-----------------------------------------
| energy/                 |             |
|    E_damp_J             | 0.0474      |
|    E_fric_J             | 0.0147      |
|    E_norm_J             | 0.00296     |
|    W_neg_J              | 0.0123      |
|    W_pos_J              | 0.0764      |
| reward/                 |             |
|    r_energy             | -0.0643     |
| rollout/                |             |
|    ep_len_mean          | 82          |
|    ep_rew_mean          | 37.1        |
| time/                   |             |
|    fps                  | 46          |
|    iterations           | 217         |
|    time_elapsed         | 19139       |
|    total_timesteps      | 888832      |
| train/                  |             |
|    approx_kl            | 0.035018757 |
|    clip_fraction        | 0.371       |
|    clip_range           | 0.2         |
|    entropy_loss         | -2.53       |
|    explained_variance   | 0.85        |
|    learning_rate        | 0.0003      |
|    loss                 | 0.0604      |
|    n_updates            | 2160        |
|    policy_gradient_loss | -0.00549    |
|    std                  | 0.323       |
|    value_loss           | 0.259       |
-----------------------------------------
-----------------------------------------
| energy/                 |             |
|    E_damp_J             | 0.0433      |
|    E_fric_J             | 0.014       |
|    E_norm_J             | 0.00347     |
|    W_neg_J              | 0.0213      |
|    W_pos_J              | 0.0739      |
| reward/                 |             |
|    r_energy             | -0.0671     |
| rollout/                |             |
|    ep_len_mean          | 82          |
|    ep_rew_mean          | 37.2        |
| time/                   |             |
|    fps                  | 46          |
|    iterations           | 218         |
|    time_elapsed         | 19226       |
|    total_timesteps      | 892928      |
| train/                  |             |
|    approx_kl            | 0.035110205 |
|    clip_fraction        | 0.353       |
|    clip_range           | 0.2         |
|    entropy_loss         | -2.54       |
|    explained_variance   | 0.852       |
|    learning_rate        | 0.0003      |
|    loss                 | 0.0701      |
|    n_updates            | 2170        |
|    policy_gradient_loss | -0.0047     |
|    std                  | 0.323       |
|    value_loss           | 0.223       |
-----------------------------------------
----------------------------------------
| energy/                 |            |
|    E_damp_J             | 0.0499     |
|    E_fric_J             | 0.0148     |
|    E_norm_J             | 0.00285    |
|    W_neg_J              | 0.00861    |
|    W_pos_J              | 0.0796     |
| reward/                 |            |
|    r_energy             | -0.0642    |
| rollout/                |            |
|    ep_len_mean          | 82         |
|    ep_rew_mean          | 37.1       |
| time/                   |            |
|    fps                  | 46         |
|    iterations           | 219        |
|    time_elapsed         | 19312      |
|    total_timesteps      | 897024     |
| train/                  |            |
|    approx_kl            | 0.03505608 |
|    clip_fraction        | 0.374      |
|    clip_range           | 0.2        |
|    entropy_loss         | -2.5       |
|    explained_variance   | 0.852      |
|    learning_rate        | 0.0003     |
|    loss                 | 0.104      |
|    n_updates            | 2180       |
|    policy_gradient_loss | -0.00356   |
|    std                  | 0.321      |
|    value_loss           | 0.26       |
----------------------------------------
----------------------------------------
| energy/                 |            |
|    E_damp_J             | 0.0512     |
|    E_fric_J             | 0.0142     |
|    E_norm_J             | 0.0208     |
|    W_neg_J              | 0.0321     |
|    W_pos_J              | 0.0886     |
| reward/                 |            |
|    r_energy             | -0.0993    |
| rollout/                |            |
|    ep_len_mean          | 82         |
|    ep_rew_mean          | 37.8       |
| time/                   |            |
|    fps                  | 46         |
|    iterations           | 220        |
|    time_elapsed         | 19399      |
|    total_timesteps      | 901120     |
| train/                  |            |
|    approx_kl            | 0.03237653 |
|    clip_fraction        | 0.364      |
|    clip_range           | 0.2        |
|    entropy_loss         | -2.47      |
|    explained_variance   | 0.842      |
|    learning_rate        | 0.0003     |
|    loss                 | 0.156      |
|    n_updates            | 2190       |
|    policy_gradient_loss | -0.00763   |
|    std                  | 0.321      |
|    value_loss           | 0.27       |
----------------------------------------
-----------------------------------------
| energy/                 |             |
|    E_damp_J             | 0.048       |
|    E_fric_J             | 0.0148      |
|    E_norm_J             | 0.00291     |
|    W_neg_J              | 0.00943     |
|    W_pos_J              | 0.0873      |
| reward/                 |             |
|    r_energy             | -0.0662     |
| rollout/                |             |
|    ep_len_mean          | 82          |
|    ep_rew_mean          | 37.9        |
| time/                   |             |
|    fps                  | 46          |
|    iterations           | 221         |
|    time_elapsed         | 19487       |
|    total_timesteps      | 905216      |
| train/                  |             |
|    approx_kl            | 0.041816622 |
|    clip_fraction        | 0.382       |
|    clip_range           | 0.2         |
|    entropy_loss         | -2.46       |
|    explained_variance   | 0.876       |
|    learning_rate        | 0.0003      |
|    loss                 | 0.072       |
|    n_updates            | 2200        |
|    policy_gradient_loss | -0.00552    |
|    std                  | 0.321       |
|    value_loss           | 0.214       |
-----------------------------------------
-----------------------------------------
| energy/                 |             |
|    E_damp_J             | 0.0657      |
|    E_fric_J             | 0.0139      |
|    E_norm_J             | 0.0205      |
|    W_neg_J              | 0.0605      |
|    W_pos_J              | 0.104       |
| reward/                 |             |
|    r_energy             | -0.128      |
| rollout/                |             |
|    ep_len_mean          | 82          |
|    ep_rew_mean          | 38.1        |
| time/                   |             |
|    fps                  | 46          |
|    iterations           | 222         |
|    time_elapsed         | 19574       |
|    total_timesteps      | 909312      |
| train/                  |             |
|    approx_kl            | 0.033585638 |
|    clip_fraction        | 0.374       |
|    clip_range           | 0.2         |
|    entropy_loss         | -2.4        |
|    explained_variance   | 0.866       |
|    learning_rate        | 0.0003      |
|    loss                 | 0.0513      |
|    n_updates            | 2210        |
|    policy_gradient_loss | -0.00407    |
|    std                  | 0.318       |
|    value_loss           | 0.218       |
-----------------------------------------
-----------------------------------------
| energy/                 |             |
|    E_damp_J             | 0.0475      |
|    E_fric_J             | 0.015       |
|    E_norm_J             | 0.00304     |
|    W_neg_J              | 0.00668     |
|    W_pos_J              | 0.0844      |
| reward/                 |             |
|    r_energy             | -0.0636     |
| rollout/                |             |
|    ep_len_mean          | 82          |
|    ep_rew_mean          | 38.5        |
| time/                   |             |
|    fps                  | 46          |
|    iterations           | 223         |
|    time_elapsed         | 19660       |
|    total_timesteps      | 913408      |
| train/                  |             |
|    approx_kl            | 0.031059848 |
|    clip_fraction        | 0.373       |
|    clip_range           | 0.2         |
|    entropy_loss         | -2.33       |
|    explained_variance   | 0.89        |
|    learning_rate        | 0.0003      |
|    loss                 | 0.0317      |
|    n_updates            | 2220        |
|    policy_gradient_loss | -0.00666    |
|    std                  | 0.317       |
|    value_loss           | 0.185       |
-----------------------------------------
----------------------------------------
| energy/                 |            |
|    E_damp_J             | 0.0597     |
|    E_fric_J             | 0.0134     |
|    E_norm_J             | 0.02       |
|    W_neg_J              | 0.0483     |
|    W_pos_J              | 0.102      |
| reward/                 |            |
|    r_energy             | -0.116     |
| rollout/                |            |
|    ep_len_mean          | 82         |
|    ep_rew_mean          | 37.9       |
| time/                   |            |
|    fps                  | 46         |
|    iterations           | 224        |
|    time_elapsed         | 19746      |
|    total_timesteps      | 917504     |
| train/                  |            |
|    approx_kl            | 0.02840943 |
|    clip_fraction        | 0.354      |
|    clip_range           | 0.2        |
|    entropy_loss         | -2.27      |
|    explained_variance   | 0.864      |
|    learning_rate        | 0.0003     |
|    loss                 | 0.144      |
|    n_updates            | 2230       |
|    policy_gradient_loss | -0.00467   |
|    std                  | 0.315      |
|    value_loss           | 0.214      |
----------------------------------------
-----------------------------------------
| energy/                 |             |
|    E_damp_J             | 0.048       |
|    E_fric_J             | 0.0148      |
|    E_norm_J             | 0.00306     |
|    W_neg_J              | 0.00976     |
|    W_pos_J              | 0.0765      |
| reward/                 |             |
|    r_energy             | -0.0633     |
| rollout/                |             |
|    ep_len_mean          | 82          |
|    ep_rew_mean          | 38          |
| time/                   |             |
|    fps                  | 46          |
|    iterations           | 225         |
|    time_elapsed         | 19832       |
|    total_timesteps      | 921600      |
| train/                  |             |
|    approx_kl            | 0.033962123 |
|    clip_fraction        | 0.361       |
|    clip_range           | 0.2         |
|    entropy_loss         | -2.2        |
|    explained_variance   | 0.872       |
|    learning_rate        | 0.0003      |
|    loss                 | 0.0684      |
|    n_updates            | 2240        |
|    policy_gradient_loss | -0.00361    |
|    std                  | 0.313       |
|    value_loss           | 0.239       |
-----------------------------------------
----------------------------------------
| energy/                 |            |
|    E_damp_J             | 0.0614     |
|    E_fric_J             | 0.0148     |
|    E_norm_J             | 0.0199     |
|    W_neg_J              | 0.0423     |
|    W_pos_J              | 0.11       |
| reward/                 |            |
|    r_energy             | -0.116     |
| rollout/                |            |
|    ep_len_mean          | 82         |
|    ep_rew_mean          | 38.5       |
| time/                   |            |
|    fps                  | 46         |
|    iterations           | 226        |
|    time_elapsed         | 19919      |
|    total_timesteps      | 925696     |
| train/                  |            |
|    approx_kl            | 0.03163137 |
|    clip_fraction        | 0.376      |
|    clip_range           | 0.2        |
|    entropy_loss         | -2.17      |
|    explained_variance   | 0.873      |
|    learning_rate        | 0.0003     |
|    loss                 | 0.0693     |
|    n_updates            | 2250       |
|    policy_gradient_loss | -0.00274   |
|    std                  | 0.312      |
|    value_loss           | 0.21       |
----------------------------------------
----------------------------------------
| energy/                 |            |
|    E_damp_J             | 0.0464     |
|    E_fric_J             | 0.0149     |
|    E_norm_J             | 0.00302    |
|    W_neg_J              | 0.0114     |
|    W_pos_J              | 0.0735     |
| reward/                 |            |
|    r_energy             | -0.0625    |
| rollout/                |            |
|    ep_len_mean          | 82         |
|    ep_rew_mean          | 38.4       |
| time/                   |            |
|    fps                  | 46         |
|    iterations           | 227        |
|    time_elapsed         | 20005      |
|    total_timesteps      | 929792     |
| train/                  |            |
|    approx_kl            | 0.03250023 |
|    clip_fraction        | 0.387      |
|    clip_range           | 0.2        |
|    entropy_loss         | -2.14      |
|    explained_variance   | 0.846      |
|    learning_rate        | 0.0003     |
|    loss                 | 0.1        |
|    n_updates            | 2260       |
|    policy_gradient_loss | -0.00756   |
|    std                  | 0.311      |
|    value_loss           | 0.275      |
----------------------------------------
----------------------------------------
| energy/                 |            |
|    E_damp_J             | 0.0631     |
|    E_fric_J             | 0.0142     |
|    E_norm_J             | 0.0202     |
|    W_neg_J              | 0.0552     |
|    W_pos_J              | 0.111      |
| reward/                 |            |
|    r_energy             | -0.125     |
| rollout/                |            |
|    ep_len_mean          | 82         |
|    ep_rew_mean          | 38.9       |
| time/                   |            |
|    fps                  | 46         |
|    iterations           | 228        |
|    time_elapsed         | 20092      |
|    total_timesteps      | 933888     |
| train/                  |            |
|    approx_kl            | 0.03308455 |
|    clip_fraction        | 0.386      |
|    clip_range           | 0.2        |
|    entropy_loss         | -2.13      |
|    explained_variance   | 0.865      |
|    learning_rate        | 0.0003     |
|    loss                 | 0.107      |
|    n_updates            | 2270       |
|    policy_gradient_loss | -0.00589   |
|    std                  | 0.312      |
|    value_loss           | 0.238      |
----------------------------------------
----------------------------------------
| energy/                 |            |
|    E_damp_J             | 0.0485     |
|    E_fric_J             | 0.0153     |
|    E_norm_J             | 0.00308    |
|    W_neg_J              | 0.00859    |
|    W_pos_J              | 0.0766     |
| reward/                 |            |
|    r_energy             | -0.0631    |
| rollout/                |            |
|    ep_len_mean          | 82         |
|    ep_rew_mean          | 39.4       |
| time/                   |            |
|    fps                  | 46         |
|    iterations           | 229        |
|    time_elapsed         | 20179      |
|    total_timesteps      | 937984     |
| train/                  |            |
|    approx_kl            | 0.03691003 |
|    clip_fraction        | 0.399      |
|    clip_range           | 0.2        |
|    entropy_loss         | -2.11      |
|    explained_variance   | 0.895      |
|    learning_rate        | 0.0003     |
|    loss                 | 0.0289     |
|    n_updates            | 2280       |
|    policy_gradient_loss | -0.0068    |
|    std                  | 0.312      |
|    value_loss           | 0.181      |
----------------------------------------
-----------------------------------------
| energy/                 |             |
|    E_damp_J             | 0.0691      |
|    E_fric_J             | 0.0151      |
|    E_norm_J             | 0.0204      |
|    W_neg_J              | 0.0477      |
|    W_pos_J              | 0.121       |
| reward/                 |             |
|    r_energy             | -0.127      |
| rollout/                |             |
|    ep_len_mean          | 82          |
|    ep_rew_mean          | 39.2        |
| time/                   |             |
|    fps                  | 46          |
|    iterations           | 230         |
|    time_elapsed         | 20266       |
|    total_timesteps      | 942080      |
| train/                  |             |
|    approx_kl            | 0.031527318 |
|    clip_fraction        | 0.404       |
|    clip_range           | 0.2         |
|    entropy_loss         | -2.1        |
|    explained_variance   | 0.869       |
|    learning_rate        | 0.0003      |
|    loss                 | 0.118       |
|    n_updates            | 2290        |
|    policy_gradient_loss | -0.00269    |
|    std                  | 0.312       |
|    value_loss           | 0.213       |
-----------------------------------------
-----------------------------------------
| energy/                 |             |
|    E_damp_J             | 0.0476      |
|    E_fric_J             | 0.0152      |
|    E_norm_J             | 0.00294     |
|    W_neg_J              | 0.00799     |
|    W_pos_J              | 0.0869      |
| reward/                 |             |
|    r_energy             | -0.0652     |
| rollout/                |             |
|    ep_len_mean          | 82          |
|    ep_rew_mean          | 39          |
| time/                   |             |
|    fps                  | 46          |
|    iterations           | 231         |
|    time_elapsed         | 20353       |
|    total_timesteps      | 946176      |
| train/                  |             |
|    approx_kl            | 0.035074264 |
|    clip_fraction        | 0.379       |
|    clip_range           | 0.2         |
|    entropy_loss         | -2.08       |
|    explained_variance   | 0.885       |
|    learning_rate        | 0.0003      |
|    loss                 | 0.083       |
|    n_updates            | 2300        |
|    policy_gradient_loss | -0.00141    |
|    std                  | 0.312       |
|    value_loss           | 0.192       |
-----------------------------------------
-----------------------------------------
| energy/                 |             |
|    E_damp_J             | 0.0649      |
|    E_fric_J             | 0.0149      |
|    E_norm_J             | 0.0203      |
|    W_neg_J              | 0.0477      |
|    W_pos_J              | 0.117       |
| reward/                 |             |
|    r_energy             | -0.124      |
| rollout/                |             |
|    ep_len_mean          | 82          |
|    ep_rew_mean          | 39.1        |
| time/                   |             |
|    fps                  | 46          |
|    iterations           | 232         |
|    time_elapsed         | 20440       |
|    total_timesteps      | 950272      |
| train/                  |             |
|    approx_kl            | 0.035002455 |
|    clip_fraction        | 0.409       |
|    clip_range           | 0.2         |
|    entropy_loss         | -2.06       |
|    explained_variance   | 0.867       |
|    learning_rate        | 0.0003      |
|    loss                 | 0.0411      |
|    n_updates            | 2310        |
|    policy_gradient_loss | -0.00251    |
|    std                  | 0.311       |
|    value_loss           | 0.225       |
-----------------------------------------
-----------------------------------------
| energy/                 |             |
|    E_damp_J             | 0.0472      |
|    E_fric_J             | 0.0154      |
|    E_norm_J             | 0.00321     |
|    W_neg_J              | 0.0101      |
|    W_pos_J              | 0.0778      |
| reward/                 |             |
|    r_energy             | -0.0639     |
| rollout/                |             |
|    ep_len_mean          | 82          |
|    ep_rew_mean          | 39.4        |
| time/                   |             |
|    fps                  | 46          |
|    iterations           | 233         |
|    time_elapsed         | 20526       |
|    total_timesteps      | 954368      |
| train/                  |             |
|    approx_kl            | 0.030536184 |
|    clip_fraction        | 0.38        |
|    clip_range           | 0.2         |
|    entropy_loss         | -2.04       |
|    explained_variance   | 0.85        |
|    learning_rate        | 0.0003      |
|    loss                 | 0.104       |
|    n_updates            | 2320        |
|    policy_gradient_loss | -0.000593   |
|    std                  | 0.311       |
|    value_loss           | 0.275       |
-----------------------------------------
----------------------------------------
| energy/                 |            |
|    E_damp_J             | 0.0611     |
|    E_fric_J             | 0.0145     |
|    E_norm_J             | 0.0206     |
|    W_neg_J              | 0.0452     |
|    W_pos_J              | 0.115      |
| reward/                 |            |
|    r_energy             | -0.12      |
| rollout/                |            |
|    ep_len_mean          | 82         |
|    ep_rew_mean          | 39.2       |
| time/                   |            |
|    fps                  | 46         |
|    iterations           | 234        |
|    time_elapsed         | 20613      |
|    total_timesteps      | 958464     |
| train/                  |            |
|    approx_kl            | 0.03455609 |
|    clip_fraction        | 0.397      |
|    clip_range           | 0.2        |
|    entropy_loss         | -2.05      |
|    explained_variance   | 0.865      |
|    learning_rate        | 0.0003     |
|    loss                 | 0.0696     |
|    n_updates            | 2330       |
|    policy_gradient_loss | -0.000597  |
|    std                  | 0.312      |
|    value_loss           | 0.211      |
----------------------------------------
-----------------------------------------
| energy/                 |             |
|    E_damp_J             | 0.0467      |
|    E_fric_J             | 0.0149      |
|    E_norm_J             | 0.00289     |
|    W_neg_J              | 0.01        |
|    W_pos_J              | 0.0786      |
| reward/                 |             |
|    r_energy             | -0.0632     |
| rollout/                |             |
|    ep_len_mean          | 82          |
|    ep_rew_mean          | 38.9        |
| time/                   |             |
|    fps                  | 46          |
|    iterations           | 235         |
|    time_elapsed         | 20700       |
|    total_timesteps      | 962560      |
| train/                  |             |
|    approx_kl            | 0.035554573 |
|    clip_fraction        | 0.385       |
|    clip_range           | 0.2         |
|    entropy_loss         | -2.04       |
|    explained_variance   | 0.858       |
|    learning_rate        | 0.0003      |
|    loss                 | 0.0761      |
|    n_updates            | 2340        |
|    policy_gradient_loss | -0.00328    |
|    std                  | 0.312       |
|    value_loss           | 0.257       |
-----------------------------------------
--------------------------------------
| energy/                 |          |
|    E_damp_J             | 0.0635   |
|    E_fric_J             | 0.0138   |
|    E_norm_J             | 0.0203   |
|    W_neg_J              | 0.0497   |
|    W_pos_J              | 0.106    |
| reward/                 |          |
|    r_energy             | -0.121   |
| rollout/                |          |
|    ep_len_mean          | 82       |
|    ep_rew_mean          | 39.6     |
| time/                   |          |
|    fps                  | 46       |
|    iterations           | 236      |
|    time_elapsed         | 20786    |
|    total_timesteps      | 966656   |
| train/                  |          |
|    approx_kl            | 0.036669 |
|    clip_fraction        | 0.401    |
|    clip_range           | 0.2      |
|    entropy_loss         | -2       |
|    explained_variance   | 0.891    |
|    learning_rate        | 0.0003   |
|    loss                 | 0.0422   |
|    n_updates            | 2350     |
|    policy_gradient_loss | -0.00337 |
|    std                  | 0.31     |
|    value_loss           | 0.189    |
--------------------------------------
----------------------------------------
| energy/                 |            |
|    E_damp_J             | 0.048      |
|    E_fric_J             | 0.0147     |
|    E_norm_J             | 0.00282    |
|    W_neg_J              | 0.0094     |
|    W_pos_J              | 0.0788     |
| reward/                 |            |
|    r_energy             | -0.0635    |
| rollout/                |            |
|    ep_len_mean          | 82         |
|    ep_rew_mean          | 39.4       |
| time/                   |            |
|    fps                  | 46         |
|    iterations           | 237        |
|    time_elapsed         | 20874      |
|    total_timesteps      | 970752     |
| train/                  |            |
|    approx_kl            | 0.03456618 |
|    clip_fraction        | 0.401      |
|    clip_range           | 0.2        |
|    entropy_loss         | -1.96      |
|    explained_variance   | 0.874      |
|    learning_rate        | 0.0003     |
|    loss                 | 0.0944     |
|    n_updates            | 2360       |
|    policy_gradient_loss | -0.00789   |
|    std                  | 0.31       |
|    value_loss           | 0.234      |
----------------------------------------
-----------------------------------------
| energy/                 |             |
|    E_damp_J             | 0.0632      |
|    E_fric_J             | 0.0143      |
|    E_norm_J             | 0.0201      |
|    W_neg_J              | 0.0555      |
|    W_pos_J              | 0.0993      |
| reward/                 |             |
|    r_energy             | -0.122      |
| rollout/                |             |
|    ep_len_mean          | 82          |
|    ep_rew_mean          | 39.2        |
| time/                   |             |
|    fps                  | 46          |
|    iterations           | 238         |
|    time_elapsed         | 20960       |
|    total_timesteps      | 974848      |
| train/                  |             |
|    approx_kl            | 0.045914833 |
|    clip_fraction        | 0.399       |
|    clip_range           | 0.2         |
|    entropy_loss         | -1.93       |
|    explained_variance   | 0.897       |
|    learning_rate        | 0.0003      |
|    loss                 | 0.0758      |
|    n_updates            | 2370        |
|    policy_gradient_loss | -0.00216    |
|    std                  | 0.309       |
|    value_loss           | 0.192       |
-----------------------------------------
----------------------------------------
| energy/                 |            |
|    E_damp_J             | 0.0476     |
|    E_fric_J             | 0.0149     |
|    E_norm_J             | 0.00291    |
|    W_neg_J              | 0.0121     |
|    W_pos_J              | 0.0722     |
| reward/                 |            |
|    r_energy             | -0.063     |
| rollout/                |            |
|    ep_len_mean          | 82         |
|    ep_rew_mean          | 39.8       |
| time/                   |            |
|    fps                  | 46         |
|    iterations           | 239        |
|    time_elapsed         | 21047      |
|    total_timesteps      | 978944     |
| train/                  |            |
|    approx_kl            | 0.03378597 |
|    clip_fraction        | 0.38       |
|    clip_range           | 0.2        |
|    entropy_loss         | -1.89      |
|    explained_variance   | 0.899      |
|    learning_rate        | 0.0003     |
|    loss                 | 0.0664     |
|    n_updates            | 2380       |
|    policy_gradient_loss | -0.00264   |
|    std                  | 0.307      |
|    value_loss           | 0.193      |
----------------------------------------
-----------------------------------------
| energy/                 |             |
|    E_damp_J             | 0.0623      |
|    E_fric_J             | 0.0144      |
|    E_norm_J             | 0.0202      |
|    W_neg_J              | 0.0446      |
|    W_pos_J              | 0.116       |
| reward/                 |             |
|    r_energy             | -0.12       |
| rollout/                |             |
|    ep_len_mean          | 82          |
|    ep_rew_mean          | 40          |
| time/                   |             |
|    fps                  | 46          |
|    iterations           | 240         |
|    time_elapsed         | 21134       |
|    total_timesteps      | 983040      |
| train/                  |             |
|    approx_kl            | 0.037447363 |
|    clip_fraction        | 0.382       |
|    clip_range           | 0.2         |
|    entropy_loss         | -1.83       |
|    explained_variance   | 0.895       |
|    learning_rate        | 0.0003      |
|    loss                 | 0.0635      |
|    n_updates            | 2390        |
|    policy_gradient_loss | -0.00446    |
|    std                  | 0.307       |
|    value_loss           | 0.184       |
-----------------------------------------
----------------------------------------
| energy/                 |            |
|    E_damp_J             | 0.0453     |
|    E_fric_J             | 0.015      |
|    E_norm_J             | 0.00291    |
|    W_neg_J              | 0.012      |
|    W_pos_J              | 0.0746     |
| reward/                 |            |
|    r_energy             | -0.0626    |
| rollout/                |            |
|    ep_len_mean          | 82         |
|    ep_rew_mean          | 40         |
| time/                   |            |
|    fps                  | 46         |
|    iterations           | 241        |
|    time_elapsed         | 21221      |
|    total_timesteps      | 987136     |
| train/                  |            |
|    approx_kl            | 0.05392617 |
|    clip_fraction        | 0.397      |
|    clip_range           | 0.2        |
|    entropy_loss         | -1.81      |
|    explained_variance   | 0.925      |
|    learning_rate        | 0.0003     |
|    loss                 | 0.0437     |
|    n_updates            | 2400       |
|    policy_gradient_loss | 0.00186    |
|    std                  | 0.306      |
|    value_loss           | 0.135      |
----------------------------------------
-----------------------------------------
| energy/                 |             |
|    E_damp_J             | 0.062       |
|    E_fric_J             | 0.0148      |
|    E_norm_J             | 0.0195      |
|    W_neg_J              | 0.0346      |
|    W_pos_J              | 0.11        |
| reward/                 |             |
|    r_energy             | -0.112      |
| rollout/                |             |
|    ep_len_mean          | 82          |
|    ep_rew_mean          | 40          |
| time/                   |             |
|    fps                  | 46          |
|    iterations           | 242         |
|    time_elapsed         | 21308       |
|    total_timesteps      | 991232      |
| train/                  |             |
|    approx_kl            | 0.033352252 |
|    clip_fraction        | 0.379       |
|    clip_range           | 0.2         |
|    entropy_loss         | -1.8        |
|    explained_variance   | 0.924       |
|    learning_rate        | 0.0003      |
|    loss                 | 0.0372      |
|    n_updates            | 2410        |
|    policy_gradient_loss | -0.00305    |
|    std                  | 0.306       |
|    value_loss           | 0.138       |
-----------------------------------------
-----------------------------------------
| energy/                 |             |
|    E_damp_J             | 0.0471      |
|    E_fric_J             | 0.0151      |
|    E_norm_J             | 0.00294     |
|    W_neg_J              | 0.00949     |
|    W_pos_J              | 0.0792      |
| reward/                 |             |
|    r_energy             | -0.0635     |
| rollout/                |             |
|    ep_len_mean          | 82          |
|    ep_rew_mean          | 40.3        |
| time/                   |             |
|    fps                  | 46          |
|    iterations           | 243         |
|    time_elapsed         | 21395       |
|    total_timesteps      | 995328      |
| train/                  |             |
|    approx_kl            | 0.039469324 |
|    clip_fraction        | 0.415       |
|    clip_range           | 0.2         |
|    entropy_loss         | -1.75       |
|    explained_variance   | 0.884       |
|    learning_rate        | 0.0003      |
|    loss                 | 0.0451      |
|    n_updates            | 2420        |
|    policy_gradient_loss | -0.00269    |
|    std                  | 0.304       |
|    value_loss           | 0.21        |
-----------------------------------------
-----------------------------------------
| energy/                 |             |
|    E_damp_J             | 0.061       |
|    E_fric_J             | 0.0146      |
|    E_norm_J             | 0.0192      |
|    W_neg_J              | 0.0364      |
|    W_pos_J              | 0.106       |
| reward/                 |             |
|    r_energy             | -0.111      |
| rollout/                |             |
|    ep_len_mean          | 82          |
|    ep_rew_mean          | 40.2        |
| time/                   |             |
|    fps                  | 46          |
|    iterations           | 244         |
|    time_elapsed         | 21482       |
|    total_timesteps      | 999424      |
| train/                  |             |
|    approx_kl            | 0.043252576 |
|    clip_fraction        | 0.414       |
|    clip_range           | 0.2         |
|    entropy_loss         | -1.7        |
|    explained_variance   | 0.903       |
|    learning_rate        | 0.0003      |
|    loss                 | 0.0795      |
|    n_updates            | 2430        |
|    policy_gradient_loss | 0.000185    |
|    std                  | 0.304       |
|    value_loss           | 0.162       |
-----------------------------------------
-----------------------------------------
| energy/                 |             |
|    E_damp_J             | 0.0454      |
|    E_fric_J             | 0.015       |
|    E_norm_J             | 0.00295     |
|    W_neg_J              | 0.0106      |
|    W_pos_J              | 0.0766      |
| reward/                 |             |
|    r_energy             | -0.0625     |
| rollout/                |             |
|    ep_len_mean          | 82          |
|    ep_rew_mean          | 40.2        |
| time/                   |             |
|    fps                  | 46          |
|    iterations           | 245         |
|    time_elapsed         | 21569       |
|    total_timesteps      | 1003520     |
| train/                  |             |
|    approx_kl            | 0.047292385 |
|    clip_fraction        | 0.406       |
|    clip_range           | 0.2         |
|    entropy_loss         | -1.67       |
|    explained_variance   | 0.874       |
|    learning_rate        | 0.0003      |
|    loss                 | 0.08        |
|    n_updates            | 2440        |
|    policy_gradient_loss | -0.00341    |
|    std                  | 0.303       |
|    value_loss           | 0.25        |
-----------------------------------------
----------------------------------------
| energy/                 |            |
|    E_damp_J             | 0.0466     |
|    E_fric_J             | 0.0155     |
|    E_norm_J             | 0.0031     |
|    W_neg_J              | 0.00785    |
|    W_pos_J              | 0.0818     |
| reward/                 |            |
|    r_energy             | -0.0634    |
| rollout/                |            |
|    ep_len_mean          | 82         |
|    ep_rew_mean          | 40.7       |
| time/                   |            |
|    fps                  | 46         |
|    iterations           | 246        |
|    time_elapsed         | 21655      |
|    total_timesteps      | 1007616    |
| train/                  |            |
|    approx_kl            | 0.04201167 |
|    clip_fraction        | 0.408      |
|    clip_range           | 0.2        |
|    entropy_loss         | -1.64      |
|    explained_variance   | 0.896      |
|    learning_rate        | 0.0003     |
|    loss                 | 0.0341     |
|    n_updates            | 2450       |
|    policy_gradient_loss | -0.00411   |
|    std                  | 0.302      |
|    value_loss           | 0.179      |
----------------------------------------
-----------------------------------------
| energy/                 |             |
|    E_damp_J             | 0.0446      |
|    E_fric_J             | 0.0153      |
|    E_norm_J             | 0.00296     |
|    W_neg_J              | 0.0087      |
|    W_pos_J              | 0.0844      |
| reward/                 |             |
|    r_energy             | -0.0635     |
| rollout/                |             |
|    ep_len_mean          | 82          |
|    ep_rew_mean          | 40.7        |
| time/                   |             |
|    fps                  | 46          |
|    iterations           | 247         |
|    time_elapsed         | 21741       |
|    total_timesteps      | 1011712     |
| train/                  |             |
|    approx_kl            | 0.037031412 |
|    clip_fraction        | 0.413       |
|    clip_range           | 0.2         |
|    entropy_loss         | -1.61       |
|    explained_variance   | 0.886       |
|    learning_rate        | 0.0003      |
|    loss                 | 0.0479      |
|    n_updates            | 2460        |
|    policy_gradient_loss | 0.00289     |
|    std                  | 0.302       |
|    value_loss           | 0.176       |
-----------------------------------------
----------------------------------------
| energy/                 |            |
|    E_damp_J             | 0.0456     |
|    E_fric_J             | 0.015      |
|    E_norm_J             | 0.00297    |
|    W_neg_J              | 0.00905    |
|    W_pos_J              | 0.0763     |
| reward/                 |            |
|    r_energy             | -0.0616    |
| rollout/                |            |
|    ep_len_mean          | 82         |
|    ep_rew_mean          | 40.4       |
| time/                   |            |
|    fps                  | 46         |
|    iterations           | 248        |
|    time_elapsed         | 21827      |
|    total_timesteps      | 1015808    |
| train/                  |            |
|    approx_kl            | 0.04233268 |
|    clip_fraction        | 0.408      |
|    clip_range           | 0.2        |
|    entropy_loss         | -1.57      |
|    explained_variance   | 0.844      |
|    learning_rate        | 0.0003     |
|    loss                 | 0.0528     |
|    n_updates            | 2470       |
|    policy_gradient_loss | -0.00456   |
|    std                  | 0.3        |
|    value_loss           | 0.289      |
----------------------------------------
---------------------------------------
| energy/                 |           |
|    E_damp_J             | 0.046     |
|    E_fric_J             | 0.0151    |
|    E_norm_J             | 0.00296   |
|    W_neg_J              | 0.0102    |
|    W_pos_J              | 0.0746    |
| reward/                 |           |
|    r_energy             | -0.062    |
| rollout/                |           |
|    ep_len_mean          | 82        |
|    ep_rew_mean          | 40.3      |
| time/                   |           |
|    fps                  | 46        |
|    iterations           | 249       |
|    time_elapsed         | 21912     |
|    total_timesteps      | 1019904   |
| train/                  |           |
|    approx_kl            | 0.0390637 |
|    clip_fraction        | 0.415     |
|    clip_range           | 0.2       |
|    entropy_loss         | -1.55     |
|    explained_variance   | 0.866     |
|    learning_rate        | 0.0003    |
|    loss                 | 0.0551    |
|    n_updates            | 2480      |
|    policy_gradient_loss | 0.0033    |
|    std                  | 0.301     |
|    value_loss           | 0.227     |
---------------------------------------
-----------------------------------------
| energy/                 |             |
|    E_damp_J             | 0.0431      |
|    E_fric_J             | 0.0154      |
|    E_norm_J             | 0.00295     |
|    W_neg_J              | 0.00653     |
|    W_pos_J              | 0.0918      |
| reward/                 |             |
|    r_energy             | -0.0637     |
| rollout/                |             |
|    ep_len_mean          | 82          |
|    ep_rew_mean          | 40.5        |
| time/                   |             |
|    fps                  | 46          |
|    iterations           | 250         |
|    time_elapsed         | 21998       |
|    total_timesteps      | 1024000     |
| train/                  |             |
|    approx_kl            | 0.038712207 |
|    clip_fraction        | 0.408       |
|    clip_range           | 0.2         |
|    entropy_loss         | -1.55       |
|    explained_variance   | 0.891       |
|    learning_rate        | 0.0003      |
|    loss                 | 0.0926      |
|    n_updates            | 2490        |
|    policy_gradient_loss | -0.00285    |
|    std                  | 0.3         |
|    value_loss           | 0.212       |
-----------------------------------------
-----------------------------------------
| energy/                 |             |
|    E_damp_J             | 0.0427      |
|    E_fric_J             | 0.0149      |
|    E_norm_J             | 0.00285     |
|    W_neg_J              | 0.00947     |
|    W_pos_J              | 0.0821      |
| reward/                 |             |
|    r_energy             | -0.062      |
| rollout/                |             |
|    ep_len_mean          | 82          |
|    ep_rew_mean          | 40.5        |
| time/                   |             |
|    fps                  | 46          |
|    iterations           | 251         |
|    time_elapsed         | 22084       |
|    total_timesteps      | 1028096     |
| train/                  |             |
|    approx_kl            | 0.039315045 |
|    clip_fraction        | 0.38        |
|    clip_range           | 0.2         |
|    entropy_loss         | -1.5        |
|    explained_variance   | 0.898       |
|    learning_rate        | 0.0003      |
|    loss                 | 0.0354      |
|    n_updates            | 2500        |
|    policy_gradient_loss | -0.00134    |
|    std                  | 0.299       |
|    value_loss           | 0.168       |
-----------------------------------------
-----------------------------------------
| energy/                 |             |
|    E_damp_J             | 0.0433      |
|    E_fric_J             | 0.015       |
|    E_norm_J             | 0.00285     |
|    W_neg_J              | 0.00898     |
|    W_pos_J              | 0.0813      |
| reward/                 |             |
|    r_energy             | -0.0618     |
| rollout/                |             |
|    ep_len_mean          | 82          |
|    ep_rew_mean          | 40.6        |
| time/                   |             |
|    fps                  | 46          |
|    iterations           | 252         |
|    time_elapsed         | 22170       |
|    total_timesteps      | 1032192     |
| train/                  |             |
|    approx_kl            | 0.039986923 |
|    clip_fraction        | 0.422       |
|    clip_range           | 0.2         |
|    entropy_loss         | -1.44       |
|    explained_variance   | 0.839       |
|    learning_rate        | 0.0003      |
|    loss                 | 0.0533      |
|    n_updates            | 2510        |
|    policy_gradient_loss | 0.000974    |
|    std                  | 0.297       |
|    value_loss           | 0.371       |
-----------------------------------------
----------------------------------------
| energy/                 |            |
|    E_damp_J             | 0.0439     |
|    E_fric_J             | 0.0147     |
|    E_norm_J             | 0.00285    |
|    W_neg_J              | 0.0106     |
|    W_pos_J              | 0.072      |
| reward/                 |            |
|    r_energy             | -0.0601    |
| rollout/                |            |
|    ep_len_mean          | 82         |
|    ep_rew_mean          | 41.1       |
| time/                   |            |
|    fps                  | 46         |
|    iterations           | 253        |
|    time_elapsed         | 22257      |
|    total_timesteps      | 1036288    |
| train/                  |            |
|    approx_kl            | 0.04050424 |
|    clip_fraction        | 0.403      |
|    clip_range           | 0.2        |
|    entropy_loss         | -1.38      |
|    explained_variance   | 0.893      |
|    learning_rate        | 0.0003     |
|    loss                 | 0.0679     |
|    n_updates            | 2520       |
|    policy_gradient_loss | 4.02e-05   |
|    std                  | 0.295      |
|    value_loss           | 0.164      |
----------------------------------------
-----------------------------------------
| energy/                 |             |
|    E_damp_J             | 0.0455      |
|    E_fric_J             | 0.0154      |
|    E_norm_J             | 0.00292     |
|    W_neg_J              | 0.00718     |
|    W_pos_J              | 0.0859      |
| reward/                 |             |
|    r_energy             | -0.0634     |
| rollout/                |             |
|    ep_len_mean          | 82          |
|    ep_rew_mean          | 41.2        |
| time/                   |             |
|    fps                  | 46          |
|    iterations           | 254         |
|    time_elapsed         | 22345       |
|    total_timesteps      | 1040384     |
| train/                  |             |
|    approx_kl            | 0.039794832 |
|    clip_fraction        | 0.407       |
|    clip_range           | 0.2         |
|    entropy_loss         | -1.34       |
|    explained_variance   | 0.893       |
|    learning_rate        | 0.0003      |
|    loss                 | 0.0584      |
|    n_updates            | 2530        |
|    policy_gradient_loss | -0.000454   |
|    std                  | 0.295       |
|    value_loss           | 0.188       |
-----------------------------------------
-----------------------------------------
| energy/                 |             |
|    E_damp_J             | 0.0451      |
|    E_fric_J             | 0.015       |
|    E_norm_J             | 0.00296     |
|    W_neg_J              | 0.00931     |
|    W_pos_J              | 0.0787      |
| reward/                 |             |
|    r_energy             | -0.0622     |
| rollout/                |             |
|    ep_len_mean          | 82          |
|    ep_rew_mean          | 41.2        |
| time/                   |             |
|    fps                  | 46          |
|    iterations           | 255         |
|    time_elapsed         | 22431       |
|    total_timesteps      | 1044480     |
| train/                  |             |
|    approx_kl            | 0.052250143 |
|    clip_fraction        | 0.428       |
|    clip_range           | 0.2         |
|    entropy_loss         | -1.3        |
|    explained_variance   | 0.893       |
|    learning_rate        | 0.0003      |
|    loss                 | 0.0543      |
|    n_updates            | 2540        |
|    policy_gradient_loss | 0.0012      |
|    std                  | 0.294       |
|    value_loss           | 0.188       |
-----------------------------------------
-----------------------------------------
| energy/                 |             |
|    E_damp_J             | 0.0453      |
|    E_fric_J             | 0.0151      |
|    E_norm_J             | 0.00289     |
|    W_neg_J              | 0.0088      |
|    W_pos_J              | 0.0761      |
| reward/                 |             |
|    r_energy             | -0.0612     |
| rollout/                |             |
|    ep_len_mean          | 82          |
|    ep_rew_mean          | 41.3        |
| time/                   |             |
|    fps                  | 46          |
|    iterations           | 256         |
|    time_elapsed         | 22518       |
|    total_timesteps      | 1048576     |
| train/                  |             |
|    approx_kl            | 0.036410924 |
|    clip_fraction        | 0.397       |
|    clip_range           | 0.2         |
|    entropy_loss         | -1.27       |
|    explained_variance   | 0.928       |
|    learning_rate        | 0.0003      |
|    loss                 | 0.0379      |
|    n_updates            | 2550        |
|    policy_gradient_loss | -0.00157    |
|    std                  | 0.293       |
|    value_loss           | 0.128       |
-----------------------------------------
-----------------------------------------
| energy/                 |             |
|    E_damp_J             | 0.0438      |
|    E_fric_J             | 0.0145      |
|    E_norm_J             | 0.00293     |
|    W_neg_J              | 0.0137      |
|    W_pos_J              | 0.078       |
| reward/                 |             |
|    r_energy             | -0.0637     |
| rollout/                |             |
|    ep_len_mean          | 82          |
|    ep_rew_mean          | 41.2        |
| time/                   |             |
|    fps                  | 46          |
|    iterations           | 257         |
|    time_elapsed         | 22606       |
|    total_timesteps      | 1052672     |
| train/                  |             |
|    approx_kl            | 0.045618474 |
|    clip_fraction        | 0.432       |
|    clip_range           | 0.2         |
|    entropy_loss         | -1.24       |
|    explained_variance   | 0.898       |
|    learning_rate        | 0.0003      |
|    loss                 | 0.0495      |
|    n_updates            | 2560        |
|    policy_gradient_loss | -0.000392   |
|    std                  | 0.293       |
|    value_loss           | 0.17        |
-----------------------------------------
----------------------------------------
| energy/                 |            |
|    E_damp_J             | 0.0441     |
|    E_fric_J             | 0.0153     |
|    E_norm_J             | 0.00298    |
|    W_neg_J              | 0.00773    |
|    W_pos_J              | 0.0816     |
| reward/                 |            |
|    r_energy             | -0.0618    |
| rollout/                |            |
|    ep_len_mean          | 82         |
|    ep_rew_mean          | 41.2       |
| time/                   |            |
|    fps                  | 46         |
|    iterations           | 258        |
|    time_elapsed         | 22693      |
|    total_timesteps      | 1056768    |
| train/                  |            |
|    approx_kl            | 0.03401975 |
|    clip_fraction        | 0.406      |
|    clip_range           | 0.2        |
|    entropy_loss         | -1.18      |
|    explained_variance   | 0.882      |
|    learning_rate        | 0.0003     |
|    loss                 | 0.0931     |
|    n_updates            | 2570       |
|    policy_gradient_loss | 0.00325    |
|    std                  | 0.291      |
|    value_loss           | 0.216      |
----------------------------------------
-----------------------------------------
| energy/                 |             |
|    E_damp_J             | 0.0452      |
|    E_fric_J             | 0.0144      |
|    E_norm_J             | 0.00317     |
|    W_neg_J              | 0.0231      |
|    W_pos_J              | 0.0721      |
| reward/                 |             |
|    r_energy             | -0.0685     |
| rollout/                |             |
|    ep_len_mean          | 82          |
|    ep_rew_mean          | 41.7        |
| time/                   |             |
|    fps                  | 46          |
|    iterations           | 259         |
|    time_elapsed         | 22778       |
|    total_timesteps      | 1060864     |
| train/                  |             |
|    approx_kl            | 0.045351386 |
|    clip_fraction        | 0.399       |
|    clip_range           | 0.2         |
|    entropy_loss         | -1.13       |
|    explained_variance   | 0.904       |
|    learning_rate        | 0.0003      |
|    loss                 | 0.0465      |
|    n_updates            | 2580        |
|    policy_gradient_loss | -0.00415    |
|    std                  | 0.29        |
|    value_loss           | 0.161       |
-----------------------------------------
----------------------------------------
| energy/                 |            |
|    E_damp_J             | 0.0456     |
|    E_fric_J             | 0.0152     |
|    E_norm_J             | 0.00286    |
|    W_neg_J              | 0.00755    |
|    W_pos_J              | 0.0895     |
| reward/                 |            |
|    r_energy             | -0.0646    |
| rollout/                |            |
|    ep_len_mean          | 82         |
|    ep_rew_mean          | 41.9       |
| time/                   |            |
|    fps                  | 46         |
|    iterations           | 260        |
|    time_elapsed         | 22864      |
|    total_timesteps      | 1064960    |
| train/                  |            |
|    approx_kl            | 0.04017876 |
|    clip_fraction        | 0.428      |
|    clip_range           | 0.2        |
|    entropy_loss         | -1.1       |
|    explained_variance   | 0.912      |
|    learning_rate        | 0.0003     |
|    loss                 | 0.168      |
|    n_updates            | 2590       |
|    policy_gradient_loss | 0.00094    |
|    std                  | 0.289      |
|    value_loss           | 0.144      |
----------------------------------------
----------------------------------------
| energy/                 |            |
|    E_damp_J             | 0.0547     |
|    E_fric_J             | 0.0149     |
|    E_norm_J             | 0.0205     |
|    W_neg_J              | 0.0325     |
|    W_pos_J              | 0.106      |
| reward/                 |            |
|    r_energy             | -0.107     |
| rollout/                |            |
|    ep_len_mean          | 82         |
|    ep_rew_mean          | 41.7       |
| time/                   |            |
|    fps                  | 46         |
|    iterations           | 261        |
|    time_elapsed         | 22951      |
|    total_timesteps      | 1069056    |
| train/                  |            |
|    approx_kl            | 0.03830626 |
|    clip_fraction        | 0.4        |
|    clip_range           | 0.2        |
|    entropy_loss         | -1.06      |
|    explained_variance   | 0.91       |
|    learning_rate        | 0.0003     |
|    loss                 | 0.0547     |
|    n_updates            | 2600       |
|    policy_gradient_loss | -0.00216   |
|    std                  | 0.289      |
|    value_loss           | 0.143      |
----------------------------------------
-----------------------------------------
| energy/                 |             |
|    E_damp_J             | 0.0448      |
|    E_fric_J             | 0.0154      |
|    E_norm_J             | 0.00295     |
|    W_neg_J              | 0.0073      |
|    W_pos_J              | 0.0859      |
| reward/                 |             |
|    r_energy             | -0.0632     |
| rollout/                |             |
|    ep_len_mean          | 82          |
|    ep_rew_mean          | 41.7        |
| time/                   |             |
|    fps                  | 46          |
|    iterations           | 262         |
|    time_elapsed         | 23038       |
|    total_timesteps      | 1073152     |
| train/                  |             |
|    approx_kl            | 0.051999614 |
|    clip_fraction        | 0.404       |
|    clip_range           | 0.2         |
|    entropy_loss         | -1.04       |
|    explained_variance   | 0.936       |
|    learning_rate        | 0.0003      |
|    loss                 | 0.0349      |
|    n_updates            | 2610        |
|    policy_gradient_loss | -0.00108    |
|    std                  | 0.289       |
|    value_loss           | 0.118       |
-----------------------------------------
-----------------------------------------
| energy/                 |             |
|    E_damp_J             | 0.0593      |
|    E_fric_J             | 0.0143      |
|    E_norm_J             | 0.0197      |
|    W_neg_J              | 0.0407      |
|    W_pos_J              | 0.116       |
| reward/                 |             |
|    r_energy             | -0.116      |
| rollout/                |             |
|    ep_len_mean          | 82          |
|    ep_rew_mean          | 41.9        |
| time/                   |             |
|    fps                  | 46          |
|    iterations           | 263         |
|    time_elapsed         | 23125       |
|    total_timesteps      | 1077248     |
| train/                  |             |
|    approx_kl            | 0.036677927 |
|    clip_fraction        | 0.398       |
|    clip_range           | 0.2         |
|    entropy_loss         | -1.03       |
|    explained_variance   | 0.902       |
|    learning_rate        | 0.0003      |
|    loss                 | 0.0806      |
|    n_updates            | 2620        |
|    policy_gradient_loss | -0.00124    |
|    std                  | 0.288       |
|    value_loss           | 0.169       |
-----------------------------------------
-----------------------------------------
| energy/                 |             |
|    E_damp_J             | 0.0462      |
|    E_fric_J             | 0.0151      |
|    E_norm_J             | 0.00292     |
|    W_neg_J              | 0.00767     |
|    W_pos_J              | 0.0793      |
| reward/                 |             |
|    r_energy             | -0.0619     |
| rollout/                |             |
|    ep_len_mean          | 82          |
|    ep_rew_mean          | 42          |
| time/                   |             |
|    fps                  | 46          |
|    iterations           | 264         |
|    time_elapsed         | 23212       |
|    total_timesteps      | 1081344     |
| train/                  |             |
|    approx_kl            | 0.043744907 |
|    clip_fraction        | 0.412       |
|    clip_range           | 0.2         |
|    entropy_loss         | -0.984      |
|    explained_variance   | 0.907       |
|    learning_rate        | 0.0003      |
|    loss                 | 0.0851      |
|    n_updates            | 2630        |
|    policy_gradient_loss | -0.000719   |
|    std                  | 0.287       |
|    value_loss           | 0.17        |
-----------------------------------------
----------------------------------------
| energy/                 |            |
|    E_damp_J             | 0.0569     |
|    E_fric_J             | 0.0147     |
|    E_norm_J             | 0.0202     |
|    W_neg_J              | 0.0407     |
|    W_pos_J              | 0.114      |
| reward/                 |            |
|    r_energy             | -0.115     |
| rollout/                |            |
|    ep_len_mean          | 82         |
|    ep_rew_mean          | 41.9       |
| time/                   |            |
|    fps                  | 46         |
|    iterations           | 265        |
|    time_elapsed         | 23299      |
|    total_timesteps      | 1085440    |
| train/                  |            |
|    approx_kl            | 0.04376015 |
|    clip_fraction        | 0.404      |
|    clip_range           | 0.2        |
|    entropy_loss         | -0.951     |
|    explained_variance   | 0.915      |
|    learning_rate        | 0.0003     |
|    loss                 | 0.0869     |
|    n_updates            | 2640       |
|    policy_gradient_loss | 0.000352   |
|    std                  | 0.287      |
|    value_loss           | 0.137      |
----------------------------------------
----------------------------------------
| energy/                 |            |
|    E_damp_J             | 0.0457     |
|    E_fric_J             | 0.0151     |
|    E_norm_J             | 0.00294    |
|    W_neg_J              | 0.00866    |
|    W_pos_J              | 0.077      |
| reward/                 |            |
|    r_energy             | -0.0616    |
| rollout/                |            |
|    ep_len_mean          | 82         |
|    ep_rew_mean          | 41.6       |
| time/                   |            |
|    fps                  | 46         |
|    iterations           | 266        |
|    time_elapsed         | 23385      |
|    total_timesteps      | 1089536    |
| train/                  |            |
|    approx_kl            | 0.03432308 |
|    clip_fraction        | 0.402      |
|    clip_range           | 0.2        |
|    entropy_loss         | -0.906     |
|    explained_variance   | 0.926      |
|    learning_rate        | 0.0003     |
|    loss                 | 0.043      |
|    n_updates            | 2650       |
|    policy_gradient_loss | -0.000397  |
|    std                  | 0.285      |
|    value_loss           | 0.128      |
----------------------------------------
---------------------------------------
| energy/                 |           |
|    E_damp_J             | 0.0653    |
|    E_fric_J             | 0.0141    |
|    E_norm_J             | 0.0202    |
|    W_neg_J              | 0.0547    |
|    W_pos_J              | 0.108     |
| reward/                 |           |
|    r_energy             | -0.125    |
| rollout/                |           |
|    ep_len_mean          | 82        |
|    ep_rew_mean          | 41.7      |
| time/                   |           |
|    fps                  | 46        |
|    iterations           | 267       |
|    time_elapsed         | 23471     |
|    total_timesteps      | 1093632   |
| train/                  |           |
|    approx_kl            | 0.0540775 |
|    clip_fraction        | 0.417     |
|    clip_range           | 0.2       |
|    entropy_loss         | -0.883    |
|    explained_variance   | 0.918     |
|    learning_rate        | 0.0003    |
|    loss                 | 0.0805    |
|    n_updates            | 2660      |
|    policy_gradient_loss | -0.000617 |
|    std                  | 0.286     |
|    value_loss           | 0.138     |
---------------------------------------
-----------------------------------------
| energy/                 |             |
|    E_damp_J             | 0.0465      |
|    E_fric_J             | 0.0149      |
|    E_norm_J             | 0.00284     |
|    W_neg_J              | 0.0092      |
|    W_pos_J              | 0.0779      |
| reward/                 |             |
|    r_energy             | -0.0624     |
| rollout/                |             |
|    ep_len_mean          | 82          |
|    ep_rew_mean          | 41.8        |
| time/                   |             |
|    fps                  | 46          |
|    iterations           | 268         |
|    time_elapsed         | 23557       |
|    total_timesteps      | 1097728     |
| train/                  |             |
|    approx_kl            | 0.042933736 |
|    clip_fraction        | 0.402       |
|    clip_range           | 0.2         |
|    entropy_loss         | -0.865      |
|    explained_variance   | 0.932       |
|    learning_rate        | 0.0003      |
|    loss                 | 0.0667      |
|    n_updates            | 2670        |
|    policy_gradient_loss | -0.00358    |
|    std                  | 0.285       |
|    value_loss           | 0.108       |
-----------------------------------------
----------------------------------------
| energy/                 |            |
|    E_damp_J             | 0.0624     |
|    E_fric_J             | 0.0142     |
|    E_norm_J             | 0.0199     |
|    W_neg_J              | 0.0432     |
|    W_pos_J              | 0.112      |
| reward/                 |            |
|    r_energy             | -0.118     |
| rollout/                |            |
|    ep_len_mean          | 82         |
|    ep_rew_mean          | 41.7       |
| time/                   |            |
|    fps                  | 46         |
|    iterations           | 269        |
|    time_elapsed         | 23642      |
|    total_timesteps      | 1101824    |
| train/                  |            |
|    approx_kl            | 0.03603435 |
|    clip_fraction        | 0.421      |
|    clip_range           | 0.2        |
|    entropy_loss         | -0.853     |
|    explained_variance   | 0.923      |
|    learning_rate        | 0.0003     |
|    loss                 | 0.0453     |
|    n_updates            | 2680       |
|    policy_gradient_loss | 0.000184   |
|    std                  | 0.285      |
|    value_loss           | 0.14       |
----------------------------------------
-----------------------------------------
| energy/                 |             |
|    E_damp_J             | 0.0461      |
|    E_fric_J             | 0.0151      |
|    E_norm_J             | 0.00279     |
|    W_neg_J              | 0.00868     |
|    W_pos_J              | 0.0769      |
| reward/                 |             |
|    r_energy             | -0.0616     |
| rollout/                |             |
|    ep_len_mean          | 82          |
|    ep_rew_mean          | 41.7        |
| time/                   |             |
|    fps                  | 46          |
|    iterations           | 270         |
|    time_elapsed         | 23729       |
|    total_timesteps      | 1105920     |
| train/                  |             |
|    approx_kl            | 0.052644007 |
|    clip_fraction        | 0.422       |
|    clip_range           | 0.2         |
|    entropy_loss         | -0.83       |
|    explained_variance   | 0.919       |
|    learning_rate        | 0.0003      |
|    loss                 | 0.0794      |
|    n_updates            | 2690        |
|    policy_gradient_loss | -0.00172    |
|    std                  | 0.285       |
|    value_loss           | 0.143       |
-----------------------------------------
-----------------------------------------
| energy/                 |             |
|    E_damp_J             | 0.0619      |
|    E_fric_J             | 0.0143      |
|    E_norm_J             | 0.0203      |
|    W_neg_J              | 0.0437      |
|    W_pos_J              | 0.114       |
| reward/                 |             |
|    r_energy             | -0.119      |
| rollout/                |             |
|    ep_len_mean          | 82          |
|    ep_rew_mean          | 41.9        |
| time/                   |             |
|    fps                  | 46          |
|    iterations           | 271         |
|    time_elapsed         | 23816       |
|    total_timesteps      | 1110016     |
| train/                  |             |
|    approx_kl            | 0.049950503 |
|    clip_fraction        | 0.428       |
|    clip_range           | 0.2         |
|    entropy_loss         | -0.853      |
|    explained_variance   | 0.881       |
|    learning_rate        | 0.0003      |
|    loss                 | 0.142       |
|    n_updates            | 2700        |
|    policy_gradient_loss | 0.0025      |
|    std                  | 0.286       |
|    value_loss           | 0.226       |
-----------------------------------------
----------------------------------------
| energy/                 |            |
|    E_damp_J             | 0.0451     |
|    E_fric_J             | 0.0151     |
|    E_norm_J             | 0.00293    |
|    W_neg_J              | 0.00772    |
|    W_pos_J              | 0.0815     |
| reward/                 |            |
|    r_energy             | -0.0621    |
| rollout/                |            |
|    ep_len_mean          | 82         |
|    ep_rew_mean          | 41.8       |
| time/                   |            |
|    fps                  | 46         |
|    iterations           | 272        |
|    time_elapsed         | 23903      |
|    total_timesteps      | 1114112    |
| train/                  |            |
|    approx_kl            | 0.05396202 |
|    clip_fraction        | 0.441      |
|    clip_range           | 0.2        |
|    entropy_loss         | -0.89      |
|    explained_variance   | 0.909      |
|    learning_rate        | 0.0003     |
|    loss                 | 0.0659     |
|    n_updates            | 2710       |
|    policy_gradient_loss | -0.00301   |
|    std                  | 0.287      |
|    value_loss           | 0.163      |
----------------------------------------
-----------------------------------------
| energy/                 |             |
|    E_damp_J             | 0.0656      |
|    E_fric_J             | 0.0142      |
|    E_norm_J             | 0.02        |
|    W_neg_J              | 0.0535      |
|    W_pos_J              | 0.119       |
| reward/                 |             |
|    r_energy             | -0.128      |
| rollout/                |             |
|    ep_len_mean          | 82          |
|    ep_rew_mean          | 41.5        |
| time/                   |             |
|    fps                  | 46          |
|    iterations           | 273         |
|    time_elapsed         | 23988       |
|    total_timesteps      | 1118208     |
| train/                  |             |
|    approx_kl            | 0.035063718 |
|    clip_fraction        | 0.425       |
|    clip_range           | 0.2         |
|    entropy_loss         | -0.901      |
|    explained_variance   | 0.922       |
|    learning_rate        | 0.0003      |
|    loss                 | 0.0305      |
|    n_updates            | 2720        |
|    policy_gradient_loss | 0.000227    |
|    std                  | 0.286       |
|    value_loss           | 0.13        |
-----------------------------------------
----------------------------------------
| energy/                 |            |
|    E_damp_J             | 0.0472     |
|    E_fric_J             | 0.0152     |
|    E_norm_J             | 0.00295    |
|    W_neg_J              | 0.00738    |
|    W_pos_J              | 0.0823     |
| reward/                 |            |
|    r_energy             | -0.0633    |
| rollout/                |            |
|    ep_len_mean          | 82         |
|    ep_rew_mean          | 41.3       |
| time/                   |            |
|    fps                  | 46         |
|    iterations           | 274        |
|    time_elapsed         | 24073      |
|    total_timesteps      | 1122304    |
| train/                  |            |
|    approx_kl            | 0.04121986 |
|    clip_fraction        | 0.42       |
|    clip_range           | 0.2        |
|    entropy_loss         | -0.851     |
|    explained_variance   | 0.888      |
|    learning_rate        | 0.0003     |
|    loss                 | 0.0796     |
|    n_updates            | 2730       |
|    policy_gradient_loss | 0.00387    |
|    std                  | 0.285      |
|    value_loss           | 0.192      |
----------------------------------------
-----------------------------------------
| energy/                 |             |
|    E_damp_J             | 0.0643      |
|    E_fric_J             | 0.0142      |
|    E_norm_J             | 0.0202      |
|    W_neg_J              | 0.0398      |
|    W_pos_J              | 0.12        |
| reward/                 |             |
|    r_energy             | -0.119      |
| rollout/                |             |
|    ep_len_mean          | 82          |
|    ep_rew_mean          | 41.4        |
| time/                   |             |
|    fps                  | 46          |
|    iterations           | 275         |
|    time_elapsed         | 24158       |
|    total_timesteps      | 1126400     |
| train/                  |             |
|    approx_kl            | 0.046278343 |
|    clip_fraction        | 0.426       |
|    clip_range           | 0.2         |
|    entropy_loss         | -0.824      |
|    explained_variance   | 0.875       |
|    learning_rate        | 0.0003      |
|    loss                 | 0.087       |
|    n_updates            | 2740        |
|    policy_gradient_loss | 0.00211     |
|    std                  | 0.284       |
|    value_loss           | 0.227       |
-----------------------------------------
-----------------------------------------
| energy/                 |             |
|    E_damp_J             | 0.0457      |
|    E_fric_J             | 0.015       |
|    E_norm_J             | 0.00291     |
|    W_neg_J              | 0.0088      |
|    W_pos_J              | 0.0774      |
| reward/                 |             |
|    r_energy             | -0.0617     |
| rollout/                |             |
|    ep_len_mean          | 82          |
|    ep_rew_mean          | 41.3        |
| time/                   |             |
|    fps                  | 46          |
|    iterations           | 276         |
|    time_elapsed         | 24242       |
|    total_timesteps      | 1130496     |
| train/                  |             |
|    approx_kl            | 0.047033004 |
|    clip_fraction        | 0.414       |
|    clip_range           | 0.2         |
|    entropy_loss         | -0.808      |
|    explained_variance   | 0.918       |
|    learning_rate        | 0.0003      |
|    loss                 | 0.0351      |
|    n_updates            | 2750        |
|    policy_gradient_loss | -0.00298    |
|    std                  | 0.284       |
|    value_loss           | 0.135       |
-----------------------------------------
-----------------------------------------
| energy/                 |             |
|    E_damp_J             | 0.069       |
|    E_fric_J             | 0.0145      |
|    E_norm_J             | 0.0208      |
|    W_neg_J              | 0.0571      |
|    W_pos_J              | 0.122       |
| reward/                 |             |
|    r_energy             | -0.133      |
| rollout/                |             |
|    ep_len_mean          | 82          |
|    ep_rew_mean          | 41.1        |
| time/                   |             |
|    fps                  | 46          |
|    iterations           | 277         |
|    time_elapsed         | 24327       |
|    total_timesteps      | 1134592     |
| train/                  |             |
|    approx_kl            | 0.047025807 |
|    clip_fraction        | 0.431       |
|    clip_range           | 0.2         |
|    entropy_loss         | -0.79       |
|    explained_variance   | 0.886       |
|    learning_rate        | 0.0003      |
|    loss                 | 0.0381      |
|    n_updates            | 2760        |
|    policy_gradient_loss | -0.000461   |
|    std                  | 0.283       |
|    value_loss           | 0.203       |
-----------------------------------------
-----------------------------------------
| energy/                 |             |
|    E_damp_J             | 0.0456      |
|    E_fric_J             | 0.0153      |
|    E_norm_J             | 0.00294     |
|    W_neg_J              | 0.00796     |
|    W_pos_J              | 0.0826      |
| reward/                 |             |
|    r_energy             | -0.063      |
| rollout/                |             |
|    ep_len_mean          | 82          |
|    ep_rew_mean          | 41.6        |
| time/                   |             |
|    fps                  | 46          |
|    iterations           | 278         |
|    time_elapsed         | 24412       |
|    total_timesteps      | 1138688     |
| train/                  |             |
|    approx_kl            | 0.039596286 |
|    clip_fraction        | 0.429       |
|    clip_range           | 0.2         |
|    entropy_loss         | -0.78       |
|    explained_variance   | 0.902       |
|    learning_rate        | 0.0003      |
|    loss                 | 0.0242      |
|    n_updates            | 2770        |
|    policy_gradient_loss | -0.00101    |
|    std                  | 0.284       |
|    value_loss           | 0.167       |
-----------------------------------------
-----------------------------------------
| energy/                 |             |
|    E_damp_J             | 0.0622      |
|    E_fric_J             | 0.0144      |
|    E_norm_J             | 0.0202      |
|    W_neg_J              | 0.045       |
|    W_pos_J              | 0.116       |
| reward/                 |             |
|    r_energy             | -0.12       |
| rollout/                |             |
|    ep_len_mean          | 82          |
|    ep_rew_mean          | 41.8        |
| time/                   |             |
|    fps                  | 46          |
|    iterations           | 279         |
|    time_elapsed         | 24497       |
|    total_timesteps      | 1142784     |
| train/                  |             |
|    approx_kl            | 0.047621332 |
|    clip_fraction        | 0.417       |
|    clip_range           | 0.2         |
|    entropy_loss         | -0.785      |
|    explained_variance   | 0.906       |
|    learning_rate        | 0.0003      |
|    loss                 | 0.0554      |
|    n_updates            | 2780        |
|    policy_gradient_loss | 0.00222     |
|    std                  | 0.284       |
|    value_loss           | 0.141       |
-----------------------------------------
-----------------------------------------
| energy/                 |             |
|    E_damp_J             | 0.0452      |
|    E_fric_J             | 0.0152      |
|    E_norm_J             | 0.00297     |
|    W_neg_J              | 0.00776     |
|    W_pos_J              | 0.0834      |
| reward/                 |             |
|    r_energy             | -0.0628     |
| rollout/                |             |
|    ep_len_mean          | 82          |
|    ep_rew_mean          | 41.8        |
| time/                   |             |
|    fps                  | 46          |
|    iterations           | 280         |
|    time_elapsed         | 24582       |
|    total_timesteps      | 1146880     |
| train/                  |             |
|    approx_kl            | 0.034923546 |
|    clip_fraction        | 0.428       |
|    clip_range           | 0.2         |
|    entropy_loss         | -0.792      |
|    explained_variance   | 0.898       |
|    learning_rate        | 0.0003      |
|    loss                 | 0.0597      |
|    n_updates            | 2790        |
|    policy_gradient_loss | 0.00525     |
|    std                  | 0.285       |
|    value_loss           | 0.181       |
-----------------------------------------
-----------------------------------------
| energy/                 |             |
|    E_damp_J             | 0.067       |
|    E_fric_J             | 0.015       |
|    E_norm_J             | 0.02        |
|    W_neg_J              | 0.0446      |
|    W_pos_J              | 0.128       |
| reward/                 |             |
|    r_energy             | -0.126      |
| rollout/                |             |
|    ep_len_mean          | 82          |
|    ep_rew_mean          | 42.1        |
| time/                   |             |
|    fps                  | 46          |
|    iterations           | 281         |
|    time_elapsed         | 24667       |
|    total_timesteps      | 1150976     |
| train/                  |             |
|    approx_kl            | 0.047097966 |
|    clip_fraction        | 0.414       |
|    clip_range           | 0.2         |
|    entropy_loss         | -0.801      |
|    explained_variance   | 0.924       |
|    learning_rate        | 0.0003      |
|    loss                 | 0.0655      |
|    n_updates            | 2800        |
|    policy_gradient_loss | -0.0014     |
|    std                  | 0.284       |
|    value_loss           | 0.123       |
-----------------------------------------
----------------------------------------
| energy/                 |            |
|    E_damp_J             | 0.0448     |
|    E_fric_J             | 0.0152     |
|    E_norm_J             | 0.00305    |
|    W_neg_J              | 0.00907    |
|    W_pos_J              | 0.0752     |
| reward/                 |            |
|    r_energy             | -0.0611    |
| rollout/                |            |
|    ep_len_mean          | 82         |
|    ep_rew_mean          | 42.2       |
| time/                   |            |
|    fps                  | 46         |
|    iterations           | 282        |
|    time_elapsed         | 24752      |
|    total_timesteps      | 1155072    |
| train/                  |            |
|    approx_kl            | 0.03562166 |
|    clip_fraction        | 0.405      |
|    clip_range           | 0.2        |
|    entropy_loss         | -0.776     |
|    explained_variance   | 0.921      |
|    learning_rate        | 0.0003     |
|    loss                 | 0.0316     |
|    n_updates            | 2810       |
|    policy_gradient_loss | 0.000917   |
|    std                  | 0.284      |
|    value_loss           | 0.137      |
----------------------------------------
----------------------------------------
| energy/                 |            |
|    E_damp_J             | 0.0672     |
|    E_fric_J             | 0.0151     |
|    E_norm_J             | 0.0203     |
|    W_neg_J              | 0.046      |
|    W_pos_J              | 0.12       |
| reward/                 |            |
|    r_energy             | -0.125     |
| rollout/                |            |
|    ep_len_mean          | 82         |
|    ep_rew_mean          | 42.2       |
| time/                   |            |
|    fps                  | 46         |
|    iterations           | 283        |
|    time_elapsed         | 24837      |
|    total_timesteps      | 1159168    |
| train/                  |            |
|    approx_kl            | 0.03905455 |
|    clip_fraction        | 0.426      |
|    clip_range           | 0.2        |
|    entropy_loss         | -0.766     |
|    explained_variance   | 0.922      |
|    learning_rate        | 0.0003     |
|    loss                 | 0.0891     |
|    n_updates            | 2820       |
|    policy_gradient_loss | -0.00262   |
|    std                  | 0.284      |
|    value_loss           | 0.133      |
----------------------------------------
----------------------------------------
| energy/                 |            |
|    E_damp_J             | 0.0461     |
|    E_fric_J             | 0.0152     |
|    E_norm_J             | 0.00289    |
|    W_neg_J              | 0.00786    |
|    W_pos_J              | 0.0821     |
| reward/                 |            |
|    r_energy             | -0.0629    |
| rollout/                |            |
|    ep_len_mean          | 82         |
|    ep_rew_mean          | 42.3       |
| time/                   |            |
|    fps                  | 46         |
|    iterations           | 284        |
|    time_elapsed         | 24925      |
|    total_timesteps      | 1163264    |
| train/                  |            |
|    approx_kl            | 0.04354302 |
|    clip_fraction        | 0.42       |
|    clip_range           | 0.2        |
|    entropy_loss         | -0.737     |
|    explained_variance   | 0.93       |
|    learning_rate        | 0.0003     |
|    loss                 | 0.0494     |
|    n_updates            | 2830       |
|    policy_gradient_loss | -0.0037    |
|    std                  | 0.284      |
|    value_loss           | 0.133      |
----------------------------------------
-----------------------------------------
| energy/                 |             |
|    E_damp_J             | 0.0651      |
|    E_fric_J             | 0.0144      |
|    E_norm_J             | 0.0198      |
|    W_neg_J              | 0.0385      |
|    W_pos_J              | 0.115       |
| reward/                 |             |
|    r_energy             | -0.117      |
| rollout/                |             |
|    ep_len_mean          | 82          |
|    ep_rew_mean          | 42.3        |
| time/                   |             |
|    fps                  | 46          |
|    iterations           | 285         |
|    time_elapsed         | 25012       |
|    total_timesteps      | 1167360     |
| train/                  |             |
|    approx_kl            | 0.051533736 |
|    clip_fraction        | 0.437       |
|    clip_range           | 0.2         |
|    entropy_loss         | -0.753      |
|    explained_variance   | 0.917       |
|    learning_rate        | 0.0003      |
|    loss                 | 0.0204      |
|    n_updates            | 2840        |
|    policy_gradient_loss | 0.00109     |
|    std                  | 0.284       |
|    value_loss           | 0.145       |
-----------------------------------------
---------------------------------------
| energy/                 |           |
|    E_damp_J             | 0.0458    |
|    E_fric_J             | 0.015     |
|    E_norm_J             | 0.00281   |
|    W_neg_J              | 0.00856   |
|    W_pos_J              | 0.0781    |
| reward/                 |           |
|    r_energy             | -0.0618   |
| rollout/                |           |
|    ep_len_mean          | 82        |
|    ep_rew_mean          | 42.5      |
| time/                   |           |
|    fps                  | 46        |
|    iterations           | 286       |
|    time_elapsed         | 25100     |
|    total_timesteps      | 1171456   |
| train/                  |           |
|    approx_kl            | 0.0487123 |
|    clip_fraction        | 0.408     |
|    clip_range           | 0.2       |
|    entropy_loss         | -0.739    |
|    explained_variance   | 0.929     |
|    learning_rate        | 0.0003    |
|    loss                 | 0.0437    |
|    n_updates            | 2850      |
|    policy_gradient_loss | -0.00147  |
|    std                  | 0.283     |
|    value_loss           | 0.123     |
---------------------------------------
-----------------------------------------
| energy/                 |             |
|    E_damp_J             | 0.0469      |
|    E_fric_J             | 0.0151      |
|    E_norm_J             | 0.00286     |
|    W_neg_J              | 0.00788     |
|    W_pos_J              | 0.0831      |
| reward/                 |             |
|    r_energy             | -0.0635     |
| rollout/                |             |
|    ep_len_mean          | 82          |
|    ep_rew_mean          | 42.7        |
| time/                   |             |
|    fps                  | 46          |
|    iterations           | 287         |
|    time_elapsed         | 25187       |
|    total_timesteps      | 1175552     |
| train/                  |             |
|    approx_kl            | 0.042859226 |
|    clip_fraction        | 0.432       |
|    clip_range           | 0.2         |
|    entropy_loss         | -0.707      |
|    explained_variance   | 0.861       |
|    learning_rate        | 0.0003      |
|    loss                 | 0.104       |
|    n_updates            | 2860        |
|    policy_gradient_loss | 0.00262     |
|    std                  | 0.282       |
|    value_loss           | 0.233       |
-----------------------------------------
----------------------------------------
| energy/                 |            |
|    E_damp_J             | 0.0449     |
|    E_fric_J             | 0.0151     |
|    E_norm_J             | 0.00293    |
|    W_neg_J              | 0.00684    |
|    W_pos_J              | 0.0831     |
| reward/                 |            |
|    r_energy             | -0.062     |
| rollout/                |            |
|    ep_len_mean          | 82         |
|    ep_rew_mean          | 42.7       |
| time/                   |            |
|    fps                  | 46         |
|    iterations           | 288        |
|    time_elapsed         | 25275      |
|    total_timesteps      | 1179648    |
| train/                  |            |
|    approx_kl            | 0.04216215 |
|    clip_fraction        | 0.416      |
|    clip_range           | 0.2        |
|    entropy_loss         | -0.693     |
|    explained_variance   | 0.907      |
|    learning_rate        | 0.0003     |
|    loss                 | 0.14       |
|    n_updates            | 2870       |
|    policy_gradient_loss | -0.00666   |
|    std                  | 0.282      |
|    value_loss           | 0.175      |
----------------------------------------
--------------------------------------
| energy/                 |          |
|    E_damp_J             | 0.0445   |
|    E_fric_J             | 0.0151   |
|    E_norm_J             | 0.00283  |
|    W_neg_J              | 0.00781  |
|    W_pos_J              | 0.0827   |
| reward/                 |          |
|    r_energy             | -0.0621  |
| rollout/                |          |
|    ep_len_mean          | 82       |
|    ep_rew_mean          | 42.9     |
| time/                   |          |
|    fps                  | 46       |
|    iterations           | 289      |
|    time_elapsed         | 25363    |
|    total_timesteps      | 1183744  |
| train/                  |          |
|    approx_kl            | 0.043147 |
|    clip_fraction        | 0.438    |
|    clip_range           | 0.2      |
|    entropy_loss         | -0.691   |
|    explained_variance   | 0.888    |
|    learning_rate        | 0.0003   |
|    loss                 | 0.0837   |
|    n_updates            | 2880     |
|    policy_gradient_loss | 0.00496  |
|    std                  | 0.282    |
|    value_loss           | 0.193    |
--------------------------------------
-----------------------------------------
| energy/                 |             |
|    E_damp_J             | 0.0446      |
|    E_fric_J             | 0.0148      |
|    E_norm_J             | 0.0028      |
|    W_neg_J              | 0.00825     |
|    W_pos_J              | 0.0796      |
| reward/                 |             |
|    r_energy             | -0.0613     |
| rollout/                |             |
|    ep_len_mean          | 82          |
|    ep_rew_mean          | 43          |
| time/                   |             |
|    fps                  | 46          |
|    iterations           | 290         |
|    time_elapsed         | 25450       |
|    total_timesteps      | 1187840     |
| train/                  |             |
|    approx_kl            | 0.043467604 |
|    clip_fraction        | 0.397       |
|    clip_range           | 0.2         |
|    entropy_loss         | -0.66       |
|    explained_variance   | 0.928       |
|    learning_rate        | 0.0003      |
|    loss                 | 0.0539      |
|    n_updates            | 2890        |
|    policy_gradient_loss | -0.00429    |
|    std                  | 0.281       |
|    value_loss           | 0.112       |
-----------------------------------------
----------------------------------------
| energy/                 |            |
|    E_damp_J             | 0.0453     |
|    E_fric_J             | 0.0153     |
|    E_norm_J             | 0.00295    |
|    W_neg_J              | 0.00643    |
|    W_pos_J              | 0.0852     |
| reward/                 |            |
|    r_energy             | -0.0627    |
| rollout/                |            |
|    ep_len_mean          | 82         |
|    ep_rew_mean          | 42.8       |
| time/                   |            |
|    fps                  | 46         |
|    iterations           | 291        |
|    time_elapsed         | 25538      |
|    total_timesteps      | 1191936    |
| train/                  |            |
|    approx_kl            | 0.04306919 |
|    clip_fraction        | 0.421      |
|    clip_range           | 0.2        |
|    entropy_loss         | -0.621     |
|    explained_variance   | 0.936      |
|    learning_rate        | 0.0003     |
|    loss                 | 0.0229     |
|    n_updates            | 2900       |
|    policy_gradient_loss | -0.00679   |
|    std                  | 0.28       |
|    value_loss           | 0.107      |
----------------------------------------
-----------------------------------------
| energy/                 |             |
|    E_damp_J             | 0.0451      |
|    E_fric_J             | 0.015       |
|    E_norm_J             | 0.00289     |
|    W_neg_J              | 0.00706     |
|    W_pos_J              | 0.0826      |
| reward/                 |             |
|    r_energy             | -0.062      |
| rollout/                |             |
|    ep_len_mean          | 82          |
|    ep_rew_mean          | 43          |
| time/                   |             |
|    fps                  | 46          |
|    iterations           | 292         |
|    time_elapsed         | 25625       |
|    total_timesteps      | 1196032     |
| train/                  |             |
|    approx_kl            | 0.047835015 |
|    clip_fraction        | 0.448       |
|    clip_range           | 0.2         |
|    entropy_loss         | -0.622      |
|    explained_variance   | 0.791       |
|    learning_rate        | 0.0003      |
|    loss                 | 0.2         |
|    n_updates            | 2910        |
|    policy_gradient_loss | 0.00418     |
|    std                  | 0.282       |
|    value_loss           | 0.412       |
-----------------------------------------
----------------------------------------
| energy/                 |            |
|    E_damp_J             | 0.0455     |
|    E_fric_J             | 0.015      |
|    E_norm_J             | 0.00279    |
|    W_neg_J              | 0.00713    |
|    W_pos_J              | 0.0838     |
| reward/                 |            |
|    r_energy             | -0.0625    |
| rollout/                |            |
|    ep_len_mean          | 82         |
|    ep_rew_mean          | 43         |
| time/                   |            |
|    fps                  | 46         |
|    iterations           | 293        |
|    time_elapsed         | 25711      |
|    total_timesteps      | 1200128    |
| train/                  |            |
|    approx_kl            | 0.03925939 |
|    clip_fraction        | 0.428      |
|    clip_range           | 0.2        |
|    entropy_loss         | -0.635     |
|    explained_variance   | 0.914      |
|    learning_rate        | 0.0003     |
|    loss                 | 0.093      |
|    n_updates            | 2920       |
|    policy_gradient_loss | -0.000173  |
|    std                  | 0.281      |
|    value_loss           | 0.148      |
----------------------------------------
-----------------------------------------
| energy/                 |             |
|    E_damp_J             | 0.0463      |
|    E_fric_J             | 0.0146      |
|    E_norm_J             | 0.00277     |
|    W_neg_J              | 0.0106      |
|    W_pos_J              | 0.0762      |
| reward/                 |             |
|    r_energy             | -0.0624     |
| rollout/                |             |
|    ep_len_mean          | 82          |
|    ep_rew_mean          | 43.2        |
| time/                   |             |
|    fps                  | 46          |
|    iterations           | 294         |
|    time_elapsed         | 25796       |
|    total_timesteps      | 1204224     |
| train/                  |             |
|    approx_kl            | 0.048238933 |
|    clip_fraction        | 0.445       |
|    clip_range           | 0.2         |
|    entropy_loss         | -0.642      |
|    explained_variance   | 0.89        |
|    learning_rate        | 0.0003      |
|    loss                 | 0.0917      |
|    n_updates            | 2930        |
|    policy_gradient_loss | 0.0047      |
|    std                  | 0.282       |
|    value_loss           | 0.189       |
-----------------------------------------
-----------------------------------------
| energy/                 |             |
|    E_damp_J             | 0.0452      |
|    E_fric_J             | 0.0148      |
|    E_norm_J             | 0.00273     |
|    W_neg_J              | 0.00781     |
|    W_pos_J              | 0.0804      |
| reward/                 |             |
|    r_energy             | -0.0616     |
| rollout/                |             |
|    ep_len_mean          | 82          |
|    ep_rew_mean          | 43.3        |
| time/                   |             |
|    fps                  | 46          |
|    iterations           | 295         |
|    time_elapsed         | 25881       |
|    total_timesteps      | 1208320     |
| train/                  |             |
|    approx_kl            | 0.056357235 |
|    clip_fraction        | 0.453       |
|    clip_range           | 0.2         |
|    entropy_loss         | -0.637      |
|    explained_variance   | 0.942       |
|    learning_rate        | 0.0003      |
|    loss                 | 0.0181      |
|    n_updates            | 2940        |
|    policy_gradient_loss | -0.000503   |
|    std                  | 0.281       |
|    value_loss           | 0.1         |
-----------------------------------------
-----------------------------------------
| energy/                 |             |
|    E_damp_J             | 0.0444      |
|    E_fric_J             | 0.015       |
|    E_norm_J             | 0.00291     |
|    W_neg_J              | 0.0085      |
|    W_pos_J              | 0.0821      |
| reward/                 |             |
|    r_energy             | -0.0623     |
| rollout/                |             |
|    ep_len_mean          | 82          |
|    ep_rew_mean          | 42.8        |
| time/                   |             |
|    fps                  | 46          |
|    iterations           | 296         |
|    time_elapsed         | 25966       |
|    total_timesteps      | 1212416     |
| train/                  |             |
|    approx_kl            | 0.045111656 |
|    clip_fraction        | 0.437       |
|    clip_range           | 0.2         |
|    entropy_loss         | -0.612      |
|    explained_variance   | 0.918       |
|    learning_rate        | 0.0003      |
|    loss                 | 0.00724     |
|    n_updates            | 2950        |
|    policy_gradient_loss | 0.00444     |
|    std                  | 0.28        |
|    value_loss           | 0.129       |
-----------------------------------------
----------------------------------------
| energy/                 |            |
|    E_damp_J             | 0.0442     |
|    E_fric_J             | 0.0147     |
|    E_norm_J             | 0.00284    |
|    W_neg_J              | 0.00969    |
|    W_pos_J              | 0.0756     |
| reward/                 |            |
|    r_energy             | -0.0608    |
| rollout/                |            |
|    ep_len_mean          | 82         |
|    ep_rew_mean          | 43         |
| time/                   |            |
|    fps                  | 46         |
|    iterations           | 297        |
|    time_elapsed         | 26050      |
|    total_timesteps      | 1216512    |
| train/                  |            |
|    approx_kl            | 0.04687352 |
|    clip_fraction        | 0.413      |
|    clip_range           | 0.2        |
|    entropy_loss         | -0.59      |
|    explained_variance   | 0.925      |
|    learning_rate        | 0.0003     |
|    loss                 | 0.0631     |
|    n_updates            | 2960       |
|    policy_gradient_loss | -0.00267   |
|    std                  | 0.28       |
|    value_loss           | 0.148      |
----------------------------------------
----------------------------------------
| energy/                 |            |
|    E_damp_J             | 0.043      |
|    E_fric_J             | 0.0146     |
|    E_norm_J             | 0.00289    |
|    W_neg_J              | 0.011      |
|    W_pos_J              | 0.0836     |
| reward/                 |            |
|    r_energy             | -0.0634    |
| rollout/                |            |
|    ep_len_mean          | 82         |
|    ep_rew_mean          | 43.2       |
| time/                   |            |
|    fps                  | 46         |
|    iterations           | 298        |
|    time_elapsed         | 26135      |
|    total_timesteps      | 1220608    |
| train/                  |            |
|    approx_kl            | 0.04567264 |
|    clip_fraction        | 0.433      |
|    clip_range           | 0.2        |
|    entropy_loss         | -0.583     |
|    explained_variance   | 0.929      |
|    learning_rate        | 0.0003     |
|    loss                 | 0.0486     |
|    n_updates            | 2970       |
|    policy_gradient_loss | 0.00185    |
|    std                  | 0.28       |
|    value_loss           | 0.0941     |
----------------------------------------
-----------------------------------------
| energy/                 |             |
|    E_damp_J             | 0.045       |
|    E_fric_J             | 0.0151      |
|    E_norm_J             | 0.00286     |
|    W_neg_J              | 0.00678     |
|    W_pos_J              | 0.0853      |
| reward/                 |             |
|    r_energy             | -0.0626     |
| rollout/                |             |
|    ep_len_mean          | 82          |
|    ep_rew_mean          | 43          |
| time/                   |             |
|    fps                  | 46          |
|    iterations           | 299         |
|    time_elapsed         | 26220       |
|    total_timesteps      | 1224704     |
| train/                  |             |
|    approx_kl            | 0.040105447 |
|    clip_fraction        | 0.418       |
|    clip_range           | 0.2         |
|    entropy_loss         | -0.555      |
|    explained_variance   | 0.93        |
|    learning_rate        | 0.0003      |
|    loss                 | 0.0194      |
|    n_updates            | 2980        |
|    policy_gradient_loss | -0.000113   |
|    std                  | 0.279       |
|    value_loss           | 0.129       |
-----------------------------------------
-----------------------------------------
| energy/                 |             |
|    E_damp_J             | 0.0439      |
|    E_fric_J             | 0.0145      |
|    E_norm_J             | 0.00341     |
|    W_neg_J              | 0.0143      |
|    W_pos_J              | 0.0814      |
| reward/                 |             |
|    r_energy             | -0.0656     |
| rollout/                |             |
|    ep_len_mean          | 82          |
|    ep_rew_mean          | 43.1        |
| time/                   |             |
|    fps                  | 46          |
|    iterations           | 300         |
|    time_elapsed         | 26305       |
|    total_timesteps      | 1228800     |
| train/                  |             |
|    approx_kl            | 0.041265696 |
|    clip_fraction        | 0.428       |
|    clip_range           | 0.2         |
|    entropy_loss         | -0.511      |
|    explained_variance   | 0.933       |
|    learning_rate        | 0.0003      |
|    loss                 | 0.0344      |
|    n_updates            | 2990        |
|    policy_gradient_loss | -0.00245    |
|    std                  | 0.278       |
|    value_loss           | 0.123       |
-----------------------------------------
-----------------------------------------
| energy/                 |             |
|    E_damp_J             | 0.0454      |
|    E_fric_J             | 0.0149      |
|    E_norm_J             | 0.00281     |
|    W_neg_J              | 0.00785     |
|    W_pos_J              | 0.0805      |
| reward/                 |             |
|    r_energy             | -0.0618     |
| rollout/                |             |
|    ep_len_mean          | 82          |
|    ep_rew_mean          | 43.5        |
| time/                   |             |
|    fps                  | 46          |
|    iterations           | 301         |
|    time_elapsed         | 26391       |
|    total_timesteps      | 1232896     |
| train/                  |             |
|    approx_kl            | 0.050839342 |
|    clip_fraction        | 0.4         |
|    clip_range           | 0.2         |
|    entropy_loss         | -0.479      |
|    explained_variance   | 0.939       |
|    learning_rate        | 0.0003      |
|    loss                 | 0.0625      |
|    n_updates            | 3000        |
|    policy_gradient_loss | -0.00295    |
|    std                  | 0.278       |
|    value_loss           | 0.0985      |
-----------------------------------------
----------------------------------------
| energy/                 |            |
|    E_damp_J             | 0.0471     |
|    E_fric_J             | 0.0149     |
|    E_norm_J             | 0.0197     |
|    W_neg_J              | 0.0165     |
|    W_pos_J              | 0.0969     |
| reward/                 |            |
|    r_energy             | -0.0897    |
| rollout/                |            |
|    ep_len_mean          | 82         |
|    ep_rew_mean          | 43.5       |
| time/                   |            |
|    fps                  | 46         |
|    iterations           | 302        |
|    time_elapsed         | 26478      |
|    total_timesteps      | 1236992    |
| train/                  |            |
|    approx_kl            | 0.04578869 |
|    clip_fraction        | 0.408      |
|    clip_range           | 0.2        |
|    entropy_loss         | -0.447     |
|    explained_variance   | 0.944      |
|    learning_rate        | 0.0003     |
|    loss                 | 0.0188     |
|    n_updates            | 3010       |
|    policy_gradient_loss | -0.00324   |
|    std                  | 0.277      |
|    value_loss           | 0.0901     |
----------------------------------------
----------------------------------------
| energy/                 |            |
|    E_damp_J             | 0.0458     |
|    E_fric_J             | 0.015      |
|    E_norm_J             | 0.00277    |
|    W_neg_J              | 0.00675    |
|    W_pos_J              | 0.0862     |
| reward/                 |            |
|    r_energy             | -0.0631    |
| rollout/                |            |
|    ep_len_mean          | 82         |
|    ep_rew_mean          | 43.5       |
| time/                   |            |
|    fps                  | 46         |
|    iterations           | 303        |
|    time_elapsed         | 26565      |
|    total_timesteps      | 1241088    |
| train/                  |            |
|    approx_kl            | 0.05101747 |
|    clip_fraction        | 0.423      |
|    clip_range           | 0.2        |
|    entropy_loss         | -0.44      |
|    explained_variance   | 0.934      |
|    learning_rate        | 0.0003     |
|    loss                 | 0.0364     |
|    n_updates            | 3020       |
|    policy_gradient_loss | -0.00114   |
|    std                  | 0.278      |
|    value_loss           | 0.101      |
----------------------------------------
-----------------------------------------
| energy/                 |             |
|    E_damp_J             | 0.0603      |
|    E_fric_J             | 0.0143      |
|    E_norm_J             | 0.0193      |
|    W_neg_J              | 0.0385      |
|    W_pos_J              | 0.109       |
| reward/                 |             |
|    r_energy             | -0.112      |
| rollout/                |             |
|    ep_len_mean          | 82          |
|    ep_rew_mean          | 43.5        |
| time/                   |             |
|    fps                  | 46          |
|    iterations           | 304         |
|    time_elapsed         | 26653       |
|    total_timesteps      | 1245184     |
| train/                  |             |
|    approx_kl            | 0.042689703 |
|    clip_fraction        | 0.42        |
|    clip_range           | 0.2         |
|    entropy_loss         | -0.458      |
|    explained_variance   | 0.934       |
|    learning_rate        | 0.0003      |
|    loss                 | 0.0294      |
|    n_updates            | 3030        |
|    policy_gradient_loss | -0.0028     |
|    std                  | 0.278       |
|    value_loss           | 0.102       |
-----------------------------------------
-----------------------------------------
| energy/                 |             |
|    E_damp_J             | 0.0446      |
|    E_fric_J             | 0.0151      |
|    E_norm_J             | 0.0028      |
|    W_neg_J              | 0.00636     |
|    W_pos_J              | 0.0873      |
| reward/                 |             |
|    r_energy             | -0.0627     |
| rollout/                |             |
|    ep_len_mean          | 82          |
|    ep_rew_mean          | 43.5        |
| time/                   |             |
|    fps                  | 46          |
|    iterations           | 305         |
|    time_elapsed         | 26740       |
|    total_timesteps      | 1249280     |
| train/                  |             |
|    approx_kl            | 0.044019043 |
|    clip_fraction        | 0.404       |
|    clip_range           | 0.2         |
|    entropy_loss         | -0.443      |
|    explained_variance   | 0.907       |
|    learning_rate        | 0.0003      |
|    loss                 | 0.108       |
|    n_updates            | 3040        |
|    policy_gradient_loss | -0.00352    |
|    std                  | 0.278       |
|    value_loss           | 0.17        |
-----------------------------------------
-----------------------------------------
| energy/                 |             |
|    E_damp_J             | 0.0641      |
|    E_fric_J             | 0.0141      |
|    E_norm_J             | 0.02        |
|    W_neg_J              | 0.0437      |
|    W_pos_J              | 0.119       |
| reward/                 |             |
|    r_energy             | -0.121      |
| rollout/                |             |
|    ep_len_mean          | 82          |
|    ep_rew_mean          | 43.7        |
| time/                   |             |
|    fps                  | 46          |
|    iterations           | 306         |
|    time_elapsed         | 26827       |
|    total_timesteps      | 1253376     |
| train/                  |             |
|    approx_kl            | 0.043304294 |
|    clip_fraction        | 0.424       |
|    clip_range           | 0.2         |
|    entropy_loss         | -0.383      |
|    explained_variance   | 0.927       |
|    learning_rate        | 0.0003      |
|    loss                 | 0.0505      |
|    n_updates            | 3050        |
|    policy_gradient_loss | -0.00193    |
|    std                  | 0.276       |
|    value_loss           | 0.126       |
-----------------------------------------
-----------------------------------------
| energy/                 |             |
|    E_damp_J             | 0.042       |
|    E_fric_J             | 0.015       |
|    E_norm_J             | 0.00276     |
|    W_neg_J              | 0.0055      |
|    W_pos_J              | 0.0915      |
| reward/                 |             |
|    r_energy             | -0.062      |
| rollout/                |             |
|    ep_len_mean          | 82          |
|    ep_rew_mean          | 43.6        |
| time/                   |             |
|    fps                  | 46          |
|    iterations           | 307         |
|    time_elapsed         | 26914       |
|    total_timesteps      | 1257472     |
| train/                  |             |
|    approx_kl            | 0.061446153 |
|    clip_fraction        | 0.49        |
|    clip_range           | 0.2         |
|    entropy_loss         | -0.364      |
|    explained_variance   | 0.867       |
|    learning_rate        | 0.0003      |
|    loss                 | 0.159       |
|    n_updates            | 3060        |
|    policy_gradient_loss | 0.00232     |
|    std                  | 0.276       |
|    value_loss           | 0.256       |
-----------------------------------------
-----------------------------------------
| energy/                 |             |
|    E_damp_J             | 0.0607      |
|    E_fric_J             | 0.0141      |
|    E_norm_J             | 0.0201      |
|    W_neg_J              | 0.0467      |
|    W_pos_J              | 0.113       |
| reward/                 |             |
|    r_energy             | -0.119      |
| rollout/                |             |
|    ep_len_mean          | 82          |
|    ep_rew_mean          | 43.7        |
| time/                   |             |
|    fps                  | 46          |
|    iterations           | 308         |
|    time_elapsed         | 27000       |
|    total_timesteps      | 1261568     |
| train/                  |             |
|    approx_kl            | 0.059244245 |
|    clip_fraction        | 0.445       |
|    clip_range           | 0.2         |
|    entropy_loss         | -0.339      |
|    explained_variance   | 0.924       |
|    learning_rate        | 0.0003      |
|    loss                 | 0.0719      |
|    n_updates            | 3070        |
|    policy_gradient_loss | -0.0014     |
|    std                  | 0.276       |
|    value_loss           | 0.144       |
-----------------------------------------
-----------------------------------------
| energy/                 |             |
|    E_damp_J             | 0.0431      |
|    E_fric_J             | 0.0148      |
|    E_norm_J             | 0.00279     |
|    W_neg_J              | 0.00629     |
|    W_pos_J              | 0.0874      |
| reward/                 |             |
|    r_energy             | -0.0618     |
| rollout/                |             |
|    ep_len_mean          | 82          |
|    ep_rew_mean          | 43.5        |
| time/                   |             |
|    fps                  | 46          |
|    iterations           | 309         |
|    time_elapsed         | 27087       |
|    total_timesteps      | 1265664     |
| train/                  |             |
|    approx_kl            | 0.055967152 |
|    clip_fraction        | 0.417       |
|    clip_range           | 0.2         |
|    entropy_loss         | -0.322      |
|    explained_variance   | 0.935       |
|    learning_rate        | 0.0003      |
|    loss                 | 0.0603      |
|    n_updates            | 3080        |
|    policy_gradient_loss | -0.00382    |
|    std                  | 0.275       |
|    value_loss           | 0.125       |
-----------------------------------------
-----------------------------------------
| energy/                 |             |
|    E_damp_J             | 0.0595      |
|    E_fric_J             | 0.0142      |
|    E_norm_J             | 0.0192      |
|    W_neg_J              | 0.0357      |
|    W_pos_J              | 0.113       |
| reward/                 |             |
|    r_energy             | -0.111      |
| rollout/                |             |
|    ep_len_mean          | 82          |
|    ep_rew_mean          | 43.1        |
| time/                   |             |
|    fps                  | 46          |
|    iterations           | 310         |
|    time_elapsed         | 27173       |
|    total_timesteps      | 1269760     |
| train/                  |             |
|    approx_kl            | 0.041837215 |
|    clip_fraction        | 0.411       |
|    clip_range           | 0.2         |
|    entropy_loss         | -0.319      |
|    explained_variance   | 0.904       |
|    learning_rate        | 0.0003      |
|    loss                 | 0.0891      |
|    n_updates            | 3090        |
|    policy_gradient_loss | 0.00144     |
|    std                  | 0.276       |
|    value_loss           | 0.181       |
-----------------------------------------
-----------------------------------------
| energy/                 |             |
|    E_damp_J             | 0.0447      |
|    E_fric_J             | 0.0149      |
|    E_norm_J             | 0.00271     |
|    W_neg_J              | 0.00629     |
|    W_pos_J              | 0.0853      |
| reward/                 |             |
|    r_energy             | -0.0619     |
| rollout/                |             |
|    ep_len_mean          | 82          |
|    ep_rew_mean          | 43.6        |
| time/                   |             |
|    fps                  | 46          |
|    iterations           | 311         |
|    time_elapsed         | 27260       |
|    total_timesteps      | 1273856     |
| train/                  |             |
|    approx_kl            | 0.041691698 |
|    clip_fraction        | 0.429       |
|    clip_range           | 0.2         |
|    entropy_loss         | -0.325      |
|    explained_variance   | 0.923       |
|    learning_rate        | 0.0003      |
|    loss                 | 0.00204     |
|    n_updates            | 3100        |
|    policy_gradient_loss | -0.00374    |
|    std                  | 0.276       |
|    value_loss           | 0.153       |
-----------------------------------------
---------------------------------------
| energy/                 |           |
|    E_damp_J             | 0.0587    |
|    E_fric_J             | 0.0141    |
|    E_norm_J             | 0.0211    |
|    W_neg_J              | 0.0504    |
|    W_pos_J              | 0.112     |
| reward/                 |           |
|    r_energy             | -0.121    |
| rollout/                |           |
|    ep_len_mean          | 82        |
|    ep_rew_mean          | 44.1      |
| time/                   |           |
|    fps                  | 46        |
|    iterations           | 312       |
|    time_elapsed         | 27346     |
|    total_timesteps      | 1277952   |
| train/                  |           |
|    approx_kl            | 0.0494541 |
|    clip_fraction        | 0.448     |
|    clip_range           | 0.2       |
|    entropy_loss         | -0.319    |
|    explained_variance   | 0.921     |
|    learning_rate        | 0.0003    |
|    loss                 | 0.0187    |
|    n_updates            | 3110      |
|    policy_gradient_loss | 0.00365   |
|    std                  | 0.276     |
|    value_loss           | 0.124     |
---------------------------------------
-----------------------------------------
| energy/                 |             |
|    E_damp_J             | 0.0432      |
|    E_fric_J             | 0.0152      |
|    E_norm_J             | 0.00294     |
|    W_neg_J              | 0.00515     |
|    W_pos_J              | 0.089       |
| reward/                 |             |
|    r_energy             | -0.062      |
| rollout/                |             |
|    ep_len_mean          | 82          |
|    ep_rew_mean          | 44          |
| time/                   |             |
|    fps                  | 46          |
|    iterations           | 313         |
|    time_elapsed         | 27432       |
|    total_timesteps      | 1282048     |
| train/                  |             |
|    approx_kl            | 0.044728484 |
|    clip_fraction        | 0.422       |
|    clip_range           | 0.2         |
|    entropy_loss         | -0.306      |
|    explained_variance   | 0.936       |
|    learning_rate        | 0.0003      |
|    loss                 | 0.0943      |
|    n_updates            | 3120        |
|    policy_gradient_loss | -0.000505   |
|    std                  | 0.275       |
|    value_loss           | 0.114       |
-----------------------------------------
-----------------------------------------
| energy/                 |             |
|    E_damp_J             | 0.0631      |
|    E_fric_J             | 0.0143      |
|    E_norm_J             | 0.0196      |
|    W_neg_J              | 0.0531      |
|    W_pos_J              | 0.112       |
| reward/                 |             |
|    r_energy             | -0.124      |
| rollout/                |             |
|    ep_len_mean          | 82          |
|    ep_rew_mean          | 43.8        |
| time/                   |             |
|    fps                  | 46          |
|    iterations           | 314         |
|    time_elapsed         | 27517       |
|    total_timesteps      | 1286144     |
| train/                  |             |
|    approx_kl            | 0.050833285 |
|    clip_fraction        | 0.446       |
|    clip_range           | 0.2         |
|    entropy_loss         | -0.3        |
|    explained_variance   | 0.926       |
|    learning_rate        | 0.0003      |
|    loss                 | 0.0249      |
|    n_updates            | 3130        |
|    policy_gradient_loss | -0.00256    |
|    std                  | 0.275       |
|    value_loss           | 0.142       |
-----------------------------------------
----------------------------------------
| energy/                 |            |
|    E_damp_J             | 0.0443     |
|    E_fric_J             | 0.0149     |
|    E_norm_J             | 0.00271    |
|    W_neg_J              | 0.00721    |
|    W_pos_J              | 0.0849     |
| reward/                 |            |
|    r_energy             | -0.0621    |
| rollout/                |            |
|    ep_len_mean          | 82         |
|    ep_rew_mean          | 43.7       |
| time/                   |            |
|    fps                  | 46         |
|    iterations           | 315        |
|    time_elapsed         | 27601      |
|    total_timesteps      | 1290240    |
| train/                  |            |
|    approx_kl            | 0.04226672 |
|    clip_fraction        | 0.432      |
|    clip_range           | 0.2        |
|    entropy_loss         | -0.285     |
|    explained_variance   | 0.92       |
|    learning_rate        | 0.0003     |
|    loss                 | 0.0321     |
|    n_updates            | 3140       |
|    policy_gradient_loss | 0.000372   |
|    std                  | 0.275      |
|    value_loss           | 0.158      |
----------------------------------------
----------------------------------------
| energy/                 |            |
|    E_damp_J             | 0.0655     |
|    E_fric_J             | 0.0142     |
|    E_norm_J             | 0.0203     |
|    W_neg_J              | 0.0494     |
|    W_pos_J              | 0.123      |
| reward/                 |            |
|    r_energy             | -0.127     |
| rollout/                |            |
|    ep_len_mean          | 82         |
|    ep_rew_mean          | 43.8       |
| time/                   |            |
|    fps                  | 46         |
|    iterations           | 316        |
|    time_elapsed         | 27686      |
|    total_timesteps      | 1294336    |
| train/                  |            |
|    approx_kl            | 0.05161075 |
|    clip_fraction        | 0.441      |
|    clip_range           | 0.2        |
|    entropy_loss         | -0.247     |
|    explained_variance   | 0.915      |
|    learning_rate        | 0.0003     |
|    loss                 | 0.0546     |
|    n_updates            | 3150       |
|    policy_gradient_loss | 0.00155    |
|    std                  | 0.274      |
|    value_loss           | 0.147      |
----------------------------------------
----------------------------------------
| energy/                 |            |
|    E_damp_J             | 0.0448     |
|    E_fric_J             | 0.0149     |
|    E_norm_J             | 0.0027     |
|    W_neg_J              | 0.00774    |
|    W_pos_J              | 0.085      |
| reward/                 |            |
|    r_energy             | -0.0627    |
| rollout/                |            |
|    ep_len_mean          | 82         |
|    ep_rew_mean          | 44         |
| time/                   |            |
|    fps                  | 46         |
|    iterations           | 317        |
|    time_elapsed         | 27771      |
|    total_timesteps      | 1298432    |
| train/                  |            |
|    approx_kl            | 0.04535748 |
|    clip_fraction        | 0.415      |
|    clip_range           | 0.2        |
|    entropy_loss         | -0.216     |
|    explained_variance   | 0.934      |
|    learning_rate        | 0.0003     |
|    loss                 | 0.0582     |
|    n_updates            | 3160       |
|    policy_gradient_loss | -0.00227   |
|    std                  | 0.274      |
|    value_loss           | 0.124      |
----------------------------------------
-----------------------------------------
| energy/                 |             |
|    E_damp_J             | 0.061       |
|    E_fric_J             | 0.0141      |
|    E_norm_J             | 0.0196      |
|    W_neg_J              | 0.0426      |
|    W_pos_J              | 0.114       |
| reward/                 |             |
|    r_energy             | -0.117      |
| rollout/                |             |
|    ep_len_mean          | 82          |
|    ep_rew_mean          | 44.2        |
| time/                   |             |
|    fps                  | 46          |
|    iterations           | 318         |
|    time_elapsed         | 27856       |
|    total_timesteps      | 1302528     |
| train/                  |             |
|    approx_kl            | 0.057815444 |
|    clip_fraction        | 0.423       |
|    clip_range           | 0.2         |
|    entropy_loss         | -0.204      |
|    explained_variance   | 0.946       |
|    learning_rate        | 0.0003      |
|    loss                 | 0.0616      |
|    n_updates            | 3170        |
|    policy_gradient_loss | 0.00609     |
|    std                  | 0.274       |
|    value_loss           | 0.0879      |
-----------------------------------------
----------------------------------------
| energy/                 |            |
|    E_damp_J             | 0.0441     |
|    E_fric_J             | 0.0148     |
|    E_norm_J             | 0.00266    |
|    W_neg_J              | 0.00746    |
|    W_pos_J              | 0.0868     |
| reward/                 |            |
|    r_energy             | -0.0626    |
| rollout/                |            |
|    ep_len_mean          | 82         |
|    ep_rew_mean          | 44.2       |
| time/                   |            |
|    fps                  | 46         |
|    iterations           | 319        |
|    time_elapsed         | 27941      |
|    total_timesteps      | 1306624    |
| train/                  |            |
|    approx_kl            | 0.04452558 |
|    clip_fraction        | 0.413      |
|    clip_range           | 0.2        |
|    entropy_loss         | -0.176     |
|    explained_variance   | 0.929      |
|    learning_rate        | 0.0003     |
|    loss                 | 0.0919     |
|    n_updates            | 3180       |
|    policy_gradient_loss | 0.00134    |
|    std                  | 0.273      |
|    value_loss           | 0.126      |
----------------------------------------
-----------------------------------------
| energy/                 |             |
|    E_damp_J             | 0.0631      |
|    E_fric_J             | 0.0141      |
|    E_norm_J             | 0.0199      |
|    W_neg_J              | 0.0476      |
|    W_pos_J              | 0.112       |
| reward/                 |             |
|    r_energy             | -0.121      |
| rollout/                |             |
|    ep_len_mean          | 82          |
|    ep_rew_mean          | 44.2        |
| time/                   |             |
|    fps                  | 46          |
|    iterations           | 320         |
|    time_elapsed         | 28025       |
|    total_timesteps      | 1310720     |
| train/                  |             |
|    approx_kl            | 0.047073983 |
|    clip_fraction        | 0.425       |
|    clip_range           | 0.2         |
|    entropy_loss         | -0.152      |
|    explained_variance   | 0.941       |
|    learning_rate        | 0.0003      |
|    loss                 | 0.0812      |
|    n_updates            | 3190        |
|    policy_gradient_loss | -0.00367    |
|    std                  | 0.273       |
|    value_loss           | 0.0974      |
-----------------------------------------
-----------------------------------------
| energy/                 |             |
|    E_damp_J             | 0.0452      |
|    E_fric_J             | 0.0148      |
|    E_norm_J             | 0.00278     |
|    W_neg_J              | 0.00772     |
|    W_pos_J              | 0.0824      |
| reward/                 |             |
|    r_energy             | -0.0621     |
| rollout/                |             |
|    ep_len_mean          | 82          |
|    ep_rew_mean          | 44.1        |
| time/                   |             |
|    fps                  | 46          |
|    iterations           | 321         |
|    time_elapsed         | 28110       |
|    total_timesteps      | 1314816     |
| train/                  |             |
|    approx_kl            | 0.043449495 |
|    clip_fraction        | 0.427       |
|    clip_range           | 0.2         |
|    entropy_loss         | -0.128      |
|    explained_variance   | 0.945       |
|    learning_rate        | 0.0003      |
|    loss                 | -0.002      |
|    n_updates            | 3200        |
|    policy_gradient_loss | 0.000952    |
|    std                  | 0.273       |
|    value_loss           | 0.0982      |
-----------------------------------------
-----------------------------------------
| energy/                 |             |
|    E_damp_J             | 0.0595      |
|    E_fric_J             | 0.0144      |
|    E_norm_J             | 0.0195      |
|    W_neg_J              | 0.0334      |
|    W_pos_J              | 0.121       |
| reward/                 |             |
|    r_energy             | -0.113      |
| rollout/                |             |
|    ep_len_mean          | 82          |
|    ep_rew_mean          | 44          |
| time/                   |             |
|    fps                  | 46          |
|    iterations           | 322         |
|    time_elapsed         | 28196       |
|    total_timesteps      | 1318912     |
| train/                  |             |
|    approx_kl            | 0.046520136 |
|    clip_fraction        | 0.45        |
|    clip_range           | 0.2         |
|    entropy_loss         | -0.105      |
|    explained_variance   | 0.92        |
|    learning_rate        | 0.0003      |
|    loss                 | 0.0447      |
|    n_updates            | 3210        |
|    policy_gradient_loss | 0.00603     |
|    std                  | 0.272       |
|    value_loss           | 0.116       |
-----------------------------------------
----------------------------------------
| energy/                 |            |
|    E_damp_J             | 0.0438     |
|    E_fric_J             | 0.0149     |
|    E_norm_J             | 0.00274    |
|    W_neg_J              | 0.00665    |
|    W_pos_J              | 0.0842     |
| reward/                 |            |
|    r_energy             | -0.0614    |
| rollout/                |            |
|    ep_len_mean          | 82         |
|    ep_rew_mean          | 44.1       |
| time/                   |            |
|    fps                  | 46         |
|    iterations           | 323        |
|    time_elapsed         | 28281      |
|    total_timesteps      | 1323008    |
| train/                  |            |
|    approx_kl            | 0.04838515 |
|    clip_fraction        | 0.432      |
|    clip_range           | 0.2        |
|    entropy_loss         | -0.107     |
|    explained_variance   | 0.924      |
|    learning_rate        | 0.0003     |
|    loss                 | 0.0514     |
|    n_updates            | 3220       |
|    policy_gradient_loss | -0.00313   |
|    std                  | 0.273      |
|    value_loss           | 0.146      |
----------------------------------------
----------------------------------------
| energy/                 |            |
|    E_damp_J             | 0.0611     |
|    E_fric_J             | 0.0145     |
|    E_norm_J             | 0.0193     |
|    W_neg_J              | 0.0367     |
|    W_pos_J              | 0.12       |
| reward/                 |            |
|    r_energy             | -0.115     |
| rollout/                |            |
|    ep_len_mean          | 82         |
|    ep_rew_mean          | 44.2       |
| time/                   |            |
|    fps                  | 46         |
|    iterations           | 324        |
|    time_elapsed         | 28365      |
|    total_timesteps      | 1327104    |
| train/                  |            |
|    approx_kl            | 0.04191476 |
|    clip_fraction        | 0.425      |
|    clip_range           | 0.2        |
|    entropy_loss         | -0.102     |
|    explained_variance   | 0.93       |
|    learning_rate        | 0.0003     |
|    loss                 | 0.0377     |
|    n_updates            | 3230       |
|    policy_gradient_loss | -0.00178   |
|    std                  | 0.272      |
|    value_loss           | 0.116      |
----------------------------------------
----------------------------------------
| energy/                 |            |
|    E_damp_J             | 0.0439     |
|    E_fric_J             | 0.0146     |
|    E_norm_J             | 0.00275    |
|    W_neg_J              | 0.00687    |
|    W_pos_J              | 0.0831     |
| reward/                 |            |
|    r_energy             | -0.061     |
| rollout/                |            |
|    ep_len_mean          | 82         |
|    ep_rew_mean          | 44.1       |
| time/                   |            |
|    fps                  | 46         |
|    iterations           | 325        |
|    time_elapsed         | 28451      |
|    total_timesteps      | 1331200    |
| train/                  |            |
|    approx_kl            | 0.05330254 |
|    clip_fraction        | 0.462      |
|    clip_range           | 0.2        |
|    entropy_loss         | -0.103     |
|    explained_variance   | 0.92       |
|    learning_rate        | 0.0003     |
|    loss                 | 0.0606     |
|    n_updates            | 3240       |
|    policy_gradient_loss | -0.00281   |
|    std                  | 0.273      |
|    value_loss           | 0.148      |
----------------------------------------
-----------------------------------------
| energy/                 |             |
|    E_damp_J             | 0.0601      |
|    E_fric_J             | 0.0145      |
|    E_norm_J             | 0.0192      |
|    W_neg_J              | 0.0326      |
|    W_pos_J              | 0.114       |
| reward/                 |             |
|    r_energy             | -0.11       |
| rollout/                |             |
|    ep_len_mean          | 82          |
|    ep_rew_mean          | 43.8        |
| time/                   |             |
|    fps                  | 46          |
|    iterations           | 326         |
|    time_elapsed         | 28538       |
|    total_timesteps      | 1335296     |
| train/                  |             |
|    approx_kl            | 0.050792087 |
|    clip_fraction        | 0.445       |
|    clip_range           | 0.2         |
|    entropy_loss         | -0.11       |
|    explained_variance   | 0.914       |
|    learning_rate        | 0.0003      |
|    loss                 | 0.0936      |
|    n_updates            | 3250        |
|    policy_gradient_loss | -0.00223    |
|    std                  | 0.273       |
|    value_loss           | 0.154       |
-----------------------------------------
-----------------------------------------
| energy/                 |             |
|    E_damp_J             | 0.0437      |
|    E_fric_J             | 0.0148      |
|    E_norm_J             | 0.00268     |
|    W_neg_J              | 0.00584     |
|    W_pos_J              | 0.0871      |
| reward/                 |             |
|    r_energy             | -0.0616     |
| rollout/                |             |
|    ep_len_mean          | 82          |
|    ep_rew_mean          | 43.7        |
| time/                   |             |
|    fps                  | 46          |
|    iterations           | 327         |
|    time_elapsed         | 28625       |
|    total_timesteps      | 1339392     |
| train/                  |             |
|    approx_kl            | 0.041666202 |
|    clip_fraction        | 0.416       |
|    clip_range           | 0.2         |
|    entropy_loss         | -0.119      |
|    explained_variance   | 0.9         |
|    learning_rate        | 0.0003      |
|    loss                 | 0.152       |
|    n_updates            | 3260        |
|    policy_gradient_loss | 0.00202     |
|    std                  | 0.273       |
|    value_loss           | 0.212       |
-----------------------------------------
----------------------------------------
| energy/                 |            |
|    E_damp_J             | 0.0444     |
|    E_fric_J             | 0.0148     |
|    E_norm_J             | 0.00269    |
|    W_neg_J              | 0.00619    |
|    W_pos_J              | 0.0867     |
| reward/                 |            |
|    r_energy             | -0.062     |
| rollout/                |            |
|    ep_len_mean          | 82         |
|    ep_rew_mean          | 44.1       |
| time/                   |            |
|    fps                  | 46         |
|    iterations           | 328        |
|    time_elapsed         | 28712      |
|    total_timesteps      | 1343488    |
| train/                  |            |
|    approx_kl            | 0.05620575 |
|    clip_fraction        | 0.42       |
|    clip_range           | 0.2        |
|    entropy_loss         | -0.0922    |
|    explained_variance   | 0.93       |
|    learning_rate        | 0.0003     |
|    loss                 | 0.0684     |
|    n_updates            | 3270       |
|    policy_gradient_loss | 0.000336   |
|    std                  | 0.273      |
|    value_loss           | 0.124      |
----------------------------------------
----------------------------------------
| energy/                 |            |
|    E_damp_J             | 0.0445     |
|    E_fric_J             | 0.0148     |
|    E_norm_J             | 0.00272    |
|    W_neg_J              | 0.00769    |
|    W_pos_J              | 0.0835     |
| reward/                 |            |
|    r_energy             | -0.062     |
| rollout/                |            |
|    ep_len_mean          | 82         |
|    ep_rew_mean          | 44.4       |
| time/                   |            |
|    fps                  | 46         |
|    iterations           | 329        |
|    time_elapsed         | 28799      |
|    total_timesteps      | 1347584    |
| train/                  |            |
|    approx_kl            | 0.04131163 |
|    clip_fraction        | 0.435      |
|    clip_range           | 0.2        |
|    entropy_loss         | -0.0679    |
|    explained_variance   | 0.932      |
|    learning_rate        | 0.0003     |
|    loss                 | 0.017      |
|    n_updates            | 3280       |
|    policy_gradient_loss | -0.000852  |
|    std                  | 0.273      |
|    value_loss           | 0.109      |
----------------------------------------
-----------------------------------------
| energy/                 |             |
|    E_damp_J             | 0.0438      |
|    E_fric_J             | 0.015       |
|    E_norm_J             | 0.00276     |
|    W_neg_J              | 0.00597     |
|    W_pos_J              | 0.0871      |
| reward/                 |             |
|    r_energy             | -0.0619     |
| rollout/                |             |
|    ep_len_mean          | 82          |
|    ep_rew_mean          | 44.2        |
| time/                   |             |
|    fps                  | 46          |
|    iterations           | 330         |
|    time_elapsed         | 28883       |
|    total_timesteps      | 1351680     |
| train/                  |             |
|    approx_kl            | 0.042871416 |
|    clip_fraction        | 0.456       |
|    clip_range           | 0.2         |
|    entropy_loss         | -0.0447     |
|    explained_variance   | 0.896       |
|    learning_rate        | 0.0003      |
|    loss                 | 0.00413     |
|    n_updates            | 3290        |
|    policy_gradient_loss | -0.00297    |
|    std                  | 0.272       |
|    value_loss           | 0.185       |
-----------------------------------------
-----------------------------------------
| energy/                 |             |
|    E_damp_J             | 0.044       |
|    E_fric_J             | 0.0149      |
|    E_norm_J             | 0.00278     |
|    W_neg_J              | 0.00657     |
|    W_pos_J              | 0.0861      |
| reward/                 |             |
|    r_energy             | -0.062      |
| rollout/                |             |
|    ep_len_mean          | 82          |
|    ep_rew_mean          | 44.1        |
| time/                   |             |
|    fps                  | 46          |
|    iterations           | 331         |
|    time_elapsed         | 28968       |
|    total_timesteps      | 1355776     |
| train/                  |             |
|    approx_kl            | 0.045381553 |
|    clip_fraction        | 0.421       |
|    clip_range           | 0.2         |
|    entropy_loss         | -0.00849    |
|    explained_variance   | 0.931       |
|    learning_rate        | 0.0003      |
|    loss                 | 0.0715      |
|    n_updates            | 3300        |
|    policy_gradient_loss | -0.00346    |
|    std                  | 0.271       |
|    value_loss           | 0.125       |
-----------------------------------------
-----------------------------------------
| energy/                 |             |
|    E_damp_J             | 0.0452      |
|    E_fric_J             | 0.0148      |
|    E_norm_J             | 0.00262     |
|    W_neg_J              | 0.00612     |
|    W_pos_J              | 0.0867      |
| reward/                 |             |
|    r_energy             | -0.0623     |
| rollout/                |             |
|    ep_len_mean          | 82          |
|    ep_rew_mean          | 44.4        |
| time/                   |             |
|    fps                  | 46          |
|    iterations           | 332         |
|    time_elapsed         | 29053       |
|    total_timesteps      | 1359872     |
| train/                  |             |
|    approx_kl            | 0.078224435 |
|    clip_fraction        | 0.493       |
|    clip_range           | 0.2         |
|    entropy_loss         | -0.000767   |
|    explained_variance   | 0.875       |
|    learning_rate        | 0.0003      |
|    loss                 | 0.131       |
|    n_updates            | 3310        |
|    policy_gradient_loss | 0.00341     |
|    std                  | 0.271       |
|    value_loss           | 0.274       |
-----------------------------------------
-----------------------------------------
| energy/                 |             |
|    E_damp_J             | 0.0441      |
|    E_fric_J             | 0.0145      |
|    E_norm_J             | 0.00266     |
|    W_neg_J              | 0.00848     |
|    W_pos_J              | 0.0788      |
| reward/                 |             |
|    r_energy             | -0.0607     |
| rollout/                |             |
|    ep_len_mean          | 82          |
|    ep_rew_mean          | 44.4        |
| time/                   |             |
|    fps                  | 46          |
|    iterations           | 333         |
|    time_elapsed         | 29137       |
|    total_timesteps      | 1363968     |
| train/                  |             |
|    approx_kl            | 0.063549474 |
|    clip_fraction        | 0.453       |
|    clip_range           | 0.2         |
|    entropy_loss         | 0.0151      |
|    explained_variance   | 0.897       |
|    learning_rate        | 0.0003      |
|    loss                 | 0.0356      |
|    n_updates            | 3320        |
|    policy_gradient_loss | 0.00344     |
|    std                  | 0.271       |
|    value_loss           | 0.165       |
-----------------------------------------
-----------------------------------------
| energy/                 |             |
|    E_damp_J             | 0.0449      |
|    E_fric_J             | 0.0147      |
|    E_norm_J             | 0.00271     |
|    W_neg_J              | 0.00647     |
|    W_pos_J              | 0.0837      |
| reward/                 |             |
|    r_energy             | -0.0615     |
| rollout/                |             |
|    ep_len_mean          | 82          |
|    ep_rew_mean          | 44.5        |
| time/                   |             |
|    fps                  | 46          |
|    iterations           | 334         |
|    time_elapsed         | 29222       |
|    total_timesteps      | 1368064     |
| train/                  |             |
|    approx_kl            | 0.047605567 |
|    clip_fraction        | 0.444       |
|    clip_range           | 0.2         |
|    entropy_loss         | 0.0535      |
|    explained_variance   | 0.908       |
|    learning_rate        | 0.0003      |
|    loss                 | 0.0641      |
|    n_updates            | 3330        |
|    policy_gradient_loss | -0.00068    |
|    std                  | 0.269       |
|    value_loss           | 0.187       |
-----------------------------------------
-----------------------------------------
| energy/                 |             |
|    E_damp_J             | 0.0448      |
|    E_fric_J             | 0.0145      |
|    E_norm_J             | 0.00267     |
|    W_neg_J              | 0.00882     |
|    W_pos_J              | 0.0793      |
| reward/                 |             |
|    r_energy             | -0.0614     |
| rollout/                |             |
|    ep_len_mean          | 82          |
|    ep_rew_mean          | 44.5        |
| time/                   |             |
|    fps                  | 46          |
|    iterations           | 335         |
|    time_elapsed         | 29306       |
|    total_timesteps      | 1372160     |
| train/                  |             |
|    approx_kl            | 0.049165156 |
|    clip_fraction        | 0.439       |
|    clip_range           | 0.2         |
|    entropy_loss         | 0.0594      |
|    explained_variance   | 0.915       |
|    learning_rate        | 0.0003      |
|    loss                 | 0.08        |
|    n_updates            | 3340        |
|    policy_gradient_loss | -0.00207    |
|    std                  | 0.27        |
|    value_loss           | 0.128       |
-----------------------------------------
---------------------------------------
| energy/                 |           |
|    E_damp_J             | 0.0456    |
|    E_fric_J             | 0.0148    |
|    E_norm_J             | 0.00264   |
|    W_neg_J              | 0.00672   |
|    W_pos_J              | 0.0847    |
| reward/                 |           |
|    r_energy             | -0.0623   |
| rollout/                |           |
|    ep_len_mean          | 82        |
|    ep_rew_mean          | 44.7      |
| time/                   |           |
|    fps                  | 46        |
|    iterations           | 336       |
|    time_elapsed         | 29391     |
|    total_timesteps      | 1376256   |
| train/                  |           |
|    approx_kl            | 0.0438648 |
|    clip_fraction        | 0.416     |
|    clip_range           | 0.2       |
|    entropy_loss         | 0.0595    |
|    explained_variance   | 0.93      |
|    learning_rate        | 0.0003    |
|    loss                 | 0.0904    |
|    n_updates            | 3350      |
|    policy_gradient_loss | -0.00453  |
|    std                  | 0.27      |
|    value_loss           | 0.125     |
---------------------------------------
----------------------------------------
| energy/                 |            |
|    E_damp_J             | 0.043      |
|    E_fric_J             | 0.0146     |
|    E_norm_J             | 0.00275    |
|    W_neg_J              | 0.00898    |
|    W_pos_J              | 0.0766     |
| reward/                 |            |
|    r_energy             | -0.0599    |
| rollout/                |            |
|    ep_len_mean          | 82         |
|    ep_rew_mean          | 44.7       |
| time/                   |            |
|    fps                  | 46         |
|    iterations           | 337        |
|    time_elapsed         | 29477      |
|    total_timesteps      | 1380352    |
| train/                  |            |
|    approx_kl            | 0.04438278 |
|    clip_fraction        | 0.431      |
|    clip_range           | 0.2        |
|    entropy_loss         | 0.0711     |
|    explained_variance   | 0.954      |
|    learning_rate        | 0.0003     |
|    loss                 | 0.0147     |
|    n_updates            | 3360       |
|    policy_gradient_loss | 0.000522   |
|    std                  | 0.27       |
|    value_loss           | 0.0551     |
----------------------------------------
----------------------------------------
| energy/                 |            |
|    E_damp_J             | 0.0445     |
|    E_fric_J             | 0.0148     |
|    E_norm_J             | 0.00272    |
|    W_neg_J              | 0.00677    |
|    W_pos_J              | 0.0832     |
| reward/                 |            |
|    r_energy             | -0.0614    |
| rollout/                |            |
|    ep_len_mean          | 82         |
|    ep_rew_mean          | 44.5       |
| time/                   |            |
|    fps                  | 46         |
|    iterations           | 338        |
|    time_elapsed         | 29562      |
|    total_timesteps      | 1384448    |
| train/                  |            |
|    approx_kl            | 0.06375611 |
|    clip_fraction        | 0.435      |
|    clip_range           | 0.2        |
|    entropy_loss         | 0.0776     |
|    explained_variance   | 0.927      |
|    learning_rate        | 0.0003     |
|    loss                 | 0.0372     |
|    n_updates            | 3370       |
|    policy_gradient_loss | -0.00213   |
|    std                  | 0.27       |
|    value_loss           | 0.128      |
----------------------------------------
-----------------------------------------
| energy/                 |             |
|    E_damp_J             | 0.0429      |
|    E_fric_J             | 0.0151      |
|    E_norm_J             | 0.00285     |
|    W_neg_J              | 0.00785     |
|    W_pos_J              | 0.091       |
| reward/                 |             |
|    r_energy             | -0.0638     |
| rollout/                |             |
|    ep_len_mean          | 82          |
|    ep_rew_mean          | 44.3        |
| time/                   |             |
|    fps                  | 46          |
|    iterations           | 339         |
|    time_elapsed         | 29647       |
|    total_timesteps      | 1388544     |
| train/                  |             |
|    approx_kl            | 0.053621434 |
|    clip_fraction        | 0.417       |
|    clip_range           | 0.2         |
|    entropy_loss         | 0.0597      |
|    explained_variance   | 0.931       |
|    learning_rate        | 0.0003      |
|    loss                 | 0.0415      |
|    n_updates            | 3380        |
|    policy_gradient_loss | -0.00131    |
|    std                  | 0.271       |
|    value_loss           | 0.117       |
-----------------------------------------
----------------------------------------
| energy/                 |            |
|    E_damp_J             | 0.0422     |
|    E_fric_J             | 0.0149     |
|    E_norm_J             | 0.00278    |
|    W_neg_J              | 0.00611    |
|    W_pos_J              | 0.0856     |
| reward/                 |            |
|    r_energy             | -0.0607    |
| rollout/                |            |
|    ep_len_mean          | 82         |
|    ep_rew_mean          | 44.1       |
| time/                   |            |
|    fps                  | 46         |
|    iterations           | 340        |
|    time_elapsed         | 29733      |
|    total_timesteps      | 1392640    |
| train/                  |            |
|    approx_kl            | 0.04369115 |
|    clip_fraction        | 0.444      |
|    clip_range           | 0.2        |
|    entropy_loss         | 0.0484     |
|    explained_variance   | 0.927      |
|    learning_rate        | 0.0003     |
|    loss                 | 0.0614     |
|    n_updates            | 3390       |
|    policy_gradient_loss | 0.00524    |
|    std                  | 0.271      |
|    value_loss           | 0.132      |
----------------------------------------
-----------------------------------------
| energy/                 |             |
|    E_damp_J             | 0.0446      |
|    E_fric_J             | 0.0145      |
|    E_norm_J             | 0.00314     |
|    W_neg_J              | 0.0139      |
|    W_pos_J              | 0.0842      |
| reward/                 |             |
|    r_energy             | -0.0663     |
| rollout/                |             |
|    ep_len_mean          | 82          |
|    ep_rew_mean          | 44.5        |
| time/                   |             |
|    fps                  | 46          |
|    iterations           | 341         |
|    time_elapsed         | 29818       |
|    total_timesteps      | 1396736     |
| train/                  |             |
|    approx_kl            | 0.041847922 |
|    clip_fraction        | 0.407       |
|    clip_range           | 0.2         |
|    entropy_loss         | 0.07        |
|    explained_variance   | 0.943       |
|    learning_rate        | 0.0003      |
|    loss                 | 0.0103      |
|    n_updates            | 3400        |
|    policy_gradient_loss | -4.91e-05   |
|    std                  | 0.27        |
|    value_loss           | 0.0978      |
-----------------------------------------
-----------------------------------------
| energy/                 |             |
|    E_damp_J             | 0.0441      |
|    E_fric_J             | 0.0149      |
|    E_norm_J             | 0.00271     |
|    W_neg_J              | 0.00619     |
|    W_pos_J              | 0.089       |
| reward/                 |             |
|    r_energy             | -0.0627     |
| rollout/                |             |
|    ep_len_mean          | 82          |
|    ep_rew_mean          | 44.9        |
| time/                   |             |
|    fps                  | 46          |
|    iterations           | 342         |
|    time_elapsed         | 29903       |
|    total_timesteps      | 1400832     |
| train/                  |             |
|    approx_kl            | 0.061110556 |
|    clip_fraction        | 0.438       |
|    clip_range           | 0.2         |
|    entropy_loss         | 0.117       |
|    explained_variance   | 0.927       |
|    learning_rate        | 0.0003      |
|    loss                 | 0.0746      |
|    n_updates            | 3410        |
|    policy_gradient_loss | 0.00209     |
|    std                  | 0.269       |
|    value_loss           | 0.126       |
-----------------------------------------
----------------------------------------
| energy/                 |            |
|    E_damp_J             | 0.0535     |
|    E_fric_J             | 0.0148     |
|    E_norm_J             | 0.0204     |
|    W_neg_J              | 0.0263     |
|    W_pos_J              | 0.117      |
| reward/                 |            |
|    r_energy             | -0.105     |
| rollout/                |            |
|    ep_len_mean          | 82         |
|    ep_rew_mean          | 44.7       |
| time/                   |            |
|    fps                  | 46         |
|    iterations           | 343        |
|    time_elapsed         | 29988      |
|    total_timesteps      | 1404928    |
| train/                  |            |
|    approx_kl            | 0.05139087 |
|    clip_fraction        | 0.44       |
|    clip_range           | 0.2        |
|    entropy_loss         | 0.146      |
|    explained_variance   | 0.933      |
|    learning_rate        | 0.0003     |
|    loss                 | 0.0425     |
|    n_updates            | 3420       |
|    policy_gradient_loss | 0.00361    |
|    std                  | 0.269      |
|    value_loss           | 0.106      |
----------------------------------------
-----------------------------------------
| energy/                 |             |
|    E_damp_J             | 0.0432      |
|    E_fric_J             | 0.0151      |
|    E_norm_J             | 0.00274     |
|    W_neg_J              | 0.00598     |
|    W_pos_J              | 0.09        |
| reward/                 |             |
|    r_energy             | -0.0625     |
| rollout/                |             |
|    ep_len_mean          | 82          |
|    ep_rew_mean          | 44.6        |
| time/                   |             |
|    fps                  | 46          |
|    iterations           | 344         |
|    time_elapsed         | 30072       |
|    total_timesteps      | 1409024     |
| train/                  |             |
|    approx_kl            | 0.056569263 |
|    clip_fraction        | 0.463       |
|    clip_range           | 0.2         |
|    entropy_loss         | 0.137       |
|    explained_variance   | 0.927       |
|    learning_rate        | 0.0003      |
|    loss                 | 0.069       |
|    n_updates            | 3430        |
|    policy_gradient_loss | 0.00139     |
|    std                  | 0.269       |
|    value_loss           | 0.133       |
-----------------------------------------
-----------------------------------------
| energy/                 |             |
|    E_damp_J             | 0.064       |
|    E_fric_J             | 0.014       |
|    E_norm_J             | 0.0198      |
|    W_neg_J              | 0.052       |
|    W_pos_J              | 0.113       |
| reward/                 |             |
|    r_energy             | -0.124      |
| rollout/                |             |
|    ep_len_mean          | 82          |
|    ep_rew_mean          | 44.6        |
| time/                   |             |
|    fps                  | 46          |
|    iterations           | 345         |
|    time_elapsed         | 30157       |
|    total_timesteps      | 1413120     |
| train/                  |             |
|    approx_kl            | 0.043370795 |
|    clip_fraction        | 0.449       |
|    clip_range           | 0.2         |
|    entropy_loss         | 0.143       |
|    explained_variance   | 0.938       |
|    learning_rate        | 0.0003      |
|    loss                 | 0.0425      |
|    n_updates            | 3440        |
|    policy_gradient_loss | 0.00342     |
|    std                  | 0.269       |
|    value_loss           | 0.0878      |
-----------------------------------------
----------------------------------------
| energy/                 |            |
|    E_damp_J             | 0.0457     |
|    E_fric_J             | 0.0147     |
|    E_norm_J             | 0.00267    |
|    W_neg_J              | 0.00666    |
|    W_pos_J              | 0.0849     |
| reward/                 |            |
|    r_energy             | -0.0624    |
| rollout/                |            |
|    ep_len_mean          | 82         |
|    ep_rew_mean          | 44.6       |
| time/                   |            |
|    fps                  | 46         |
|    iterations           | 346        |
|    time_elapsed         | 30242      |
|    total_timesteps      | 1417216    |
| train/                  |            |
|    approx_kl            | 0.04891794 |
|    clip_fraction        | 0.456      |
|    clip_range           | 0.2        |
|    entropy_loss         | 0.179      |
|    explained_variance   | 0.924      |
|    learning_rate        | 0.0003     |
|    loss                 | 0.0304     |
|    n_updates            | 3450       |
|    policy_gradient_loss | 0.00315    |
|    std                  | 0.268      |
|    value_loss           | 0.128      |
----------------------------------------
---------------------------------------
| energy/                 |           |
|    E_damp_J             | 0.0612    |
|    E_fric_J             | 0.0142    |
|    E_norm_J             | 0.0195    |
|    W_neg_J              | 0.0391    |
|    W_pos_J              | 0.114     |
| reward/                 |           |
|    r_energy             | -0.115    |
| rollout/                |           |
|    ep_len_mean          | 82        |
|    ep_rew_mean          | 45        |
| time/                   |           |
|    fps                  | 46        |
|    iterations           | 347       |
|    time_elapsed         | 30327     |
|    total_timesteps      | 1421312   |
| train/                  |           |
|    approx_kl            | 0.0499824 |
|    clip_fraction        | 0.433     |
|    clip_range           | 0.2       |
|    entropy_loss         | 0.201     |
|    explained_variance   | 0.951     |
|    learning_rate        | 0.0003    |
|    loss                 | 0.0375    |
|    n_updates            | 3460      |
|    policy_gradient_loss | -0.00229  |
|    std                  | 0.268     |
|    value_loss           | 0.0755    |
---------------------------------------
-----------------------------------------
| energy/                 |             |
|    E_damp_J             | 0.0427      |
|    E_fric_J             | 0.0149      |
|    E_norm_J             | 0.00273     |
|    W_neg_J              | 0.00628     |
|    W_pos_J              | 0.0849      |
| reward/                 |             |
|    r_energy             | -0.0608     |
| rollout/                |             |
|    ep_len_mean          | 82          |
|    ep_rew_mean          | 45          |
| time/                   |             |
|    fps                  | 46          |
|    iterations           | 348         |
|    time_elapsed         | 30411       |
|    total_timesteps      | 1425408     |
| train/                  |             |
|    approx_kl            | 0.050224863 |
|    clip_fraction        | 0.424       |
|    clip_range           | 0.2         |
|    entropy_loss         | 0.231       |
|    explained_variance   | 0.954       |
|    learning_rate        | 0.0003      |
|    loss                 | 0.0218      |
|    n_updates            | 3470        |
|    policy_gradient_loss | 0.00231     |
|    std                  | 0.267       |
|    value_loss           | 0.0667      |
-----------------------------------------
----------------------------------------
| energy/                 |            |
|    E_damp_J             | 0.0592     |
|    E_fric_J             | 0.0142     |
|    E_norm_J             | 0.0203     |
|    W_neg_J              | 0.0418     |
|    W_pos_J              | 0.121      |
| reward/                 |            |
|    r_energy             | -0.118     |
| rollout/                |            |
|    ep_len_mean          | 82         |
|    ep_rew_mean          | 44.8       |
| time/                   |            |
|    fps                  | 46         |
|    iterations           | 349        |
|    time_elapsed         | 30496      |
|    total_timesteps      | 1429504    |
| train/                  |            |
|    approx_kl            | 0.05383818 |
|    clip_fraction        | 0.466      |
|    clip_range           | 0.2        |
|    entropy_loss         | 0.235      |
|    explained_variance   | 0.886      |
|    learning_rate        | 0.0003     |
|    loss                 | 0.0441     |
|    n_updates            | 3480       |
|    policy_gradient_loss | -0.00254   |
|    std                  | 0.267      |
|    value_loss           | 0.188      |
----------------------------------------
-----------------------------------------
| energy/                 |             |
|    E_damp_J             | 0.0425      |
|    E_fric_J             | 0.015       |
|    E_norm_J             | 0.00277     |
|    W_neg_J              | 0.00522     |
|    W_pos_J              | 0.0888      |
| reward/                 |             |
|    r_energy             | -0.0613     |
| rollout/                |             |
|    ep_len_mean          | 82          |
|    ep_rew_mean          | 44.8        |
| time/                   |             |
|    fps                  | 46          |
|    iterations           | 350         |
|    time_elapsed         | 30580       |
|    total_timesteps      | 1433600     |
| train/                  |             |
|    approx_kl            | 0.071712434 |
|    clip_fraction        | 0.459       |
|    clip_range           | 0.2         |
|    entropy_loss         | 0.24        |
|    explained_variance   | 0.937       |
|    learning_rate        | 0.0003      |
|    loss                 | 0.0776      |
|    n_updates            | 3490        |
|    policy_gradient_loss | 0.000642    |
|    std                  | 0.267       |
|    value_loss           | 0.104       |
-----------------------------------------
-----------------------------------------
| energy/                 |             |
|    E_damp_J             | 0.0597      |
|    E_fric_J             | 0.0137      |
|    E_norm_J             | 0.0199      |
|    W_neg_J              | 0.0476      |
|    W_pos_J              | 0.113       |
| reward/                 |             |
|    r_energy             | -0.119      |
| rollout/                |             |
|    ep_len_mean          | 82          |
|    ep_rew_mean          | 44.8        |
| time/                   |             |
|    fps                  | 46          |
|    iterations           | 351         |
|    time_elapsed         | 30665       |
|    total_timesteps      | 1437696     |
| train/                  |             |
|    approx_kl            | 0.053646393 |
|    clip_fraction        | 0.438       |
|    clip_range           | 0.2         |
|    entropy_loss         | 0.235       |
|    explained_variance   | 0.953       |
|    learning_rate        | 0.0003      |
|    loss                 | 0.0661      |
|    n_updates            | 3500        |
|    policy_gradient_loss | -0.00379    |
|    std                  | 0.268       |
|    value_loss           | 0.0751      |
-----------------------------------------
-----------------------------------------
| energy/                 |             |
|    E_damp_J             | 0.0442      |
|    E_fric_J             | 0.015       |
|    E_norm_J             | 0.0027      |
|    W_neg_J              | 0.00617     |
|    W_pos_J              | 0.0862      |
| reward/                 |             |
|    r_energy             | -0.0619     |
| rollout/                |             |
|    ep_len_mean          | 82          |
|    ep_rew_mean          | 45          |
| time/                   |             |
|    fps                  | 46          |
|    iterations           | 352         |
|    time_elapsed         | 30750       |
|    total_timesteps      | 1441792     |
| train/                  |             |
|    approx_kl            | 0.056205567 |
|    clip_fraction        | 0.444       |
|    clip_range           | 0.2         |
|    entropy_loss         | 0.24        |
|    explained_variance   | 0.941       |
|    learning_rate        | 0.0003      |
|    loss                 | 0.0738      |
|    n_updates            | 3510        |
|    policy_gradient_loss | -0.00107    |
|    std                  | 0.268       |
|    value_loss           | 0.103       |
-----------------------------------------
-----------------------------------------
| energy/                 |             |
|    E_damp_J             | 0.0578      |
|    E_fric_J             | 0.0142      |
|    E_norm_J             | 0.02        |
|    W_neg_J              | 0.0386      |
|    W_pos_J              | 0.118       |
| reward/                 |             |
|    r_energy             | -0.115      |
| rollout/                |             |
|    ep_len_mean          | 82          |
|    ep_rew_mean          | 44.8        |
| time/                   |             |
|    fps                  | 46          |
|    iterations           | 353         |
|    time_elapsed         | 30834       |
|    total_timesteps      | 1445888     |
| train/                  |             |
|    approx_kl            | 0.046248205 |
|    clip_fraction        | 0.429       |
|    clip_range           | 0.2         |
|    entropy_loss         | 0.243       |
|    explained_variance   | 0.945       |
|    learning_rate        | 0.0003      |
|    loss                 | 0.0128      |
|    n_updates            | 3520        |
|    policy_gradient_loss | 0.00143     |
|    std                  | 0.268       |
|    value_loss           | 0.0864      |
-----------------------------------------
-----------------------------------------
| energy/                 |             |
|    E_damp_J             | 0.044       |
|    E_fric_J             | 0.0148      |
|    E_norm_J             | 0.00259     |
|    W_neg_J              | 0.00617     |
|    W_pos_J              | 0.0873      |
| reward/                 |             |
|    r_energy             | -0.0619     |
| rollout/                |             |
|    ep_len_mean          | 82          |
|    ep_rew_mean          | 44.8        |
| time/                   |             |
|    fps                  | 46          |
|    iterations           | 354         |
|    time_elapsed         | 30919       |
|    total_timesteps      | 1449984     |
| train/                  |             |
|    approx_kl            | 0.057295483 |
|    clip_fraction        | 0.421       |
|    clip_range           | 0.2         |
|    entropy_loss         | 0.248       |
|    explained_variance   | 0.944       |
|    learning_rate        | 0.0003      |
|    loss                 | 0.0296      |
|    n_updates            | 3530        |
|    policy_gradient_loss | -0.00217    |
|    std                  | 0.269       |
|    value_loss           | 0.106       |
-----------------------------------------
-----------------------------------------
| energy/                 |             |
|    E_damp_J             | 0.0644      |
|    E_fric_J             | 0.0142      |
|    E_norm_J             | 0.0197      |
|    W_neg_J              | 0.0448      |
|    W_pos_J              | 0.122       |
| reward/                 |             |
|    r_energy             | -0.122      |
| rollout/                |             |
|    ep_len_mean          | 82          |
|    ep_rew_mean          | 44.9        |
| time/                   |             |
|    fps                  | 46          |
|    iterations           | 355         |
|    time_elapsed         | 31003       |
|    total_timesteps      | 1454080     |
| train/                  |             |
|    approx_kl            | 0.055903174 |
|    clip_fraction        | 0.423       |
|    clip_range           | 0.2         |
|    entropy_loss         | 0.263       |
|    explained_variance   | 0.946       |
|    learning_rate        | 0.0003      |
|    loss                 | 0.0161      |
|    n_updates            | 3540        |
|    policy_gradient_loss | -0.000173   |
|    std                  | 0.268       |
|    value_loss           | 0.0794      |
-----------------------------------------
----------------------------------------
| energy/                 |            |
|    E_damp_J             | 0.0438     |
|    E_fric_J             | 0.0149     |
|    E_norm_J             | 0.00271    |
|    W_neg_J              | 0.00607    |
|    W_pos_J              | 0.0853     |
| reward/                 |            |
|    r_energy             | -0.0613    |
| rollout/                |            |
|    ep_len_mean          | 82         |
|    ep_rew_mean          | 45.1       |
| time/                   |            |
|    fps                  | 46         |
|    iterations           | 356        |
|    time_elapsed         | 31088      |
|    total_timesteps      | 1458176    |
| train/                  |            |
|    approx_kl            | 0.04735873 |
|    clip_fraction        | 0.433      |
|    clip_range           | 0.2        |
|    entropy_loss         | 0.265      |
|    explained_variance   | 0.956      |
|    learning_rate        | 0.0003     |
|    loss                 | 0.0362     |
|    n_updates            | 3550       |
|    policy_gradient_loss | -0.00057   |
|    std                  | 0.269      |
|    value_loss           | 0.0825     |
----------------------------------------
-----------------------------------------
| energy/                 |             |
|    E_damp_J             | 0.0596      |
|    E_fric_J             | 0.0142      |
|    E_norm_J             | 0.0197      |
|    W_neg_J              | 0.0349      |
|    W_pos_J              | 0.123       |
| reward/                 |             |
|    r_energy             | -0.114      |
| rollout/                |             |
|    ep_len_mean          | 82          |
|    ep_rew_mean          | 45.2        |
| time/                   |             |
|    fps                  | 46          |
|    iterations           | 357         |
|    time_elapsed         | 31172       |
|    total_timesteps      | 1462272     |
| train/                  |             |
|    approx_kl            | 0.052870963 |
|    clip_fraction        | 0.439       |
|    clip_range           | 0.2         |
|    entropy_loss         | 0.266       |
|    explained_variance   | 0.936       |
|    learning_rate        | 0.0003      |
|    loss                 | 0.0338      |
|    n_updates            | 3560        |
|    policy_gradient_loss | -0.000535   |
|    std                  | 0.269       |
|    value_loss           | 0.108       |
-----------------------------------------
----------------------------------------
| energy/                 |            |
|    E_damp_J             | 0.0436     |
|    E_fric_J             | 0.0149     |
|    E_norm_J             | 0.00273    |
|    W_neg_J              | 0.00559    |
|    W_pos_J              | 0.0881     |
| reward/                 |            |
|    r_energy             | -0.0618    |
| rollout/                |            |
|    ep_len_mean          | 82         |
|    ep_rew_mean          | 45.2       |
| time/                   |            |
|    fps                  | 46         |
|    iterations           | 358        |
|    time_elapsed         | 31257      |
|    total_timesteps      | 1466368    |
| train/                  |            |
|    approx_kl            | 0.05488721 |
|    clip_fraction        | 0.457      |
|    clip_range           | 0.2        |
|    entropy_loss         | 0.29       |
|    explained_variance   | 0.945      |
|    learning_rate        | 0.0003     |
|    loss                 | 0.00996    |
|    n_updates            | 3570       |
|    policy_gradient_loss | 0.00149    |
|    std                  | 0.268      |
|    value_loss           | 0.082      |
----------------------------------------
-----------------------------------------
| energy/                 |             |
|    E_damp_J             | 0.0588      |
|    E_fric_J             | 0.0141      |
|    E_norm_J             | 0.0199      |
|    W_neg_J              | 0.0388      |
|    W_pos_J              | 0.117       |
| reward/                 |             |
|    r_energy             | -0.115      |
| rollout/                |             |
|    ep_len_mean          | 82          |
|    ep_rew_mean          | 44.9        |
| time/                   |             |
|    fps                  | 46          |
|    iterations           | 359         |
|    time_elapsed         | 31341       |
|    total_timesteps      | 1470464     |
| train/                  |             |
|    approx_kl            | 0.045482006 |
|    clip_fraction        | 0.451       |
|    clip_range           | 0.2         |
|    entropy_loss         | 0.322       |
|    explained_variance   | 0.943       |
|    learning_rate        | 0.0003      |
|    loss                 | 0.0393      |
|    n_updates            | 3580        |
|    policy_gradient_loss | 0.0023      |
|    std                  | 0.268       |
|    value_loss           | 0.0796      |
-----------------------------------------
-----------------------------------------
| energy/                 |             |
|    E_damp_J             | 0.0446      |
|    E_fric_J             | 0.0146      |
|    E_norm_J             | 0.00272     |
|    W_neg_J              | 0.00676     |
|    W_pos_J              | 0.0839      |
| reward/                 |             |
|    r_energy             | -0.0616     |
| rollout/                |             |
|    ep_len_mean          | 82          |
|    ep_rew_mean          | 44.8        |
| time/                   |             |
|    fps                  | 46          |
|    iterations           | 360         |
|    time_elapsed         | 31426       |
|    total_timesteps      | 1474560     |
| train/                  |             |
|    approx_kl            | 0.046978444 |
|    clip_fraction        | 0.471       |
|    clip_range           | 0.2         |
|    entropy_loss         | 0.331       |
|    explained_variance   | 0.91        |
|    learning_rate        | 0.0003      |
|    loss                 | 0.0814      |
|    n_updates            | 3590        |
|    policy_gradient_loss | 0.00278     |
|    std                  | 0.267       |
|    value_loss           | 0.181       |
-----------------------------------------
-----------------------------------------
| energy/                 |             |
|    E_damp_J             | 0.0585      |
|    E_fric_J             | 0.0142      |
|    E_norm_J             | 0.0196      |
|    W_neg_J              | 0.0404      |
|    W_pos_J              | 0.112       |
| reward/                 |             |
|    r_energy             | -0.114      |
| rollout/                |             |
|    ep_len_mean          | 82          |
|    ep_rew_mean          | 45.3        |
| time/                   |             |
|    fps                  | 46          |
|    iterations           | 361         |
|    time_elapsed         | 31510       |
|    total_timesteps      | 1478656     |
| train/                  |             |
|    approx_kl            | 0.049313705 |
|    clip_fraction        | 0.443       |
|    clip_range           | 0.2         |
|    entropy_loss         | 0.356       |
|    explained_variance   | 0.951       |
|    learning_rate        | 0.0003      |
|    loss                 | 0.0364      |
|    n_updates            | 3600        |
|    policy_gradient_loss | 0.00269     |
|    std                  | 0.267       |
|    value_loss           | 0.0811      |
-----------------------------------------
----------------------------------------
| energy/                 |            |
|    E_damp_J             | 0.042      |
|    E_fric_J             | 0.0148     |
|    E_norm_J             | 0.00271    |
|    W_neg_J              | 0.00562    |
|    W_pos_J              | 0.0893     |
| reward/                 |            |
|    r_energy             | -0.0613    |
| rollout/                |            |
|    ep_len_mean          | 82         |
|    ep_rew_mean          | 45.3       |
| time/                   |            |
|    fps                  | 46         |
|    iterations           | 362        |
|    time_elapsed         | 31595      |
|    total_timesteps      | 1482752    |
| train/                  |            |
|    approx_kl            | 0.05224762 |
|    clip_fraction        | 0.434      |
|    clip_range           | 0.2        |
|    entropy_loss         | 0.361      |
|    explained_variance   | 0.941      |
|    learning_rate        | 0.0003     |
|    loss                 | 0.0276     |
|    n_updates            | 3610       |
|    policy_gradient_loss | -0.00316   |
|    std                  | 0.268      |
|    value_loss           | 0.0978     |
----------------------------------------
----------------------------------------
| energy/                 |            |
|    E_damp_J             | 0.0622     |
|    E_fric_J             | 0.0142     |
|    E_norm_J             | 0.0192     |
|    W_neg_J              | 0.037      |
|    W_pos_J              | 0.124      |
| reward/                 |            |
|    r_energy             | -0.117     |
| rollout/                |            |
|    ep_len_mean          | 82         |
|    ep_rew_mean          | 45.1       |
| time/                   |            |
|    fps                  | 46         |
|    iterations           | 363        |
|    time_elapsed         | 31679      |
|    total_timesteps      | 1486848    |
| train/                  |            |
|    approx_kl            | 0.06529803 |
|    clip_fraction        | 0.473      |
|    clip_range           | 0.2        |
|    entropy_loss         | 0.37       |
|    explained_variance   | 0.892      |
|    learning_rate        | 0.0003     |
|    loss                 | 0.0633     |
|    n_updates            | 3620       |
|    policy_gradient_loss | 0.00195    |
|    std                  | 0.267      |
|    value_loss           | 0.198      |
----------------------------------------
-----------------------------------------
| energy/                 |             |
|    E_damp_J             | 0.0436      |
|    E_fric_J             | 0.0146      |
|    E_norm_J             | 0.0026      |
|    W_neg_J              | 0.00596     |
|    W_pos_J              | 0.0862      |
| reward/                 |             |
|    r_energy             | -0.0611     |
| rollout/                |             |
|    ep_len_mean          | 82          |
|    ep_rew_mean          | 45.1        |
| time/                   |             |
|    fps                  | 46          |
|    iterations           | 364         |
|    time_elapsed         | 31763       |
|    total_timesteps      | 1490944     |
| train/                  |             |
|    approx_kl            | 0.060524933 |
|    clip_fraction        | 0.452       |
|    clip_range           | 0.2         |
|    entropy_loss         | 0.383       |
|    explained_variance   | 0.923       |
|    learning_rate        | 0.0003      |
|    loss                 | 0.0846      |
|    n_updates            | 3630        |
|    policy_gradient_loss | -0.0025     |
|    std                  | 0.267       |
|    value_loss           | 0.137       |
-----------------------------------------
-----------------------------------------
| energy/                 |             |
|    E_damp_J             | 0.0599      |
|    E_fric_J             | 0.0145      |
|    E_norm_J             | 0.0201      |
|    W_neg_J              | 0.0409      |
|    W_pos_J              | 0.117       |
| reward/                 |             |
|    r_energy             | -0.117      |
| rollout/                |             |
|    ep_len_mean          | 82          |
|    ep_rew_mean          | 45.3        |
| time/                   |             |
|    fps                  | 46          |
|    iterations           | 365         |
|    time_elapsed         | 31848       |
|    total_timesteps      | 1495040     |
| train/                  |             |
|    approx_kl            | 0.047870956 |
|    clip_fraction        | 0.47        |
|    clip_range           | 0.2         |
|    entropy_loss         | 0.397       |
|    explained_variance   | 0.933       |
|    learning_rate        | 0.0003      |
|    loss                 | 0.0364      |
|    n_updates            | 3640        |
|    policy_gradient_loss | 0.00691     |
|    std                  | 0.267       |
|    value_loss           | 0.0992      |
-----------------------------------------
-----------------------------------------
| energy/                 |             |
|    E_damp_J             | 0.0427      |
|    E_fric_J             | 0.015       |
|    E_norm_J             | 0.00275     |
|    W_neg_J              | 0.00516     |
|    W_pos_J              | 0.0896      |
| reward/                 |             |
|    r_energy             | -0.0616     |
| rollout/                |             |
|    ep_len_mean          | 82          |
|    ep_rew_mean          | 45.1        |
| time/                   |             |
|    fps                  | 46          |
|    iterations           | 366         |
|    time_elapsed         | 31933       |
|    total_timesteps      | 1499136     |
| train/                  |             |
|    approx_kl            | 0.051023047 |
|    clip_fraction        | 0.451       |
|    clip_range           | 0.2         |
|    entropy_loss         | 0.407       |
|    explained_variance   | 0.953       |
|    learning_rate        | 0.0003      |
|    loss                 | 0.0504      |
|    n_updates            | 3650        |
|    policy_gradient_loss | -0.00156    |
|    std                  | 0.267       |
|    value_loss           | 0.0822      |
-----------------------------------------
-----------------------------------------
| energy/                 |             |
|    E_damp_J             | 0.0587      |
|    E_fric_J             | 0.0145      |
|    E_norm_J             | 0.0193      |
|    W_neg_J              | 0.0311      |
|    W_pos_J              | 0.119       |
| reward/                 |             |
|    r_energy             | -0.11       |
| rollout/                |             |
|    ep_len_mean          | 82          |
|    ep_rew_mean          | 44.9        |
| time/                   |             |
|    fps                  | 46          |
|    iterations           | 367         |
|    time_elapsed         | 32017       |
|    total_timesteps      | 1503232     |
| train/                  |             |
|    approx_kl            | 0.051455334 |
|    clip_fraction        | 0.426       |
|    clip_range           | 0.2         |
|    entropy_loss         | 0.405       |
|    explained_variance   | 0.935       |
|    learning_rate        | 0.0003      |
|    loss                 | 0.0536      |
|    n_updates            | 3660        |
|    policy_gradient_loss | 0.00164     |
|    std                  | 0.268       |
|    value_loss           | 0.107       |
-----------------------------------------
