/home/user/anaconda3/lib/python3.12/site-packages/stable_baselines3/common/on_policy_algorithm.py:150: UserWarning: You are trying to run PPO on the GPU, but it is primarily intended to run on the CPU when not using a CNN policy (you are using ActorCriticPolicy which should be a MlpPolicy). See https://github.com/DLR-RM/stable-baselines3/issues/1245 for more info. You can pass `device='cpu'` or `export CUDA_VISIBLE_DEVICES=` to force using the CPU.Note: The model will train, but the GPU utilization will be poor and the training might take longer than on CPU.
  warnings.warn(
[v3.1 env init] xvel_boost_multiplier = 5.0
[v3.1 env init] Ours reward weights = {'alpha_W_pos': 0.3, 'alpha_W_neg': 0.6, 'alpha_E_damp': 0.5, 'alpha_E_fric': 0.5, 'alpha_E_norm': 1.0}
[v3.1 env init] xvel_boost_multiplier = 5.0
[v3.1 env init] Ours reward weights = {'alpha_W_pos': 0.3, 'alpha_W_neg': 0.6, 'alpha_E_damp': 0.5, 'alpha_E_fric': 0.5, 'alpha_E_norm': 1.0}
[v3.1 env init] xvel_boost_multiplier = 5.0
[v3.1 env init] Ours reward weights = {'alpha_W_pos': 0.3, 'alpha_W_neg': 0.6, 'alpha_E_damp': 0.5, 'alpha_E_fric': 0.5, 'alpha_E_norm': 1.0}
[v3.1 env init] xvel_boost_multiplier = 5.0
[v3.1 env init] Ours reward weights = {'alpha_W_pos': 0.3, 'alpha_W_neg': 0.6, 'alpha_E_damp': 0.5, 'alpha_E_fric': 0.5, 'alpha_E_norm': 1.0}
Using cuda device
Logging to logs/w3_ours_v3.1/seed1/tb_logs/PPO_1
---------------------------------
| energy/            |          |
|    E_damp_J        | 0.146    |
|    E_fric_J        | 0.0259   |
|    E_norm_J        | 0.012    |
|    W_neg_J         | 0.15     |
|    W_pos_J         | 0.312    |
| reward/            |          |
|    r_energy        | -0.281   |
| rollout/           |          |
|    ep_len_mean     | 82       |
|    ep_rew_mean     | -182     |
| time/              |          |
|    fps             | 47       |
|    iterations      | 1        |
|    time_elapsed    | 86       |
|    total_timesteps | 4096     |
---------------------------------
-----------------------------------------
| energy/                 |             |
|    E_damp_J             | 0.119       |
|    E_fric_J             | 0.0231      |
|    E_norm_J             | 0.0106      |
|    W_neg_J              | 0.133       |
|    W_pos_J              | 0.273       |
| reward/                 |             |
|    r_energy             | -0.244      |
| rollout/                |             |
|    ep_len_mean          | 82          |
|    ep_rew_mean          | -178        |
| time/                   |             |
|    fps                  | 46          |
|    iterations           | 2           |
|    time_elapsed         | 175         |
|    total_timesteps      | 8192        |
| train/                  |             |
|    approx_kl            | 0.009311581 |
|    clip_fraction        | 0.0964      |
|    clip_range           | 0.2         |
|    entropy_loss         | -14.2       |
|    explained_variance   | -0.00331    |
|    learning_rate        | 0.0003      |
|    loss                 | 223         |
|    n_updates            | 10          |
|    policy_gradient_loss | -0.0158     |
|    std                  | 0.998       |
|    value_loss           | 641         |
-----------------------------------------
-----------------------------------------
| energy/                 |             |
|    E_damp_J             | 0.127       |
|    E_fric_J             | 0.0232      |
|    E_norm_J             | 0.0112      |
|    W_neg_J              | 0.129       |
|    W_pos_J              | 0.292       |
| reward/                 |             |
|    r_energy             | -0.251      |
| rollout/                |             |
|    ep_len_mean          | 82          |
|    ep_rew_mean          | -178        |
| time/                   |             |
|    fps                  | 47          |
|    iterations           | 3           |
|    time_elapsed         | 259         |
|    total_timesteps      | 12288       |
| train/                  |             |
|    approx_kl            | 0.009151628 |
|    clip_fraction        | 0.0943      |
|    clip_range           | 0.2         |
|    entropy_loss         | -14.2       |
|    explained_variance   | -0.00092    |
|    learning_rate        | 0.0003      |
|    loss                 | 249         |
|    n_updates            | 20          |
|    policy_gradient_loss | -0.0153     |
|    std                  | 1           |
|    value_loss           | 659         |
-----------------------------------------
-----------------------------------------
| energy/                 |             |
|    E_damp_J             | 0.13        |
|    E_fric_J             | 0.0257      |
|    E_norm_J             | 0.0114      |
|    W_neg_J              | 0.153       |
|    W_pos_J              | 0.281       |
| reward/                 |             |
|    r_energy             | -0.265      |
| rollout/                |             |
|    ep_len_mean          | 82          |
|    ep_rew_mean          | -175        |
| time/                   |             |
|    fps                  | 47          |
|    iterations           | 4           |
|    time_elapsed         | 343         |
|    total_timesteps      | 16384       |
| train/                  |             |
|    approx_kl            | 0.009870723 |
|    clip_fraction        | 0.0977      |
|    clip_range           | 0.2         |
|    entropy_loss         | -14.2       |
|    explained_variance   | -0.000271   |
|    learning_rate        | 0.0003      |
|    loss                 | 267         |
|    n_updates            | 30          |
|    policy_gradient_loss | -0.0173     |
|    std                  | 0.994       |
|    value_loss           | 664         |
-----------------------------------------
------------------------------------------
| energy/                 |              |
|    E_damp_J             | 0.131        |
|    E_fric_J             | 0.0235       |
|    E_norm_J             | 0.0113       |
|    W_neg_J              | 0.135        |
|    W_pos_J              | 0.281        |
| reward/                 |              |
|    r_energy             | -0.254       |
| rollout/                |              |
|    ep_len_mean          | 82           |
|    ep_rew_mean          | -169         |
| time/                   |              |
|    fps                  | 47           |
|    iterations           | 5            |
|    time_elapsed         | 429          |
|    total_timesteps      | 20480        |
| train/                  |              |
|    approx_kl            | 0.0113230115 |
|    clip_fraction        | 0.124        |
|    clip_range           | 0.2          |
|    entropy_loss         | -14.1        |
|    explained_variance   | -4.65e-05    |
|    learning_rate        | 0.0003       |
|    loss                 | 218          |
|    n_updates            | 40           |
|    policy_gradient_loss | -0.0189      |
|    std                  | 0.996        |
|    value_loss           | 531          |
------------------------------------------
-----------------------------------------
| energy/                 |             |
|    E_damp_J             | 0.124       |
|    E_fric_J             | 0.0248      |
|    E_norm_J             | 0.0113      |
|    W_neg_J              | 0.135       |
|    W_pos_J              | 0.296       |
| reward/                 |             |
|    r_energy             | -0.256      |
| rollout/                |             |
|    ep_len_mean          | 82          |
|    ep_rew_mean          | -170        |
| time/                   |             |
|    fps                  | 47          |
|    iterations           | 6           |
|    time_elapsed         | 513         |
|    total_timesteps      | 24576       |
| train/                  |             |
|    approx_kl            | 0.011262183 |
|    clip_fraction        | 0.128       |
|    clip_range           | 0.2         |
|    entropy_loss         | -14.1       |
|    explained_variance   | -4.94e-05   |
|    learning_rate        | 0.0003      |
|    loss                 | 188         |
|    n_updates            | 50          |
|    policy_gradient_loss | -0.0191     |
|    std                  | 0.996       |
|    value_loss           | 500         |
-----------------------------------------
-----------------------------------------
| energy/                 |             |
|    E_damp_J             | 0.126       |
|    E_fric_J             | 0.0251      |
|    E_norm_J             | 0.0121      |
|    W_neg_J              | 0.15        |
|    W_pos_J              | 0.283       |
| reward/                 |             |
|    r_energy             | -0.262      |
| rollout/                |             |
|    ep_len_mean          | 82          |
|    ep_rew_mean          | -166        |
| time/                   |             |
|    fps                  | 47          |
|    iterations           | 7           |
|    time_elapsed         | 597         |
|    total_timesteps      | 28672       |
| train/                  |             |
|    approx_kl            | 0.011067235 |
|    clip_fraction        | 0.111       |
|    clip_range           | 0.2         |
|    entropy_loss         | -14.2       |
|    explained_variance   | -7.49e-05   |
|    learning_rate        | 0.0003      |
|    loss                 | 148         |
|    n_updates            | 60          |
|    policy_gradient_loss | -0.0176     |
|    std                  | 0.999       |
|    value_loss           | 457         |
-----------------------------------------
-----------------------------------------
| energy/                 |             |
|    E_damp_J             | 0.109       |
|    E_fric_J             | 0.0227      |
|    E_norm_J             | 0.0111      |
|    W_neg_J              | 0.117       |
|    W_pos_J              | 0.268       |
| reward/                 |             |
|    r_energy             | -0.227      |
| rollout/                |             |
|    ep_len_mean          | 82          |
|    ep_rew_mean          | -161        |
| time/                   |             |
|    fps                  | 48          |
|    iterations           | 8           |
|    time_elapsed         | 681         |
|    total_timesteps      | 32768       |
| train/                  |             |
|    approx_kl            | 0.012597492 |
|    clip_fraction        | 0.154       |
|    clip_range           | 0.2         |
|    entropy_loss         | -14.1       |
|    explained_variance   | -4.01e-05   |
|    learning_rate        | 0.0003      |
|    loss                 | 142         |
|    n_updates            | 70          |
|    policy_gradient_loss | -0.0231     |
|    std                  | 0.994       |
|    value_loss           | 388         |
-----------------------------------------
------------------------------------------
| energy/                 |              |
|    E_damp_J             | 0.11         |
|    E_fric_J             | 0.0215       |
|    E_norm_J             | 0.00939      |
|    W_neg_J              | 0.12         |
|    W_pos_J              | 0.261        |
| reward/                 |              |
|    r_energy             | -0.225       |
| rollout/                |              |
|    ep_len_mean          | 82           |
|    ep_rew_mean          | -156         |
| time/                   |              |
|    fps                  | 48           |
|    iterations           | 9            |
|    time_elapsed         | 766          |
|    total_timesteps      | 36864        |
| train/                  |              |
|    approx_kl            | 0.0123438435 |
|    clip_fraction        | 0.132        |
|    clip_range           | 0.2          |
|    entropy_loss         | -14.2        |
|    explained_variance   | -2.56e-05    |
|    learning_rate        | 0.0003       |
|    loss                 | 101          |
|    n_updates            | 80           |
|    policy_gradient_loss | -0.0184      |
|    std                  | 0.999        |
|    value_loss           | 312          |
------------------------------------------
------------------------------------------
| energy/                 |              |
|    E_damp_J             | 0.119        |
|    E_fric_J             | 0.0223       |
|    E_norm_J             | 0.0102       |
|    W_neg_J              | 0.126        |
|    W_pos_J              | 0.278        |
| reward/                 |              |
|    r_energy             | -0.24        |
| rollout/                |              |
|    ep_len_mean          | 82           |
|    ep_rew_mean          | -149         |
| time/                   |              |
|    fps                  | 48           |
|    iterations           | 10           |
|    time_elapsed         | 850          |
|    total_timesteps      | 40960        |
| train/                  |              |
|    approx_kl            | 0.0103586875 |
|    clip_fraction        | 0.124        |
|    clip_range           | 0.2          |
|    entropy_loss         | -14.2        |
|    explained_variance   | -2.98e-05    |
|    learning_rate        | 0.0003       |
|    loss                 | 83           |
|    n_updates            | 90           |
|    policy_gradient_loss | -0.0178      |
|    std                  | 0.999        |
|    value_loss           | 263          |
------------------------------------------
-----------------------------------------
| energy/                 |             |
|    E_damp_J             | 0.0878      |
|    E_fric_J             | 0.0218      |
|    E_norm_J             | 0.00974     |
|    W_neg_J              | 0.11        |
|    W_pos_J              | 0.22        |
| reward/                 |             |
|    r_energy             | -0.196      |
| rollout/                |             |
|    ep_len_mean          | 82          |
|    ep_rew_mean          | -146        |
| time/                   |             |
|    fps                  | 48          |
|    iterations           | 11          |
|    time_elapsed         | 935         |
|    total_timesteps      | 45056       |
| train/                  |             |
|    approx_kl            | 0.012227722 |
|    clip_fraction        | 0.14        |
|    clip_range           | 0.2         |
|    entropy_loss         | -14.1       |
|    explained_variance   | -2.46e-05   |
|    learning_rate        | 0.0003      |
|    loss                 | 63.6        |
|    n_updates            | 100         |
|    policy_gradient_loss | -0.0193     |
|    std                  | 0.995       |
|    value_loss           | 209         |
-----------------------------------------
-----------------------------------------
| energy/                 |             |
|    E_damp_J             | 0.0914      |
|    E_fric_J             | 0.0192      |
|    E_norm_J             | 0.00885     |
|    W_neg_J              | 0.107       |
|    W_pos_J              | 0.215       |
| reward/                 |             |
|    r_energy             | -0.192      |
| rollout/                |             |
|    ep_len_mean          | 82          |
|    ep_rew_mean          | -141        |
| time/                   |             |
|    fps                  | 48          |
|    iterations           | 12          |
|    time_elapsed         | 1021        |
|    total_timesteps      | 49152       |
| train/                  |             |
|    approx_kl            | 0.013873645 |
|    clip_fraction        | 0.166       |
|    clip_range           | 0.2         |
|    entropy_loss         | -14.1       |
|    explained_variance   | -1.05e-05   |
|    learning_rate        | 0.0003      |
|    loss                 | 53.5        |
|    n_updates            | 110         |
|    policy_gradient_loss | -0.0235     |
|    std                  | 0.995       |
|    value_loss           | 167         |
-----------------------------------------
----------------------------------------
| energy/                 |            |
|    E_damp_J             | 0.0863     |
|    E_fric_J             | 0.0204     |
|    E_norm_J             | 0.00973    |
|    W_neg_J              | 0.0911     |
|    W_pos_J              | 0.228      |
| reward/                 |            |
|    r_energy             | -0.186     |
| rollout/                |            |
|    ep_len_mean          | 82         |
|    ep_rew_mean          | -135       |
| time/                   |            |
|    fps                  | 48         |
|    iterations           | 13         |
|    time_elapsed         | 1105       |
|    total_timesteps      | 53248      |
| train/                  |            |
|    approx_kl            | 0.01285886 |
|    clip_fraction        | 0.164      |
|    clip_range           | 0.2        |
|    entropy_loss         | -14.1      |
|    explained_variance   | -1.75e-05  |
|    learning_rate        | 0.0003     |
|    loss                 | 36.2       |
|    n_updates            | 120        |
|    policy_gradient_loss | -0.0235    |
|    std                  | 0.992      |
|    value_loss           | 121        |
----------------------------------------
-----------------------------------------
| energy/                 |             |
|    E_damp_J             | 0.0952      |
|    E_fric_J             | 0.0206      |
|    E_norm_J             | 0.00971     |
|    W_neg_J              | 0.12        |
|    W_pos_J              | 0.219       |
| reward/                 |             |
|    r_energy             | -0.205      |
| rollout/                |             |
|    ep_len_mean          | 82          |
|    ep_rew_mean          | -130        |
| time/                   |             |
|    fps                  | 48          |
|    iterations           | 14          |
|    time_elapsed         | 1189        |
|    total_timesteps      | 57344       |
| train/                  |             |
|    approx_kl            | 0.014883891 |
|    clip_fraction        | 0.182       |
|    clip_range           | 0.2         |
|    entropy_loss         | -14.1       |
|    explained_variance   | -1.5e-05    |
|    learning_rate        | 0.0003      |
|    loss                 | 28.2        |
|    n_updates            | 130         |
|    policy_gradient_loss | -0.025      |
|    std                  | 0.986       |
|    value_loss           | 92.8        |
-----------------------------------------
-----------------------------------------
| energy/                 |             |
|    E_damp_J             | 0.0875      |
|    E_fric_J             | 0.0198      |
|    E_norm_J             | 0.026       |
|    W_neg_J              | 0.102       |
|    W_pos_J              | 0.221       |
| reward/                 |             |
|    r_energy             | -0.207      |
| rollout/                |             |
|    ep_len_mean          | 82          |
|    ep_rew_mean          | -124        |
| time/                   |             |
|    fps                  | 48          |
|    iterations           | 15          |
|    time_elapsed         | 1273        |
|    total_timesteps      | 61440       |
| train/                  |             |
|    approx_kl            | 0.014816395 |
|    clip_fraction        | 0.158       |
|    clip_range           | 0.2         |
|    entropy_loss         | -14         |
|    explained_variance   | -6.44e-06   |
|    learning_rate        | 0.0003      |
|    loss                 | 19.6        |
|    n_updates            | 140         |
|    policy_gradient_loss | -0.0227     |
|    std                  | 0.982       |
|    value_loss           | 65.6        |
-----------------------------------------
-----------------------------------------
| energy/                 |             |
|    E_damp_J             | 0.0691      |
|    E_fric_J             | 0.0168      |
|    E_norm_J             | 0.00829     |
|    W_neg_J              | 0.0873      |
|    W_pos_J              | 0.181       |
| reward/                 |             |
|    r_energy             | -0.158      |
| rollout/                |             |
|    ep_len_mean          | 82          |
|    ep_rew_mean          | -117        |
| time/                   |             |
|    fps                  | 48          |
|    iterations           | 16          |
|    time_elapsed         | 1358        |
|    total_timesteps      | 65536       |
| train/                  |             |
|    approx_kl            | 0.030460153 |
|    clip_fraction        | 0.21        |
|    clip_range           | 0.2         |
|    entropy_loss         | -13.9       |
|    explained_variance   | -1.38e-05   |
|    learning_rate        | 0.0003      |
|    loss                 | 12.7        |
|    n_updates            | 150         |
|    policy_gradient_loss | -0.0249     |
|    std                  | 0.976       |
|    value_loss           | 41.4        |
-----------------------------------------
-----------------------------------------
| energy/                 |             |
|    E_damp_J             | 0.0716      |
|    E_fric_J             | 0.0154      |
|    E_norm_J             | 0.0241      |
|    W_neg_J              | 0.0903      |
|    W_pos_J              | 0.177       |
| reward/                 |             |
|    r_energy             | -0.175      |
| rollout/                |             |
|    ep_len_mean          | 82          |
|    ep_rew_mean          | -107        |
| time/                   |             |
|    fps                  | 48          |
|    iterations           | 17          |
|    time_elapsed         | 1443        |
|    total_timesteps      | 69632       |
| train/                  |             |
|    approx_kl            | 0.026528161 |
|    clip_fraction        | 0.257       |
|    clip_range           | 0.2         |
|    entropy_loss         | -13.9       |
|    explained_variance   | -1.07e-05   |
|    learning_rate        | 0.0003      |
|    loss                 | 9.42        |
|    n_updates            | 160         |
|    policy_gradient_loss | -0.0193     |
|    std                  | 0.976       |
|    value_loss           | 23.4        |
-----------------------------------------
-----------------------------------------
| energy/                 |             |
|    E_damp_J             | 0.0608      |
|    E_fric_J             | 0.0168      |
|    E_norm_J             | 0.00803     |
|    W_neg_J              | 0.0804      |
|    W_pos_J              | 0.165       |
| reward/                 |             |
|    r_energy             | -0.145      |
| rollout/                |             |
|    ep_len_mean          | 82          |
|    ep_rew_mean          | -101        |
| time/                   |             |
|    fps                  | 48          |
|    iterations           | 18          |
|    time_elapsed         | 1529        |
|    total_timesteps      | 73728       |
| train/                  |             |
|    approx_kl            | 0.021214694 |
|    clip_fraction        | 0.216       |
|    clip_range           | 0.2         |
|    entropy_loss         | -13.9       |
|    explained_variance   | -1.49e-05   |
|    learning_rate        | 0.0003      |
|    loss                 | 7.87        |
|    n_updates            | 170         |
|    policy_gradient_loss | -0.0226     |
|    std                  | 0.97        |
|    value_loss           | 17.5        |
-----------------------------------------
-----------------------------------------
| energy/                 |             |
|    E_damp_J             | 0.0774      |
|    E_fric_J             | 0.017       |
|    E_norm_J             | 0.0245      |
|    W_neg_J              | 0.093       |
|    W_pos_J              | 0.182       |
| reward/                 |             |
|    r_energy             | -0.182      |
| rollout/                |             |
|    ep_len_mean          | 82          |
|    ep_rew_mean          | -91.7       |
| time/                   |             |
|    fps                  | 48          |
|    iterations           | 19          |
|    time_elapsed         | 1615        |
|    total_timesteps      | 77824       |
| train/                  |             |
|    approx_kl            | 0.018963981 |
|    clip_fraction        | 0.242       |
|    clip_range           | 0.2         |
|    entropy_loss         | -13.8       |
|    explained_variance   | -9.89e-06   |
|    learning_rate        | 0.0003      |
|    loss                 | 7.59        |
|    n_updates            | 180         |
|    policy_gradient_loss | -0.0301     |
|    std                  | 0.968       |
|    value_loss           | 17.1        |
-----------------------------------------
-----------------------------------------
| energy/                 |             |
|    E_damp_J             | 0.0496      |
|    E_fric_J             | 0.0147      |
|    E_norm_J             | 0.00693     |
|    W_neg_J              | 0.0608      |
|    W_pos_J              | 0.136       |
| reward/                 |             |
|    r_energy             | -0.116      |
| rollout/                |             |
|    ep_len_mean          | 82          |
|    ep_rew_mean          | -84.8       |
| time/                   |             |
|    fps                  | 48          |
|    iterations           | 20          |
|    time_elapsed         | 1700        |
|    total_timesteps      | 81920       |
| train/                  |             |
|    approx_kl            | 0.018549258 |
|    clip_fraction        | 0.226       |
|    clip_range           | 0.2         |
|    entropy_loss         | -13.8       |
|    explained_variance   | -3.1e-06    |
|    learning_rate        | 0.0003      |
|    loss                 | 6.11        |
|    n_updates            | 190         |
|    policy_gradient_loss | -0.0298     |
|    std                  | 0.961       |
|    value_loss           | 13.4        |
-----------------------------------------
-----------------------------------------
| energy/                 |             |
|    E_damp_J             | 0.0674      |
|    E_fric_J             | 0.0155      |
|    E_norm_J             | 0.0226      |
|    W_neg_J              | 0.0849      |
|    W_pos_J              | 0.174       |
| reward/                 |             |
|    r_energy             | -0.167      |
| rollout/                |             |
|    ep_len_mean          | 82          |
|    ep_rew_mean          | -79.7       |
| time/                   |             |
|    fps                  | 48          |
|    iterations           | 21          |
|    time_elapsed         | 1786        |
|    total_timesteps      | 86016       |
| train/                  |             |
|    approx_kl            | 0.016291004 |
|    clip_fraction        | 0.199       |
|    clip_range           | 0.2         |
|    entropy_loss         | -13.7       |
|    explained_variance   | -5.96e-06   |
|    learning_rate        | 0.0003      |
|    loss                 | 6.04        |
|    n_updates            | 200         |
|    policy_gradient_loss | -0.0284     |
|    std                  | 0.956       |
|    value_loss           | 11.8        |
-----------------------------------------
-----------------------------------------
| energy/                 |             |
|    E_damp_J             | 0.0601      |
|    E_fric_J             | 0.0164      |
|    E_norm_J             | 0.00745     |
|    W_neg_J              | 0.0664      |
|    W_pos_J              | 0.163       |
| reward/                 |             |
|    r_energy             | -0.134      |
| rollout/                |             |
|    ep_len_mean          | 82          |
|    ep_rew_mean          | -73.8       |
| time/                   |             |
|    fps                  | 48          |
|    iterations           | 22          |
|    time_elapsed         | 1871        |
|    total_timesteps      | 90112       |
| train/                  |             |
|    approx_kl            | 0.016154163 |
|    clip_fraction        | 0.169       |
|    clip_range           | 0.2         |
|    entropy_loss         | -13.6       |
|    explained_variance   | -4.17e-06   |
|    learning_rate        | 0.0003      |
|    loss                 | 5.05        |
|    n_updates            | 210         |
|    policy_gradient_loss | -0.0232     |
|    std                  | 0.952       |
|    value_loss           | 11.9        |
-----------------------------------------
-----------------------------------------
| energy/                 |             |
|    E_damp_J             | 0.0672      |
|    E_fric_J             | 0.0156      |
|    E_norm_J             | 0.0231      |
|    W_neg_J              | 0.0693      |
|    W_pos_J              | 0.181       |
| reward/                 |             |
|    r_energy             | -0.16       |
| rollout/                |             |
|    ep_len_mean          | 82          |
|    ep_rew_mean          | -69.8       |
| time/                   |             |
|    fps                  | 48          |
|    iterations           | 23          |
|    time_elapsed         | 1957        |
|    total_timesteps      | 94208       |
| train/                  |             |
|    approx_kl            | 0.014963111 |
|    clip_fraction        | 0.159       |
|    clip_range           | 0.2         |
|    entropy_loss         | -13.6       |
|    explained_variance   | -2.74e-06   |
|    learning_rate        | 0.0003      |
|    loss                 | 5.59        |
|    n_updates            | 220         |
|    policy_gradient_loss | -0.022      |
|    std                  | 0.946       |
|    value_loss           | 13.5        |
-----------------------------------------
-----------------------------------------
| energy/                 |             |
|    E_damp_J             | 0.0353      |
|    E_fric_J             | 0.0124      |
|    E_norm_J             | 0.00578     |
|    W_neg_J              | 0.0447      |
|    W_pos_J              | 0.102       |
| reward/                 |             |
|    r_energy             | -0.0872     |
| rollout/                |             |
|    ep_len_mean          | 82          |
|    ep_rew_mean          | -66.1       |
| time/                   |             |
|    fps                  | 48          |
|    iterations           | 24          |
|    time_elapsed         | 2045        |
|    total_timesteps      | 98304       |
| train/                  |             |
|    approx_kl            | 0.017409854 |
|    clip_fraction        | 0.179       |
|    clip_range           | 0.2         |
|    entropy_loss         | -13.5       |
|    explained_variance   | -7.39e-06   |
|    learning_rate        | 0.0003      |
|    loss                 | 4.85        |
|    n_updates            | 230         |
|    policy_gradient_loss | -0.0232     |
|    std                  | 0.944       |
|    value_loss           | 11.6        |
-----------------------------------------
-----------------------------------------
| energy/                 |             |
|    E_damp_J             | 0.0553      |
|    E_fric_J             | 0.0135      |
|    E_norm_J             | 0.023       |
|    W_neg_J              | 0.062       |
|    W_pos_J              | 0.142       |
| reward/                 |             |
|    r_energy             | -0.137      |
| rollout/                |             |
|    ep_len_mean          | 82          |
|    ep_rew_mean          | -60.7       |
| time/                   |             |
|    fps                  | 48          |
|    iterations           | 25          |
|    time_elapsed         | 2133        |
|    total_timesteps      | 102400      |
| train/                  |             |
|    approx_kl            | 0.012207614 |
|    clip_fraction        | 0.123       |
|    clip_range           | 0.2         |
|    entropy_loss         | -13.5       |
|    explained_variance   | -8.58e-06   |
|    learning_rate        | 0.0003      |
|    loss                 | 3.78        |
|    n_updates            | 240         |
|    policy_gradient_loss | -0.0161     |
|    std                  | 0.943       |
|    value_loss           | 11.5        |
-----------------------------------------
-----------------------------------------
| energy/                 |             |
|    E_damp_J             | 0.0285      |
|    E_fric_J             | 0.0118      |
|    E_norm_J             | 0.00572     |
|    W_neg_J              | 0.0426      |
|    W_pos_J              | 0.0829      |
| reward/                 |             |
|    r_energy             | -0.0763     |
| rollout/                |             |
|    ep_len_mean          | 82          |
|    ep_rew_mean          | -57.6       |
| time/                   |             |
|    fps                  | 47          |
|    iterations           | 26          |
|    time_elapsed         | 2219        |
|    total_timesteps      | 106496      |
| train/                  |             |
|    approx_kl            | 0.016308691 |
|    clip_fraction        | 0.151       |
|    clip_range           | 0.2         |
|    entropy_loss         | -13.5       |
|    explained_variance   | -5.72e-06   |
|    learning_rate        | 0.0003      |
|    loss                 | 5.2         |
|    n_updates            | 250         |
|    policy_gradient_loss | -0.0185     |
|    std                  | 0.938       |
|    value_loss           | 11.1        |
-----------------------------------------
-----------------------------------------
| energy/                 |             |
|    E_damp_J             | 0.0616      |
|    E_fric_J             | 0.0127      |
|    E_norm_J             | 0.0228      |
|    W_neg_J              | 0.0802      |
|    W_pos_J              | 0.152       |
| reward/                 |             |
|    r_energy             | -0.154      |
| rollout/                |             |
|    ep_len_mean          | 82          |
|    ep_rew_mean          | -55.1       |
| time/                   |             |
|    fps                  | 47          |
|    iterations           | 27          |
|    time_elapsed         | 2305        |
|    total_timesteps      | 110592      |
| train/                  |             |
|    approx_kl            | 0.013825563 |
|    clip_fraction        | 0.148       |
|    clip_range           | 0.2         |
|    entropy_loss         | -13.4       |
|    explained_variance   | -1.78e-05   |
|    learning_rate        | 0.0003      |
|    loss                 | 4.15        |
|    n_updates            | 260         |
|    policy_gradient_loss | -0.0193     |
|    std                  | 0.936       |
|    value_loss           | 10.7        |
-----------------------------------------
-----------------------------------------
| energy/                 |             |
|    E_damp_J             | 0.0276      |
|    E_fric_J             | 0.0115      |
|    E_norm_J             | 0.00545     |
|    W_neg_J              | 0.0338      |
|    W_pos_J              | 0.0802      |
| reward/                 |             |
|    r_energy             | -0.0693     |
| rollout/                |             |
|    ep_len_mean          | 82          |
|    ep_rew_mean          | -52.2       |
| time/                   |             |
|    fps                  | 47          |
|    iterations           | 28          |
|    time_elapsed         | 2391        |
|    total_timesteps      | 114688      |
| train/                  |             |
|    approx_kl            | 0.015556164 |
|    clip_fraction        | 0.153       |
|    clip_range           | 0.2         |
|    entropy_loss         | -13.4       |
|    explained_variance   | 0.0115      |
|    learning_rate        | 0.0003      |
|    loss                 | 3.14        |
|    n_updates            | 270         |
|    policy_gradient_loss | -0.0182     |
|    std                  | 0.934       |
|    value_loss           | 8.12        |
-----------------------------------------
-----------------------------------------
| energy/                 |             |
|    E_damp_J             | 0.0476      |
|    E_fric_J             | 0.0115      |
|    E_norm_J             | 0.021       |
|    W_neg_J              | 0.0521      |
|    W_pos_J              | 0.129       |
| reward/                 |             |
|    r_energy             | -0.121      |
| rollout/                |             |
|    ep_len_mean          | 82          |
|    ep_rew_mean          | -48.7       |
| time/                   |             |
|    fps                  | 47          |
|    iterations           | 29          |
|    time_elapsed         | 2477        |
|    total_timesteps      | 118784      |
| train/                  |             |
|    approx_kl            | 0.015492504 |
|    clip_fraction        | 0.177       |
|    clip_range           | 0.2         |
|    entropy_loss         | -13.3       |
|    explained_variance   | 0.0229      |
|    learning_rate        | 0.0003      |
|    loss                 | 3.14        |
|    n_updates            | 280         |
|    policy_gradient_loss | -0.0204     |
|    std                  | 0.93        |
|    value_loss           | 7.7         |
-----------------------------------------
-----------------------------------------
| energy/                 |             |
|    E_damp_J             | 0.0233      |
|    E_fric_J             | 0.011       |
|    E_norm_J             | 0.00507     |
|    W_neg_J              | 0.0376      |
|    W_pos_J              | 0.0646      |
| reward/                 |             |
|    r_energy             | -0.0642     |
| rollout/                |             |
|    ep_len_mean          | 82          |
|    ep_rew_mean          | -45.7       |
| time/                   |             |
|    fps                  | 47          |
|    iterations           | 30          |
|    time_elapsed         | 2563        |
|    total_timesteps      | 122880      |
| train/                  |             |
|    approx_kl            | 0.014569519 |
|    clip_fraction        | 0.152       |
|    clip_range           | 0.2         |
|    entropy_loss         | -13.3       |
|    explained_variance   | 0.0155      |
|    learning_rate        | 0.0003      |
|    loss                 | 2.96        |
|    n_updates            | 290         |
|    policy_gradient_loss | -0.0221     |
|    std                  | 0.922       |
|    value_loss           | 7.6         |
-----------------------------------------
-----------------------------------------
| energy/                 |             |
|    E_damp_J             | 0.0528      |
|    E_fric_J             | 0.0113      |
|    E_norm_J             | 0.0226      |
|    W_neg_J              | 0.0654      |
|    W_pos_J              | 0.127       |
| reward/                 |             |
|    r_energy             | -0.132      |
| rollout/                |             |
|    ep_len_mean          | 82          |
|    ep_rew_mean          | -43.6       |
| time/                   |             |
|    fps                  | 47          |
|    iterations           | 31          |
|    time_elapsed         | 2652        |
|    total_timesteps      | 126976      |
| train/                  |             |
|    approx_kl            | 0.015851539 |
|    clip_fraction        | 0.17        |
|    clip_range           | 0.2         |
|    entropy_loss         | -13.2       |
|    explained_variance   | 0.0228      |
|    learning_rate        | 0.0003      |
|    loss                 | 2.03        |
|    n_updates            | 300         |
|    policy_gradient_loss | -0.022      |
|    std                  | 0.916       |
|    value_loss           | 5.93        |
-----------------------------------------
-----------------------------------------
| energy/                 |             |
|    E_damp_J             | 0.0333      |
|    E_fric_J             | 0.0106      |
|    E_norm_J             | 0.00493     |
|    W_neg_J              | 0.0368      |
|    W_pos_J              | 0.0894      |
| reward/                 |             |
|    r_energy             | -0.0758     |
| rollout/                |             |
|    ep_len_mean          | 82          |
|    ep_rew_mean          | -41.3       |
| time/                   |             |
|    fps                  | 47          |
|    iterations           | 32          |
|    time_elapsed         | 2738        |
|    total_timesteps      | 131072      |
| train/                  |             |
|    approx_kl            | 0.015949154 |
|    clip_fraction        | 0.18        |
|    clip_range           | 0.2         |
|    entropy_loss         | -13.1       |
|    explained_variance   | 0.0259      |
|    learning_rate        | 0.0003      |
|    loss                 | 2.76        |
|    n_updates            | 310         |
|    policy_gradient_loss | -0.0199     |
|    std                  | 0.911       |
|    value_loss           | 6.37        |
-----------------------------------------
-----------------------------------------
| energy/                 |             |
|    E_damp_J             | 0.0479      |
|    E_fric_J             | 0.0113      |
|    E_norm_J             | 0.022       |
|    W_neg_J              | 0.0615      |
|    W_pos_J              | 0.109       |
| reward/                 |             |
|    r_energy             | -0.121      |
| rollout/                |             |
|    ep_len_mean          | 82          |
|    ep_rew_mean          | -37.9       |
| time/                   |             |
|    fps                  | 47          |
|    iterations           | 33          |
|    time_elapsed         | 2825        |
|    total_timesteps      | 135168      |
| train/                  |             |
|    approx_kl            | 0.014666927 |
|    clip_fraction        | 0.17        |
|    clip_range           | 0.2         |
|    entropy_loss         | -13         |
|    explained_variance   | 0.0376      |
|    learning_rate        | 0.0003      |
|    loss                 | 1.58        |
|    n_updates            | 320         |
|    policy_gradient_loss | -0.0221     |
|    std                  | 0.905       |
|    value_loss           | 5.39        |
-----------------------------------------
----------------------------------------
| energy/                 |            |
|    E_damp_J             | 0.0243     |
|    E_fric_J             | 0.011      |
|    E_norm_J             | 0.00502    |
|    W_neg_J              | 0.0304     |
|    W_pos_J              | 0.0653     |
| reward/                 |            |
|    r_energy             | -0.0605    |
| rollout/                |            |
|    ep_len_mean          | 82         |
|    ep_rew_mean          | -34.6      |
| time/                   |            |
|    fps                  | 47         |
|    iterations           | 34         |
|    time_elapsed         | 2911       |
|    total_timesteps      | 139264     |
| train/                  |            |
|    approx_kl            | 0.01594938 |
|    clip_fraction        | 0.18       |
|    clip_range           | 0.2        |
|    entropy_loss         | -13        |
|    explained_variance   | 0.0476     |
|    learning_rate        | 0.0003     |
|    loss                 | 2.67       |
|    n_updates            | 330        |
|    policy_gradient_loss | -0.0231    |
|    std                  | 0.899      |
|    value_loss           | 5.32       |
----------------------------------------
-----------------------------------------
| energy/                 |             |
|    E_damp_J             | 0.0526      |
|    E_fric_J             | 0.0116      |
|    E_norm_J             | 0.0215      |
|    W_neg_J              | 0.0661      |
|    W_pos_J              | 0.124       |
| reward/                 |             |
|    r_energy             | -0.13       |
| rollout/                |             |
|    ep_len_mean          | 82          |
|    ep_rew_mean          | -32.6       |
| time/                   |             |
|    fps                  | 47          |
|    iterations           | 35          |
|    time_elapsed         | 2998        |
|    total_timesteps      | 143360      |
| train/                  |             |
|    approx_kl            | 0.015341013 |
|    clip_fraction        | 0.145       |
|    clip_range           | 0.2         |
|    entropy_loss         | -12.9       |
|    explained_variance   | 0.058       |
|    learning_rate        | 0.0003      |
|    loss                 | 1.6         |
|    n_updates            | 340         |
|    policy_gradient_loss | -0.019      |
|    std                  | 0.894       |
|    value_loss           | 4.57        |
-----------------------------------------
-----------------------------------------
| energy/                 |             |
|    E_damp_J             | 0.0249      |
|    E_fric_J             | 0.0102      |
|    E_norm_J             | 0.00477     |
|    W_neg_J              | 0.0305      |
|    W_pos_J              | 0.0659      |
| reward/                 |             |
|    r_energy             | -0.0604     |
| rollout/                |             |
|    ep_len_mean          | 82          |
|    ep_rew_mean          | -32.7       |
| time/                   |             |
|    fps                  | 47          |
|    iterations           | 36          |
|    time_elapsed         | 3086        |
|    total_timesteps      | 147456      |
| train/                  |             |
|    approx_kl            | 0.015434753 |
|    clip_fraction        | 0.177       |
|    clip_range           | 0.2         |
|    entropy_loss         | -12.9       |
|    explained_variance   | 0.0511      |
|    learning_rate        | 0.0003      |
|    loss                 | 2.1         |
|    n_updates            | 350         |
|    policy_gradient_loss | -0.0211     |
|    std                  | 0.893       |
|    value_loss           | 4.35        |
-----------------------------------------
-----------------------------------------
| energy/                 |             |
|    E_damp_J             | 0.047       |
|    E_fric_J             | 0.0102      |
|    E_norm_J             | 0.0217      |
|    W_neg_J              | 0.0506      |
|    W_pos_J              | 0.116       |
| reward/                 |             |
|    r_energy             | -0.116      |
| rollout/                |             |
|    ep_len_mean          | 82          |
|    ep_rew_mean          | -31.9       |
| time/                   |             |
|    fps                  | 47          |
|    iterations           | 37          |
|    time_elapsed         | 3173        |
|    total_timesteps      | 151552      |
| train/                  |             |
|    approx_kl            | 0.015500842 |
|    clip_fraction        | 0.159       |
|    clip_range           | 0.2         |
|    entropy_loss         | -12.8       |
|    explained_variance   | 0.0523      |
|    learning_rate        | 0.0003      |
|    loss                 | 1.46        |
|    n_updates            | 360         |
|    policy_gradient_loss | -0.0193     |
|    std                  | 0.891       |
|    value_loss           | 4.2         |
-----------------------------------------
-----------------------------------------
| energy/                 |             |
|    E_damp_J             | 0.0212      |
|    E_fric_J             | 0.00961     |
|    E_norm_J             | 0.00415     |
|    W_neg_J              | 0.0261      |
|    W_pos_J              | 0.0592      |
| reward/                 |             |
|    r_energy             | -0.053      |
| rollout/                |             |
|    ep_len_mean          | 82          |
|    ep_rew_mean          | -30.2       |
| time/                   |             |
|    fps                  | 47          |
|    iterations           | 38          |
|    time_elapsed         | 3261        |
|    total_timesteps      | 155648      |
| train/                  |             |
|    approx_kl            | 0.014083395 |
|    clip_fraction        | 0.16        |
|    clip_range           | 0.2         |
|    entropy_loss         | -12.8       |
|    explained_variance   | 0.085       |
|    learning_rate        | 0.0003      |
|    loss                 | 1.3         |
|    n_updates            | 370         |
|    policy_gradient_loss | -0.0186     |
|    std                  | 0.883       |
|    value_loss           | 3.71        |
-----------------------------------------
-----------------------------------------
| energy/                 |             |
|    E_damp_J             | 0.0413      |
|    E_fric_J             | 0.00955     |
|    E_norm_J             | 0.021       |
|    W_neg_J              | 0.0501      |
|    W_pos_J              | 0.0926      |
| reward/                 |             |
|    r_energy             | -0.104      |
| rollout/                |             |
|    ep_len_mean          | 82          |
|    ep_rew_mean          | -28.6       |
| time/                   |             |
|    fps                  | 47          |
|    iterations           | 39          |
|    time_elapsed         | 3350        |
|    total_timesteps      | 159744      |
| train/                  |             |
|    approx_kl            | 0.014683957 |
|    clip_fraction        | 0.178       |
|    clip_range           | 0.2         |
|    entropy_loss         | -12.7       |
|    explained_variance   | 0.0621      |
|    learning_rate        | 0.0003      |
|    loss                 | 1.56        |
|    n_updates            | 380         |
|    policy_gradient_loss | -0.0216     |
|    std                  | 0.878       |
|    value_loss           | 3.51        |
-----------------------------------------
-----------------------------------------
| energy/                 |             |
|    E_damp_J             | 0.0214      |
|    E_fric_J             | 0.00912     |
|    E_norm_J             | 0.00402     |
|    W_neg_J              | 0.0349      |
|    W_pos_J              | 0.0501      |
| reward/                 |             |
|    r_energy             | -0.0552     |
| rollout/                |             |
|    ep_len_mean          | 82          |
|    ep_rew_mean          | -26.2       |
| time/                   |             |
|    fps                  | 47          |
|    iterations           | 40          |
|    time_elapsed         | 3439        |
|    total_timesteps      | 163840      |
| train/                  |             |
|    approx_kl            | 0.016058978 |
|    clip_fraction        | 0.196       |
|    clip_range           | 0.2         |
|    entropy_loss         | -12.6       |
|    explained_variance   | 0.091       |
|    learning_rate        | 0.0003      |
|    loss                 | 1.12        |
|    n_updates            | 390         |
|    policy_gradient_loss | -0.023      |
|    std                  | 0.871       |
|    value_loss           | 3.28        |
-----------------------------------------
-----------------------------------------
| energy/                 |             |
|    E_damp_J             | 0.0222      |
|    E_fric_J             | 0.00955     |
|    E_norm_J             | 0.00417     |
|    W_neg_J              | 0.0231      |
|    W_pos_J              | 0.0547      |
| reward/                 |             |
|    r_energy             | -0.0503     |
| rollout/                |             |
|    ep_len_mean          | 82          |
|    ep_rew_mean          | -23.9       |
| time/                   |             |
|    fps                  | 47          |
|    iterations           | 41          |
|    time_elapsed         | 3528        |
|    total_timesteps      | 167936      |
| train/                  |             |
|    approx_kl            | 0.015913388 |
|    clip_fraction        | 0.182       |
|    clip_range           | 0.2         |
|    entropy_loss         | -12.5       |
|    explained_variance   | 0.0983      |
|    learning_rate        | 0.0003      |
|    loss                 | 0.939       |
|    n_updates            | 400         |
|    policy_gradient_loss | -0.021      |
|    std                  | 0.865       |
|    value_loss           | 2.26        |
-----------------------------------------
------------------------------------------
| energy/                 |              |
|    E_damp_J             | 0.0217       |
|    E_fric_J             | 0.0099       |
|    E_norm_J             | 0.00425      |
|    W_neg_J              | 0.0267       |
|    W_pos_J              | 0.0614       |
| reward/                 |              |
|    r_energy             | -0.0545      |
| rollout/                |              |
|    ep_len_mean          | 82           |
|    ep_rew_mean          | -23.8        |
| time/                   |              |
|    fps                  | 47           |
|    iterations           | 42           |
|    time_elapsed         | 3616         |
|    total_timesteps      | 172032       |
| train/                  |              |
|    approx_kl            | 0.0146601545 |
|    clip_fraction        | 0.161        |
|    clip_range           | 0.2          |
|    entropy_loss         | -12.5        |
|    explained_variance   | 0.105        |
|    learning_rate        | 0.0003       |
|    loss                 | 1.14         |
|    n_updates            | 410          |
|    policy_gradient_loss | -0.0185      |
|    std                  | 0.862        |
|    value_loss           | 2.68         |
------------------------------------------
-----------------------------------------
| energy/                 |             |
|    E_damp_J             | 0.0212      |
|    E_fric_J             | 0.00915     |
|    E_norm_J             | 0.00414     |
|    W_neg_J              | 0.0246      |
|    W_pos_J              | 0.0526      |
| reward/                 |             |
|    r_energy             | -0.0498     |
| rollout/                |             |
|    ep_len_mean          | 82          |
|    ep_rew_mean          | -23.5       |
| time/                   |             |
|    fps                  | 47          |
|    iterations           | 43          |
|    time_elapsed         | 3705        |
|    total_timesteps      | 176128      |
| train/                  |             |
|    approx_kl            | 0.015445286 |
|    clip_fraction        | 0.187       |
|    clip_range           | 0.2         |
|    entropy_loss         | -12.4       |
|    explained_variance   | 0.11        |
|    learning_rate        | 0.0003      |
|    loss                 | 0.99        |
|    n_updates            | 420         |
|    policy_gradient_loss | -0.0223     |
|    std                  | 0.858       |
|    value_loss           | 2.54        |
-----------------------------------------
-----------------------------------------
| energy/                 |             |
|    E_damp_J             | 0.0211      |
|    E_fric_J             | 0.00816     |
|    E_norm_J             | 0.00364     |
|    W_neg_J              | 0.0254      |
|    W_pos_J              | 0.0511      |
| reward/                 |             |
|    r_energy             | -0.0489     |
| rollout/                |             |
|    ep_len_mean          | 82          |
|    ep_rew_mean          | -21.7       |
| time/                   |             |
|    fps                  | 47          |
|    iterations           | 44          |
|    time_elapsed         | 3795        |
|    total_timesteps      | 180224      |
| train/                  |             |
|    approx_kl            | 0.016867377 |
|    clip_fraction        | 0.179       |
|    clip_range           | 0.2         |
|    entropy_loss         | -12.4       |
|    explained_variance   | 0.125       |
|    learning_rate        | 0.0003      |
|    loss                 | 0.925       |
|    n_updates            | 430         |
|    policy_gradient_loss | -0.0206     |
|    std                  | 0.853       |
|    value_loss           | 1.88        |
-----------------------------------------
-----------------------------------------
| energy/                 |             |
|    E_damp_J             | 0.0208      |
|    E_fric_J             | 0.00889     |
|    E_norm_J             | 0.00377     |
|    W_neg_J              | 0.0248      |
|    W_pos_J              | 0.0495      |
| reward/                 |             |
|    r_energy             | -0.0483     |
| rollout/                |             |
|    ep_len_mean          | 82          |
|    ep_rew_mean          | -20.2       |
| time/                   |             |
|    fps                  | 47          |
|    iterations           | 45          |
|    time_elapsed         | 3884        |
|    total_timesteps      | 184320      |
| train/                  |             |
|    approx_kl            | 0.015848923 |
|    clip_fraction        | 0.177       |
|    clip_range           | 0.2         |
|    entropy_loss         | -12.3       |
|    explained_variance   | 0.191       |
|    learning_rate        | 0.0003      |
|    loss                 | 0.662       |
|    n_updates            | 440         |
|    policy_gradient_loss | -0.0218     |
|    std                  | 0.844       |
|    value_loss           | 1.67        |
-----------------------------------------
----------------------------------------
| energy/                 |            |
|    E_damp_J             | 0.0157     |
|    E_fric_J             | 0.00728    |
|    E_norm_J             | 0.00311    |
|    W_neg_J              | 0.0195     |
|    W_pos_J              | 0.0365     |
| reward/                 |            |
|    r_energy             | -0.0373    |
| rollout/                |            |
|    ep_len_mean          | 82         |
|    ep_rew_mean          | -19.2      |
| time/                   |            |
|    fps                  | 47         |
|    iterations           | 46         |
|    time_elapsed         | 3973       |
|    total_timesteps      | 188416     |
| train/                  |            |
|    approx_kl            | 0.01511346 |
|    clip_fraction        | 0.18       |
|    clip_range           | 0.2        |
|    entropy_loss         | -12.2      |
|    explained_variance   | 0.186      |
|    learning_rate        | 0.0003     |
|    loss                 | 0.406      |
|    n_updates            | 450        |
|    policy_gradient_loss | -0.0202    |
|    std                  | 0.84       |
|    value_loss           | 1.41       |
----------------------------------------
-----------------------------------------
| energy/                 |             |
|    E_damp_J             | 0.0165      |
|    E_fric_J             | 0.00806     |
|    E_norm_J             | 0.00332     |
|    W_neg_J              | 0.0205      |
|    W_pos_J              | 0.0414      |
| reward/                 |             |
|    r_energy             | -0.0403     |
| rollout/                |             |
|    ep_len_mean          | 82          |
|    ep_rew_mean          | -19.4       |
| time/                   |             |
|    fps                  | 47          |
|    iterations           | 47          |
|    time_elapsed         | 4064        |
|    total_timesteps      | 192512      |
| train/                  |             |
|    approx_kl            | 0.015946856 |
|    clip_fraction        | 0.192       |
|    clip_range           | 0.2         |
|    entropy_loss         | -12.2       |
|    explained_variance   | 0.206       |
|    learning_rate        | 0.0003      |
|    loss                 | 0.455       |
|    n_updates            | 460         |
|    policy_gradient_loss | -0.0212     |
|    std                  | 0.836       |
|    value_loss           | 1.32        |
-----------------------------------------
-----------------------------------------
| energy/                 |             |
|    E_damp_J             | 0.0145      |
|    E_fric_J             | 0.00724     |
|    E_norm_J             | 0.00296     |
|    W_neg_J              | 0.0198      |
|    W_pos_J              | 0.0379      |
| reward/                 |             |
|    r_energy             | -0.0371     |
| rollout/                |             |
|    ep_len_mean          | 82          |
|    ep_rew_mean          | -18.9       |
| time/                   |             |
|    fps                  | 47          |
|    iterations           | 48          |
|    time_elapsed         | 4155        |
|    total_timesteps      | 196608      |
| train/                  |             |
|    approx_kl            | 0.017050013 |
|    clip_fraction        | 0.196       |
|    clip_range           | 0.2         |
|    entropy_loss         | -12.1       |
|    explained_variance   | 0.182       |
|    learning_rate        | 0.0003      |
|    loss                 | 0.591       |
|    n_updates            | 470         |
|    policy_gradient_loss | -0.023      |
|    std                  | 0.83        |
|    value_loss           | 1.41        |
-----------------------------------------
----------------------------------------
| energy/                 |            |
|    E_damp_J             | 0.0153     |
|    E_fric_J             | 0.00836    |
|    E_norm_J             | 0.00356    |
|    W_neg_J              | 0.0229     |
|    W_pos_J              | 0.0372     |
| reward/                 |            |
|    r_energy             | -0.0403    |
| rollout/                |            |
|    ep_len_mean          | 82         |
|    ep_rew_mean          | -17.7      |
| time/                   |            |
|    fps                  | 47         |
|    iterations           | 49         |
|    time_elapsed         | 4246       |
|    total_timesteps      | 200704     |
| train/                  |            |
|    approx_kl            | 0.01738384 |
|    clip_fraction        | 0.202      |
|    clip_range           | 0.2        |
|    entropy_loss         | -12        |
|    explained_variance   | 0.207      |
|    learning_rate        | 0.0003     |
|    loss                 | 0.561      |
|    n_updates            | 480        |
|    policy_gradient_loss | -0.0218    |
|    std                  | 0.824      |
|    value_loss           | 1.24       |
----------------------------------------
-----------------------------------------
| energy/                 |             |
|    E_damp_J             | 0.0145      |
|    E_fric_J             | 0.00788     |
|    E_norm_J             | 0.00321     |
|    W_neg_J              | 0.0167      |
|    W_pos_J              | 0.039       |
| reward/                 |             |
|    r_energy             | -0.0361     |
| rollout/                |             |
|    ep_len_mean          | 82          |
|    ep_rew_mean          | -16.9       |
| time/                   |             |
|    fps                  | 47          |
|    iterations           | 50          |
|    time_elapsed         | 4335        |
|    total_timesteps      | 204800      |
| train/                  |             |
|    approx_kl            | 0.016011469 |
|    clip_fraction        | 0.191       |
|    clip_range           | 0.2         |
|    entropy_loss         | -11.9       |
|    explained_variance   | 0.247       |
|    learning_rate        | 0.0003      |
|    loss                 | 0.485       |
|    n_updates            | 490         |
|    policy_gradient_loss | -0.0223     |
|    std                  | 0.816       |
|    value_loss           | 1.09        |
-----------------------------------------
-----------------------------------------
| energy/                 |             |
|    E_damp_J             | 0.0119      |
|    E_fric_J             | 0.00744     |
|    E_norm_J             | 0.00307     |
|    W_neg_J              | 0.0193      |
|    W_pos_J              | 0.0291      |
| reward/                 |             |
|    r_energy             | -0.0331     |
| rollout/                |             |
|    ep_len_mean          | 82          |
|    ep_rew_mean          | -16.1       |
| time/                   |             |
|    fps                  | 47          |
|    iterations           | 51          |
|    time_elapsed         | 4424        |
|    total_timesteps      | 208896      |
| train/                  |             |
|    approx_kl            | 0.016258128 |
|    clip_fraction        | 0.194       |
|    clip_range           | 0.2         |
|    entropy_loss         | -11.8       |
|    explained_variance   | 0.285       |
|    learning_rate        | 0.0003      |
|    loss                 | 0.223       |
|    n_updates            | 500         |
|    policy_gradient_loss | -0.0237     |
|    std                  | 0.809       |
|    value_loss           | 1           |
-----------------------------------------
-----------------------------------------
| energy/                 |             |
|    E_damp_J             | 0.0134      |
|    E_fric_J             | 0.00734     |
|    E_norm_J             | 0.00314     |
|    W_neg_J              | 0.021       |
|    W_pos_J              | 0.0294      |
| reward/                 |             |
|    r_energy             | -0.0349     |
| rollout/                |             |
|    ep_len_mean          | 82          |
|    ep_rew_mean          | -15.2       |
| time/                   |             |
|    fps                  | 47          |
|    iterations           | 52          |
|    time_elapsed         | 4513        |
|    total_timesteps      | 212992      |
| train/                  |             |
|    approx_kl            | 0.018331785 |
|    clip_fraction        | 0.213       |
|    clip_range           | 0.2         |
|    entropy_loss         | -11.7       |
|    explained_variance   | 0.277       |
|    learning_rate        | 0.0003      |
|    loss                 | 0.28        |
|    n_updates            | 510         |
|    policy_gradient_loss | -0.0248     |
|    std                  | 0.805       |
|    value_loss           | 0.886       |
-----------------------------------------
-----------------------------------------
| energy/                 |             |
|    E_damp_J             | 0.0128      |
|    E_fric_J             | 0.00686     |
|    E_norm_J             | 0.00294     |
|    W_neg_J              | 0.017       |
|    W_pos_J              | 0.034       |
| reward/                 |             |
|    r_energy             | -0.0332     |
| rollout/                |             |
|    ep_len_mean          | 82          |
|    ep_rew_mean          | -14.3       |
| time/                   |             |
|    fps                  | 47          |
|    iterations           | 53          |
|    time_elapsed         | 4601        |
|    total_timesteps      | 217088      |
| train/                  |             |
|    approx_kl            | 0.016613409 |
|    clip_fraction        | 0.199       |
|    clip_range           | 0.2         |
|    entropy_loss         | -11.6       |
|    explained_variance   | 0.289       |
|    learning_rate        | 0.0003      |
|    loss                 | 0.276       |
|    n_updates            | 520         |
|    policy_gradient_loss | -0.0231     |
|    std                  | 0.799       |
|    value_loss           | 0.798       |
-----------------------------------------
-----------------------------------------
| energy/                 |             |
|    E_damp_J             | 0.0161      |
|    E_fric_J             | 0.00743     |
|    E_norm_J             | 0.00346     |
|    W_neg_J              | 0.0199      |
|    W_pos_J              | 0.0379      |
| reward/                 |             |
|    r_energy             | -0.0385     |
| rollout/                |             |
|    ep_len_mean          | 82          |
|    ep_rew_mean          | -13.7       |
| time/                   |             |
|    fps                  | 47          |
|    iterations           | 54          |
|    time_elapsed         | 4693        |
|    total_timesteps      | 221184      |
| train/                  |             |
|    approx_kl            | 0.015167996 |
|    clip_fraction        | 0.198       |
|    clip_range           | 0.2         |
|    entropy_loss         | -11.6       |
|    explained_variance   | 0.301       |
|    learning_rate        | 0.0003      |
|    loss                 | 0.319       |
|    n_updates            | 530         |
|    policy_gradient_loss | -0.0194     |
|    std                  | 0.795       |
|    value_loss           | 0.871       |
-----------------------------------------
-----------------------------------------
| energy/                 |             |
|    E_damp_J             | 0.0109      |
|    E_fric_J             | 0.00635     |
|    E_norm_J             | 0.00262     |
|    W_neg_J              | 0.0179      |
|    W_pos_J              | 0.0252      |
| reward/                 |             |
|    r_energy             | -0.0295     |
| rollout/                |             |
|    ep_len_mean          | 82          |
|    ep_rew_mean          | -13.2       |
| time/                   |             |
|    fps                  | 47          |
|    iterations           | 55          |
|    time_elapsed         | 4782        |
|    total_timesteps      | 225280      |
| train/                  |             |
|    approx_kl            | 0.017731111 |
|    clip_fraction        | 0.211       |
|    clip_range           | 0.2         |
|    entropy_loss         | -11.5       |
|    explained_variance   | 0.379       |
|    learning_rate        | 0.0003      |
|    loss                 | 0.145       |
|    n_updates            | 540         |
|    policy_gradient_loss | -0.0208     |
|    std                  | 0.79        |
|    value_loss           | 0.666       |
-----------------------------------------
-----------------------------------------
| energy/                 |             |
|    E_damp_J             | 0.0256      |
|    E_fric_J             | 0.00817     |
|    E_norm_J             | 0.021       |
|    W_neg_J              | 0.0328      |
|    W_pos_J              | 0.0631      |
| reward/                 |             |
|    r_energy             | -0.0765     |
| rollout/                |             |
|    ep_len_mean          | 82          |
|    ep_rew_mean          | -12.6       |
| time/                   |             |
|    fps                  | 47          |
|    iterations           | 56          |
|    time_elapsed         | 4872        |
|    total_timesteps      | 229376      |
| train/                  |             |
|    approx_kl            | 0.016938645 |
|    clip_fraction        | 0.212       |
|    clip_range           | 0.2         |
|    entropy_loss         | -11.5       |
|    explained_variance   | 0.377       |
|    learning_rate        | 0.0003      |
|    loss                 | 0.0818      |
|    n_updates            | 550         |
|    policy_gradient_loss | -0.0213     |
|    std                  | 0.784       |
|    value_loss           | 0.631       |
-----------------------------------------
-----------------------------------------
| energy/                 |             |
|    E_damp_J             | 0.00972     |
|    E_fric_J             | 0.00628     |
|    E_norm_J             | 0.00263     |
|    W_neg_J              | 0.0153      |
|    W_pos_J              | 0.022       |
| reward/                 |             |
|    r_energy             | -0.0264     |
| rollout/                |             |
|    ep_len_mean          | 82          |
|    ep_rew_mean          | -12.1       |
| time/                   |             |
|    fps                  | 47          |
|    iterations           | 57          |
|    time_elapsed         | 4962        |
|    total_timesteps      | 233472      |
| train/                  |             |
|    approx_kl            | 0.017315494 |
|    clip_fraction        | 0.197       |
|    clip_range           | 0.2         |
|    entropy_loss         | -11.4       |
|    explained_variance   | 0.389       |
|    learning_rate        | 0.0003      |
|    loss                 | 0.216       |
|    n_updates            | 560         |
|    policy_gradient_loss | -0.0209     |
|    std                  | 0.775       |
|    value_loss           | 0.62        |
-----------------------------------------
----------------------------------------
| energy/                 |            |
|    E_damp_J             | 0.0384     |
|    E_fric_J             | 0.00781    |
|    E_norm_J             | 0.0206     |
|    W_neg_J              | 0.0519     |
|    W_pos_J              | 0.0766     |
| reward/                 |            |
|    r_energy             | -0.0978    |
| rollout/                |            |
|    ep_len_mean          | 82         |
|    ep_rew_mean          | -11.8      |
| time/                   |            |
|    fps                  | 47         |
|    iterations           | 58         |
|    time_elapsed         | 5053       |
|    total_timesteps      | 237568     |
| train/                  |            |
|    approx_kl            | 0.01691971 |
|    clip_fraction        | 0.201      |
|    clip_range           | 0.2        |
|    entropy_loss         | -11.2      |
|    explained_variance   | 0.455      |
|    learning_rate        | 0.0003     |
|    loss                 | 0.0685     |
|    n_updates            | 570        |
|    policy_gradient_loss | -0.0222    |
|    std                  | 0.768      |
|    value_loss           | 0.533      |
----------------------------------------
-----------------------------------------
| energy/                 |             |
|    E_damp_J             | 0.0103      |
|    E_fric_J             | 0.00613     |
|    E_norm_J             | 0.00256     |
|    W_neg_J              | 0.0154      |
|    W_pos_J              | 0.0258      |
| reward/                 |             |
|    r_energy             | -0.0277     |
| rollout/                |             |
|    ep_len_mean          | 82          |
|    ep_rew_mean          | -11.3       |
| time/                   |             |
|    fps                  | 46          |
|    iterations           | 59          |
|    time_elapsed         | 5143        |
|    total_timesteps      | 241664      |
| train/                  |             |
|    approx_kl            | 0.015779322 |
|    clip_fraction        | 0.206       |
|    clip_range           | 0.2         |
|    entropy_loss         | -11.2       |
|    explained_variance   | 0.461       |
|    learning_rate        | 0.0003      |
|    loss                 | 0.134       |
|    n_updates            | 580         |
|    policy_gradient_loss | -0.0219     |
|    std                  | 0.763       |
|    value_loss           | 0.512       |
-----------------------------------------
----------------------------------------
| energy/                 |            |
|    E_damp_J             | 0.0357     |
|    E_fric_J             | 0.00762    |
|    E_norm_J             | 0.0202     |
|    W_neg_J              | 0.0464     |
|    W_pos_J              | 0.0731     |
| reward/                 |            |
|    r_energy             | -0.0916    |
| rollout/                |            |
|    ep_len_mean          | 82         |
|    ep_rew_mean          | -10.7      |
| time/                   |            |
|    fps                  | 46         |
|    iterations           | 60         |
|    time_elapsed         | 5232       |
|    total_timesteps      | 245760     |
| train/                  |            |
|    approx_kl            | 0.01773433 |
|    clip_fraction        | 0.187      |
|    clip_range           | 0.2        |
|    entropy_loss         | -11.1      |
|    explained_variance   | 0.481      |
|    learning_rate        | 0.0003     |
|    loss                 | -0.00291   |
|    n_updates            | 590        |
|    policy_gradient_loss | -0.0199    |
|    std                  | 0.758      |
|    value_loss           | 0.466      |
----------------------------------------
-----------------------------------------
| energy/                 |             |
|    E_damp_J             | 0.01        |
|    E_fric_J             | 0.00643     |
|    E_norm_J             | 0.00278     |
|    W_neg_J              | 0.0152      |
|    W_pos_J              | 0.0256      |
| reward/                 |             |
|    r_energy             | -0.0278     |
| rollout/                |             |
|    ep_len_mean          | 82          |
|    ep_rew_mean          | -9.89       |
| time/                   |             |
|    fps                  | 46          |
|    iterations           | 61          |
|    time_elapsed         | 5323        |
|    total_timesteps      | 249856      |
| train/                  |             |
|    approx_kl            | 0.017978683 |
|    clip_fraction        | 0.214       |
|    clip_range           | 0.2         |
|    entropy_loss         | -11         |
|    explained_variance   | 0.555       |
|    learning_rate        | 0.0003      |
|    loss                 | -0.00487    |
|    n_updates            | 600         |
|    policy_gradient_loss | -0.0237     |
|    std                  | 0.75        |
|    value_loss           | 0.359       |
-----------------------------------------
-----------------------------------------
| energy/                 |             |
|    E_damp_J             | 0.0312      |
|    E_fric_J             | 0.00655     |
|    E_norm_J             | 0.0196      |
|    W_neg_J              | 0.0392      |
|    W_pos_J              | 0.074       |
| reward/                 |             |
|    r_energy             | -0.0841     |
| rollout/                |             |
|    ep_len_mean          | 82          |
|    ep_rew_mean          | -9.41       |
| time/                   |             |
|    fps                  | 46          |
|    iterations           | 62          |
|    time_elapsed         | 5413        |
|    total_timesteps      | 253952      |
| train/                  |             |
|    approx_kl            | 0.016449913 |
|    clip_fraction        | 0.204       |
|    clip_range           | 0.2         |
|    entropy_loss         | -10.9       |
|    explained_variance   | 0.504       |
|    learning_rate        | 0.0003      |
|    loss                 | 0.114       |
|    n_updates            | 610         |
|    policy_gradient_loss | -0.0207     |
|    std                  | 0.745       |
|    value_loss           | 0.383       |
-----------------------------------------
-----------------------------------------
| energy/                 |             |
|    E_damp_J             | 0.0089      |
|    E_fric_J             | 0.00616     |
|    E_norm_J             | 0.00251     |
|    W_neg_J              | 0.0117      |
|    W_pos_J              | 0.0221      |
| reward/                 |             |
|    r_energy             | -0.0237     |
| rollout/                |             |
|    ep_len_mean          | 82          |
|    ep_rew_mean          | -9.31       |
| time/                   |             |
|    fps                  | 46          |
|    iterations           | 63          |
|    time_elapsed         | 5503        |
|    total_timesteps      | 258048      |
| train/                  |             |
|    approx_kl            | 0.016100258 |
|    clip_fraction        | 0.193       |
|    clip_range           | 0.2         |
|    entropy_loss         | -10.9       |
|    explained_variance   | 0.589       |
|    learning_rate        | 0.0003      |
|    loss                 | 0.0794      |
|    n_updates            | 620         |
|    policy_gradient_loss | -0.0191     |
|    std                  | 0.741       |
|    value_loss           | 0.324       |
-----------------------------------------
-----------------------------------------
| energy/                 |             |
|    E_damp_J             | 0.0349      |
|    E_fric_J             | 0.00708     |
|    E_norm_J             | 0.0199      |
|    W_neg_J              | 0.0422      |
|    W_pos_J              | 0.0771      |
| reward/                 |             |
|    r_energy             | -0.0894     |
| rollout/                |             |
|    ep_len_mean          | 82          |
|    ep_rew_mean          | -9.13       |
| time/                   |             |
|    fps                  | 46          |
|    iterations           | 64          |
|    time_elapsed         | 5594        |
|    total_timesteps      | 262144      |
| train/                  |             |
|    approx_kl            | 0.016966159 |
|    clip_fraction        | 0.211       |
|    clip_range           | 0.2         |
|    entropy_loss         | -10.8       |
|    explained_variance   | 0.605       |
|    learning_rate        | 0.0003      |
|    loss                 | -0.0331     |
|    n_updates            | 630         |
|    policy_gradient_loss | -0.0207     |
|    std                  | 0.736       |
|    value_loss           | 0.297       |
-----------------------------------------
-----------------------------------------
| energy/                 |             |
|    E_damp_J             | 0.0066      |
|    E_fric_J             | 0.00458     |
|    E_norm_J             | 0.00168     |
|    W_neg_J              | 0.00874     |
|    W_pos_J              | 0.016       |
| reward/                 |             |
|    r_energy             | -0.0173     |
| rollout/                |             |
|    ep_len_mean          | 82          |
|    ep_rew_mean          | -8.88       |
| time/                   |             |
|    fps                  | 46          |
|    iterations           | 65          |
|    time_elapsed         | 5687        |
|    total_timesteps      | 266240      |
| train/                  |             |
|    approx_kl            | 0.017724162 |
|    clip_fraction        | 0.231       |
|    clip_range           | 0.2         |
|    entropy_loss         | -10.7       |
|    explained_variance   | 0.606       |
|    learning_rate        | 0.0003      |
|    loss                 | 0.136       |
|    n_updates            | 640         |
|    policy_gradient_loss | -0.0243     |
|    std                  | 0.732       |
|    value_loss           | 0.331       |
-----------------------------------------
-----------------------------------------
| energy/                 |             |
|    E_damp_J             | 0.0399      |
|    E_fric_J             | 0.00755     |
|    E_norm_J             | 0.0199      |
|    W_neg_J              | 0.0403      |
|    W_pos_J              | 0.0903      |
| reward/                 |             |
|    r_energy             | -0.0949     |
| rollout/                |             |
|    ep_len_mean          | 82          |
|    ep_rew_mean          | -8.28       |
| time/                   |             |
|    fps                  | 46          |
|    iterations           | 66          |
|    time_elapsed         | 5779        |
|    total_timesteps      | 270336      |
| train/                  |             |
|    approx_kl            | 0.019304927 |
|    clip_fraction        | 0.218       |
|    clip_range           | 0.2         |
|    entropy_loss         | -10.6       |
|    explained_variance   | 0.664       |
|    learning_rate        | 0.0003      |
|    loss                 | -0.0419     |
|    n_updates            | 650         |
|    policy_gradient_loss | -0.0208     |
|    std                  | 0.725       |
|    value_loss           | 0.241       |
-----------------------------------------
-----------------------------------------
| energy/                 |             |
|    E_damp_J             | 0.0052      |
|    E_fric_J             | 0.00433     |
|    E_norm_J             | 0.00175     |
|    W_neg_J              | 0.00627     |
|    W_pos_J              | 0.016       |
| reward/                 |             |
|    r_energy             | -0.0151     |
| rollout/                |             |
|    ep_len_mean          | 82          |
|    ep_rew_mean          | -7.77       |
| time/                   |             |
|    fps                  | 46          |
|    iterations           | 67          |
|    time_elapsed         | 5871        |
|    total_timesteps      | 274432      |
| train/                  |             |
|    approx_kl            | 0.019417085 |
|    clip_fraction        | 0.245       |
|    clip_range           | 0.2         |
|    entropy_loss         | -10.6       |
|    explained_variance   | 0.681       |
|    learning_rate        | 0.0003      |
|    loss                 | -0.047      |
|    n_updates            | 660         |
|    policy_gradient_loss | -0.0229     |
|    std                  | 0.721       |
|    value_loss           | 0.231       |
-----------------------------------------
-----------------------------------------
| energy/                 |             |
|    E_damp_J             | 0.0334      |
|    E_fric_J             | 0.00667     |
|    E_norm_J             | 0.0195      |
|    W_neg_J              | 0.0395      |
|    W_pos_J              | 0.0697      |
| reward/                 |             |
|    r_energy             | -0.0842     |
| rollout/                |             |
|    ep_len_mean          | 82          |
|    ep_rew_mean          | -7.41       |
| time/                   |             |
|    fps                  | 46          |
|    iterations           | 68          |
|    time_elapsed         | 5963        |
|    total_timesteps      | 278528      |
| train/                  |             |
|    approx_kl            | 0.020207444 |
|    clip_fraction        | 0.224       |
|    clip_range           | 0.2         |
|    entropy_loss         | -10.5       |
|    explained_variance   | 0.664       |
|    learning_rate        | 0.0003      |
|    loss                 | -0.0146     |
|    n_updates            | 670         |
|    policy_gradient_loss | -0.0203     |
|    std                  | 0.715       |
|    value_loss           | 0.196       |
-----------------------------------------
-----------------------------------------
| energy/                 |             |
|    E_damp_J             | 0.00532     |
|    E_fric_J             | 0.00454     |
|    E_norm_J             | 0.00179     |
|    W_neg_J              | 0.00828     |
|    W_pos_J              | 0.0146      |
| reward/                 |             |
|    r_energy             | -0.0161     |
| rollout/                |             |
|    ep_len_mean          | 82          |
|    ep_rew_mean          | -7.12       |
| time/                   |             |
|    fps                  | 46          |
|    iterations           | 69          |
|    time_elapsed         | 6055        |
|    total_timesteps      | 282624      |
| train/                  |             |
|    approx_kl            | 0.018196993 |
|    clip_fraction        | 0.221       |
|    clip_range           | 0.2         |
|    entropy_loss         | -10.4       |
|    explained_variance   | 0.697       |
|    learning_rate        | 0.0003      |
|    loss                 | -0.0665     |
|    n_updates            | 680         |
|    policy_gradient_loss | -0.0215     |
|    std                  | 0.711       |
|    value_loss           | 0.183       |
-----------------------------------------
-----------------------------------------
| energy/                 |             |
|    E_damp_J             | 0.0353      |
|    E_fric_J             | 0.00643     |
|    E_norm_J             | 0.02        |
|    W_neg_J              | 0.043       |
|    W_pos_J              | 0.0756      |
| reward/                 |             |
|    r_energy             | -0.0893     |
| rollout/                |             |
|    ep_len_mean          | 82          |
|    ep_rew_mean          | -7          |
| time/                   |             |
|    fps                  | 46          |
|    iterations           | 70          |
|    time_elapsed         | 6147        |
|    total_timesteps      | 286720      |
| train/                  |             |
|    approx_kl            | 0.018203862 |
|    clip_fraction        | 0.218       |
|    clip_range           | 0.2         |
|    entropy_loss         | -10.4       |
|    explained_variance   | 0.679       |
|    learning_rate        | 0.0003      |
|    loss                 | -0.0522     |
|    n_updates            | 690         |
|    policy_gradient_loss | -0.0208     |
|    std                  | 0.706       |
|    value_loss           | 0.203       |
-----------------------------------------
-----------------------------------------
| energy/                 |             |
|    E_damp_J             | 0.00469     |
|    E_fric_J             | 0.00419     |
|    E_norm_J             | 0.00169     |
|    W_neg_J              | 0.00747     |
|    W_pos_J              | 0.0121      |
| reward/                 |             |
|    r_energy             | -0.0142     |
| rollout/                |             |
|    ep_len_mean          | 82          |
|    ep_rew_mean          | -6.82       |
| time/                   |             |
|    fps                  | 46          |
|    iterations           | 71          |
|    time_elapsed         | 6238        |
|    total_timesteps      | 290816      |
| train/                  |             |
|    approx_kl            | 0.018108375 |
|    clip_fraction        | 0.221       |
|    clip_range           | 0.2         |
|    entropy_loss         | -10.3       |
|    explained_variance   | 0.723       |
|    learning_rate        | 0.0003      |
|    loss                 | -0.0516     |
|    n_updates            | 700         |
|    policy_gradient_loss | -0.018      |
|    std                  | 0.703       |
|    value_loss           | 0.179       |
-----------------------------------------
-----------------------------------------
| energy/                 |             |
|    E_damp_J             | 0.0321      |
|    E_fric_J             | 0.00615     |
|    E_norm_J             | 0.0198      |
|    W_neg_J              | 0.0351      |
|    W_pos_J              | 0.0697      |
| reward/                 |             |
|    r_energy             | -0.0809     |
| rollout/                |             |
|    ep_len_mean          | 82          |
|    ep_rew_mean          | -6.61       |
| time/                   |             |
|    fps                  | 46          |
|    iterations           | 72          |
|    time_elapsed         | 6330        |
|    total_timesteps      | 294912      |
| train/                  |             |
|    approx_kl            | 0.017349081 |
|    clip_fraction        | 0.215       |
|    clip_range           | 0.2         |
|    entropy_loss         | -10.2       |
|    explained_variance   | 0.683       |
|    learning_rate        | 0.0003      |
|    loss                 | -0.0552     |
|    n_updates            | 710         |
|    policy_gradient_loss | -0.0214     |
|    std                  | 0.698       |
|    value_loss           | 0.168       |
-----------------------------------------
-----------------------------------------
| energy/                 |             |
|    E_damp_J             | 0.00438     |
|    E_fric_J             | 0.00426     |
|    E_norm_J             | 0.00161     |
|    W_neg_J              | 0.00707     |
|    W_pos_J              | 0.0121      |
| reward/                 |             |
|    r_energy             | -0.0138     |
| rollout/                |             |
|    ep_len_mean          | 82          |
|    ep_rew_mean          | -6.44       |
| time/                   |             |
|    fps                  | 46          |
|    iterations           | 73          |
|    time_elapsed         | 6423        |
|    total_timesteps      | 299008      |
| train/                  |             |
|    approx_kl            | 0.018376555 |
|    clip_fraction        | 0.218       |
|    clip_range           | 0.2         |
|    entropy_loss         | -10.2       |
|    explained_variance   | 0.756       |
|    learning_rate        | 0.0003      |
|    loss                 | -0.0351     |
|    n_updates            | 720         |
|    policy_gradient_loss | -0.0198     |
|    std                  | 0.694       |
|    value_loss           | 0.139       |
-----------------------------------------
----------------------------------------
| energy/                 |            |
|    E_damp_J             | 0.0314     |
|    E_fric_J             | 0.00644    |
|    E_norm_J             | 0.0195     |
|    W_neg_J              | 0.038      |
|    W_pos_J              | 0.0676     |
| reward/                 |            |
|    r_energy             | -0.0815    |
| rollout/                |            |
|    ep_len_mean          | 82         |
|    ep_rew_mean          | -6.22      |
| time/                   |            |
|    fps                  | 46         |
|    iterations           | 74         |
|    time_elapsed         | 6515       |
|    total_timesteps      | 303104     |
| train/                  |            |
|    approx_kl            | 0.01927196 |
|    clip_fraction        | 0.24       |
|    clip_range           | 0.2        |
|    entropy_loss         | -10.1      |
|    explained_variance   | 0.733      |
|    learning_rate        | 0.0003     |
|    loss                 | -0.0755    |
|    n_updates            | 730        |
|    policy_gradient_loss | -0.0227    |
|    std                  | 0.689      |
|    value_loss           | 0.15       |
----------------------------------------
----------------------------------------
| energy/                 |            |
|    E_damp_J             | 0.00346    |
|    E_fric_J             | 0.00401    |
|    E_norm_J             | 0.00168    |
|    W_neg_J              | 0.00604    |
|    W_pos_J              | 0.00875    |
| reward/                 |            |
|    r_energy             | -0.0117    |
| rollout/                |            |
|    ep_len_mean          | 82         |
|    ep_rew_mean          | -6         |
| time/                   |            |
|    fps                  | 46         |
|    iterations           | 75         |
|    time_elapsed         | 6608       |
|    total_timesteps      | 307200     |
| train/                  |            |
|    approx_kl            | 0.01623211 |
|    clip_fraction        | 0.218      |
|    clip_range           | 0.2        |
|    entropy_loss         | -10        |
|    explained_variance   | 0.785      |
|    learning_rate        | 0.0003     |
|    loss                 | -0.0409    |
|    n_updates            | 740        |
|    policy_gradient_loss | -0.0186    |
|    std                  | 0.685      |
|    value_loss           | 0.124      |
----------------------------------------
-----------------------------------------
| energy/                 |             |
|    E_damp_J             | 0.0303      |
|    E_fric_J             | 0.00523     |
|    E_norm_J             | 0.0193      |
|    W_neg_J              | 0.038       |
|    W_pos_J              | 0.0639      |
| reward/                 |             |
|    r_energy             | -0.0791     |
| rollout/                |             |
|    ep_len_mean          | 82          |
|    ep_rew_mean          | -5.96       |
| time/                   |             |
|    fps                  | 46          |
|    iterations           | 76          |
|    time_elapsed         | 6699        |
|    total_timesteps      | 311296      |
| train/                  |             |
|    approx_kl            | 0.019488938 |
|    clip_fraction        | 0.224       |
|    clip_range           | 0.2         |
|    entropy_loss         | -9.97       |
|    explained_variance   | 0.755       |
|    learning_rate        | 0.0003      |
|    loss                 | -0.07       |
|    n_updates            | 750         |
|    policy_gradient_loss | -0.0214     |
|    std                  | 0.68        |
|    value_loss           | 0.135       |
-----------------------------------------
-----------------------------------------
| energy/                 |             |
|    E_damp_J             | 0.00381     |
|    E_fric_J             | 0.00388     |
|    E_norm_J             | 0.00142     |
|    W_neg_J              | 0.00686     |
|    W_pos_J              | 0.011       |
| reward/                 |             |
|    r_energy             | -0.0127     |
| rollout/                |             |
|    ep_len_mean          | 82          |
|    ep_rew_mean          | -5.92       |
| time/                   |             |
|    fps                  | 46          |
|    iterations           | 77          |
|    time_elapsed         | 6791        |
|    total_timesteps      | 315392      |
| train/                  |             |
|    approx_kl            | 0.019472085 |
|    clip_fraction        | 0.234       |
|    clip_range           | 0.2         |
|    entropy_loss         | -9.9        |
|    explained_variance   | 0.789       |
|    learning_rate        | 0.0003      |
|    loss                 | -0.0451     |
|    n_updates            | 760         |
|    policy_gradient_loss | -0.0206     |
|    std                  | 0.676       |
|    value_loss           | 0.12        |
-----------------------------------------
-----------------------------------------
| energy/                 |             |
|    E_damp_J             | 0.0316      |
|    E_fric_J             | 0.00507     |
|    E_norm_J             | 0.0192      |
|    W_neg_J              | 0.042       |
|    W_pos_J              | 0.0659      |
| reward/                 |             |
|    r_energy             | -0.0824     |
| rollout/                |             |
|    ep_len_mean          | 82          |
|    ep_rew_mean          | -5.68       |
| time/                   |             |
|    fps                  | 46          |
|    iterations           | 78          |
|    time_elapsed         | 6883        |
|    total_timesteps      | 319488      |
| train/                  |             |
|    approx_kl            | 0.016649337 |
|    clip_fraction        | 0.22        |
|    clip_range           | 0.2         |
|    entropy_loss         | -9.85       |
|    explained_variance   | 0.8         |
|    learning_rate        | 0.0003      |
|    loss                 | -0.032      |
|    n_updates            | 770         |
|    policy_gradient_loss | -0.0197     |
|    std                  | 0.674       |
|    value_loss           | 0.116       |
-----------------------------------------
-----------------------------------------
| energy/                 |             |
|    E_damp_J             | 0.00358     |
|    E_fric_J             | 0.00391     |
|    E_norm_J             | 0.00151     |
|    W_neg_J              | 0.00595     |
|    W_pos_J              | 0.0104      |
| reward/                 |             |
|    r_energy             | -0.0119     |
| rollout/                |             |
|    ep_len_mean          | 82          |
|    ep_rew_mean          | -5.41       |
| time/                   |             |
|    fps                  | 46          |
|    iterations           | 79          |
|    time_elapsed         | 6977        |
|    total_timesteps      | 323584      |
| train/                  |             |
|    approx_kl            | 0.017662704 |
|    clip_fraction        | 0.231       |
|    clip_range           | 0.2         |
|    entropy_loss         | -9.77       |
|    explained_variance   | 0.788       |
|    learning_rate        | 0.0003      |
|    loss                 | -0.0622     |
|    n_updates            | 780         |
|    policy_gradient_loss | -0.0204     |
|    std                  | 0.667       |
|    value_loss           | 0.111       |
-----------------------------------------
-----------------------------------------
| energy/                 |             |
|    E_damp_J             | 0.022       |
|    E_fric_J             | 0.00392     |
|    E_norm_J             | 0.0179      |
|    W_neg_J              | 0.0271      |
|    W_pos_J              | 0.0445      |
| reward/                 |             |
|    r_energy             | -0.0605     |
| rollout/                |             |
|    ep_len_mean          | 82          |
|    ep_rew_mean          | -5.04       |
| time/                   |             |
|    fps                  | 46          |
|    iterations           | 80          |
|    time_elapsed         | 7072        |
|    total_timesteps      | 327680      |
| train/                  |             |
|    approx_kl            | 0.020090552 |
|    clip_fraction        | 0.23        |
|    clip_range           | 0.2         |
|    entropy_loss         | -9.69       |
|    explained_variance   | 0.817       |
|    learning_rate        | 0.0003      |
|    loss                 | -0.0947     |
|    n_updates            | 790         |
|    policy_gradient_loss | -0.0208     |
|    std                  | 0.662       |
|    value_loss           | 0.0904      |
-----------------------------------------
-----------------------------------------
| energy/                 |             |
|    E_damp_J             | 0.00326     |
|    E_fric_J             | 0.00367     |
|    E_norm_J             | 0.00145     |
|    W_neg_J              | 0.00594     |
|    W_pos_J              | 0.0101      |
| reward/                 |             |
|    r_energy             | -0.0115     |
| rollout/                |             |
|    ep_len_mean          | 82          |
|    ep_rew_mean          | -4.92       |
| time/                   |             |
|    fps                  | 46          |
|    iterations           | 81          |
|    time_elapsed         | 7166        |
|    total_timesteps      | 331776      |
| train/                  |             |
|    approx_kl            | 0.017239423 |
|    clip_fraction        | 0.232       |
|    clip_range           | 0.2         |
|    entropy_loss         | -9.6        |
|    explained_variance   | 0.798       |
|    learning_rate        | 0.0003      |
|    loss                 | 0.0317      |
|    n_updates            | 800         |
|    policy_gradient_loss | -0.0177     |
|    std                  | 0.655       |
|    value_loss           | 0.101       |
-----------------------------------------
-----------------------------------------
| energy/                 |             |
|    E_damp_J             | 0.00263     |
|    E_fric_J             | 0.00339     |
|    E_norm_J             | 0.00125     |
|    W_neg_J              | 0.004       |
|    W_pos_J              | 0.00837     |
| reward/                 |             |
|    r_energy             | -0.00917    |
| rollout/                |             |
|    ep_len_mean          | 82          |
|    ep_rew_mean          | -4.9        |
| time/                   |             |
|    fps                  | 46          |
|    iterations           | 82          |
|    time_elapsed         | 7261        |
|    total_timesteps      | 335872      |
| train/                  |             |
|    approx_kl            | 0.017676435 |
|    clip_fraction        | 0.244       |
|    clip_range           | 0.2         |
|    entropy_loss         | -9.52       |
|    explained_variance   | 0.828       |
|    learning_rate        | 0.0003      |
|    loss                 | -0.0726     |
|    n_updates            | 810         |
|    policy_gradient_loss | -0.0201     |
|    std                  | 0.651       |
|    value_loss           | 0.0759      |
-----------------------------------------
-----------------------------------------
| energy/                 |             |
|    E_damp_J             | 0.0033      |
|    E_fric_J             | 0.00375     |
|    E_norm_J             | 0.00148     |
|    W_neg_J              | 0.00589     |
|    W_pos_J              | 0.0089      |
| reward/                 |             |
|    r_energy             | -0.0112     |
| rollout/                |             |
|    ep_len_mean          | 82          |
|    ep_rew_mean          | -4.95       |
| time/                   |             |
|    fps                  | 46          |
|    iterations           | 83          |
|    time_elapsed         | 7355        |
|    total_timesteps      | 339968      |
| train/                  |             |
|    approx_kl            | 0.015142767 |
|    clip_fraction        | 0.212       |
|    clip_range           | 0.2         |
|    entropy_loss         | -9.48       |
|    explained_variance   | 0.851       |
|    learning_rate        | 0.0003      |
|    loss                 | -0.103      |
|    n_updates            | 820         |
|    policy_gradient_loss | -0.0164     |
|    std                  | 0.649       |
|    value_loss           | 0.07        |
-----------------------------------------
-----------------------------------------
| energy/                 |             |
|    E_damp_J             | 0.00299     |
|    E_fric_J             | 0.00336     |
|    E_norm_J             | 0.00128     |
|    W_neg_J              | 0.00468     |
|    W_pos_J              | 0.00807     |
| reward/                 |             |
|    r_energy             | -0.00969    |
| rollout/                |             |
|    ep_len_mean          | 82          |
|    ep_rew_mean          | -4.94       |
| time/                   |             |
|    fps                  | 46          |
|    iterations           | 84          |
|    time_elapsed         | 7449        |
|    total_timesteps      | 344064      |
| train/                  |             |
|    approx_kl            | 0.018063545 |
|    clip_fraction        | 0.238       |
|    clip_range           | 0.2         |
|    entropy_loss         | -9.44       |
|    explained_variance   | 0.856       |
|    learning_rate        | 0.0003      |
|    loss                 | -0.1        |
|    n_updates            | 830         |
|    policy_gradient_loss | -0.0194     |
|    std                  | 0.646       |
|    value_loss           | 0.0778      |
-----------------------------------------
-----------------------------------------
| energy/                 |             |
|    E_damp_J             | 0.00339     |
|    E_fric_J             | 0.00366     |
|    E_norm_J             | 0.00136     |
|    W_neg_J              | 0.00543     |
|    W_pos_J              | 0.00933     |
| reward/                 |             |
|    r_energy             | -0.0109     |
| rollout/                |             |
|    ep_len_mean          | 82          |
|    ep_rew_mean          | -4.62       |
| time/                   |             |
|    fps                  | 46          |
|    iterations           | 85          |
|    time_elapsed         | 7544        |
|    total_timesteps      | 348160      |
| train/                  |             |
|    approx_kl            | 0.021053988 |
|    clip_fraction        | 0.243       |
|    clip_range           | 0.2         |
|    entropy_loss         | -9.41       |
|    explained_variance   | 0.84        |
|    learning_rate        | 0.0003      |
|    loss                 | -0.0788     |
|    n_updates            | 840         |
|    policy_gradient_loss | -0.0174     |
|    std                  | 0.644       |
|    value_loss           | 0.0824      |
-----------------------------------------
-----------------------------------------
| energy/                 |             |
|    E_damp_J             | 0.00264     |
|    E_fric_J             | 0.00337     |
|    E_norm_J             | 0.00129     |
|    W_neg_J              | 0.00408     |
|    W_pos_J              | 0.00821     |
| reward/                 |             |
|    r_energy             | -0.0092     |
| rollout/                |             |
|    ep_len_mean          | 82          |
|    ep_rew_mean          | -4.55       |
| time/                   |             |
|    fps                  | 46          |
|    iterations           | 86          |
|    time_elapsed         | 7639        |
|    total_timesteps      | 352256      |
| train/                  |             |
|    approx_kl            | 0.018050361 |
|    clip_fraction        | 0.226       |
|    clip_range           | 0.2         |
|    entropy_loss         | -9.38       |
|    explained_variance   | 0.827       |
|    learning_rate        | 0.0003      |
|    loss                 | -0.0799     |
|    n_updates            | 850         |
|    policy_gradient_loss | -0.0176     |
|    std                  | 0.642       |
|    value_loss           | 0.0808      |
-----------------------------------------
-----------------------------------------
| energy/                 |             |
|    E_damp_J             | 0.00317     |
|    E_fric_J             | 0.00362     |
|    E_norm_J             | 0.00141     |
|    W_neg_J              | 0.00517     |
|    W_pos_J              | 0.00938     |
| reward/                 |             |
|    r_energy             | -0.0107     |
| rollout/                |             |
|    ep_len_mean          | 82          |
|    ep_rew_mean          | -4.71       |
| time/                   |             |
|    fps                  | 46          |
|    iterations           | 87          |
|    time_elapsed         | 7732        |
|    total_timesteps      | 356352      |
| train/                  |             |
|    approx_kl            | 0.019048344 |
|    clip_fraction        | 0.248       |
|    clip_range           | 0.2         |
|    entropy_loss         | -9.35       |
|    explained_variance   | 0.856       |
|    learning_rate        | 0.0003      |
|    loss                 | -0.0774     |
|    n_updates            | 860         |
|    policy_gradient_loss | -0.0204     |
|    std                  | 0.641       |
|    value_loss           | 0.0689      |
-----------------------------------------
-----------------------------------------
| energy/                 |             |
|    E_damp_J             | 0.00376     |
|    E_fric_J             | 0.00352     |
|    E_norm_J             | 0.00129     |
|    W_neg_J              | 0.00457     |
|    W_pos_J              | 0.0111      |
| reward/                 |             |
|    r_energy             | -0.011      |
| rollout/                |             |
|    ep_len_mean          | 82          |
|    ep_rew_mean          | -4.74       |
| time/                   |             |
|    fps                  | 46          |
|    iterations           | 88          |
|    time_elapsed         | 7825        |
|    total_timesteps      | 360448      |
| train/                  |             |
|    approx_kl            | 0.020370638 |
|    clip_fraction        | 0.259       |
|    clip_range           | 0.2         |
|    entropy_loss         | -9.32       |
|    explained_variance   | 0.855       |
|    learning_rate        | 0.0003      |
|    loss                 | -0.0898     |
|    n_updates            | 870         |
|    policy_gradient_loss | -0.0198     |
|    std                  | 0.64        |
|    value_loss           | 0.075       |
-----------------------------------------
-----------------------------------------
| energy/                 |             |
|    E_damp_J             | 0.00292     |
|    E_fric_J             | 0.00345     |
|    E_norm_J             | 0.00137     |
|    W_neg_J              | 0.00535     |
|    W_pos_J              | 0.00912     |
| reward/                 |             |
|    r_energy             | -0.0105     |
| rollout/                |             |
|    ep_len_mean          | 82          |
|    ep_rew_mean          | -4.57       |
| time/                   |             |
|    fps                  | 46          |
|    iterations           | 89          |
|    time_elapsed         | 7918        |
|    total_timesteps      | 364544      |
| train/                  |             |
|    approx_kl            | 0.018088045 |
|    clip_fraction        | 0.252       |
|    clip_range           | 0.2         |
|    entropy_loss         | -9.27       |
|    explained_variance   | 0.859       |
|    learning_rate        | 0.0003      |
|    loss                 | -0.0973     |
|    n_updates            | 880         |
|    policy_gradient_loss | -0.0198     |
|    std                  | 0.636       |
|    value_loss           | 0.0728      |
-----------------------------------------
-----------------------------------------
| energy/                 |             |
|    E_damp_J             | 0.00293     |
|    E_fric_J             | 0.00368     |
|    E_norm_J             | 0.00145     |
|    W_neg_J              | 0.00525     |
|    W_pos_J              | 0.00863     |
| reward/                 |             |
|    r_energy             | -0.0105     |
| rollout/                |             |
|    ep_len_mean          | 82          |
|    ep_rew_mean          | -4.37       |
| time/                   |             |
|    fps                  | 46          |
|    iterations           | 90          |
|    time_elapsed         | 8011        |
|    total_timesteps      | 368640      |
| train/                  |             |
|    approx_kl            | 0.018875293 |
|    clip_fraction        | 0.236       |
|    clip_range           | 0.2         |
|    entropy_loss         | -9.21       |
|    explained_variance   | 0.839       |
|    learning_rate        | 0.0003      |
|    loss                 | -0.0949     |
|    n_updates            | 890         |
|    policy_gradient_loss | -0.0165     |
|    std                  | 0.631       |
|    value_loss           | 0.0787      |
-----------------------------------------
-----------------------------------------
| energy/                 |             |
|    E_damp_J             | 0.00306     |
|    E_fric_J             | 0.00337     |
|    E_norm_J             | 0.00125     |
|    W_neg_J              | 0.00476     |
|    W_pos_J              | 0.0102      |
| reward/                 |             |
|    r_energy             | -0.0104     |
| rollout/                |             |
|    ep_len_mean          | 82          |
|    ep_rew_mean          | -4.17       |
| time/                   |             |
|    fps                  | 45          |
|    iterations           | 91          |
|    time_elapsed         | 8106        |
|    total_timesteps      | 372736      |
| train/                  |             |
|    approx_kl            | 0.018748457 |
|    clip_fraction        | 0.243       |
|    clip_range           | 0.2         |
|    entropy_loss         | -9.17       |
|    explained_variance   | 0.859       |
|    learning_rate        | 0.0003      |
|    loss                 | -0.0732     |
|    n_updates            | 900         |
|    policy_gradient_loss | -0.0198     |
|    std                  | 0.63        |
|    value_loss           | 0.06        |
-----------------------------------------
-----------------------------------------
| energy/                 |             |
|    E_damp_J             | 0.00257     |
|    E_fric_J             | 0.00338     |
|    E_norm_J             | 0.00129     |
|    W_neg_J              | 0.00512     |
|    W_pos_J              | 0.00723     |
| reward/                 |             |
|    r_energy             | -0.00951    |
| rollout/                |             |
|    ep_len_mean          | 82          |
|    ep_rew_mean          | -4.04       |
| time/                   |             |
|    fps                  | 45          |
|    iterations           | 92          |
|    time_elapsed         | 8201        |
|    total_timesteps      | 376832      |
| train/                  |             |
|    approx_kl            | 0.020414334 |
|    clip_fraction        | 0.258       |
|    clip_range           | 0.2         |
|    entropy_loss         | -9.13       |
|    explained_variance   | 0.852       |
|    learning_rate        | 0.0003      |
|    loss                 | -0.0992     |
|    n_updates            | 910         |
|    policy_gradient_loss | -0.0157     |
|    std                  | 0.626       |
|    value_loss           | 0.0696      |
-----------------------------------------
----------------------------------------
| energy/                 |            |
|    E_damp_J             | 0.00366    |
|    E_fric_J             | 0.00358    |
|    E_norm_J             | 0.00131    |
|    W_neg_J              | 0.00562    |
|    W_pos_J              | 0.01       |
| reward/                 |            |
|    r_energy             | -0.0113    |
| rollout/                |            |
|    ep_len_mean          | 82         |
|    ep_rew_mean          | -4.04      |
| time/                   |            |
|    fps                  | 45         |
|    iterations           | 93         |
|    time_elapsed         | 8294       |
|    total_timesteps      | 380928     |
| train/                  |            |
|    approx_kl            | 0.02056046 |
|    clip_fraction        | 0.256      |
|    clip_range           | 0.2        |
|    entropy_loss         | -9.07      |
|    explained_variance   | 0.841      |
|    learning_rate        | 0.0003     |
|    loss                 | -0.0643    |
|    n_updates            | 920        |
|    policy_gradient_loss | -0.0207    |
|    std                  | 0.623      |
|    value_loss           | 0.0747     |
----------------------------------------
-----------------------------------------
| energy/                 |             |
|    E_damp_J             | 0.00266     |
|    E_fric_J             | 0.00347     |
|    E_norm_J             | 0.00132     |
|    W_neg_J              | 0.00469     |
|    W_pos_J              | 0.00865     |
| reward/                 |             |
|    r_energy             | -0.0098     |
| rollout/                |             |
|    ep_len_mean          | 82          |
|    ep_rew_mean          | -4.06       |
| time/                   |             |
|    fps                  | 45          |
|    iterations           | 94          |
|    time_elapsed         | 8387        |
|    total_timesteps      | 385024      |
| train/                  |             |
|    approx_kl            | 0.020542152 |
|    clip_fraction        | 0.241       |
|    clip_range           | 0.2         |
|    entropy_loss         | -9.04       |
|    explained_variance   | 0.836       |
|    learning_rate        | 0.0003      |
|    loss                 | -0.0959     |
|    n_updates            | 930         |
|    policy_gradient_loss | -0.0178     |
|    std                  | 0.622       |
|    value_loss           | 0.0703      |
-----------------------------------------
-----------------------------------------
| energy/                 |             |
|    E_damp_J             | 0.0052      |
|    E_fric_J             | 0.0042      |
|    E_norm_J             | 0.00196     |
|    W_neg_J              | 0.00885     |
|    W_pos_J              | 0.0147      |
| reward/                 |             |
|    r_energy             | -0.0164     |
| rollout/                |             |
|    ep_len_mean          | 82          |
|    ep_rew_mean          | -3.99       |
| time/                   |             |
|    fps                  | 45          |
|    iterations           | 95          |
|    time_elapsed         | 8480        |
|    total_timesteps      | 389120      |
| train/                  |             |
|    approx_kl            | 0.024094399 |
|    clip_fraction        | 0.261       |
|    clip_range           | 0.2         |
|    entropy_loss         | -9.01       |
|    explained_variance   | 0.865       |
|    learning_rate        | 0.0003      |
|    loss                 | -0.0924     |
|    n_updates            | 940         |
|    policy_gradient_loss | -0.0198     |
|    std                  | 0.62        |
|    value_loss           | 0.06        |
-----------------------------------------
-----------------------------------------
| energy/                 |             |
|    E_damp_J             | 0.00354     |
|    E_fric_J             | 0.00363     |
|    E_norm_J             | 0.00134     |
|    W_neg_J              | 0.00473     |
|    W_pos_J              | 0.0112      |
| reward/                 |             |
|    r_energy             | -0.0111     |
| rollout/                |             |
|    ep_len_mean          | 82          |
|    ep_rew_mean          | -3.88       |
| time/                   |             |
|    fps                  | 45          |
|    iterations           | 96          |
|    time_elapsed         | 8574        |
|    total_timesteps      | 393216      |
| train/                  |             |
|    approx_kl            | 0.019540973 |
|    clip_fraction        | 0.237       |
|    clip_range           | 0.2         |
|    entropy_loss         | -8.98       |
|    explained_variance   | 0.855       |
|    learning_rate        | 0.0003      |
|    loss                 | -0.0795     |
|    n_updates            | 950         |
|    policy_gradient_loss | -0.0201     |
|    std                  | 0.619       |
|    value_loss           | 0.0679      |
-----------------------------------------
-----------------------------------------
| energy/                 |             |
|    E_damp_J             | 0.0169      |
|    E_fric_J             | 0.00523     |
|    E_norm_J             | 0.0191      |
|    W_neg_J              | 0.0169      |
|    W_pos_J              | 0.0477      |
| reward/                 |             |
|    r_energy             | -0.0546     |
| rollout/                |             |
|    ep_len_mean          | 82          |
|    ep_rew_mean          | -3.91       |
| time/                   |             |
|    fps                  | 45          |
|    iterations           | 97          |
|    time_elapsed         | 8667        |
|    total_timesteps      | 397312      |
| train/                  |             |
|    approx_kl            | 0.022047868 |
|    clip_fraction        | 0.263       |
|    clip_range           | 0.2         |
|    entropy_loss         | -8.94       |
|    explained_variance   | 0.858       |
|    learning_rate        | 0.0003      |
|    loss                 | -0.0949     |
|    n_updates            | 960         |
|    policy_gradient_loss | -0.0199     |
|    std                  | 0.615       |
|    value_loss           | 0.061       |
-----------------------------------------
--------------------------------------
| energy/                 |          |
|    E_damp_J             | 0.00332  |
|    E_fric_J             | 0.00396  |
|    E_norm_J             | 0.00153  |
|    W_neg_J              | 0.00512  |
|    W_pos_J              | 0.0102   |
| reward/                 |          |
|    r_energy             | -0.0113  |
| rollout/                |          |
|    ep_len_mean          | 82       |
|    ep_rew_mean          | -3.82    |
| time/                   |          |
|    fps                  | 45       |
|    iterations           | 98       |
|    time_elapsed         | 8759     |
|    total_timesteps      | 401408   |
| train/                  |          |
|    approx_kl            | 0.02065  |
|    clip_fraction        | 0.258    |
|    clip_range           | 0.2      |
|    entropy_loss         | -8.9     |
|    explained_variance   | 0.862    |
|    learning_rate        | 0.0003   |
|    loss                 | -0.0952  |
|    n_updates            | 970      |
|    policy_gradient_loss | -0.019   |
|    std                  | 0.613    |
|    value_loss           | 0.0669   |
--------------------------------------
----------------------------------------
| energy/                 |            |
|    E_damp_J             | 0.03       |
|    E_fric_J             | 0.00497    |
|    E_norm_J             | 0.0189     |
|    W_neg_J              | 0.0389     |
|    W_pos_J              | 0.0632     |
| reward/                 |            |
|    r_energy             | -0.0786    |
| rollout/                |            |
|    ep_len_mean          | 82         |
|    ep_rew_mean          | -3.68      |
| time/                   |            |
|    fps                  | 45         |
|    iterations           | 99         |
|    time_elapsed         | 8852       |
|    total_timesteps      | 405504     |
| train/                  |            |
|    approx_kl            | 0.02219812 |
|    clip_fraction        | 0.257      |
|    clip_range           | 0.2        |
|    entropy_loss         | -8.86      |
|    explained_variance   | 0.837      |
|    learning_rate        | 0.0003     |
|    loss                 | -0.0837    |
|    n_updates            | 980        |
|    policy_gradient_loss | -0.0193    |
|    std                  | 0.61       |
|    value_loss           | 0.0646     |
----------------------------------------
-----------------------------------------
| energy/                 |             |
|    E_damp_J             | 0.00277     |
|    E_fric_J             | 0.00345     |
|    E_norm_J             | 0.0013      |
|    W_neg_J              | 0.00536     |
|    W_pos_J              | 0.00829     |
| reward/                 |             |
|    r_energy             | -0.0101     |
| rollout/                |             |
|    ep_len_mean          | 82          |
|    ep_rew_mean          | -3.63       |
| time/                   |             |
|    fps                  | 45          |
|    iterations           | 100         |
|    time_elapsed         | 8945        |
|    total_timesteps      | 409600      |
| train/                  |             |
|    approx_kl            | 0.024638778 |
|    clip_fraction        | 0.269       |
|    clip_range           | 0.2         |
|    entropy_loss         | -8.83       |
|    explained_variance   | 0.872       |
|    learning_rate        | 0.0003      |
|    loss                 | -0.0944     |
|    n_updates            | 990         |
|    policy_gradient_loss | -0.0189     |
|    std                  | 0.608       |
|    value_loss           | 0.0524      |
-----------------------------------------
-----------------------------------------
| energy/                 |             |
|    E_damp_J             | 0.0294      |
|    E_fric_J             | 0.00531     |
|    E_norm_J             | 0.0191      |
|    W_neg_J              | 0.0371      |
|    W_pos_J              | 0.0594      |
| reward/                 |             |
|    r_energy             | -0.0765     |
| rollout/                |             |
|    ep_len_mean          | 82          |
|    ep_rew_mean          | -3.65       |
| time/                   |             |
|    fps                  | 45          |
|    iterations           | 101         |
|    time_elapsed         | 9037        |
|    total_timesteps      | 413696      |
| train/                  |             |
|    approx_kl            | 0.023383183 |
|    clip_fraction        | 0.285       |
|    clip_range           | 0.2         |
|    entropy_loss         | -8.81       |
|    explained_variance   | 0.847       |
|    learning_rate        | 0.0003      |
|    loss                 | -0.0625     |
|    n_updates            | 1000        |
|    policy_gradient_loss | -0.0195     |
|    std                  | 0.607       |
|    value_loss           | 0.0633      |
-----------------------------------------
-----------------------------------------
| energy/                 |             |
|    E_damp_J             | 0.00345     |
|    E_fric_J             | 0.00376     |
|    E_norm_J             | 0.00142     |
|    W_neg_J              | 0.00572     |
|    W_pos_J              | 0.01        |
| reward/                 |             |
|    r_energy             | -0.0115     |
| rollout/                |             |
|    ep_len_mean          | 82          |
|    ep_rew_mean          | -3.59       |
| time/                   |             |
|    fps                  | 45          |
|    iterations           | 102         |
|    time_elapsed         | 9130        |
|    total_timesteps      | 417792      |
| train/                  |             |
|    approx_kl            | 0.025671758 |
|    clip_fraction        | 0.261       |
|    clip_range           | 0.2         |
|    entropy_loss         | -8.78       |
|    explained_variance   | 0.869       |
|    learning_rate        | 0.0003      |
|    loss                 | -0.0904     |
|    n_updates            | 1010        |
|    policy_gradient_loss | -0.0156     |
|    std                  | 0.606       |
|    value_loss           | 0.0614      |
-----------------------------------------
-----------------------------------------
| energy/                 |             |
|    E_damp_J             | 0.0301      |
|    E_fric_J             | 0.00496     |
|    E_norm_J             | 0.0189      |
|    W_neg_J              | 0.0389      |
|    W_pos_J              | 0.0601      |
| reward/                 |             |
|    r_energy             | -0.0778     |
| rollout/                |             |
|    ep_len_mean          | 82          |
|    ep_rew_mean          | -3.47       |
| time/                   |             |
|    fps                  | 45          |
|    iterations           | 103         |
|    time_elapsed         | 9223        |
|    total_timesteps      | 421888      |
| train/                  |             |
|    approx_kl            | 0.021125093 |
|    clip_fraction        | 0.254       |
|    clip_range           | 0.2         |
|    entropy_loss         | -8.76       |
|    explained_variance   | 0.832       |
|    learning_rate        | 0.0003      |
|    loss                 | -0.0715     |
|    n_updates            | 1020        |
|    policy_gradient_loss | -0.0202     |
|    std                  | 0.604       |
|    value_loss           | 0.0654      |
-----------------------------------------
-----------------------------------------
| energy/                 |             |
|    E_damp_J             | 0.0027      |
|    E_fric_J             | 0.00339     |
|    E_norm_J             | 0.0013      |
|    W_neg_J              | 0.00521     |
|    W_pos_J              | 0.00769     |
| reward/                 |             |
|    r_energy             | -0.00978    |
| rollout/                |             |
|    ep_len_mean          | 82          |
|    ep_rew_mean          | -3.35       |
| time/                   |             |
|    fps                  | 45          |
|    iterations           | 104         |
|    time_elapsed         | 9316        |
|    total_timesteps      | 425984      |
| train/                  |             |
|    approx_kl            | 0.019285176 |
|    clip_fraction        | 0.261       |
|    clip_range           | 0.2         |
|    entropy_loss         | -8.72       |
|    explained_variance   | 0.863       |
|    learning_rate        | 0.0003      |
|    loss                 | -0.0932     |
|    n_updates            | 1030        |
|    policy_gradient_loss | -0.0187     |
|    std                  | 0.602       |
|    value_loss           | 0.0571      |
-----------------------------------------
-----------------------------------------
| energy/                 |             |
|    E_damp_J             | 0.0322      |
|    E_fric_J             | 0.00544     |
|    E_norm_J             | 0.0186      |
|    W_neg_J              | 0.04        |
|    W_pos_J              | 0.066       |
| reward/                 |             |
|    r_energy             | -0.0812     |
| rollout/                |             |
|    ep_len_mean          | 82          |
|    ep_rew_mean          | -3.39       |
| time/                   |             |
|    fps                  | 45          |
|    iterations           | 105         |
|    time_elapsed         | 9408        |
|    total_timesteps      | 430080      |
| train/                  |             |
|    approx_kl            | 0.023220425 |
|    clip_fraction        | 0.261       |
|    clip_range           | 0.2         |
|    entropy_loss         | -8.69       |
|    explained_variance   | 0.826       |
|    learning_rate        | 0.0003      |
|    loss                 | -0.0813     |
|    n_updates            | 1040        |
|    policy_gradient_loss | -0.019      |
|    std                  | 0.601       |
|    value_loss           | 0.0664      |
-----------------------------------------
-----------------------------------------
| energy/                 |             |
|    E_damp_J             | 0.00318     |
|    E_fric_J             | 0.0035      |
|    E_norm_J             | 0.00133     |
|    W_neg_J              | 0.00471     |
|    W_pos_J              | 0.00961     |
| reward/                 |             |
|    r_energy             | -0.0104     |
| rollout/                |             |
|    ep_len_mean          | 82          |
|    ep_rew_mean          | -3.5        |
| time/                   |             |
|    fps                  | 45          |
|    iterations           | 106         |
|    time_elapsed         | 9501        |
|    total_timesteps      | 434176      |
| train/                  |             |
|    approx_kl            | 0.023483183 |
|    clip_fraction        | 0.267       |
|    clip_range           | 0.2         |
|    entropy_loss         | -8.63       |
|    explained_variance   | 0.884       |
|    learning_rate        | 0.0003      |
|    loss                 | -0.0568     |
|    n_updates            | 1050        |
|    policy_gradient_loss | -0.0189     |
|    std                  | 0.596       |
|    value_loss           | 0.0519      |
-----------------------------------------
-----------------------------------------
| energy/                 |             |
|    E_damp_J             | 0.0321      |
|    E_fric_J             | 0.00544     |
|    E_norm_J             | 0.0191      |
|    W_neg_J              | 0.0389      |
|    W_pos_J              | 0.0679      |
| reward/                 |             |
|    r_energy             | -0.0816     |
| rollout/                |             |
|    ep_len_mean          | 82          |
|    ep_rew_mean          | -3.29       |
| time/                   |             |
|    fps                  | 45          |
|    iterations           | 107         |
|    time_elapsed         | 9593        |
|    total_timesteps      | 438272      |
| train/                  |             |
|    approx_kl            | 0.019998074 |
|    clip_fraction        | 0.24        |
|    clip_range           | 0.2         |
|    entropy_loss         | -8.59       |
|    explained_variance   | 0.868       |
|    learning_rate        | 0.0003      |
|    loss                 | -0.0985     |
|    n_updates            | 1060        |
|    policy_gradient_loss | -0.0153     |
|    std                  | 0.594       |
|    value_loss           | 0.0581      |
-----------------------------------------
-----------------------------------------
| energy/                 |             |
|    E_damp_J             | 0.00375     |
|    E_fric_J             | 0.00376     |
|    E_norm_J             | 0.00127     |
|    W_neg_J              | 0.00431     |
|    W_pos_J              | 0.0126      |
| reward/                 |             |
|    r_energy             | -0.0114     |
| rollout/                |             |
|    ep_len_mean          | 82          |
|    ep_rew_mean          | -3.15       |
| time/                   |             |
|    fps                  | 45          |
|    iterations           | 108         |
|    time_elapsed         | 9686        |
|    total_timesteps      | 442368      |
| train/                  |             |
|    approx_kl            | 0.020045415 |
|    clip_fraction        | 0.265       |
|    clip_range           | 0.2         |
|    entropy_loss         | -8.55       |
|    explained_variance   | 0.892       |
|    learning_rate        | 0.0003      |
|    loss                 | -0.0818     |
|    n_updates            | 1070        |
|    policy_gradient_loss | -0.0184     |
|    std                  | 0.592       |
|    value_loss           | 0.0476      |
-----------------------------------------
-----------------------------------------
| energy/                 |             |
|    E_damp_J             | 0.0296      |
|    E_fric_J             | 0.00563     |
|    E_norm_J             | 0.0186      |
|    W_neg_J              | 0.0341      |
|    W_pos_J              | 0.0668      |
| reward/                 |             |
|    r_energy             | -0.0768     |
| rollout/                |             |
|    ep_len_mean          | 82          |
|    ep_rew_mean          | -3.16       |
| time/                   |             |
|    fps                  | 45          |
|    iterations           | 109         |
|    time_elapsed         | 9778        |
|    total_timesteps      | 446464      |
| train/                  |             |
|    approx_kl            | 0.024137035 |
|    clip_fraction        | 0.261       |
|    clip_range           | 0.2         |
|    entropy_loss         | -8.51       |
|    explained_variance   | 0.875       |
|    learning_rate        | 0.0003      |
|    loss                 | -0.0753     |
|    n_updates            | 1080        |
|    policy_gradient_loss | -0.0207     |
|    std                  | 0.59        |
|    value_loss           | 0.0549      |
-----------------------------------------
-----------------------------------------
| energy/                 |             |
|    E_damp_J             | 0.0038      |
|    E_fric_J             | 0.00401     |
|    E_norm_J             | 0.00142     |
|    W_neg_J              | 0.0048      |
|    W_pos_J              | 0.0105      |
| reward/                 |             |
|    r_energy             | -0.0114     |
| rollout/                |             |
|    ep_len_mean          | 82          |
|    ep_rew_mean          | -2.91       |
| time/                   |             |
|    fps                  | 45          |
|    iterations           | 110         |
|    time_elapsed         | 9871        |
|    total_timesteps      | 450560      |
| train/                  |             |
|    approx_kl            | 0.022613311 |
|    clip_fraction        | 0.28        |
|    clip_range           | 0.2         |
|    entropy_loss         | -8.48       |
|    explained_variance   | 0.837       |
|    learning_rate        | 0.0003      |
|    loss                 | -0.0961     |
|    n_updates            | 1090        |
|    policy_gradient_loss | -0.0201     |
|    std                  | 0.588       |
|    value_loss           | 0.0685      |
-----------------------------------------
-----------------------------------------
| energy/                 |             |
|    E_damp_J             | 0.0309      |
|    E_fric_J             | 0.00512     |
|    E_norm_J             | 0.0191      |
|    W_neg_J              | 0.0433      |
|    W_pos_J              | 0.0583      |
| reward/                 |             |
|    r_energy             | -0.0806     |
| rollout/                |             |
|    ep_len_mean          | 82          |
|    ep_rew_mean          | -2.78       |
| time/                   |             |
|    fps                  | 45          |
|    iterations           | 111         |
|    time_elapsed         | 9963        |
|    total_timesteps      | 454656      |
| train/                  |             |
|    approx_kl            | 0.022281267 |
|    clip_fraction        | 0.28        |
|    clip_range           | 0.2         |
|    entropy_loss         | -8.44       |
|    explained_variance   | 0.867       |
|    learning_rate        | 0.0003      |
|    loss                 | -0.0884     |
|    n_updates            | 1100        |
|    policy_gradient_loss | -0.0175     |
|    std                  | 0.586       |
|    value_loss           | 0.0504      |
-----------------------------------------
-----------------------------------------
| energy/                 |             |
|    E_damp_J             | 0.00324     |
|    E_fric_J             | 0.00347     |
|    E_norm_J             | 0.00128     |
|    W_neg_J              | 0.00449     |
|    W_pos_J              | 0.0105      |
| reward/                 |             |
|    r_energy             | -0.0105     |
| rollout/                |             |
|    ep_len_mean          | 82          |
|    ep_rew_mean          | -2.7        |
| time/                   |             |
|    fps                  | 45          |
|    iterations           | 112         |
|    time_elapsed         | 10055       |
|    total_timesteps      | 458752      |
| train/                  |             |
|    approx_kl            | 0.022290532 |
|    clip_fraction        | 0.264       |
|    clip_range           | 0.2         |
|    entropy_loss         | -8.41       |
|    explained_variance   | 0.865       |
|    learning_rate        | 0.0003      |
|    loss                 | -0.0983     |
|    n_updates            | 1110        |
|    policy_gradient_loss | -0.0183     |
|    std                  | 0.585       |
|    value_loss           | 0.0616      |
-----------------------------------------
-----------------------------------------
| energy/                 |             |
|    E_damp_J             | 0.0304      |
|    E_fric_J             | 0.00514     |
|    E_norm_J             | 0.0196      |
|    W_neg_J              | 0.04        |
|    W_pos_J              | 0.062       |
| reward/                 |             |
|    r_energy             | -0.08       |
| rollout/                |             |
|    ep_len_mean          | 82          |
|    ep_rew_mean          | -2.74       |
| time/                   |             |
|    fps                  | 45          |
|    iterations           | 113         |
|    time_elapsed         | 10149       |
|    total_timesteps      | 462848      |
| train/                  |             |
|    approx_kl            | 0.021858517 |
|    clip_fraction        | 0.274       |
|    clip_range           | 0.2         |
|    entropy_loss         | -8.37       |
|    explained_variance   | 0.849       |
|    learning_rate        | 0.0003      |
|    loss                 | -0.0892     |
|    n_updates            | 1120        |
|    policy_gradient_loss | -0.0173     |
|    std                  | 0.582       |
|    value_loss           | 0.0567      |
-----------------------------------------
----------------------------------------
| energy/                 |            |
|    E_damp_J             | 0.00277    |
|    E_fric_J             | 0.00307    |
|    E_norm_J             | 0.00108    |
|    W_neg_J              | 0.00367    |
|    W_pos_J              | 0.00923    |
| reward/                 |            |
|    r_energy             | -0.00897   |
| rollout/                |            |
|    ep_len_mean          | 82         |
|    ep_rew_mean          | -2.81      |
| time/                   |            |
|    fps                  | 45         |
|    iterations           | 114        |
|    time_elapsed         | 10243      |
|    total_timesteps      | 466944     |
| train/                  |            |
|    approx_kl            | 0.02167277 |
|    clip_fraction        | 0.271      |
|    clip_range           | 0.2        |
|    entropy_loss         | -8.33      |
|    explained_variance   | 0.872      |
|    learning_rate        | 0.0003     |
|    loss                 | -0.0621    |
|    n_updates            | 1130       |
|    policy_gradient_loss | -0.0173    |
|    std                  | 0.581      |
|    value_loss           | 0.0538     |
----------------------------------------
-----------------------------------------
| energy/                 |             |
|    E_damp_J             | 0.0323      |
|    E_fric_J             | 0.00563     |
|    E_norm_J             | 0.0195      |
|    W_neg_J              | 0.0397      |
|    W_pos_J              | 0.0695      |
| reward/                 |             |
|    r_energy             | -0.0832     |
| rollout/                |             |
|    ep_len_mean          | 82          |
|    ep_rew_mean          | -2.58       |
| time/                   |             |
|    fps                  | 45          |
|    iterations           | 115         |
|    time_elapsed         | 10337       |
|    total_timesteps      | 471040      |
| train/                  |             |
|    approx_kl            | 0.022906926 |
|    clip_fraction        | 0.27        |
|    clip_range           | 0.2         |
|    entropy_loss         | -8.3        |
|    explained_variance   | 0.878       |
|    learning_rate        | 0.0003      |
|    loss                 | -0.0824     |
|    n_updates            | 1140        |
|    policy_gradient_loss | -0.0188     |
|    std                  | 0.579       |
|    value_loss           | 0.0449      |
-----------------------------------------
-----------------------------------------
| energy/                 |             |
|    E_damp_J             | 0.00241     |
|    E_fric_J             | 0.00309     |
|    E_norm_J             | 0.00111     |
|    W_neg_J              | 0.00353     |
|    W_pos_J              | 0.00868     |
| reward/                 |             |
|    r_energy             | -0.00858    |
| rollout/                |             |
|    ep_len_mean          | 82          |
|    ep_rew_mean          | -2.47       |
| time/                   |             |
|    fps                  | 45          |
|    iterations           | 116         |
|    time_elapsed         | 10431       |
|    total_timesteps      | 475136      |
| train/                  |             |
|    approx_kl            | 0.019311644 |
|    clip_fraction        | 0.272       |
|    clip_range           | 0.2         |
|    entropy_loss         | -8.25       |
|    explained_variance   | 0.86        |
|    learning_rate        | 0.0003      |
|    loss                 | -0.093      |
|    n_updates            | 1150        |
|    policy_gradient_loss | -0.0135     |
|    std                  | 0.576       |
|    value_loss           | 0.0587      |
-----------------------------------------
-----------------------------------------
| energy/                 |             |
|    E_damp_J             | 0.0286      |
|    E_fric_J             | 0.00519     |
|    E_norm_J             | 0.0193      |
|    W_neg_J              | 0.0424      |
|    W_pos_J              | 0.0561      |
| reward/                 |             |
|    r_energy             | -0.0784     |
| rollout/                |             |
|    ep_len_mean          | 82          |
|    ep_rew_mean          | -2.47       |
| time/                   |             |
|    fps                  | 45          |
|    iterations           | 117         |
|    time_elapsed         | 10525       |
|    total_timesteps      | 479232      |
| train/                  |             |
|    approx_kl            | 0.019882748 |
|    clip_fraction        | 0.268       |
|    clip_range           | 0.2         |
|    entropy_loss         | -8.21       |
|    explained_variance   | 0.861       |
|    learning_rate        | 0.0003      |
|    loss                 | -0.0766     |
|    n_updates            | 1160        |
|    policy_gradient_loss | -0.018      |
|    std                  | 0.575       |
|    value_loss           | 0.0518      |
-----------------------------------------
-----------------------------------------
| energy/                 |             |
|    E_damp_J             | 0.00234     |
|    E_fric_J             | 0.00312     |
|    E_norm_J             | 0.0011      |
|    W_neg_J              | 0.0036      |
|    W_pos_J              | 0.00819     |
| reward/                 |             |
|    r_energy             | -0.00844    |
| rollout/                |             |
|    ep_len_mean          | 82          |
|    ep_rew_mean          | -2.43       |
| time/                   |             |
|    fps                  | 45          |
|    iterations           | 118         |
|    time_elapsed         | 10619       |
|    total_timesteps      | 483328      |
| train/                  |             |
|    approx_kl            | 0.021214781 |
|    clip_fraction        | 0.266       |
|    clip_range           | 0.2         |
|    entropy_loss         | -8.17       |
|    explained_variance   | 0.859       |
|    learning_rate        | 0.0003      |
|    loss                 | -0.0867     |
|    n_updates            | 1170        |
|    policy_gradient_loss | -0.017      |
|    std                  | 0.572       |
|    value_loss           | 0.06        |
-----------------------------------------
-----------------------------------------
| energy/                 |             |
|    E_damp_J             | 0.0287      |
|    E_fric_J             | 0.00506     |
|    E_norm_J             | 0.0184      |
|    W_neg_J              | 0.0366      |
|    W_pos_J              | 0.0603      |
| reward/                 |             |
|    r_energy             | -0.0754     |
| rollout/                |             |
|    ep_len_mean          | 82          |
|    ep_rew_mean          | -2.37       |
| time/                   |             |
|    fps                  | 45          |
|    iterations           | 119         |
|    time_elapsed         | 10712       |
|    total_timesteps      | 487424      |
| train/                  |             |
|    approx_kl            | 0.025726505 |
|    clip_fraction        | 0.277       |
|    clip_range           | 0.2         |
|    entropy_loss         | -8.14       |
|    explained_variance   | 0.869       |
|    learning_rate        | 0.0003      |
|    loss                 | -0.0779     |
|    n_updates            | 1180        |
|    policy_gradient_loss | -0.0179     |
|    std                  | 0.571       |
|    value_loss           | 0.0476      |
-----------------------------------------
-----------------------------------------
| energy/                 |             |
|    E_damp_J             | 0.00402     |
|    E_fric_J             | 0.00387     |
|    E_norm_J             | 0.00141     |
|    W_neg_J              | 0.00554     |
|    W_pos_J              | 0.0128      |
| reward/                 |             |
|    r_energy             | -0.0125     |
| rollout/                |             |
|    ep_len_mean          | 82          |
|    ep_rew_mean          | -2.32       |
| time/                   |             |
|    fps                  | 45          |
|    iterations           | 120         |
|    time_elapsed         | 10805       |
|    total_timesteps      | 491520      |
| train/                  |             |
|    approx_kl            | 0.026815834 |
|    clip_fraction        | 0.298       |
|    clip_range           | 0.2         |
|    entropy_loss         | -8.12       |
|    explained_variance   | 0.861       |
|    learning_rate        | 0.0003      |
|    loss                 | -0.0934     |
|    n_updates            | 1190        |
|    policy_gradient_loss | -0.0157     |
|    std                  | 0.569       |
|    value_loss           | 0.0535      |
-----------------------------------------
-----------------------------------------
| energy/                 |             |
|    E_damp_J             | 0.0238      |
|    E_fric_J             | 0.00398     |
|    E_norm_J             | 0.0178      |
|    W_neg_J              | 0.0308      |
|    W_pos_J              | 0.0437      |
| reward/                 |             |
|    r_energy             | -0.0632     |
| rollout/                |             |
|    ep_len_mean          | 82          |
|    ep_rew_mean          | -2.13       |
| time/                   |             |
|    fps                  | 45          |
|    iterations           | 121         |
|    time_elapsed         | 10898       |
|    total_timesteps      | 495616      |
| train/                  |             |
|    approx_kl            | 0.023014072 |
|    clip_fraction        | 0.29        |
|    clip_range           | 0.2         |
|    entropy_loss         | -8.09       |
|    explained_variance   | 0.834       |
|    learning_rate        | 0.0003      |
|    loss                 | -0.0989     |
|    n_updates            | 1200        |
|    policy_gradient_loss | -0.02       |
|    std                  | 0.567       |
|    value_loss           | 0.0666      |
-----------------------------------------
-----------------------------------------
| energy/                 |             |
|    E_damp_J             | 0.00287     |
|    E_fric_J             | 0.00351     |
|    E_norm_J             | 0.0012      |
|    W_neg_J              | 0.00457     |
|    W_pos_J              | 0.0101      |
| reward/                 |             |
|    r_energy             | -0.0101     |
| rollout/                |             |
|    ep_len_mean          | 82          |
|    ep_rew_mean          | -1.93       |
| time/                   |             |
|    fps                  | 45          |
|    iterations           | 122         |
|    time_elapsed         | 10990       |
|    total_timesteps      | 499712      |
| train/                  |             |
|    approx_kl            | 0.023085859 |
|    clip_fraction        | 0.283       |
|    clip_range           | 0.2         |
|    entropy_loss         | -8.06       |
|    explained_variance   | 0.865       |
|    learning_rate        | 0.0003      |
|    loss                 | -0.0423     |
|    n_updates            | 1210        |
|    policy_gradient_loss | -0.019      |
|    std                  | 0.566       |
|    value_loss           | 0.0524      |
-----------------------------------------
----------------------------------------
| energy/                 |            |
|    E_damp_J             | 0.00363    |
|    E_fric_J             | 0.00401    |
|    E_norm_J             | 0.0014     |
|    W_neg_J              | 0.00627    |
|    W_pos_J              | 0.0135     |
| reward/                 |            |
|    r_energy             | -0.013     |
| rollout/                |            |
|    ep_len_mean          | 82         |
|    ep_rew_mean          | -1.9       |
| time/                   |            |
|    fps                  | 45         |
|    iterations           | 123        |
|    time_elapsed         | 11082      |
|    total_timesteps      | 503808     |
| train/                  |            |
|    approx_kl            | 0.02301988 |
|    clip_fraction        | 0.289      |
|    clip_range           | 0.2        |
|    entropy_loss         | -8.03      |
|    explained_variance   | 0.819      |
|    learning_rate        | 0.0003     |
|    loss                 | -0.0559    |
|    n_updates            | 1220       |
|    policy_gradient_loss | -0.0181    |
|    std                  | 0.564      |
|    value_loss           | 0.0658     |
----------------------------------------
-----------------------------------------
| energy/                 |             |
|    E_damp_J             | 0.00301     |
|    E_fric_J             | 0.00336     |
|    E_norm_J             | 0.00117     |
|    W_neg_J              | 0.00409     |
|    W_pos_J              | 0.0101      |
| reward/                 |             |
|    r_energy             | -0.00985    |
| rollout/                |             |
|    ep_len_mean          | 82          |
|    ep_rew_mean          | -1.92       |
| time/                   |             |
|    fps                  | 45          |
|    iterations           | 124         |
|    time_elapsed         | 11175       |
|    total_timesteps      | 507904      |
| train/                  |             |
|    approx_kl            | 0.021594776 |
|    clip_fraction        | 0.285       |
|    clip_range           | 0.2         |
|    entropy_loss         | -8.01       |
|    explained_variance   | 0.825       |
|    learning_rate        | 0.0003      |
|    loss                 | -0.0323     |
|    n_updates            | 1230        |
|    policy_gradient_loss | -0.0163     |
|    std                  | 0.564       |
|    value_loss           | 0.0705      |
-----------------------------------------
-----------------------------------------
| energy/                 |             |
|    E_damp_J             | 0.00259     |
|    E_fric_J             | 0.00352     |
|    E_norm_J             | 0.00126     |
|    W_neg_J              | 0.00428     |
|    W_pos_J              | 0.00834     |
| reward/                 |             |
|    r_energy             | -0.00938    |
| rollout/                |             |
|    ep_len_mean          | 82          |
|    ep_rew_mean          | -1.81       |
| time/                   |             |
|    fps                  | 45          |
|    iterations           | 125         |
|    time_elapsed         | 11267       |
|    total_timesteps      | 512000      |
| train/                  |             |
|    approx_kl            | 0.022918127 |
|    clip_fraction        | 0.283       |
|    clip_range           | 0.2         |
|    entropy_loss         | -7.96       |
|    explained_variance   | 0.838       |
|    learning_rate        | 0.0003      |
|    loss                 | -0.0555     |
|    n_updates            | 1240        |
|    policy_gradient_loss | -0.0169     |
|    std                  | 0.559       |
|    value_loss           | 0.0653      |
-----------------------------------------
-----------------------------------------
| energy/                 |             |
|    E_damp_J             | 0.00368     |
|    E_fric_J             | 0.00371     |
|    E_norm_J             | 0.00128     |
|    W_neg_J              | 0.00492     |
|    W_pos_J              | 0.0142      |
| reward/                 |             |
|    r_energy             | -0.0122     |
| rollout/                |             |
|    ep_len_mean          | 82          |
|    ep_rew_mean          | -1.66       |
| time/                   |             |
|    fps                  | 45          |
|    iterations           | 126         |
|    time_elapsed         | 11360       |
|    total_timesteps      | 516096      |
| train/                  |             |
|    approx_kl            | 0.026446605 |
|    clip_fraction        | 0.292       |
|    clip_range           | 0.2         |
|    entropy_loss         | -7.9        |
|    explained_variance   | 0.847       |
|    learning_rate        | 0.0003      |
|    loss                 | -0.0948     |
|    n_updates            | 1250        |
|    policy_gradient_loss | -0.0177     |
|    std                  | 0.557       |
|    value_loss           | 0.0557      |
-----------------------------------------
-----------------------------------------
| energy/                 |             |
|    E_damp_J             | 0.00305     |
|    E_fric_J             | 0.00337     |
|    E_norm_J             | 0.00122     |
|    W_neg_J              | 0.00528     |
|    W_pos_J              | 0.00907     |
| reward/                 |             |
|    r_energy             | -0.0103     |
| rollout/                |             |
|    ep_len_mean          | 82          |
|    ep_rew_mean          | -1.5        |
| time/                   |             |
|    fps                  | 45          |
|    iterations           | 127         |
|    time_elapsed         | 11452       |
|    total_timesteps      | 520192      |
| train/                  |             |
|    approx_kl            | 0.023037454 |
|    clip_fraction        | 0.286       |
|    clip_range           | 0.2         |
|    entropy_loss         | -7.86       |
|    explained_variance   | 0.853       |
|    learning_rate        | 0.0003      |
|    loss                 | -0.0644     |
|    n_updates            | 1260        |
|    policy_gradient_loss | -0.0188     |
|    std                  | 0.555       |
|    value_loss           | 0.0586      |
-----------------------------------------
-----------------------------------------
| energy/                 |             |
|    E_damp_J             | 0.00306     |
|    E_fric_J             | 0.00387     |
|    E_norm_J             | 0.00129     |
|    W_neg_J              | 0.00422     |
|    W_pos_J              | 0.0125      |
| reward/                 |             |
|    r_energy             | -0.011      |
| rollout/                |             |
|    ep_len_mean          | 82          |
|    ep_rew_mean          | -1.44       |
| time/                   |             |
|    fps                  | 45          |
|    iterations           | 128         |
|    time_elapsed         | 11544       |
|    total_timesteps      | 524288      |
| train/                  |             |
|    approx_kl            | 0.024227373 |
|    clip_fraction        | 0.289       |
|    clip_range           | 0.2         |
|    entropy_loss         | -7.83       |
|    explained_variance   | 0.811       |
|    learning_rate        | 0.0003      |
|    loss                 | -0.0674     |
|    n_updates            | 1270        |
|    policy_gradient_loss | -0.0174     |
|    std                  | 0.554       |
|    value_loss           | 0.0671      |
-----------------------------------------
----------------------------------------
| energy/                 |            |
|    E_damp_J             | 0.00405    |
|    E_fric_J             | 0.00399    |
|    E_norm_J             | 0.00138    |
|    W_neg_J              | 0.00523    |
|    W_pos_J              | 0.0134     |
| reward/                 |            |
|    r_energy             | -0.0125    |
| rollout/                |            |
|    ep_len_mean          | 82         |
|    ep_rew_mean          | -1.32      |
| time/                   |            |
|    fps                  | 45         |
|    iterations           | 129        |
|    time_elapsed         | 11637      |
|    total_timesteps      | 528384     |
| train/                  |            |
|    approx_kl            | 0.02833112 |
|    clip_fraction        | 0.307      |
|    clip_range           | 0.2        |
|    entropy_loss         | -7.82      |
|    explained_variance   | 0.847      |
|    learning_rate        | 0.0003     |
|    loss                 | -0.0851    |
|    n_updates            | 1280       |
|    policy_gradient_loss | -0.0216    |
|    std                  | 0.554      |
|    value_loss           | 0.0579     |
----------------------------------------
-----------------------------------------
| energy/                 |             |
|    E_damp_J             | 0.00335     |
|    E_fric_J             | 0.00409     |
|    E_norm_J             | 0.00137     |
|    W_neg_J              | 0.0045      |
|    W_pos_J              | 0.0127      |
| reward/                 |             |
|    r_energy             | -0.0116     |
| rollout/                |             |
|    ep_len_mean          | 82          |
|    ep_rew_mean          | -1.14       |
| time/                   |             |
|    fps                  | 45          |
|    iterations           | 130         |
|    time_elapsed         | 11731       |
|    total_timesteps      | 532480      |
| train/                  |             |
|    approx_kl            | 0.025844881 |
|    clip_fraction        | 0.308       |
|    clip_range           | 0.2         |
|    entropy_loss         | -7.84       |
|    explained_variance   | 0.823       |
|    learning_rate        | 0.0003      |
|    loss                 | -0.0547     |
|    n_updates            | 1290        |
|    policy_gradient_loss | -0.0172     |
|    std                  | 0.556       |
|    value_loss           | 0.0622      |
-----------------------------------------
-----------------------------------------
| energy/                 |             |
|    E_damp_J             | 0.00488     |
|    E_fric_J             | 0.00444     |
|    E_norm_J             | 0.00152     |
|    W_neg_J              | 0.00595     |
|    W_pos_J              | 0.0172      |
| reward/                 |             |
|    r_energy             | -0.0149     |
| rollout/                |             |
|    ep_len_mean          | 82          |
|    ep_rew_mean          | -1.09       |
| time/                   |             |
|    fps                  | 45          |
|    iterations           | 131         |
|    time_elapsed         | 11824       |
|    total_timesteps      | 536576      |
| train/                  |             |
|    approx_kl            | 0.022521526 |
|    clip_fraction        | 0.284       |
|    clip_range           | 0.2         |
|    entropy_loss         | -7.83       |
|    explained_variance   | 0.82        |
|    learning_rate        | 0.0003      |
|    loss                 | -0.0764     |
|    n_updates            | 1300        |
|    policy_gradient_loss | -0.0162     |
|    std                  | 0.554       |
|    value_loss           | 0.0802      |
-----------------------------------------
-----------------------------------------
| energy/                 |             |
|    E_damp_J             | 0.00372     |
|    E_fric_J             | 0.00403     |
|    E_norm_J             | 0.00134     |
|    W_neg_J              | 0.00451     |
|    W_pos_J              | 0.0134      |
| reward/                 |             |
|    r_energy             | -0.0119     |
| rollout/                |             |
|    ep_len_mean          | 82          |
|    ep_rew_mean          | -1.06       |
| time/                   |             |
|    fps                  | 45          |
|    iterations           | 132         |
|    time_elapsed         | 11917       |
|    total_timesteps      | 540672      |
| train/                  |             |
|    approx_kl            | 0.026880339 |
|    clip_fraction        | 0.299       |
|    clip_range           | 0.2         |
|    entropy_loss         | -7.79       |
|    explained_variance   | 0.798       |
|    learning_rate        | 0.0003      |
|    loss                 | -0.063      |
|    n_updates            | 1310        |
|    policy_gradient_loss | -0.0178     |
|    std                  | 0.552       |
|    value_loss           | 0.077       |
-----------------------------------------
-----------------------------------------
| energy/                 |             |
|    E_damp_J             | 0.00494     |
|    E_fric_J             | 0.00458     |
|    E_norm_J             | 0.00149     |
|    W_neg_J              | 0.00569     |
|    W_pos_J              | 0.0144      |
| reward/                 |             |
|    r_energy             | -0.014      |
| rollout/                |             |
|    ep_len_mean          | 82          |
|    ep_rew_mean          | -1.11       |
| time/                   |             |
|    fps                  | 45          |
|    iterations           | 133         |
|    time_elapsed         | 12011       |
|    total_timesteps      | 544768      |
| train/                  |             |
|    approx_kl            | 0.022905864 |
|    clip_fraction        | 0.314       |
|    clip_range           | 0.2         |
|    entropy_loss         | -7.74       |
|    explained_variance   | 0.821       |
|    learning_rate        | 0.0003      |
|    loss                 | -0.0698     |
|    n_updates            | 1320        |
|    policy_gradient_loss | -0.0172     |
|    std                  | 0.551       |
|    value_loss           | 0.0777      |
-----------------------------------------
-----------------------------------------
| energy/                 |             |
|    E_damp_J             | 0.00478     |
|    E_fric_J             | 0.00391     |
|    E_norm_J             | 0.0013      |
|    W_neg_J              | 0.00634     |
|    W_pos_J              | 0.0143      |
| reward/                 |             |
|    r_energy             | -0.0137     |
| rollout/                |             |
|    ep_len_mean          | 82          |
|    ep_rew_mean          | -0.984      |
| time/                   |             |
|    fps                  | 45          |
|    iterations           | 134         |
|    time_elapsed         | 12104       |
|    total_timesteps      | 548864      |
| train/                  |             |
|    approx_kl            | 0.024929004 |
|    clip_fraction        | 0.325       |
|    clip_range           | 0.2         |
|    entropy_loss         | -7.69       |
|    explained_variance   | 0.812       |
|    learning_rate        | 0.0003      |
|    loss                 | -0.0744     |
|    n_updates            | 1330        |
|    policy_gradient_loss | -0.019      |
|    std                  | 0.547       |
|    value_loss           | 0.0791      |
-----------------------------------------
-----------------------------------------
| energy/                 |             |
|    E_damp_J             | 0.00452     |
|    E_fric_J             | 0.00397     |
|    E_norm_J             | 0.00128     |
|    W_neg_J              | 0.00564     |
|    W_pos_J              | 0.0159      |
| reward/                 |             |
|    r_energy             | -0.0137     |
| rollout/                |             |
|    ep_len_mean          | 82          |
|    ep_rew_mean          | -0.67       |
| time/                   |             |
|    fps                  | 45          |
|    iterations           | 135         |
|    time_elapsed         | 12196       |
|    total_timesteps      | 552960      |
| train/                  |             |
|    approx_kl            | 0.026150536 |
|    clip_fraction        | 0.303       |
|    clip_range           | 0.2         |
|    entropy_loss         | -7.62       |
|    explained_variance   | 0.826       |
|    learning_rate        | 0.0003      |
|    loss                 | -0.0602     |
|    n_updates            | 1340        |
|    policy_gradient_loss | -0.0211     |
|    std                  | 0.544       |
|    value_loss           | 0.0709      |
-----------------------------------------
----------------------------------------
| energy/                 |            |
|    E_damp_J             | 0.0067     |
|    E_fric_J             | 0.00516    |
|    E_norm_J             | 0.00196    |
|    W_neg_J              | 0.0103     |
|    W_pos_J              | 0.0189     |
| reward/                 |            |
|    r_energy             | -0.0197    |
| rollout/                |            |
|    ep_len_mean          | 82         |
|    ep_rew_mean          | -0.347     |
| time/                   |            |
|    fps                  | 45         |
|    iterations           | 136        |
|    time_elapsed         | 12287      |
|    total_timesteps      | 557056     |
| train/                  |            |
|    approx_kl            | 0.02149216 |
|    clip_fraction        | 0.286      |
|    clip_range           | 0.2        |
|    entropy_loss         | -7.58      |
|    explained_variance   | 0.796      |
|    learning_rate        | 0.0003     |
|    loss                 | -0.0486    |
|    n_updates            | 1350       |
|    policy_gradient_loss | -0.0169    |
|    std                  | 0.543      |
|    value_loss           | 0.0911     |
----------------------------------------
-----------------------------------------
| energy/                 |             |
|    E_damp_J             | 0.00449     |
|    E_fric_J             | 0.00397     |
|    E_norm_J             | 0.00126     |
|    W_neg_J              | 0.00566     |
|    W_pos_J              | 0.0143      |
| reward/                 |             |
|    r_energy             | -0.0132     |
| rollout/                |             |
|    ep_len_mean          | 82          |
|    ep_rew_mean          | 0.00218     |
| time/                   |             |
|    fps                  | 45          |
|    iterations           | 137         |
|    time_elapsed         | 12380       |
|    total_timesteps      | 561152      |
| train/                  |             |
|    approx_kl            | 0.028979538 |
|    clip_fraction        | 0.305       |
|    clip_range           | 0.2         |
|    entropy_loss         | -7.53       |
|    explained_variance   | 0.74        |
|    learning_rate        | 0.0003      |
|    loss                 | -0.0324     |
|    n_updates            | 1360        |
|    policy_gradient_loss | -0.0211     |
|    std                  | 0.541       |
|    value_loss           | 0.116       |
-----------------------------------------
-----------------------------------------
| energy/                 |             |
|    E_damp_J             | 0.0177      |
|    E_fric_J             | 0.00648     |
|    E_norm_J             | 0.0196      |
|    W_neg_J              | 0.0209      |
|    W_pos_J              | 0.0463      |
| reward/                 |             |
|    r_energy             | -0.0581     |
| rollout/                |             |
|    ep_len_mean          | 82          |
|    ep_rew_mean          | 0.288       |
| time/                   |             |
|    fps                  | 45          |
|    iterations           | 138         |
|    time_elapsed         | 12473       |
|    total_timesteps      | 565248      |
| train/                  |             |
|    approx_kl            | 0.025464503 |
|    clip_fraction        | 0.302       |
|    clip_range           | 0.2         |
|    entropy_loss         | -7.48       |
|    explained_variance   | 0.752       |
|    learning_rate        | 0.0003      |
|    loss                 | -0.0781     |
|    n_updates            | 1370        |
|    policy_gradient_loss | -0.0195     |
|    std                  | 0.537       |
|    value_loss           | 0.0954      |
-----------------------------------------
-----------------------------------------
| energy/                 |             |
|    E_damp_J             | 0.0068      |
|    E_fric_J             | 0.00531     |
|    E_norm_J             | 0.00166     |
|    W_neg_J              | 0.00821     |
|    W_pos_J              | 0.0206      |
| reward/                 |             |
|    r_energy             | -0.0188     |
| rollout/                |             |
|    ep_len_mean          | 82          |
|    ep_rew_mean          | 0.474       |
| time/                   |             |
|    fps                  | 45          |
|    iterations           | 139         |
|    time_elapsed         | 12565       |
|    total_timesteps      | 569344      |
| train/                  |             |
|    approx_kl            | 0.027920708 |
|    clip_fraction        | 0.307       |
|    clip_range           | 0.2         |
|    entropy_loss         | -7.42       |
|    explained_variance   | 0.786       |
|    learning_rate        | 0.0003      |
|    loss                 | -0.0788     |
|    n_updates            | 1380        |
|    policy_gradient_loss | -0.0203     |
|    std                  | 0.534       |
|    value_loss           | 0.0961      |
-----------------------------------------
-----------------------------------------
| energy/                 |             |
|    E_damp_J             | 0.0325      |
|    E_fric_J             | 0.00646     |
|    E_norm_J             | 0.019       |
|    W_neg_J              | 0.0422      |
|    W_pos_J              | 0.0671      |
| reward/                 |             |
|    r_energy             | -0.0839     |
| rollout/                |             |
|    ep_len_mean          | 82          |
|    ep_rew_mean          | 0.715       |
| time/                   |             |
|    fps                  | 45          |
|    iterations           | 140         |
|    time_elapsed         | 12656       |
|    total_timesteps      | 573440      |
| train/                  |             |
|    approx_kl            | 0.025767624 |
|    clip_fraction        | 0.309       |
|    clip_range           | 0.2         |
|    entropy_loss         | -7.35       |
|    explained_variance   | 0.694       |
|    learning_rate        | 0.0003      |
|    loss                 | -0.0464     |
|    n_updates            | 1390        |
|    policy_gradient_loss | -0.019      |
|    std                  | 0.53        |
|    value_loss           | 0.155       |
-----------------------------------------
-----------------------------------------
| energy/                 |             |
|    E_damp_J             | 0.00599     |
|    E_fric_J             | 0.00486     |
|    E_norm_J             | 0.00154     |
|    W_neg_J              | 0.00693     |
|    W_pos_J              | 0.0185      |
| reward/                 |             |
|    r_energy             | -0.0167     |
| rollout/                |             |
|    ep_len_mean          | 82          |
|    ep_rew_mean          | 1.05        |
| time/                   |             |
|    fps                  | 45          |
|    iterations           | 141         |
|    time_elapsed         | 12748       |
|    total_timesteps      | 577536      |
| train/                  |             |
|    approx_kl            | 0.026428513 |
|    clip_fraction        | 0.305       |
|    clip_range           | 0.2         |
|    entropy_loss         | -7.3        |
|    explained_variance   | 0.74        |
|    learning_rate        | 0.0003      |
|    loss                 | -0.0278     |
|    n_updates            | 1400        |
|    policy_gradient_loss | -0.0162     |
|    std                  | 0.528       |
|    value_loss           | 0.116       |
-----------------------------------------
-----------------------------------------
| energy/                 |             |
|    E_damp_J             | 0.0323      |
|    E_fric_J             | 0.00693     |
|    E_norm_J             | 0.0188      |
|    W_neg_J              | 0.0395      |
|    W_pos_J              | 0.0746      |
| reward/                 |             |
|    r_energy             | -0.0845     |
| rollout/                |             |
|    ep_len_mean          | 82          |
|    ep_rew_mean          | 1.37        |
| time/                   |             |
|    fps                  | 45          |
|    iterations           | 142         |
|    time_elapsed         | 12841       |
|    total_timesteps      | 581632      |
| train/                  |             |
|    approx_kl            | 0.023178503 |
|    clip_fraction        | 0.322       |
|    clip_range           | 0.2         |
|    entropy_loss         | -7.24       |
|    explained_variance   | 0.703       |
|    learning_rate        | 0.0003      |
|    loss                 | -0.0378     |
|    n_updates            | 1410        |
|    policy_gradient_loss | -0.0187     |
|    std                  | 0.524       |
|    value_loss           | 0.141       |
-----------------------------------------
-----------------------------------------
| energy/                 |             |
|    E_damp_J             | 0.00679     |
|    E_fric_J             | 0.00515     |
|    E_norm_J             | 0.00157     |
|    W_neg_J              | 0.0075      |
|    W_pos_J              | 0.0222      |
| reward/                 |             |
|    r_energy             | -0.0187     |
| rollout/                |             |
|    ep_len_mean          | 82          |
|    ep_rew_mean          | 1.66        |
| time/                   |             |
|    fps                  | 45          |
|    iterations           | 143         |
|    time_elapsed         | 12934       |
|    total_timesteps      | 585728      |
| train/                  |             |
|    approx_kl            | 0.025851116 |
|    clip_fraction        | 0.321       |
|    clip_range           | 0.2         |
|    entropy_loss         | -7.16       |
|    explained_variance   | 0.758       |
|    learning_rate        | 0.0003      |
|    loss                 | -0.0262     |
|    n_updates            | 1420        |
|    policy_gradient_loss | -0.0188     |
|    std                  | 0.519       |
|    value_loss           | 0.123       |
-----------------------------------------
-----------------------------------------
| energy/                 |             |
|    E_damp_J             | 0.0291      |
|    E_fric_J             | 0.00644     |
|    E_norm_J             | 0.019       |
|    W_neg_J              | 0.04        |
|    W_pos_J              | 0.0647      |
| reward/                 |             |
|    r_energy             | -0.0802     |
| rollout/                |             |
|    ep_len_mean          | 82          |
|    ep_rew_mean          | 2.1         |
| time/                   |             |
|    fps                  | 45          |
|    iterations           | 144         |
|    time_elapsed         | 13027       |
|    total_timesteps      | 589824      |
| train/                  |             |
|    approx_kl            | 0.024293948 |
|    clip_fraction        | 0.304       |
|    clip_range           | 0.2         |
|    entropy_loss         | -7.12       |
|    explained_variance   | 0.713       |
|    learning_rate        | 0.0003      |
|    loss                 | -0.0315     |
|    n_updates            | 1430        |
|    policy_gradient_loss | -0.0186     |
|    std                  | 0.518       |
|    value_loss           | 0.129       |
-----------------------------------------
-----------------------------------------
| energy/                 |             |
|    E_damp_J             | 0.00773     |
|    E_fric_J             | 0.00539     |
|    E_norm_J             | 0.00169     |
|    W_neg_J              | 0.01        |
|    W_pos_J              | 0.0197      |
| reward/                 |             |
|    r_energy             | -0.0202     |
| rollout/                |             |
|    ep_len_mean          | 82          |
|    ep_rew_mean          | 2.11        |
| time/                   |             |
|    fps                  | 45          |
|    iterations           | 145         |
|    time_elapsed         | 13118       |
|    total_timesteps      | 593920      |
| train/                  |             |
|    approx_kl            | 0.023749571 |
|    clip_fraction        | 0.307       |
|    clip_range           | 0.2         |
|    entropy_loss         | -7.07       |
|    explained_variance   | 0.726       |
|    learning_rate        | 0.0003      |
|    loss                 | -0.027      |
|    n_updates            | 1440        |
|    policy_gradient_loss | -0.0177     |
|    std                  | 0.514       |
|    value_loss           | 0.136       |
-----------------------------------------
-----------------------------------------
| energy/                 |             |
|    E_damp_J             | 0.0326      |
|    E_fric_J             | 0.00647     |
|    E_norm_J             | 0.0195      |
|    W_neg_J              | 0.0439      |
|    W_pos_J              | 0.0717      |
| reward/                 |             |
|    r_energy             | -0.0868     |
| rollout/                |             |
|    ep_len_mean          | 82          |
|    ep_rew_mean          | 2.31        |
| time/                   |             |
|    fps                  | 45          |
|    iterations           | 146         |
|    time_elapsed         | 13209       |
|    total_timesteps      | 598016      |
| train/                  |             |
|    approx_kl            | 0.021710189 |
|    clip_fraction        | 0.297       |
|    clip_range           | 0.2         |
|    entropy_loss         | -6.99       |
|    explained_variance   | 0.705       |
|    learning_rate        | 0.0003      |
|    loss                 | -0.0142     |
|    n_updates            | 1450        |
|    policy_gradient_loss | -0.0177     |
|    std                  | 0.511       |
|    value_loss           | 0.146       |
-----------------------------------------
-----------------------------------------
| energy/                 |             |
|    E_damp_J             | 0.00697     |
|    E_fric_J             | 0.00571     |
|    E_norm_J             | 0.00174     |
|    W_neg_J              | 0.00963     |
|    W_pos_J              | 0.0207      |
| reward/                 |             |
|    r_energy             | -0.0201     |
| rollout/                |             |
|    ep_len_mean          | 82          |
|    ep_rew_mean          | 2.87        |
| time/                   |             |
|    fps                  | 45          |
|    iterations           | 147         |
|    time_elapsed         | 13301       |
|    total_timesteps      | 602112      |
| train/                  |             |
|    approx_kl            | 0.027503962 |
|    clip_fraction        | 0.332       |
|    clip_range           | 0.2         |
|    entropy_loss         | -6.92       |
|    explained_variance   | 0.736       |
|    learning_rate        | 0.0003      |
|    loss                 | -0.0376     |
|    n_updates            | 1460        |
|    policy_gradient_loss | -0.0174     |
|    std                  | 0.508       |
|    value_loss           | 0.119       |
-----------------------------------------
-----------------------------------------
| energy/                 |             |
|    E_damp_J             | 0.0314      |
|    E_fric_J             | 0.00664     |
|    E_norm_J             | 0.019       |
|    W_neg_J              | 0.0377      |
|    W_pos_J              | 0.0687      |
| reward/                 |             |
|    r_energy             | -0.0812     |
| rollout/                |             |
|    ep_len_mean          | 82          |
|    ep_rew_mean          | 3.17        |
| time/                   |             |
|    fps                  | 45          |
|    iterations           | 148         |
|    time_elapsed         | 13392       |
|    total_timesteps      | 606208      |
| train/                  |             |
|    approx_kl            | 0.024935128 |
|    clip_fraction        | 0.302       |
|    clip_range           | 0.2         |
|    entropy_loss         | -6.86       |
|    explained_variance   | 0.706       |
|    learning_rate        | 0.0003      |
|    loss                 | -0.0168     |
|    n_updates            | 1470        |
|    policy_gradient_loss | -0.0145     |
|    std                  | 0.504       |
|    value_loss           | 0.154       |
-----------------------------------------
-----------------------------------------
| energy/                 |             |
|    E_damp_J             | 0.00614     |
|    E_fric_J             | 0.00587     |
|    E_norm_J             | 0.00178     |
|    W_neg_J              | 0.00772     |
|    W_pos_J              | 0.022       |
| reward/                 |             |
|    r_energy             | -0.019      |
| rollout/                |             |
|    ep_len_mean          | 82          |
|    ep_rew_mean          | 3.38        |
| time/                   |             |
|    fps                  | 45          |
|    iterations           | 149         |
|    time_elapsed         | 13485       |
|    total_timesteps      | 610304      |
| train/                  |             |
|    approx_kl            | 0.026017271 |
|    clip_fraction        | 0.306       |
|    clip_range           | 0.2         |
|    entropy_loss         | -6.79       |
|    explained_variance   | 0.657       |
|    learning_rate        | 0.0003      |
|    loss                 | 0.000607    |
|    n_updates            | 1480        |
|    policy_gradient_loss | -0.0169     |
|    std                  | 0.501       |
|    value_loss           | 0.177       |
-----------------------------------------
-----------------------------------------
| energy/                 |             |
|    E_damp_J             | 0.0307      |
|    E_fric_J             | 0.00686     |
|    E_norm_J             | 0.019       |
|    W_neg_J              | 0.0389      |
|    W_pos_J              | 0.0647      |
| reward/                 |             |
|    r_energy             | -0.0806     |
| rollout/                |             |
|    ep_len_mean          | 82          |
|    ep_rew_mean          | 3.55        |
| time/                   |             |
|    fps                  | 45          |
|    iterations           | 150         |
|    time_elapsed         | 13578       |
|    total_timesteps      | 614400      |
| train/                  |             |
|    approx_kl            | 0.024342097 |
|    clip_fraction        | 0.305       |
|    clip_range           | 0.2         |
|    entropy_loss         | -6.73       |
|    explained_variance   | 0.687       |
|    learning_rate        | 0.0003      |
|    loss                 | -0.029      |
|    n_updates            | 1490        |
|    policy_gradient_loss | -0.0193     |
|    std                  | 0.498       |
|    value_loss           | 0.159       |
-----------------------------------------
-----------------------------------------
| energy/                 |             |
|    E_damp_J             | 0.00663     |
|    E_fric_J             | 0.00567     |
|    E_norm_J             | 0.00161     |
|    W_neg_J              | 0.00891     |
|    W_pos_J              | 0.0215      |
| reward/                 |             |
|    r_energy             | -0.0196     |
| rollout/                |             |
|    ep_len_mean          | 82          |
|    ep_rew_mean          | 3.79        |
| time/                   |             |
|    fps                  | 45          |
|    iterations           | 151         |
|    time_elapsed         | 13671       |
|    total_timesteps      | 618496      |
| train/                  |             |
|    approx_kl            | 0.030720629 |
|    clip_fraction        | 0.325       |
|    clip_range           | 0.2         |
|    entropy_loss         | -6.68       |
|    explained_variance   | 0.741       |
|    learning_rate        | 0.0003      |
|    loss                 | -0.0234     |
|    n_updates            | 1500        |
|    policy_gradient_loss | -0.0214     |
|    std                  | 0.496       |
|    value_loss           | 0.153       |
-----------------------------------------
-----------------------------------------
| energy/                 |             |
|    E_damp_J             | 0.0377      |
|    E_fric_J             | 0.00718     |
|    E_norm_J             | 0.0198      |
|    W_neg_J              | 0.0526      |
|    W_pos_J              | 0.0782      |
| reward/                 |             |
|    r_energy             | -0.0972     |
| rollout/                |             |
|    ep_len_mean          | 82          |
|    ep_rew_mean          | 4.07        |
| time/                   |             |
|    fps                  | 45          |
|    iterations           | 152         |
|    time_elapsed         | 13763       |
|    total_timesteps      | 622592      |
| train/                  |             |
|    approx_kl            | 0.029449023 |
|    clip_fraction        | 0.333       |
|    clip_range           | 0.2         |
|    entropy_loss         | -6.65       |
|    explained_variance   | 0.685       |
|    learning_rate        | 0.0003      |
|    loss                 | 0.00967     |
|    n_updates            | 1510        |
|    policy_gradient_loss | -0.0176     |
|    std                  | 0.495       |
|    value_loss           | 0.168       |
-----------------------------------------
----------------------------------------
| energy/                 |            |
|    E_damp_J             | 0.00688    |
|    E_fric_J             | 0.00558    |
|    E_norm_J             | 0.00161    |
|    W_neg_J              | 0.00929    |
|    W_pos_J              | 0.0207     |
| reward/                 |            |
|    r_energy             | -0.0196    |
| rollout/                |            |
|    ep_len_mean          | 82         |
|    ep_rew_mean          | 4.46       |
| time/                   |            |
|    fps                  | 45         |
|    iterations           | 153        |
|    time_elapsed         | 13854      |
|    total_timesteps      | 626688     |
| train/                  |            |
|    approx_kl            | 0.02692866 |
|    clip_fraction        | 0.299      |
|    clip_range           | 0.2        |
|    entropy_loss         | -6.59      |
|    explained_variance   | 0.732      |
|    learning_rate        | 0.0003     |
|    loss                 | -0.0156    |
|    n_updates            | 1520       |
|    policy_gradient_loss | -0.019     |
|    std                  | 0.491      |
|    value_loss           | 0.148      |
----------------------------------------
----------------------------------------
| energy/                 |            |
|    E_damp_J             | 0.0336     |
|    E_fric_J             | 0.00675    |
|    E_norm_J             | 0.0195     |
|    W_neg_J              | 0.0431     |
|    W_pos_J              | 0.0707     |
| reward/                 |            |
|    r_energy             | -0.0868    |
| rollout/                |            |
|    ep_len_mean          | 82         |
|    ep_rew_mean          | 5.15       |
| time/                   |            |
|    fps                  | 45         |
|    iterations           | 154        |
|    time_elapsed         | 13945      |
|    total_timesteps      | 630784     |
| train/                  |            |
|    approx_kl            | 0.02849115 |
|    clip_fraction        | 0.322      |
|    clip_range           | 0.2        |
|    entropy_loss         | -6.49      |
|    explained_variance   | 0.733      |
|    learning_rate        | 0.0003     |
|    loss                 | -0.0353    |
|    n_updates            | 1530       |
|    policy_gradient_loss | -0.0189    |
|    std                  | 0.487      |
|    value_loss           | 0.141      |
----------------------------------------
-----------------------------------------
| energy/                 |             |
|    E_damp_J             | 0.00817     |
|    E_fric_J             | 0.00561     |
|    E_norm_J             | 0.00168     |
|    W_neg_J              | 0.0103      |
|    W_pos_J              | 0.0248      |
| reward/                 |             |
|    r_energy             | -0.0222     |
| rollout/                |             |
|    ep_len_mean          | 82          |
|    ep_rew_mean          | 5.26        |
| time/                   |             |
|    fps                  | 45          |
|    iterations           | 155         |
|    time_elapsed         | 14036       |
|    total_timesteps      | 634880      |
| train/                  |             |
|    approx_kl            | 0.024928773 |
|    clip_fraction        | 0.319       |
|    clip_range           | 0.2         |
|    entropy_loss         | -6.41       |
|    explained_variance   | 0.751       |
|    learning_rate        | 0.0003      |
|    loss                 | -0.0279     |
|    n_updates            | 1540        |
|    policy_gradient_loss | -0.0178     |
|    std                  | 0.483       |
|    value_loss           | 0.142       |
-----------------------------------------
-----------------------------------------
| energy/                 |             |
|    E_damp_J             | 0.0367      |
|    E_fric_J             | 0.00805     |
|    E_norm_J             | 0.0196      |
|    W_neg_J              | 0.0496      |
|    W_pos_J              | 0.0731      |
| reward/                 |             |
|    r_energy             | -0.0937     |
| rollout/                |             |
|    ep_len_mean          | 82          |
|    ep_rew_mean          | 5.29        |
| time/                   |             |
|    fps                  | 45          |
|    iterations           | 156         |
|    time_elapsed         | 14127       |
|    total_timesteps      | 638976      |
| train/                  |             |
|    approx_kl            | 0.023796203 |
|    clip_fraction        | 0.3         |
|    clip_range           | 0.2         |
|    entropy_loss         | -6.36       |
|    explained_variance   | 0.688       |
|    learning_rate        | 0.0003      |
|    loss                 | -0.031      |
|    n_updates            | 1550        |
|    policy_gradient_loss | -0.0149     |
|    std                  | 0.482       |
|    value_loss           | 0.182       |
-----------------------------------------
-----------------------------------------
| energy/                 |             |
|    E_damp_J             | 0.00674     |
|    E_fric_J             | 0.00586     |
|    E_norm_J             | 0.00178     |
|    W_neg_J              | 0.0098      |
|    W_pos_J              | 0.0229      |
| reward/                 |             |
|    r_energy             | -0.0208     |
| rollout/                |             |
|    ep_len_mean          | 82          |
|    ep_rew_mean          | 5.7         |
| time/                   |             |
|    fps                  | 45          |
|    iterations           | 157         |
|    time_elapsed         | 14218       |
|    total_timesteps      | 643072      |
| train/                  |             |
|    approx_kl            | 0.029656667 |
|    clip_fraction        | 0.313       |
|    clip_range           | 0.2         |
|    entropy_loss         | -6.29       |
|    explained_variance   | 0.693       |
|    learning_rate        | 0.0003      |
|    loss                 | 0.00352     |
|    n_updates            | 1560        |
|    policy_gradient_loss | -0.019      |
|    std                  | 0.477       |
|    value_loss           | 0.186       |
-----------------------------------------
-----------------------------------------
| energy/                 |             |
|    E_damp_J             | 0.0347      |
|    E_fric_J             | 0.00733     |
|    E_norm_J             | 0.0199      |
|    W_neg_J              | 0.0481      |
|    W_pos_J              | 0.069       |
| reward/                 |             |
|    r_energy             | -0.0904     |
| rollout/                |             |
|    ep_len_mean          | 82          |
|    ep_rew_mean          | 6.13        |
| time/                   |             |
|    fps                  | 45          |
|    iterations           | 158         |
|    time_elapsed         | 14310       |
|    total_timesteps      | 647168      |
| train/                  |             |
|    approx_kl            | 0.026569916 |
|    clip_fraction        | 0.317       |
|    clip_range           | 0.2         |
|    entropy_loss         | -6.21       |
|    explained_variance   | 0.69        |
|    learning_rate        | 0.0003      |
|    loss                 | 0.0212      |
|    n_updates            | 1570        |
|    policy_gradient_loss | -0.0115     |
|    std                  | 0.474       |
|    value_loss           | 0.166       |
-----------------------------------------
-----------------------------------------
| energy/                 |             |
|    E_damp_J             | 0.00726     |
|    E_fric_J             | 0.00607     |
|    E_norm_J             | 0.00176     |
|    W_neg_J              | 0.0105      |
|    W_pos_J              | 0.023       |
| reward/                 |             |
|    r_energy             | -0.0216     |
| rollout/                |             |
|    ep_len_mean          | 82          |
|    ep_rew_mean          | 6.5         |
| time/                   |             |
|    fps                  | 45          |
|    iterations           | 159         |
|    time_elapsed         | 14401       |
|    total_timesteps      | 651264      |
| train/                  |             |
|    approx_kl            | 0.032591164 |
|    clip_fraction        | 0.333       |
|    clip_range           | 0.2         |
|    entropy_loss         | -6.12       |
|    explained_variance   | 0.704       |
|    learning_rate        | 0.0003      |
|    loss                 | 0.0109      |
|    n_updates            | 1580        |
|    policy_gradient_loss | -0.018      |
|    std                  | 0.47        |
|    value_loss           | 0.173       |
-----------------------------------------
-----------------------------------------
| energy/                 |             |
|    E_damp_J             | 0.0322      |
|    E_fric_J             | 0.00694     |
|    E_norm_J             | 0.0187      |
|    W_neg_J              | 0.0412      |
|    W_pos_J              | 0.0699      |
| reward/                 |             |
|    r_energy             | -0.0839     |
| rollout/                |             |
|    ep_len_mean          | 82          |
|    ep_rew_mean          | 6.92        |
| time/                   |             |
|    fps                  | 45          |
|    iterations           | 160         |
|    time_elapsed         | 14491       |
|    total_timesteps      | 655360      |
| train/                  |             |
|    approx_kl            | 0.028101724 |
|    clip_fraction        | 0.301       |
|    clip_range           | 0.2         |
|    entropy_loss         | -6.06       |
|    explained_variance   | 0.708       |
|    learning_rate        | 0.0003      |
|    loss                 | 0.0263      |
|    n_updates            | 1590        |
|    policy_gradient_loss | -0.0123     |
|    std                  | 0.469       |
|    value_loss           | 0.155       |
-----------------------------------------
-----------------------------------------
| energy/                 |             |
|    E_damp_J             | 0.00842     |
|    E_fric_J             | 0.00592     |
|    E_norm_J             | 0.00152     |
|    W_neg_J              | 0.0131      |
|    W_pos_J              | 0.0255      |
| reward/                 |             |
|    r_energy             | -0.0242     |
| rollout/                |             |
|    ep_len_mean          | 82          |
|    ep_rew_mean          | 7.07        |
| time/                   |             |
|    fps                  | 45          |
|    iterations           | 161         |
|    time_elapsed         | 14582       |
|    total_timesteps      | 659456      |
| train/                  |             |
|    approx_kl            | 0.027591396 |
|    clip_fraction        | 0.306       |
|    clip_range           | 0.2         |
|    entropy_loss         | -6.03       |
|    explained_variance   | 0.731       |
|    learning_rate        | 0.0003      |
|    loss                 | 0.0296      |
|    n_updates            | 1600        |
|    policy_gradient_loss | -0.0154     |
|    std                  | 0.467       |
|    value_loss           | 0.164       |
-----------------------------------------
-----------------------------------------
| energy/                 |             |
|    E_damp_J             | 0.0283      |
|    E_fric_J             | 0.00645     |
|    E_norm_J             | 0.0187      |
|    W_neg_J              | 0.0392      |
|    W_pos_J              | 0.0612      |
| reward/                 |             |
|    r_energy             | -0.078      |
| rollout/                |             |
|    ep_len_mean          | 82          |
|    ep_rew_mean          | 7.3         |
| time/                   |             |
|    fps                  | 45          |
|    iterations           | 162         |
|    time_elapsed         | 14673       |
|    total_timesteps      | 663552      |
| train/                  |             |
|    approx_kl            | 0.029274749 |
|    clip_fraction        | 0.325       |
|    clip_range           | 0.2         |
|    entropy_loss         | -5.96       |
|    explained_variance   | 0.714       |
|    learning_rate        | 0.0003      |
|    loss                 | -0.0171     |
|    n_updates            | 1610        |
|    policy_gradient_loss | -0.0178     |
|    std                  | 0.463       |
|    value_loss           | 0.167       |
-----------------------------------------
-----------------------------------------
| energy/                 |             |
|    E_damp_J             | 0.00827     |
|    E_fric_J             | 0.0065      |
|    E_norm_J             | 0.0019      |
|    W_neg_J              | 0.0119      |
|    W_pos_J              | 0.0269      |
| reward/                 |             |
|    r_energy             | -0.0245     |
| rollout/                |             |
|    ep_len_mean          | 82          |
|    ep_rew_mean          | 7.64        |
| time/                   |             |
|    fps                  | 45          |
|    iterations           | 163         |
|    time_elapsed         | 14765       |
|    total_timesteps      | 667648      |
| train/                  |             |
|    approx_kl            | 0.025734674 |
|    clip_fraction        | 0.308       |
|    clip_range           | 0.2         |
|    entropy_loss         | -5.88       |
|    explained_variance   | 0.743       |
|    learning_rate        | 0.0003      |
|    loss                 | 0.0302      |
|    n_updates            | 1620        |
|    policy_gradient_loss | -0.0144     |
|    std                  | 0.459       |
|    value_loss           | 0.152       |
-----------------------------------------
-----------------------------------------
| energy/                 |             |
|    E_damp_J             | 0.00778     |
|    E_fric_J             | 0.0065      |
|    E_norm_J             | 0.00176     |
|    W_neg_J              | 0.0115      |
|    W_pos_J              | 0.0227      |
| reward/                 |             |
|    r_energy             | -0.0226     |
| rollout/                |             |
|    ep_len_mean          | 82          |
|    ep_rew_mean          | 7.79        |
| time/                   |             |
|    fps                  | 45          |
|    iterations           | 164         |
|    time_elapsed         | 14858       |
|    total_timesteps      | 671744      |
| train/                  |             |
|    approx_kl            | 0.025351744 |
|    clip_fraction        | 0.308       |
|    clip_range           | 0.2         |
|    entropy_loss         | -5.81       |
|    explained_variance   | 0.706       |
|    learning_rate        | 0.0003      |
|    loss                 | 0.00628     |
|    n_updates            | 1630        |
|    policy_gradient_loss | -0.0131     |
|    std                  | 0.457       |
|    value_loss           | 0.179       |
-----------------------------------------
-----------------------------------------
| energy/                 |             |
|    E_damp_J             | 0.00745     |
|    E_fric_J             | 0.00614     |
|    E_norm_J             | 0.00172     |
|    W_neg_J              | 0.0103      |
|    W_pos_J              | 0.0243      |
| reward/                 |             |
|    r_energy             | -0.022      |
| rollout/                |             |
|    ep_len_mean          | 82          |
|    ep_rew_mean          | 8.12        |
| time/                   |             |
|    fps                  | 45          |
|    iterations           | 165         |
|    time_elapsed         | 14950       |
|    total_timesteps      | 675840      |
| train/                  |             |
|    approx_kl            | 0.026027316 |
|    clip_fraction        | 0.317       |
|    clip_range           | 0.2         |
|    entropy_loss         | -5.73       |
|    explained_variance   | 0.706       |
|    learning_rate        | 0.0003      |
|    loss                 | 0.0159      |
|    n_updates            | 1640        |
|    policy_gradient_loss | -0.0149     |
|    std                  | 0.453       |
|    value_loss           | 0.158       |
-----------------------------------------
-----------------------------------------
| energy/                 |             |
|    E_damp_J             | 0.00826     |
|    E_fric_J             | 0.00623     |
|    E_norm_J             | 0.00171     |
|    W_neg_J              | 0.0112      |
|    W_pos_J              | 0.0274      |
| reward/                 |             |
|    r_energy             | -0.0239     |
| rollout/                |             |
|    ep_len_mean          | 82          |
|    ep_rew_mean          | 8.24        |
| time/                   |             |
|    fps                  | 45          |
|    iterations           | 166         |
|    time_elapsed         | 15040       |
|    total_timesteps      | 679936      |
| train/                  |             |
|    approx_kl            | 0.027476393 |
|    clip_fraction        | 0.317       |
|    clip_range           | 0.2         |
|    entropy_loss         | -5.68       |
|    explained_variance   | 0.757       |
|    learning_rate        | 0.0003      |
|    loss                 | 0.019       |
|    n_updates            | 1650        |
|    policy_gradient_loss | -0.0134     |
|    std                  | 0.45        |
|    value_loss           | 0.144       |
-----------------------------------------
----------------------------------------
| energy/                 |            |
|    E_damp_J             | 0.00771    |
|    E_fric_J             | 0.00641    |
|    E_norm_J             | 0.00177    |
|    W_neg_J              | 0.0115     |
|    W_pos_J              | 0.025      |
| reward/                 |            |
|    r_energy             | -0.0232    |
| rollout/                |            |
|    ep_len_mean          | 82         |
|    ep_rew_mean          | 8.42       |
| time/                   |            |
|    fps                  | 45         |
|    iterations           | 167        |
|    time_elapsed         | 15131      |
|    total_timesteps      | 684032     |
| train/                  |            |
|    approx_kl            | 0.02761905 |
|    clip_fraction        | 0.325      |
|    clip_range           | 0.2        |
|    entropy_loss         | -5.65      |
|    explained_variance   | 0.733      |
|    learning_rate        | 0.0003     |
|    loss                 | 0.00791    |
|    n_updates            | 1660       |
|    policy_gradient_loss | -0.0118    |
|    std                  | 0.449      |
|    value_loss           | 0.151      |
----------------------------------------
-----------------------------------------
| energy/                 |             |
|    E_damp_J             | 0.00791     |
|    E_fric_J             | 0.00634     |
|    E_norm_J             | 0.00173     |
|    W_neg_J              | 0.0106      |
|    W_pos_J              | 0.0244      |
| reward/                 |             |
|    r_energy             | -0.0225     |
| rollout/                |             |
|    ep_len_mean          | 82          |
|    ep_rew_mean          | 8.73        |
| time/                   |             |
|    fps                  | 45          |
|    iterations           | 168         |
|    time_elapsed         | 15222       |
|    total_timesteps      | 688128      |
| train/                  |             |
|    approx_kl            | 0.028401341 |
|    clip_fraction        | 0.312       |
|    clip_range           | 0.2         |
|    entropy_loss         | -5.59       |
|    explained_variance   | 0.767       |
|    learning_rate        | 0.0003      |
|    loss                 | -0.0105     |
|    n_updates            | 1670        |
|    policy_gradient_loss | -0.0135     |
|    std                  | 0.447       |
|    value_loss           | 0.133       |
-----------------------------------------
-----------------------------------------
| energy/                 |             |
|    E_damp_J             | 0.0088      |
|    E_fric_J             | 0.00616     |
|    E_norm_J             | 0.00172     |
|    W_neg_J              | 0.0121      |
|    W_pos_J              | 0.0236      |
| reward/                 |             |
|    r_energy             | -0.0235     |
| rollout/                |             |
|    ep_len_mean          | 82          |
|    ep_rew_mean          | 8.85        |
| time/                   |             |
|    fps                  | 45          |
|    iterations           | 169         |
|    time_elapsed         | 15313       |
|    total_timesteps      | 692224      |
| train/                  |             |
|    approx_kl            | 0.029452346 |
|    clip_fraction        | 0.316       |
|    clip_range           | 0.2         |
|    entropy_loss         | -5.53       |
|    explained_variance   | 0.737       |
|    learning_rate        | 0.0003      |
|    loss                 | -0.00407    |
|    n_updates            | 1680        |
|    policy_gradient_loss | -0.0143     |
|    std                  | 0.445       |
|    value_loss           | 0.154       |
-----------------------------------------
-----------------------------------------
| energy/                 |             |
|    E_damp_J             | 0.00794     |
|    E_fric_J             | 0.00637     |
|    E_norm_J             | 0.00174     |
|    W_neg_J              | 0.0123      |
|    W_pos_J              | 0.0243      |
| reward/                 |             |
|    r_energy             | -0.0235     |
| rollout/                |             |
|    ep_len_mean          | 82          |
|    ep_rew_mean          | 9.18        |
| time/                   |             |
|    fps                  | 45          |
|    iterations           | 170         |
|    time_elapsed         | 15404       |
|    total_timesteps      | 696320      |
| train/                  |             |
|    approx_kl            | 0.027472395 |
|    clip_fraction        | 0.317       |
|    clip_range           | 0.2         |
|    entropy_loss         | -5.48       |
|    explained_variance   | 0.732       |
|    learning_rate        | 0.0003      |
|    loss                 | 0.0153      |
|    n_updates            | 1690        |
|    policy_gradient_loss | -0.0104     |
|    std                  | 0.443       |
|    value_loss           | 0.159       |
-----------------------------------------
-----------------------------------------
| energy/                 |             |
|    E_damp_J             | 0.00718     |
|    E_fric_J             | 0.00649     |
|    E_norm_J             | 0.00174     |
|    W_neg_J              | 0.0105      |
|    W_pos_J              | 0.0255      |
| reward/                 |             |
|    r_energy             | -0.0225     |
| rollout/                |             |
|    ep_len_mean          | 82          |
|    ep_rew_mean          | 9.47        |
| time/                   |             |
|    fps                  | 45          |
|    iterations           | 171         |
|    time_elapsed         | 15495       |
|    total_timesteps      | 700416      |
| train/                  |             |
|    approx_kl            | 0.032999612 |
|    clip_fraction        | 0.323       |
|    clip_range           | 0.2         |
|    entropy_loss         | -5.44       |
|    explained_variance   | 0.759       |
|    learning_rate        | 0.0003      |
|    loss                 | 0.0134      |
|    n_updates            | 1700        |
|    policy_gradient_loss | -0.0111     |
|    std                  | 0.441       |
|    value_loss           | 0.131       |
-----------------------------------------
---------------------------------------
| energy/                 |           |
|    E_damp_J             | 0.00715   |
|    E_fric_J             | 0.00595   |
|    E_norm_J             | 0.00163   |
|    W_neg_J              | 0.0115    |
|    W_pos_J              | 0.0233    |
| reward/                 |           |
|    r_energy             | -0.0221   |
| rollout/                |           |
|    ep_len_mean          | 82        |
|    ep_rew_mean          | 9.73      |
| time/                   |           |
|    fps                  | 45        |
|    iterations           | 172       |
|    time_elapsed         | 15586     |
|    total_timesteps      | 704512    |
| train/                  |           |
|    approx_kl            | 0.0320863 |
|    clip_fraction        | 0.347     |
|    clip_range           | 0.2       |
|    entropy_loss         | -5.36     |
|    explained_variance   | 0.8       |
|    learning_rate        | 0.0003    |
|    loss                 | -0.0253   |
|    n_updates            | 1710      |
|    policy_gradient_loss | -0.0134   |
|    std                  | 0.437     |
|    value_loss           | 0.118     |
---------------------------------------
-----------------------------------------
| energy/                 |             |
|    E_damp_J             | 0.00871     |
|    E_fric_J             | 0.00626     |
|    E_norm_J             | 0.00169     |
|    W_neg_J              | 0.0123      |
|    W_pos_J              | 0.0275      |
| reward/                 |             |
|    r_energy             | -0.0248     |
| rollout/                |             |
|    ep_len_mean          | 82          |
|    ep_rew_mean          | 10          |
| time/                   |             |
|    fps                  | 45          |
|    iterations           | 173         |
|    time_elapsed         | 15678       |
|    total_timesteps      | 708608      |
| train/                  |             |
|    approx_kl            | 0.027767261 |
|    clip_fraction        | 0.337       |
|    clip_range           | 0.2         |
|    entropy_loss         | -5.31       |
|    explained_variance   | 0.78        |
|    learning_rate        | 0.0003      |
|    loss                 | -0.0181     |
|    n_updates            | 1720        |
|    policy_gradient_loss | -0.0116     |
|    std                  | 0.435       |
|    value_loss           | 0.118       |
-----------------------------------------
-----------------------------------------
| energy/                 |             |
|    E_damp_J             | 0.00784     |
|    E_fric_J             | 0.00614     |
|    E_norm_J             | 0.00158     |
|    W_neg_J              | 0.0116      |
|    W_pos_J              | 0.0252      |
| reward/                 |             |
|    r_energy             | -0.0231     |
| rollout/                |             |
|    ep_len_mean          | 82          |
|    ep_rew_mean          | 9.92        |
| time/                   |             |
|    fps                  | 45          |
|    iterations           | 174         |
|    time_elapsed         | 15769       |
|    total_timesteps      | 712704      |
| train/                  |             |
|    approx_kl            | 0.034248274 |
|    clip_fraction        | 0.328       |
|    clip_range           | 0.2         |
|    entropy_loss         | -5.24       |
|    explained_variance   | 0.803       |
|    learning_rate        | 0.0003      |
|    loss                 | -0.0532     |
|    n_updates            | 1730        |
|    policy_gradient_loss | -0.015      |
|    std                  | 0.433       |
|    value_loss           | 0.108       |
-----------------------------------------
-----------------------------------------
| energy/                 |             |
|    E_damp_J             | 0.00818     |
|    E_fric_J             | 0.00658     |
|    E_norm_J             | 0.0018      |
|    W_neg_J              | 0.0116      |
|    W_pos_J              | 0.0282      |
| reward/                 |             |
|    r_energy             | -0.0246     |
| rollout/                |             |
|    ep_len_mean          | 82          |
|    ep_rew_mean          | 9.95        |
| time/                   |             |
|    fps                  | 45          |
|    iterations           | 175         |
|    time_elapsed         | 15859       |
|    total_timesteps      | 716800      |
| train/                  |             |
|    approx_kl            | 0.031728603 |
|    clip_fraction        | 0.334       |
|    clip_range           | 0.2         |
|    entropy_loss         | -5.17       |
|    explained_variance   | 0.745       |
|    learning_rate        | 0.0003      |
|    loss                 | 0.00317     |
|    n_updates            | 1740        |
|    policy_gradient_loss | -0.0115     |
|    std                  | 0.43        |
|    value_loss           | 0.152       |
-----------------------------------------
-----------------------------------------
| energy/                 |             |
|    E_damp_J             | 0.009       |
|    E_fric_J             | 0.00656     |
|    E_norm_J             | 0.00188     |
|    W_neg_J              | 0.0133      |
|    W_pos_J              | 0.0254      |
| reward/                 |             |
|    r_energy             | -0.0253     |
| rollout/                |             |
|    ep_len_mean          | 82          |
|    ep_rew_mean          | 10.1        |
| time/                   |             |
|    fps                  | 45          |
|    iterations           | 176         |
|    time_elapsed         | 15949       |
|    total_timesteps      | 720896      |
| train/                  |             |
|    approx_kl            | 0.028932918 |
|    clip_fraction        | 0.327       |
|    clip_range           | 0.2         |
|    entropy_loss         | -5.09       |
|    explained_variance   | 0.775       |
|    learning_rate        | 0.0003      |
|    loss                 | -0.0344     |
|    n_updates            | 1750        |
|    policy_gradient_loss | -0.0109     |
|    std                  | 0.427       |
|    value_loss           | 0.134       |
-----------------------------------------
----------------------------------------
| energy/                 |            |
|    E_damp_J             | 0.00837    |
|    E_fric_J             | 0.00667    |
|    E_norm_J             | 0.00231    |
|    W_neg_J              | 0.015      |
|    W_pos_J              | 0.0242     |
| reward/                 |            |
|    r_energy             | -0.0261    |
| rollout/                |            |
|    ep_len_mean          | 82         |
|    ep_rew_mean          | 10.5       |
| time/                   |            |
|    fps                  | 45         |
|    iterations           | 177        |
|    time_elapsed         | 16040      |
|    total_timesteps      | 724992     |
| train/                  |            |
|    approx_kl            | 0.03171817 |
|    clip_fraction        | 0.336      |
|    clip_range           | 0.2        |
|    entropy_loss         | -5.03      |
|    explained_variance   | 0.816      |
|    learning_rate        | 0.0003     |
|    loss                 | 0.00774    |
|    n_updates            | 1760       |
|    policy_gradient_loss | -0.0138    |
|    std                  | 0.425      |
|    value_loss           | 0.098      |
----------------------------------------
----------------------------------------
| energy/                 |            |
|    E_damp_J             | 0.00786    |
|    E_fric_J             | 0.00633    |
|    E_norm_J             | 0.00171    |
|    W_neg_J              | 0.0126     |
|    W_pos_J              | 0.0218     |
| reward/                 |            |
|    r_energy             | -0.0229    |
| rollout/                |            |
|    ep_len_mean          | 82         |
|    ep_rew_mean          | 10.8       |
| time/                   |            |
|    fps                  | 45         |
|    iterations           | 178        |
|    time_elapsed         | 16131      |
|    total_timesteps      | 729088     |
| train/                  |            |
|    approx_kl            | 0.02872134 |
|    clip_fraction        | 0.335      |
|    clip_range           | 0.2        |
|    entropy_loss         | -4.95      |
|    explained_variance   | 0.817      |
|    learning_rate        | 0.0003     |
|    loss                 | -0.0326    |
|    n_updates            | 1770       |
|    policy_gradient_loss | -0.0126    |
|    std                  | 0.422      |
|    value_loss           | 0.101      |
----------------------------------------
-----------------------------------------
| energy/                 |             |
|    E_damp_J             | 0.0164      |
|    E_fric_J             | 0.00717     |
|    E_norm_J             | 0.0188      |
|    W_neg_J              | 0.0215      |
|    W_pos_J              | 0.0505      |
| reward/                 |             |
|    r_energy             | -0.0587     |
| rollout/                |             |
|    ep_len_mean          | 82          |
|    ep_rew_mean          | 11          |
| time/                   |             |
|    fps                  | 45          |
|    iterations           | 179         |
|    time_elapsed         | 16223       |
|    total_timesteps      | 733184      |
| train/                  |             |
|    approx_kl            | 0.026416093 |
|    clip_fraction        | 0.335       |
|    clip_range           | 0.2         |
|    entropy_loss         | -4.88       |
|    explained_variance   | 0.817       |
|    learning_rate        | 0.0003      |
|    loss                 | -0.018      |
|    n_updates            | 1780        |
|    policy_gradient_loss | -0.0114     |
|    std                  | 0.42        |
|    value_loss           | 0.0983      |
-----------------------------------------
-----------------------------------------
| energy/                 |             |
|    E_damp_J             | 0.00845     |
|    E_fric_J             | 0.0062      |
|    E_norm_J             | 0.00168     |
|    W_neg_J              | 0.0105      |
|    W_pos_J              | 0.0268      |
| reward/                 |             |
|    r_energy             | -0.0233     |
| rollout/                |             |
|    ep_len_mean          | 82          |
|    ep_rew_mean          | 11.3        |
| time/                   |             |
|    fps                  | 45          |
|    iterations           | 180         |
|    time_elapsed         | 16316       |
|    total_timesteps      | 737280      |
| train/                  |             |
|    approx_kl            | 0.026225535 |
|    clip_fraction        | 0.327       |
|    clip_range           | 0.2         |
|    entropy_loss         | -4.81       |
|    explained_variance   | 0.821       |
|    learning_rate        | 0.0003      |
|    loss                 | -0.0273     |
|    n_updates            | 1790        |
|    policy_gradient_loss | -0.0137     |
|    std                  | 0.418       |
|    value_loss           | 0.113       |
-----------------------------------------
---------------------------------------
| energy/                 |           |
|    E_damp_J             | 0.0359    |
|    E_fric_J             | 0.00777   |
|    E_norm_J             | 0.0194    |
|    W_neg_J              | 0.0519    |
|    W_pos_J              | 0.0753    |
| reward/                 |           |
|    r_energy             | -0.095    |
| rollout/                |           |
|    ep_len_mean          | 82        |
|    ep_rew_mean          | 11.5      |
| time/                   |           |
|    fps                  | 45        |
|    iterations           | 181       |
|    time_elapsed         | 16407     |
|    total_timesteps      | 741376    |
| train/                  |           |
|    approx_kl            | 0.0260401 |
|    clip_fraction        | 0.314     |
|    clip_range           | 0.2       |
|    entropy_loss         | -4.75     |
|    explained_variance   | 0.799     |
|    learning_rate        | 0.0003    |
|    loss                 | -0.0232   |
|    n_updates            | 1800      |
|    policy_gradient_loss | -0.0132   |
|    std                  | 0.415     |
|    value_loss           | 0.0987    |
---------------------------------------
-----------------------------------------
| energy/                 |             |
|    E_damp_J             | 0.00892     |
|    E_fric_J             | 0.00651     |
|    E_norm_J             | 0.00178     |
|    W_neg_J              | 0.0141      |
|    W_pos_J              | 0.0249      |
| reward/                 |             |
|    r_energy             | -0.0254     |
| rollout/                |             |
|    ep_len_mean          | 82          |
|    ep_rew_mean          | 11.6        |
| time/                   |             |
|    fps                  | 45          |
|    iterations           | 182         |
|    time_elapsed         | 16499       |
|    total_timesteps      | 745472      |
| train/                  |             |
|    approx_kl            | 0.028504651 |
|    clip_fraction        | 0.341       |
|    clip_range           | 0.2         |
|    entropy_loss         | -4.66       |
|    explained_variance   | 0.801       |
|    learning_rate        | 0.0003      |
|    loss                 | 0.00465     |
|    n_updates            | 1810        |
|    policy_gradient_loss | -0.0127     |
|    std                  | 0.411       |
|    value_loss           | 0.111       |
-----------------------------------------
-----------------------------------------
| energy/                 |             |
|    E_damp_J             | 0.0301      |
|    E_fric_J             | 0.00763     |
|    E_norm_J             | 0.019       |
|    W_neg_J              | 0.0447      |
|    W_pos_J              | 0.0657      |
| reward/                 |             |
|    r_energy             | -0.0844     |
| rollout/                |             |
|    ep_len_mean          | 82          |
|    ep_rew_mean          | 11.6        |
| time/                   |             |
|    fps                  | 45          |
|    iterations           | 183         |
|    time_elapsed         | 16592       |
|    total_timesteps      | 749568      |
| train/                  |             |
|    approx_kl            | 0.035318464 |
|    clip_fraction        | 0.357       |
|    clip_range           | 0.2         |
|    entropy_loss         | -4.58       |
|    explained_variance   | 0.814       |
|    learning_rate        | 0.0003      |
|    loss                 | 0.014       |
|    n_updates            | 1820        |
|    policy_gradient_loss | -0.0116     |
|    std                  | 0.407       |
|    value_loss           | 0.102       |
-----------------------------------------
-----------------------------------------
| energy/                 |             |
|    E_damp_J             | 0.00755     |
|    E_fric_J             | 0.00646     |
|    E_norm_J             | 0.00169     |
|    W_neg_J              | 0.0115      |
|    W_pos_J              | 0.0251      |
| reward/                 |             |
|    r_energy             | -0.0231     |
| rollout/                |             |
|    ep_len_mean          | 82          |
|    ep_rew_mean          | 11.9        |
| time/                   |             |
|    fps                  | 45          |
|    iterations           | 184         |
|    time_elapsed         | 16683       |
|    total_timesteps      | 753664      |
| train/                  |             |
|    approx_kl            | 0.029071461 |
|    clip_fraction        | 0.336       |
|    clip_range           | 0.2         |
|    entropy_loss         | -4.54       |
|    explained_variance   | 0.832       |
|    learning_rate        | 0.0003      |
|    loss                 | -0.0262     |
|    n_updates            | 1830        |
|    policy_gradient_loss | -0.0125     |
|    std                  | 0.407       |
|    value_loss           | 0.0997      |
-----------------------------------------
-----------------------------------------
| energy/                 |             |
|    E_damp_J             | 0.0332      |
|    E_fric_J             | 0.00734     |
|    E_norm_J             | 0.0199      |
|    W_neg_J              | 0.051       |
|    W_pos_J              | 0.0731      |
| reward/                 |             |
|    r_energy             | -0.0927     |
| rollout/                |             |
|    ep_len_mean          | 82          |
|    ep_rew_mean          | 12.2        |
| time/                   |             |
|    fps                  | 45          |
|    iterations           | 185         |
|    time_elapsed         | 16773       |
|    total_timesteps      | 757760      |
| train/                  |             |
|    approx_kl            | 0.028404547 |
|    clip_fraction        | 0.327       |
|    clip_range           | 0.2         |
|    entropy_loss         | -4.47       |
|    explained_variance   | 0.834       |
|    learning_rate        | 0.0003      |
|    loss                 | -0.0346     |
|    n_updates            | 1840        |
|    policy_gradient_loss | -0.0138     |
|    std                  | 0.403       |
|    value_loss           | 0.0929      |
-----------------------------------------
-----------------------------------------
| energy/                 |             |
|    E_damp_J             | 0.00847     |
|    E_fric_J             | 0.00599     |
|    E_norm_J             | 0.0015      |
|    W_neg_J              | 0.0119      |
|    W_pos_J              | 0.0263      |
| reward/                 |             |
|    r_energy             | -0.0237     |
| rollout/                |             |
|    ep_len_mean          | 82          |
|    ep_rew_mean          | 12.2        |
| time/                   |             |
|    fps                  | 45          |
|    iterations           | 186         |
|    time_elapsed         | 16863       |
|    total_timesteps      | 761856      |
| train/                  |             |
|    approx_kl            | 0.033776887 |
|    clip_fraction        | 0.358       |
|    clip_range           | 0.2         |
|    entropy_loss         | -4.41       |
|    explained_variance   | 0.84        |
|    learning_rate        | 0.0003      |
|    loss                 | 0.00717     |
|    n_updates            | 1850        |
|    policy_gradient_loss | -0.0132     |
|    std                  | 0.402       |
|    value_loss           | 0.101       |
-----------------------------------------
-----------------------------------------
| energy/                 |             |
|    E_damp_J             | 0.0294      |
|    E_fric_J             | 0.0071      |
|    E_norm_J             | 0.0188      |
|    W_neg_J              | 0.039       |
|    W_pos_J              | 0.069       |
| reward/                 |             |
|    r_energy             | -0.0812     |
| rollout/                |             |
|    ep_len_mean          | 82          |
|    ep_rew_mean          | 12.4        |
| time/                   |             |
|    fps                  | 45          |
|    iterations           | 187         |
|    time_elapsed         | 16955       |
|    total_timesteps      | 765952      |
| train/                  |             |
|    approx_kl            | 0.029716184 |
|    clip_fraction        | 0.33        |
|    clip_range           | 0.2         |
|    entropy_loss         | -4.36       |
|    explained_variance   | 0.831       |
|    learning_rate        | 0.0003      |
|    loss                 | -0.0168     |
|    n_updates            | 1860        |
|    policy_gradient_loss | -0.00871    |
|    std                  | 0.4         |
|    value_loss           | 0.0951      |
-----------------------------------------
-----------------------------------------
| energy/                 |             |
|    E_damp_J             | 0.00754     |
|    E_fric_J             | 0.00626     |
|    E_norm_J             | 0.0016      |
|    W_neg_J              | 0.0107      |
|    W_pos_J              | 0.0283      |
| reward/                 |             |
|    r_energy             | -0.0234     |
| rollout/                |             |
|    ep_len_mean          | 82          |
|    ep_rew_mean          | 12.6        |
| time/                   |             |
|    fps                  | 45          |
|    iterations           | 188         |
|    time_elapsed         | 17048       |
|    total_timesteps      | 770048      |
| train/                  |             |
|    approx_kl            | 0.033929333 |
|    clip_fraction        | 0.347       |
|    clip_range           | 0.2         |
|    entropy_loss         | -4.28       |
|    explained_variance   | 0.867       |
|    learning_rate        | 0.0003      |
|    loss                 | -0.0344     |
|    n_updates            | 1870        |
|    policy_gradient_loss | -0.0102     |
|    std                  | 0.397       |
|    value_loss           | 0.0782      |
-----------------------------------------
-----------------------------------------
| energy/                 |             |
|    E_damp_J             | 0.0364      |
|    E_fric_J             | 0.0079      |
|    E_norm_J             | 0.0198      |
|    W_neg_J              | 0.0556      |
|    W_pos_J              | 0.0773      |
| reward/                 |             |
|    r_energy             | -0.0985     |
| rollout/                |             |
|    ep_len_mean          | 82          |
|    ep_rew_mean          | 12.8        |
| time/                   |             |
|    fps                  | 45          |
|    iterations           | 189         |
|    time_elapsed         | 17140       |
|    total_timesteps      | 774144      |
| train/                  |             |
|    approx_kl            | 0.032832786 |
|    clip_fraction        | 0.357       |
|    clip_range           | 0.2         |
|    entropy_loss         | -4.22       |
|    explained_variance   | 0.837       |
|    learning_rate        | 0.0003      |
|    loss                 | -0.00843    |
|    n_updates            | 1880        |
|    policy_gradient_loss | -0.0129     |
|    std                  | 0.396       |
|    value_loss           | 0.0899      |
-----------------------------------------
-----------------------------------------
| energy/                 |             |
|    E_damp_J             | 0.00781     |
|    E_fric_J             | 0.00625     |
|    E_norm_J             | 0.00159     |
|    W_neg_J              | 0.0139      |
|    W_pos_J              | 0.0224      |
| reward/                 |             |
|    r_energy             | -0.0237     |
| rollout/                |             |
|    ep_len_mean          | 82          |
|    ep_rew_mean          | 13          |
| time/                   |             |
|    fps                  | 45          |
|    iterations           | 190         |
|    time_elapsed         | 17231       |
|    total_timesteps      | 778240      |
| train/                  |             |
|    approx_kl            | 0.031630173 |
|    clip_fraction        | 0.375       |
|    clip_range           | 0.2         |
|    entropy_loss         | -4.15       |
|    explained_variance   | 0.84        |
|    learning_rate        | 0.0003      |
|    loss                 | -0.00394    |
|    n_updates            | 1890        |
|    policy_gradient_loss | -0.00758    |
|    std                  | 0.393       |
|    value_loss           | 0.0956      |
-----------------------------------------
-----------------------------------------
| energy/                 |             |
|    E_damp_J             | 0.0335      |
|    E_fric_J             | 0.00764     |
|    E_norm_J             | 0.0186      |
|    W_neg_J              | 0.0417      |
|    W_pos_J              | 0.0745      |
| reward/                 |             |
|    r_energy             | -0.0866     |
| rollout/                |             |
|    ep_len_mean          | 82          |
|    ep_rew_mean          | 13          |
| time/                   |             |
|    fps                  | 45          |
|    iterations           | 191         |
|    time_elapsed         | 17324       |
|    total_timesteps      | 782336      |
| train/                  |             |
|    approx_kl            | 0.032218862 |
|    clip_fraction        | 0.361       |
|    clip_range           | 0.2         |
|    entropy_loss         | -4.07       |
|    explained_variance   | 0.837       |
|    learning_rate        | 0.0003      |
|    loss                 | -0.0102     |
|    n_updates            | 1900        |
|    policy_gradient_loss | -0.0122     |
|    std                  | 0.39        |
|    value_loss           | 0.0875      |
-----------------------------------------
----------------------------------------
| energy/                 |            |
|    E_damp_J             | 0.00684    |
|    E_fric_J             | 0.00642    |
|    E_norm_J             | 0.00166    |
|    W_neg_J              | 0.00866    |
|    W_pos_J              | 0.0285     |
| reward/                 |            |
|    r_energy             | -0.022     |
| rollout/                |            |
|    ep_len_mean          | 82         |
|    ep_rew_mean          | 13.1       |
| time/                   |            |
|    fps                  | 45         |
|    iterations           | 192        |
|    time_elapsed         | 17414      |
|    total_timesteps      | 786432     |
| train/                  |            |
|    approx_kl            | 0.04136519 |
|    clip_fraction        | 0.365      |
|    clip_range           | 0.2        |
|    entropy_loss         | -4         |
|    explained_variance   | 0.839      |
|    learning_rate        | 0.0003     |
|    loss                 | 0.0104     |
|    n_updates            | 1910       |
|    policy_gradient_loss | -0.0111    |
|    std                  | 0.388      |
|    value_loss           | 0.0989     |
----------------------------------------
-----------------------------------------
| energy/                 |             |
|    E_damp_J             | 0.0334      |
|    E_fric_J             | 0.00713     |
|    E_norm_J             | 0.0193      |
|    W_neg_J              | 0.0501      |
|    W_pos_J              | 0.0704      |
| reward/                 |             |
|    r_energy             | -0.0907     |
| rollout/                |             |
|    ep_len_mean          | 82          |
|    ep_rew_mean          | 13.4        |
| time/                   |             |
|    fps                  | 45          |
|    iterations           | 193         |
|    time_elapsed         | 17503       |
|    total_timesteps      | 790528      |
| train/                  |             |
|    approx_kl            | 0.034027725 |
|    clip_fraction        | 0.367       |
|    clip_range           | 0.2         |
|    entropy_loss         | -3.94       |
|    explained_variance   | 0.879       |
|    learning_rate        | 0.0003      |
|    loss                 | -0.0225     |
|    n_updates            | 1920        |
|    policy_gradient_loss | -0.0105     |
|    std                  | 0.386       |
|    value_loss           | 0.0658      |
-----------------------------------------
-----------------------------------------
| energy/                 |             |
|    E_damp_J             | 0.00733     |
|    E_fric_J             | 0.00635     |
|    E_norm_J             | 0.0016      |
|    W_neg_J              | 0.0101      |
|    W_pos_J              | 0.0282      |
| reward/                 |             |
|    r_energy             | -0.023      |
| rollout/                |             |
|    ep_len_mean          | 82          |
|    ep_rew_mean          | 13.6        |
| time/                   |             |
|    fps                  | 45          |
|    iterations           | 194         |
|    time_elapsed         | 17593       |
|    total_timesteps      | 794624      |
| train/                  |             |
|    approx_kl            | 0.032164603 |
|    clip_fraction        | 0.339       |
|    clip_range           | 0.2         |
|    entropy_loss         | -3.9        |
|    explained_variance   | 0.852       |
|    learning_rate        | 0.0003      |
|    loss                 | -0.0178     |
|    n_updates            | 1930        |
|    policy_gradient_loss | -0.00821    |
|    std                  | 0.385       |
|    value_loss           | 0.0865      |
-----------------------------------------
-----------------------------------------
| energy/                 |             |
|    E_damp_J             | 0.031       |
|    E_fric_J             | 0.00785     |
|    E_norm_J             | 0.0186      |
|    W_neg_J              | 0.037       |
|    W_pos_J              | 0.0744      |
| reward/                 |             |
|    r_energy             | -0.0825     |
| rollout/                |             |
|    ep_len_mean          | 82          |
|    ep_rew_mean          | 13.8        |
| time/                   |             |
|    fps                  | 45          |
|    iterations           | 195         |
|    time_elapsed         | 17683       |
|    total_timesteps      | 798720      |
| train/                  |             |
|    approx_kl            | 0.033891402 |
|    clip_fraction        | 0.337       |
|    clip_range           | 0.2         |
|    entropy_loss         | -3.85       |
|    explained_variance   | 0.881       |
|    learning_rate        | 0.0003      |
|    loss                 | -0.00584    |
|    n_updates            | 1940        |
|    policy_gradient_loss | -0.00854    |
|    std                  | 0.383       |
|    value_loss           | 0.0644      |
-----------------------------------------
-----------------------------------------
| energy/                 |             |
|    E_damp_J             | 0.00718     |
|    E_fric_J             | 0.00626     |
|    E_norm_J             | 0.00165     |
|    W_neg_J              | 0.00934     |
|    W_pos_J              | 0.0298      |
| reward/                 |             |
|    r_energy             | -0.0229     |
| rollout/                |             |
|    ep_len_mean          | 82          |
|    ep_rew_mean          | 13.8        |
| time/                   |             |
|    fps                  | 45          |
|    iterations           | 196         |
|    time_elapsed         | 17773       |
|    total_timesteps      | 802816      |
| train/                  |             |
|    approx_kl            | 0.033776026 |
|    clip_fraction        | 0.363       |
|    clip_range           | 0.2         |
|    entropy_loss         | -3.81       |
|    explained_variance   | 0.888       |
|    learning_rate        | 0.0003      |
|    loss                 | -0.0294     |
|    n_updates            | 1950        |
|    policy_gradient_loss | -0.00927    |
|    std                  | 0.382       |
|    value_loss           | 0.0668      |
-----------------------------------------
-----------------------------------------
| energy/                 |             |
|    E_damp_J             | 0.0296      |
|    E_fric_J             | 0.00728     |
|    E_norm_J             | 0.0188      |
|    W_neg_J              | 0.0437      |
|    W_pos_J              | 0.0665      |
| reward/                 |             |
|    r_energy             | -0.0833     |
| rollout/                |             |
|    ep_len_mean          | 82          |
|    ep_rew_mean          | 14          |
| time/                   |             |
|    fps                  | 45          |
|    iterations           | 197         |
|    time_elapsed         | 17863       |
|    total_timesteps      | 806912      |
| train/                  |             |
|    approx_kl            | 0.032967594 |
|    clip_fraction        | 0.356       |
|    clip_range           | 0.2         |
|    entropy_loss         | -3.75       |
|    explained_variance   | 0.876       |
|    learning_rate        | 0.0003      |
|    loss                 | -0.0292     |
|    n_updates            | 1960        |
|    policy_gradient_loss | -0.00405    |
|    std                  | 0.38        |
|    value_loss           | 0.0712      |
-----------------------------------------
----------------------------------------
| energy/                 |            |
|    E_damp_J             | 0.00794    |
|    E_fric_J             | 0.0061     |
|    E_norm_J             | 0.00156    |
|    W_neg_J              | 0.0122     |
|    W_pos_J              | 0.0266     |
| reward/                 |            |
|    r_energy             | -0.0239    |
| rollout/                |            |
|    ep_len_mean          | 82         |
|    ep_rew_mean          | 14         |
| time/                   |            |
|    fps                  | 45         |
|    iterations           | 198        |
|    time_elapsed         | 17954      |
|    total_timesteps      | 811008     |
| train/                  |            |
|    approx_kl            | 0.03523788 |
|    clip_fraction        | 0.356      |
|    clip_range           | 0.2        |
|    entropy_loss         | -3.7       |
|    explained_variance   | 0.888      |
|    learning_rate        | 0.0003     |
|    loss                 | 0.00119    |
|    n_updates            | 1970       |
|    policy_gradient_loss | -0.00929   |
|    std                  | 0.379      |
|    value_loss           | 0.0684     |
----------------------------------------
-----------------------------------------
| energy/                 |             |
|    E_damp_J             | 0.0284      |
|    E_fric_J             | 0.00727     |
|    E_norm_J             | 0.0198      |
|    W_neg_J              | 0.0423      |
|    W_pos_J              | 0.0639      |
| reward/                 |             |
|    r_energy             | -0.0822     |
| rollout/                |             |
|    ep_len_mean          | 82          |
|    ep_rew_mean          | 14.3        |
| time/                   |             |
|    fps                  | 45          |
|    iterations           | 199         |
|    time_elapsed         | 18043       |
|    total_timesteps      | 815104      |
| train/                  |             |
|    approx_kl            | 0.034753278 |
|    clip_fraction        | 0.355       |
|    clip_range           | 0.2         |
|    entropy_loss         | -3.65       |
|    explained_variance   | 0.848       |
|    learning_rate        | 0.0003      |
|    loss                 | -0.0173     |
|    n_updates            | 1980        |
|    policy_gradient_loss | -0.0111     |
|    std                  | 0.377       |
|    value_loss           | 0.0977      |
-----------------------------------------
-----------------------------------------
| energy/                 |             |
|    E_damp_J             | 0.00744     |
|    E_fric_J             | 0.00612     |
|    E_norm_J             | 0.0016      |
|    W_neg_J              | 0.0105      |
|    W_pos_J              | 0.0282      |
| reward/                 |             |
|    r_energy             | -0.0231     |
| rollout/                |             |
|    ep_len_mean          | 82          |
|    ep_rew_mean          | 14.5        |
| time/                   |             |
|    fps                  | 45          |
|    iterations           | 200         |
|    time_elapsed         | 18135       |
|    total_timesteps      | 819200      |
| train/                  |             |
|    approx_kl            | 0.028935635 |
|    clip_fraction        | 0.364       |
|    clip_range           | 0.2         |
|    entropy_loss         | -3.58       |
|    explained_variance   | 0.882       |
|    learning_rate        | 0.0003      |
|    loss                 | -0.0329     |
|    n_updates            | 1990        |
|    policy_gradient_loss | -0.00984    |
|    std                  | 0.375       |
|    value_loss           | 0.0603      |
-----------------------------------------
-----------------------------------------
| energy/                 |             |
|    E_damp_J             | 0.0322      |
|    E_fric_J             | 0.00741     |
|    E_norm_J             | 0.0188      |
|    W_neg_J              | 0.0413      |
|    W_pos_J              | 0.0767      |
| reward/                 |             |
|    r_energy             | -0.0864     |
| rollout/                |             |
|    ep_len_mean          | 82          |
|    ep_rew_mean          | 14.6        |
| time/                   |             |
|    fps                  | 45          |
|    iterations           | 201         |
|    time_elapsed         | 18226       |
|    total_timesteps      | 823296      |
| train/                  |             |
|    approx_kl            | 0.040307723 |
|    clip_fraction        | 0.374       |
|    clip_range           | 0.2         |
|    entropy_loss         | -3.51       |
|    explained_variance   | 0.893       |
|    learning_rate        | 0.0003      |
|    loss                 | -0.0304     |
|    n_updates            | 2000        |
|    policy_gradient_loss | -0.00557    |
|    std                  | 0.373       |
|    value_loss           | 0.06        |
-----------------------------------------
----------------------------------------
| energy/                 |            |
|    E_damp_J             | 0.00766    |
|    E_fric_J             | 0.00626    |
|    E_norm_J             | 0.00162    |
|    W_neg_J              | 0.0109     |
|    W_pos_J              | 0.0285     |
| reward/                 |            |
|    r_energy             | -0.0237    |
| rollout/                |            |
|    ep_len_mean          | 82         |
|    ep_rew_mean          | 14.6       |
| time/                   |            |
|    fps                  | 45         |
|    iterations           | 202        |
|    time_elapsed         | 18317      |
|    total_timesteps      | 827392     |
| train/                  |            |
|    approx_kl            | 0.03386074 |
|    clip_fraction        | 0.35       |
|    clip_range           | 0.2        |
|    entropy_loss         | -3.46      |
|    explained_variance   | 0.887      |
|    learning_rate        | 0.0003     |
|    loss                 | -0.0312    |
|    n_updates            | 2010       |
|    policy_gradient_loss | -0.0086    |
|    std                  | 0.372      |
|    value_loss           | 0.0651     |
----------------------------------------
-----------------------------------------
| energy/                 |             |
|    E_damp_J             | 0.0304      |
|    E_fric_J             | 0.00668     |
|    E_norm_J             | 0.0185      |
|    W_neg_J              | 0.0376      |
|    W_pos_J              | 0.0655      |
| reward/                 |             |
|    r_energy             | -0.0793     |
| rollout/                |             |
|    ep_len_mean          | 82          |
|    ep_rew_mean          | 14.6        |
| time/                   |             |
|    fps                  | 45          |
|    iterations           | 203         |
|    time_elapsed         | 18407       |
|    total_timesteps      | 831488      |
| train/                  |             |
|    approx_kl            | 0.040845715 |
|    clip_fraction        | 0.37        |
|    clip_range           | 0.2         |
|    entropy_loss         | -3.41       |
|    explained_variance   | 0.895       |
|    learning_rate        | 0.0003      |
|    loss                 | -0.0412     |
|    n_updates            | 2020        |
|    policy_gradient_loss | -0.00993    |
|    std                  | 0.37        |
|    value_loss           | 0.0612      |
-----------------------------------------
----------------------------------------
| energy/                 |            |
|    E_damp_J             | 0.008      |
|    E_fric_J             | 0.00646    |
|    E_norm_J             | 0.00151    |
|    W_neg_J              | 0.0128     |
|    W_pos_J              | 0.0255     |
| reward/                 |            |
|    r_energy             | -0.0241    |
| rollout/                |            |
|    ep_len_mean          | 82         |
|    ep_rew_mean          | 14.8       |
| time/                   |            |
|    fps                  | 45         |
|    iterations           | 204        |
|    time_elapsed         | 18497      |
|    total_timesteps      | 835584     |
| train/                  |            |
|    approx_kl            | 0.03877767 |
|    clip_fraction        | 0.376      |
|    clip_range           | 0.2        |
|    entropy_loss         | -3.38      |
|    explained_variance   | 0.874      |
|    learning_rate        | 0.0003     |
|    loss                 | -0.0296    |
|    n_updates            | 2030       |
|    policy_gradient_loss | -0.0138    |
|    std                  | 0.37       |
|    value_loss           | 0.0795     |
----------------------------------------
-----------------------------------------
| energy/                 |             |
|    E_damp_J             | 0.00749     |
|    E_fric_J             | 0.00626     |
|    E_norm_J             | 0.00159     |
|    W_neg_J              | 0.00956     |
|    W_pos_J              | 0.0286      |
| reward/                 |             |
|    r_energy             | -0.0228     |
| rollout/                |             |
|    ep_len_mean          | 82          |
|    ep_rew_mean          | 15          |
| time/                   |             |
|    fps                  | 45          |
|    iterations           | 205         |
|    time_elapsed         | 18587       |
|    total_timesteps      | 839680      |
| train/                  |             |
|    approx_kl            | 0.029593062 |
|    clip_fraction        | 0.356       |
|    clip_range           | 0.2         |
|    entropy_loss         | -3.34       |
|    explained_variance   | 0.864       |
|    learning_rate        | 0.0003      |
|    loss                 | -0.0345     |
|    n_updates            | 2040        |
|    policy_gradient_loss | -0.0076     |
|    std                  | 0.369       |
|    value_loss           | 0.0754      |
-----------------------------------------
----------------------------------------
| energy/                 |            |
|    E_damp_J             | 0.00831    |
|    E_fric_J             | 0.00652    |
|    E_norm_J             | 0.00158    |
|    W_neg_J              | 0.0148     |
|    W_pos_J              | 0.0266     |
| reward/                 |            |
|    r_energy             | -0.0259    |
| rollout/                |            |
|    ep_len_mean          | 82         |
|    ep_rew_mean          | 15.1       |
| time/                   |            |
|    fps                  | 45         |
|    iterations           | 206        |
|    time_elapsed         | 18677      |
|    total_timesteps      | 843776     |
| train/                  |            |
|    approx_kl            | 0.03352948 |
|    clip_fraction        | 0.367      |
|    clip_range           | 0.2        |
|    entropy_loss         | -3.3       |
|    explained_variance   | 0.897      |
|    learning_rate        | 0.0003     |
|    loss                 | 0.00346    |
|    n_updates            | 2050       |
|    policy_gradient_loss | -0.00794   |
|    std                  | 0.367      |
|    value_loss           | 0.0603     |
----------------------------------------
----------------------------------------
| energy/                 |            |
|    E_damp_J             | 0.00764    |
|    E_fric_J             | 0.00645    |
|    E_norm_J             | 0.0016     |
|    W_neg_J              | 0.0138     |
|    W_pos_J              | 0.0251     |
| reward/                 |            |
|    r_energy             | -0.0245    |
| rollout/                |            |
|    ep_len_mean          | 82         |
|    ep_rew_mean          | 15.3       |
| time/                   |            |
|    fps                  | 45         |
|    iterations           | 207        |
|    time_elapsed         | 18767      |
|    total_timesteps      | 847872     |
| train/                  |            |
|    approx_kl            | 0.03608989 |
|    clip_fraction        | 0.386      |
|    clip_range           | 0.2        |
|    entropy_loss         | -3.23      |
|    explained_variance   | 0.882      |
|    learning_rate        | 0.0003     |
|    loss                 | 0.00906    |
|    n_updates            | 2060       |
|    policy_gradient_loss | -0.00736   |
|    std                  | 0.364      |
|    value_loss           | 0.075      |
----------------------------------------
-----------------------------------------
| energy/                 |             |
|    E_damp_J             | 0.00821     |
|    E_fric_J             | 0.00631     |
|    E_norm_J             | 0.00147     |
|    W_neg_J              | 0.0116      |
|    W_pos_J              | 0.0271      |
| reward/                 |             |
|    r_energy             | -0.0238     |
| rollout/                |             |
|    ep_len_mean          | 82          |
|    ep_rew_mean          | 15.6        |
| time/                   |             |
|    fps                  | 45          |
|    iterations           | 208         |
|    time_elapsed         | 18857       |
|    total_timesteps      | 851968      |
| train/                  |             |
|    approx_kl            | 0.034140095 |
|    clip_fraction        | 0.363       |
|    clip_range           | 0.2         |
|    entropy_loss         | -3.15       |
|    explained_variance   | 0.887       |
|    learning_rate        | 0.0003      |
|    loss                 | -0.0322     |
|    n_updates            | 2070        |
|    policy_gradient_loss | -0.00903    |
|    std                  | 0.362       |
|    value_loss           | 0.0632      |
-----------------------------------------
-----------------------------------------
| energy/                 |             |
|    E_damp_J             | 0.00879     |
|    E_fric_J             | 0.00617     |
|    E_norm_J             | 0.00149     |
|    W_neg_J              | 0.0139      |
|    W_pos_J              | 0.0287      |
| reward/                 |             |
|    r_energy             | -0.0259     |
| rollout/                |             |
|    ep_len_mean          | 82          |
|    ep_rew_mean          | 15.8        |
| time/                   |             |
|    fps                  | 45          |
|    iterations           | 209         |
|    time_elapsed         | 18947       |
|    total_timesteps      | 856064      |
| train/                  |             |
|    approx_kl            | 0.035763673 |
|    clip_fraction        | 0.372       |
|    clip_range           | 0.2         |
|    entropy_loss         | -3.08       |
|    explained_variance   | 0.894       |
|    learning_rate        | 0.0003      |
|    loss                 | -0.0353     |
|    n_updates            | 2080        |
|    policy_gradient_loss | -0.00651    |
|    std                  | 0.361       |
|    value_loss           | 0.0619      |
-----------------------------------------
----------------------------------------
| energy/                 |            |
|    E_damp_J             | 0.00731    |
|    E_fric_J             | 0.00586    |
|    E_norm_J             | 0.00131    |
|    W_neg_J              | 0.0134     |
|    W_pos_J              | 0.0231     |
| reward/                 |            |
|    r_energy             | -0.0229    |
| rollout/                |            |
|    ep_len_mean          | 82         |
|    ep_rew_mean          | 16         |
| time/                   |            |
|    fps                  | 45         |
|    iterations           | 210        |
|    time_elapsed         | 19037      |
|    total_timesteps      | 860160     |
| train/                  |            |
|    approx_kl            | 0.04512732 |
|    clip_fraction        | 0.389      |
|    clip_range           | 0.2        |
|    entropy_loss         | -3.02      |
|    explained_variance   | 0.877      |
|    learning_rate        | 0.0003     |
|    loss                 | -0.0327    |
|    n_updates            | 2090       |
|    policy_gradient_loss | -0.00431   |
|    std                  | 0.359      |
|    value_loss           | 0.0729     |
----------------------------------------
-----------------------------------------
| energy/                 |             |
|    E_damp_J             | 0.00845     |
|    E_fric_J             | 0.00618     |
|    E_norm_J             | 0.0014      |
|    W_neg_J              | 0.0169      |
|    W_pos_J              | 0.0242      |
| reward/                 |             |
|    r_energy             | -0.0261     |
| rollout/                |             |
|    ep_len_mean          | 82          |
|    ep_rew_mean          | 16.3        |
| time/                   |             |
|    fps                  | 45          |
|    iterations           | 211         |
|    time_elapsed         | 19126       |
|    total_timesteps      | 864256      |
| train/                  |             |
|    approx_kl            | 0.041815083 |
|    clip_fraction        | 0.365       |
|    clip_range           | 0.2         |
|    entropy_loss         | -2.95       |
|    explained_variance   | 0.876       |
|    learning_rate        | 0.0003      |
|    loss                 | -0.00111    |
|    n_updates            | 2100        |
|    policy_gradient_loss | -0.00763    |
|    std                  | 0.357       |
|    value_loss           | 0.0808      |
-----------------------------------------
-----------------------------------------
| energy/                 |             |
|    E_damp_J             | 0.00755     |
|    E_fric_J             | 0.00623     |
|    E_norm_J             | 0.00144     |
|    W_neg_J              | 0.0122      |
|    W_pos_J              | 0.0273      |
| reward/                 |             |
|    r_energy             | -0.0238     |
| rollout/                |             |
|    ep_len_mean          | 82          |
|    ep_rew_mean          | 16.4        |
| time/                   |             |
|    fps                  | 45          |
|    iterations           | 212         |
|    time_elapsed         | 19215       |
|    total_timesteps      | 868352      |
| train/                  |             |
|    approx_kl            | 0.043923885 |
|    clip_fraction        | 0.392       |
|    clip_range           | 0.2         |
|    entropy_loss         | -2.92       |
|    explained_variance   | 0.819       |
|    learning_rate        | 0.0003      |
|    loss                 | 0.0199      |
|    n_updates            | 2110        |
|    policy_gradient_loss | -0.00203    |
|    std                  | 0.357       |
|    value_loss           | 0.114       |
-----------------------------------------
-----------------------------------------
| energy/                 |             |
|    E_damp_J             | 0.00808     |
|    E_fric_J             | 0.00626     |
|    E_norm_J             | 0.00138     |
|    W_neg_J              | 0.0132      |
|    W_pos_J              | 0.0256      |
| reward/                 |             |
|    r_energy             | -0.0241     |
| rollout/                |             |
|    ep_len_mean          | 82          |
|    ep_rew_mean          | 16.5        |
| time/                   |             |
|    fps                  | 45          |
|    iterations           | 213         |
|    time_elapsed         | 19304       |
|    total_timesteps      | 872448      |
| train/                  |             |
|    approx_kl            | 0.034739655 |
|    clip_fraction        | 0.362       |
|    clip_range           | 0.2         |
|    entropy_loss         | -2.9        |
|    explained_variance   | 0.866       |
|    learning_rate        | 0.0003      |
|    loss                 | 0.00331     |
|    n_updates            | 2120        |
|    policy_gradient_loss | -0.00172    |
|    std                  | 0.356       |
|    value_loss           | 0.0854      |
-----------------------------------------
-----------------------------------------
| energy/                 |             |
|    E_damp_J             | 0.0075      |
|    E_fric_J             | 0.00605     |
|    E_norm_J             | 0.00146     |
|    W_neg_J              | 0.0112      |
|    W_pos_J              | 0.0262      |
| reward/                 |             |
|    r_energy             | -0.0228     |
| rollout/                |             |
|    ep_len_mean          | 82          |
|    ep_rew_mean          | 16.7        |
| time/                   |             |
|    fps                  | 45          |
|    iterations           | 214         |
|    time_elapsed         | 19393       |
|    total_timesteps      | 876544      |
| train/                  |             |
|    approx_kl            | 0.036347784 |
|    clip_fraction        | 0.388       |
|    clip_range           | 0.2         |
|    entropy_loss         | -2.84       |
|    explained_variance   | 0.85        |
|    learning_rate        | 0.0003      |
|    loss                 | -0.0184     |
|    n_updates            | 2130        |
|    policy_gradient_loss | -0.00906    |
|    std                  | 0.355       |
|    value_loss           | 0.0791      |
-----------------------------------------
----------------------------------------
| energy/                 |            |
|    E_damp_J             | 0.00796    |
|    E_fric_J             | 0.00626    |
|    E_norm_J             | 0.00135    |
|    W_neg_J              | 0.0122     |
|    W_pos_J              | 0.0266     |
| reward/                 |            |
|    r_energy             | -0.0238    |
| rollout/                |            |
|    ep_len_mean          | 82         |
|    ep_rew_mean          | 16.8       |
| time/                   |            |
|    fps                  | 45         |
|    iterations           | 215        |
|    time_elapsed         | 19484      |
|    total_timesteps      | 880640     |
| train/                  |            |
|    approx_kl            | 0.04723063 |
|    clip_fraction        | 0.399      |
|    clip_range           | 0.2        |
|    entropy_loss         | -2.81      |
|    explained_variance   | 0.841      |
|    learning_rate        | 0.0003     |
|    loss                 | 0.0187     |
|    n_updates            | 2140       |
|    policy_gradient_loss | -0.0075    |
|    std                  | 0.354      |
|    value_loss           | 0.103      |
----------------------------------------
-----------------------------------------
| energy/                 |             |
|    E_damp_J             | 0.00778     |
|    E_fric_J             | 0.00638     |
|    E_norm_J             | 0.00151     |
|    W_neg_J              | 0.0121      |
|    W_pos_J              | 0.0307      |
| reward/                 |             |
|    r_energy             | -0.0251     |
| rollout/                |             |
|    ep_len_mean          | 82          |
|    ep_rew_mean          | 17.1        |
| time/                   |             |
|    fps                  | 45          |
|    iterations           | 216         |
|    time_elapsed         | 19575       |
|    total_timesteps      | 884736      |
| train/                  |             |
|    approx_kl            | 0.044803277 |
|    clip_fraction        | 0.394       |
|    clip_range           | 0.2         |
|    entropy_loss         | -2.77       |
|    explained_variance   | 0.862       |
|    learning_rate        | 0.0003      |
|    loss                 | 0.00952     |
|    n_updates            | 2150        |
|    policy_gradient_loss | -0.00662    |
|    std                  | 0.353       |
|    value_loss           | 0.0823      |
-----------------------------------------
---------------------------------------
| energy/                 |           |
|    E_damp_J             | 0.00861   |
|    E_fric_J             | 0.00648   |
|    E_norm_J             | 0.00142   |
|    W_neg_J              | 0.0158    |
|    W_pos_J              | 0.0242    |
| reward/                 |           |
|    r_energy             | -0.0257   |
| rollout/                |           |
|    ep_len_mean          | 82        |
|    ep_rew_mean          | 17.3      |
| time/                   |           |
|    fps                  | 45        |
|    iterations           | 217       |
|    time_elapsed         | 19666     |
|    total_timesteps      | 888832    |
| train/                  |           |
|    approx_kl            | 0.0425566 |
|    clip_fraction        | 0.371     |
|    clip_range           | 0.2       |
|    entropy_loss         | -2.73     |
|    explained_variance   | 0.882     |
|    learning_rate        | 0.0003    |
|    loss                 | 0.00831   |
|    n_updates            | 2160      |
|    policy_gradient_loss | -0.00599  |
|    std                  | 0.353     |
|    value_loss           | 0.0799    |
---------------------------------------
-----------------------------------------
| energy/                 |             |
|    E_damp_J             | 0.0084      |
|    E_fric_J             | 0.00693     |
|    E_norm_J             | 0.00192     |
|    W_neg_J              | 0.0167      |
|    W_pos_J              | 0.0285      |
| reward/                 |             |
|    r_energy             | -0.0282     |
| rollout/                |             |
|    ep_len_mean          | 82          |
|    ep_rew_mean          | 17.5        |
| time/                   |             |
|    fps                  | 45          |
|    iterations           | 218         |
|    time_elapsed         | 19755       |
|    total_timesteps      | 892928      |
| train/                  |             |
|    approx_kl            | 0.036461197 |
|    clip_fraction        | 0.377       |
|    clip_range           | 0.2         |
|    entropy_loss         | -2.69       |
|    explained_variance   | 0.867       |
|    learning_rate        | 0.0003      |
|    loss                 | -0.0209     |
|    n_updates            | 2170        |
|    policy_gradient_loss | -0.0094     |
|    std                  | 0.352       |
|    value_loss           | 0.0779      |
-----------------------------------------
-----------------------------------------
| energy/                 |             |
|    E_damp_J             | 0.00779     |
|    E_fric_J             | 0.00638     |
|    E_norm_J             | 0.00141     |
|    W_neg_J              | 0.015       |
|    W_pos_J              | 0.0233      |
| reward/                 |             |
|    r_energy             | -0.0245     |
| rollout/                |             |
|    ep_len_mean          | 82          |
|    ep_rew_mean          | 17.7        |
| time/                   |             |
|    fps                  | 45          |
|    iterations           | 219         |
|    time_elapsed         | 19846       |
|    total_timesteps      | 897024      |
| train/                  |             |
|    approx_kl            | 0.038749248 |
|    clip_fraction        | 0.387       |
|    clip_range           | 0.2         |
|    entropy_loss         | -2.65       |
|    explained_variance   | 0.886       |
|    learning_rate        | 0.0003      |
|    loss                 | -0.00332    |
|    n_updates            | 2180        |
|    policy_gradient_loss | -0.00653    |
|    std                  | 0.351       |
|    value_loss           | 0.0753      |
-----------------------------------------
-----------------------------------------
| energy/                 |             |
|    E_damp_J             | 0.0179      |
|    E_fric_J             | 0.00719     |
|    E_norm_J             | 0.0191      |
|    W_neg_J              | 0.0237      |
|    W_pos_J              | 0.0483      |
| reward/                 |             |
|    r_energy             | -0.0603     |
| rollout/                |             |
|    ep_len_mean          | 82          |
|    ep_rew_mean          | 17.8        |
| time/                   |             |
|    fps                  | 45          |
|    iterations           | 220         |
|    time_elapsed         | 19937       |
|    total_timesteps      | 901120      |
| train/                  |             |
|    approx_kl            | 0.034745626 |
|    clip_fraction        | 0.392       |
|    clip_range           | 0.2         |
|    entropy_loss         | -2.59       |
|    explained_variance   | 0.872       |
|    learning_rate        | 0.0003      |
|    loss                 | -0.00942    |
|    n_updates            | 2190        |
|    policy_gradient_loss | -0.00551    |
|    std                  | 0.349       |
|    value_loss           | 0.08        |
-----------------------------------------
-----------------------------------------
| energy/                 |             |
|    E_damp_J             | 0.00828     |
|    E_fric_J             | 0.00628     |
|    E_norm_J             | 0.00132     |
|    W_neg_J              | 0.0135      |
|    W_pos_J              | 0.0274      |
| reward/                 |             |
|    r_energy             | -0.025      |
| rollout/                |             |
|    ep_len_mean          | 82          |
|    ep_rew_mean          | 18          |
| time/                   |             |
|    fps                  | 45          |
|    iterations           | 221         |
|    time_elapsed         | 20027       |
|    total_timesteps      | 905216      |
| train/                  |             |
|    approx_kl            | 0.043120183 |
|    clip_fraction        | 0.401       |
|    clip_range           | 0.2         |
|    entropy_loss         | -2.51       |
|    explained_variance   | 0.902       |
|    learning_rate        | 0.0003      |
|    loss                 | -0.0192     |
|    n_updates            | 2200        |
|    policy_gradient_loss | -0.00904    |
|    std                  | 0.346       |
|    value_loss           | 0.0673      |
-----------------------------------------
-----------------------------------------
| energy/                 |             |
|    E_damp_J             | 0.0352      |
|    E_fric_J             | 0.00727     |
|    E_norm_J             | 0.0191      |
|    W_neg_J              | 0.0503      |
|    W_pos_J              | 0.0766      |
| reward/                 |             |
|    r_energy             | -0.0935     |
| rollout/                |             |
|    ep_len_mean          | 82          |
|    ep_rew_mean          | 18.1        |
| time/                   |             |
|    fps                  | 45          |
|    iterations           | 222         |
|    time_elapsed         | 20116       |
|    total_timesteps      | 909312      |
| train/                  |             |
|    approx_kl            | 0.041419886 |
|    clip_fraction        | 0.377       |
|    clip_range           | 0.2         |
|    entropy_loss         | -2.45       |
|    explained_variance   | 0.879       |
|    learning_rate        | 0.0003      |
|    loss                 | -0.0124     |
|    n_updates            | 2210        |
|    policy_gradient_loss | -0.00308    |
|    std                  | 0.345       |
|    value_loss           | 0.0823      |
-----------------------------------------
-----------------------------------------
| energy/                 |             |
|    E_damp_J             | 0.00797     |
|    E_fric_J             | 0.00653     |
|    E_norm_J             | 0.00139     |
|    W_neg_J              | 0.0144      |
|    W_pos_J              | 0.0231      |
| reward/                 |             |
|    r_energy             | -0.0242     |
| rollout/                |             |
|    ep_len_mean          | 82          |
|    ep_rew_mean          | 18.4        |
| time/                   |             |
|    fps                  | 45          |
|    iterations           | 223         |
|    time_elapsed         | 20204       |
|    total_timesteps      | 913408      |
| train/                  |             |
|    approx_kl            | 0.045762524 |
|    clip_fraction        | 0.385       |
|    clip_range           | 0.2         |
|    entropy_loss         | -2.4        |
|    explained_variance   | 0.876       |
|    learning_rate        | 0.0003      |
|    loss                 | 0.00635     |
|    n_updates            | 2220        |
|    policy_gradient_loss | -0.00428    |
|    std                  | 0.344       |
|    value_loss           | 0.0808      |
-----------------------------------------
-----------------------------------------
| energy/                 |             |
|    E_damp_J             | 0.0273      |
|    E_fric_J             | 0.00727     |
|    E_norm_J             | 0.0194      |
|    W_neg_J              | 0.0409      |
|    W_pos_J              | 0.0611      |
| reward/                 |             |
|    r_energy             | -0.0796     |
| rollout/                |             |
|    ep_len_mean          | 82          |
|    ep_rew_mean          | 18.7        |
| time/                   |             |
|    fps                  | 45          |
|    iterations           | 224         |
|    time_elapsed         | 20293       |
|    total_timesteps      | 917504      |
| train/                  |             |
|    approx_kl            | 0.043055486 |
|    clip_fraction        | 0.406       |
|    clip_range           | 0.2         |
|    entropy_loss         | -2.38       |
|    explained_variance   | 0.878       |
|    learning_rate        | 0.0003      |
|    loss                 | 0.0196      |
|    n_updates            | 2230        |
|    policy_gradient_loss | -0.00145    |
|    std                  | 0.344       |
|    value_loss           | 0.0761      |
-----------------------------------------
----------------------------------------
| energy/                 |            |
|    E_damp_J             | 0.00783    |
|    E_fric_J             | 0.0065     |
|    E_norm_J             | 0.0013     |
|    W_neg_J              | 0.0131     |
|    W_pos_J              | 0.0252     |
| reward/                 |            |
|    r_energy             | -0.0239    |
| rollout/                |            |
|    ep_len_mean          | 82         |
|    ep_rew_mean          | 18.8       |
| time/                   |            |
|    fps                  | 45         |
|    iterations           | 225        |
|    time_elapsed         | 20380      |
|    total_timesteps      | 921600     |
| train/                  |            |
|    approx_kl            | 0.03777325 |
|    clip_fraction        | 0.39       |
|    clip_range           | 0.2        |
|    entropy_loss         | -2.36      |
|    explained_variance   | 0.89       |
|    learning_rate        | 0.0003     |
|    loss                 | 0.0295     |
|    n_updates            | 2240       |
|    policy_gradient_loss | -0.00393   |
|    std                  | 0.344      |
|    value_loss           | 0.0725     |
----------------------------------------
----------------------------------------
| energy/                 |            |
|    E_damp_J             | 0.0293     |
|    E_fric_J             | 0.00761    |
|    E_norm_J             | 0.0183     |
|    W_neg_J              | 0.0363     |
|    W_pos_J              | 0.0667     |
| reward/                 |            |
|    r_energy             | -0.0785    |
| rollout/                |            |
|    ep_len_mean          | 82         |
|    ep_rew_mean          | 19         |
| time/                   |            |
|    fps                  | 45         |
|    iterations           | 226        |
|    time_elapsed         | 20471      |
|    total_timesteps      | 925696     |
| train/                  |            |
|    approx_kl            | 0.04050737 |
|    clip_fraction        | 0.39       |
|    clip_range           | 0.2        |
|    entropy_loss         | -2.31      |
|    explained_variance   | 0.88       |
|    learning_rate        | 0.0003     |
|    loss                 | -0.0246    |
|    n_updates            | 2250       |
|    policy_gradient_loss | -0.00507   |
|    std                  | 0.342      |
|    value_loss           | 0.0795     |
----------------------------------------
-----------------------------------------
| energy/                 |             |
|    E_damp_J             | 0.00801     |
|    E_fric_J             | 0.00643     |
|    E_norm_J             | 0.00124     |
|    W_neg_J              | 0.0155      |
|    W_pos_J              | 0.0225      |
| reward/                 |             |
|    r_energy             | -0.0245     |
| rollout/                |             |
|    ep_len_mean          | 82          |
|    ep_rew_mean          | 19          |
| time/                   |             |
|    fps                  | 45          |
|    iterations           | 227         |
|    time_elapsed         | 20561       |
|    total_timesteps      | 929792      |
| train/                  |             |
|    approx_kl            | 0.037016246 |
|    clip_fraction        | 0.388       |
|    clip_range           | 0.2         |
|    entropy_loss         | -2.21       |
|    explained_variance   | 0.892       |
|    learning_rate        | 0.0003      |
|    loss                 | -0.0208     |
|    n_updates            | 2260        |
|    policy_gradient_loss | -0.00391    |
|    std                  | 0.34        |
|    value_loss           | 0.0711      |
-----------------------------------------
-----------------------------------------
| energy/                 |             |
|    E_damp_J             | 0.0341      |
|    E_fric_J             | 0.00756     |
|    E_norm_J             | 0.0187      |
|    W_neg_J              | 0.051       |
|    W_pos_J              | 0.0666      |
| reward/                 |             |
|    r_energy             | -0.0901     |
| rollout/                |             |
|    ep_len_mean          | 82          |
|    ep_rew_mean          | 19.1        |
| time/                   |             |
|    fps                  | 45          |
|    iterations           | 228         |
|    time_elapsed         | 20651       |
|    total_timesteps      | 933888      |
| train/                  |             |
|    approx_kl            | 0.048992094 |
|    clip_fraction        | 0.403       |
|    clip_range           | 0.2         |
|    entropy_loss         | -2.14       |
|    explained_variance   | 0.888       |
|    learning_rate        | 0.0003      |
|    loss                 | 0.0107      |
|    n_updates            | 2270        |
|    policy_gradient_loss | -0.00226    |
|    std                  | 0.338       |
|    value_loss           | 0.077       |
-----------------------------------------
-----------------------------------------
| energy/                 |             |
|    E_damp_J             | 0.00781     |
|    E_fric_J             | 0.00627     |
|    E_norm_J             | 0.00132     |
|    W_neg_J              | 0.0128      |
|    W_pos_J              | 0.0247      |
| reward/                 |             |
|    r_energy             | -0.0234     |
| rollout/                |             |
|    ep_len_mean          | 82          |
|    ep_rew_mean          | 19.4        |
| time/                   |             |
|    fps                  | 45          |
|    iterations           | 229         |
|    time_elapsed         | 20739       |
|    total_timesteps      | 937984      |
| train/                  |             |
|    approx_kl            | 0.050938576 |
|    clip_fraction        | 0.409       |
|    clip_range           | 0.2         |
|    entropy_loss         | -2.09       |
|    explained_variance   | 0.893       |
|    learning_rate        | 0.0003      |
|    loss                 | -0.000102   |
|    n_updates            | 2280        |
|    policy_gradient_loss | 0.00218     |
|    std                  | 0.336       |
|    value_loss           | 0.0681      |
-----------------------------------------
-----------------------------------------
| energy/                 |             |
|    E_damp_J             | 0.0348      |
|    E_fric_J             | 0.00772     |
|    E_norm_J             | 0.0188      |
|    W_neg_J              | 0.0466      |
|    W_pos_J              | 0.0755      |
| reward/                 |             |
|    r_energy             | -0.0906     |
| rollout/                |             |
|    ep_len_mean          | 82          |
|    ep_rew_mean          | 19.5        |
| time/                   |             |
|    fps                  | 45          |
|    iterations           | 230         |
|    time_elapsed         | 20828       |
|    total_timesteps      | 942080      |
| train/                  |             |
|    approx_kl            | 0.047242142 |
|    clip_fraction        | 0.421       |
|    clip_range           | 0.2         |
|    entropy_loss         | -2.03       |
|    explained_variance   | 0.876       |
|    learning_rate        | 0.0003      |
|    loss                 | -0.00281    |
|    n_updates            | 2290        |
|    policy_gradient_loss | -0.00182    |
|    std                  | 0.334       |
|    value_loss           | 0.0786      |
-----------------------------------------
----------------------------------------
| energy/                 |            |
|    E_damp_J             | 0.00803    |
|    E_fric_J             | 0.00639    |
|    E_norm_J             | 0.00128    |
|    W_neg_J              | 0.0146     |
|    W_pos_J              | 0.025      |
| reward/                 |            |
|    r_energy             | -0.0248    |
| rollout/                |            |
|    ep_len_mean          | 82         |
|    ep_rew_mean          | 19.4       |
| time/                   |            |
|    fps                  | 45         |
|    iterations           | 231        |
|    time_elapsed         | 20916      |
|    total_timesteps      | 946176     |
| train/                  |            |
|    approx_kl            | 0.04073105 |
|    clip_fraction        | 0.422      |
|    clip_range           | 0.2        |
|    entropy_loss         | -1.97      |
|    explained_variance   | 0.904      |
|    learning_rate        | 0.0003     |
|    loss                 | -0.0126    |
|    n_updates            | 2300       |
|    policy_gradient_loss | 0.000358   |
|    std                  | 0.333      |
|    value_loss           | 0.0721     |
----------------------------------------
---------------------------------------
| energy/                 |           |
|    E_damp_J             | 0.0333    |
|    E_fric_J             | 0.00748   |
|    E_norm_J             | 0.0183    |
|    W_neg_J              | 0.0427    |
|    W_pos_J              | 0.0719    |
| reward/                 |           |
|    r_energy             | -0.0858   |
| rollout/                |           |
|    ep_len_mean          | 82        |
|    ep_rew_mean          | 19.6      |
| time/                   |           |
|    fps                  | 45        |
|    iterations           | 232       |
|    time_elapsed         | 21005     |
|    total_timesteps      | 950272    |
| train/                  |           |
|    approx_kl            | 0.0505992 |
|    clip_fraction        | 0.393     |
|    clip_range           | 0.2       |
|    entropy_loss         | -1.92     |
|    explained_variance   | 0.906     |
|    learning_rate        | 0.0003    |
|    loss                 | 0.0174    |
|    n_updates            | 2310      |
|    policy_gradient_loss | -0.00506  |
|    std                  | 0.332     |
|    value_loss           | 0.063     |
---------------------------------------
-----------------------------------------
| energy/                 |             |
|    E_damp_J             | 0.00787     |
|    E_fric_J             | 0.00619     |
|    E_norm_J             | 0.00118     |
|    W_neg_J              | 0.0146      |
|    W_pos_J              | 0.0221      |
| reward/                 |             |
|    r_energy             | -0.0236     |
| rollout/                |             |
|    ep_len_mean          | 82          |
|    ep_rew_mean          | 19.9        |
| time/                   |             |
|    fps                  | 45          |
|    iterations           | 233         |
|    time_elapsed         | 21093       |
|    total_timesteps      | 954368      |
| train/                  |             |
|    approx_kl            | 0.049995117 |
|    clip_fraction        | 0.419       |
|    clip_range           | 0.2         |
|    entropy_loss         | -1.84       |
|    explained_variance   | 0.918       |
|    learning_rate        | 0.0003      |
|    loss                 | -0.0417     |
|    n_updates            | 2320        |
|    policy_gradient_loss | -0.00523    |
|    std                  | 0.33        |
|    value_loss           | 0.0595      |
-----------------------------------------
----------------------------------------
| energy/                 |            |
|    E_damp_J             | 0.03       |
|    E_fric_J             | 0.00699    |
|    E_norm_J             | 0.0191     |
|    W_neg_J              | 0.046      |
|    W_pos_J              | 0.0617     |
| reward/                 |            |
|    r_energy             | -0.0837    |
| rollout/                |            |
|    ep_len_mean          | 82         |
|    ep_rew_mean          | 20.1       |
| time/                   |            |
|    fps                  | 45         |
|    iterations           | 234        |
|    time_elapsed         | 21180      |
|    total_timesteps      | 958464     |
| train/                  |            |
|    approx_kl            | 0.04378427 |
|    clip_fraction        | 0.414      |
|    clip_range           | 0.2        |
|    entropy_loss         | -1.74      |
|    explained_variance   | 0.909      |
|    learning_rate        | 0.0003     |
|    loss                 | -0.0212    |
|    n_updates            | 2330       |
|    policy_gradient_loss | -0.00286   |
|    std                  | 0.327      |
|    value_loss           | 0.0578     |
----------------------------------------
---------------------------------------
| energy/                 |           |
|    E_damp_J             | 0.00807   |
|    E_fric_J             | 0.00627   |
|    E_norm_J             | 0.00124   |
|    W_neg_J              | 0.0141    |
|    W_pos_J              | 0.0242    |
| reward/                 |           |
|    r_energy             | -0.0241   |
| rollout/                |           |
|    ep_len_mean          | 82        |
|    ep_rew_mean          | 20.2      |
| time/                   |           |
|    fps                  | 45        |
|    iterations           | 235       |
|    time_elapsed         | 21269     |
|    total_timesteps      | 962560    |
| train/                  |           |
|    approx_kl            | 0.0400524 |
|    clip_fraction        | 0.428     |
|    clip_range           | 0.2       |
|    entropy_loss         | -1.67     |
|    explained_variance   | 0.913     |
|    learning_rate        | 0.0003    |
|    loss                 | -0.00592  |
|    n_updates            | 2340      |
|    policy_gradient_loss | -0.00207  |
|    std                  | 0.326     |
|    value_loss           | 0.0594    |
---------------------------------------
----------------------------------------
| energy/                 |            |
|    E_damp_J             | 0.0324     |
|    E_fric_J             | 0.00714    |
|    E_norm_J             | 0.0187     |
|    W_neg_J              | 0.0506     |
|    W_pos_J              | 0.0669     |
| reward/                 |            |
|    r_energy             | -0.0889    |
| rollout/                |            |
|    ep_len_mean          | 82         |
|    ep_rew_mean          | 20.2       |
| time/                   |            |
|    fps                  | 45         |
|    iterations           | 236        |
|    time_elapsed         | 21358      |
|    total_timesteps      | 966656     |
| train/                  |            |
|    approx_kl            | 0.04147014 |
|    clip_fraction        | 0.41       |
|    clip_range           | 0.2        |
|    entropy_loss         | -1.62      |
|    explained_variance   | 0.921      |
|    learning_rate        | 0.0003     |
|    loss                 | -0.00484   |
|    n_updates            | 2350       |
|    policy_gradient_loss | -0.00504   |
|    std                  | 0.325      |
|    value_loss           | 0.0525     |
----------------------------------------
----------------------------------------
| energy/                 |            |
|    E_damp_J             | 0.00795    |
|    E_fric_J             | 0.00636    |
|    E_norm_J             | 0.00112    |
|    W_neg_J              | 0.0142     |
|    W_pos_J              | 0.023      |
| reward/                 |            |
|    r_energy             | -0.0237    |
| rollout/                |            |
|    ep_len_mean          | 82         |
|    ep_rew_mean          | 20.2       |
| time/                   |            |
|    fps                  | 45         |
|    iterations           | 237        |
|    time_elapsed         | 21445      |
|    total_timesteps      | 970752     |
| train/                  |            |
|    approx_kl            | 0.05244416 |
|    clip_fraction        | 0.41       |
|    clip_range           | 0.2        |
|    entropy_loss         | -1.58      |
|    explained_variance   | 0.929      |
|    learning_rate        | 0.0003     |
|    loss                 | 0.0125     |
|    n_updates            | 2360       |
|    policy_gradient_loss | -0.000179  |
|    std                  | 0.324      |
|    value_loss           | 0.0488     |
----------------------------------------
----------------------------------------
| energy/                 |            |
|    E_damp_J             | 0.0305     |
|    E_fric_J             | 0.00717    |
|    E_norm_J             | 0.0187     |
|    W_neg_J              | 0.0472     |
|    W_pos_J              | 0.0645     |
| reward/                 |            |
|    r_energy             | -0.0852    |
| rollout/                |            |
|    ep_len_mean          | 82         |
|    ep_rew_mean          | 20.4       |
| time/                   |            |
|    fps                  | 45         |
|    iterations           | 238        |
|    time_elapsed         | 21532      |
|    total_timesteps      | 974848     |
| train/                  |            |
|    approx_kl            | 0.04429853 |
|    clip_fraction        | 0.423      |
|    clip_range           | 0.2        |
|    entropy_loss         | -1.53      |
|    explained_variance   | 0.918      |
|    learning_rate        | 0.0003     |
|    loss                 | 0.0215     |
|    n_updates            | 2370       |
|    policy_gradient_loss | -0.00374   |
|    std                  | 0.323      |
|    value_loss           | 0.051      |
----------------------------------------
----------------------------------------
| energy/                 |            |
|    E_damp_J             | 0.008      |
|    E_fric_J             | 0.00625    |
|    E_norm_J             | 0.00112    |
|    W_neg_J              | 0.0141     |
|    W_pos_J              | 0.0225     |
| reward/                 |            |
|    r_energy             | -0.0234    |
| rollout/                |            |
|    ep_len_mean          | 82         |
|    ep_rew_mean          | 20.6       |
| time/                   |            |
|    fps                  | 45         |
|    iterations           | 239        |
|    time_elapsed         | 21620      |
|    total_timesteps      | 978944     |
| train/                  |            |
|    approx_kl            | 0.05098698 |
|    clip_fraction        | 0.436      |
|    clip_range           | 0.2        |
|    entropy_loss         | -1.48      |
|    explained_variance   | 0.924      |
|    learning_rate        | 0.0003     |
|    loss                 | -0.0186    |
|    n_updates            | 2380       |
|    policy_gradient_loss | 0.00408    |
|    std                  | 0.322      |
|    value_loss           | 0.0493     |
----------------------------------------
-----------------------------------------
| energy/                 |             |
|    E_damp_J             | 0.0314      |
|    E_fric_J             | 0.00735     |
|    E_norm_J             | 0.019       |
|    W_neg_J              | 0.0465      |
|    W_pos_J              | 0.0659      |
| reward/                 |             |
|    r_energy             | -0.086      |
| rollout/                |             |
|    ep_len_mean          | 82          |
|    ep_rew_mean          | 20.6        |
| time/                   |             |
|    fps                  | 45          |
|    iterations           | 240         |
|    time_elapsed         | 21709       |
|    total_timesteps      | 983040      |
| train/                  |             |
|    approx_kl            | 0.042880394 |
|    clip_fraction        | 0.422       |
|    clip_range           | 0.2         |
|    entropy_loss         | -1.46       |
|    explained_variance   | 0.936       |
|    learning_rate        | 0.0003      |
|    loss                 | 0.00217     |
|    n_updates            | 2390        |
|    policy_gradient_loss | 0.00277     |
|    std                  | 0.322       |
|    value_loss           | 0.0403      |
-----------------------------------------
----------------------------------------
| energy/                 |            |
|    E_damp_J             | 0.00778    |
|    E_fric_J             | 0.00631    |
|    E_norm_J             | 0.00117    |
|    W_neg_J              | 0.014      |
|    W_pos_J              | 0.0228     |
| reward/                 |            |
|    r_energy             | -0.0235    |
| rollout/                |            |
|    ep_len_mean          | 82         |
|    ep_rew_mean          | 20.6       |
| time/                   |            |
|    fps                  | 45         |
|    iterations           | 241        |
|    time_elapsed         | 21796      |
|    total_timesteps      | 987136     |
| train/                  |            |
|    approx_kl            | 0.05352754 |
|    clip_fraction        | 0.447      |
|    clip_range           | 0.2        |
|    entropy_loss         | -1.44      |
|    explained_variance   | 0.914      |
|    learning_rate        | 0.0003     |
|    loss                 | 0.0408     |
|    n_updates            | 2400       |
|    policy_gradient_loss | 0.00115    |
|    std                  | 0.321      |
|    value_loss           | 0.0616     |
----------------------------------------
----------------------------------------
| energy/                 |            |
|    E_damp_J             | 0.0283     |
|    E_fric_J             | 0.00697    |
|    E_norm_J             | 0.0183     |
|    W_neg_J              | 0.0436     |
|    W_pos_J              | 0.0591     |
| reward/                 |            |
|    r_energy             | -0.0798    |
| rollout/                |            |
|    ep_len_mean          | 82         |
|    ep_rew_mean          | 20.7       |
| time/                   |            |
|    fps                  | 45         |
|    iterations           | 242        |
|    time_elapsed         | 21883      |
|    total_timesteps      | 991232     |
| train/                  |            |
|    approx_kl            | 0.06538749 |
|    clip_fraction        | 0.435      |
|    clip_range           | 0.2        |
|    entropy_loss         | -1.4       |
|    explained_variance   | 0.937      |
|    learning_rate        | 0.0003     |
|    loss                 | 0.00133    |
|    n_updates            | 2410       |
|    policy_gradient_loss | 0.00109    |
|    std                  | 0.321      |
|    value_loss           | 0.0423     |
----------------------------------------
----------------------------------------
| energy/                 |            |
|    E_damp_J             | 0.00782    |
|    E_fric_J             | 0.00624    |
|    E_norm_J             | 0.00117    |
|    W_neg_J              | 0.0135     |
|    W_pos_J              | 0.0238     |
| reward/                 |            |
|    r_energy             | -0.0235    |
| rollout/                |            |
|    ep_len_mean          | 82         |
|    ep_rew_mean          | 20.8       |
| time/                   |            |
|    fps                  | 45         |
|    iterations           | 243        |
|    time_elapsed         | 21972      |
|    total_timesteps      | 995328     |
| train/                  |            |
|    approx_kl            | 0.05212132 |
|    clip_fraction        | 0.424      |
|    clip_range           | 0.2        |
|    entropy_loss         | -1.35      |
|    explained_variance   | 0.923      |
|    learning_rate        | 0.0003     |
|    loss                 | 0.0111     |
|    n_updates            | 2420       |
|    policy_gradient_loss | -0.000624  |
|    std                  | 0.32       |
|    value_loss           | 0.05       |
----------------------------------------
----------------------------------------
| energy/                 |            |
|    E_damp_J             | 0.0278     |
|    E_fric_J             | 0.00664    |
|    E_norm_J             | 0.0181     |
|    W_neg_J              | 0.0409     |
|    W_pos_J              | 0.0563     |
| reward/                 |            |
|    r_energy             | -0.0767    |
| rollout/                |            |
|    ep_len_mean          | 82         |
|    ep_rew_mean          | 20.9       |
| time/                   |            |
|    fps                  | 45         |
|    iterations           | 244        |
|    time_elapsed         | 22060      |
|    total_timesteps      | 999424     |
| train/                  |            |
|    approx_kl            | 0.04937119 |
|    clip_fraction        | 0.445      |
|    clip_range           | 0.2        |
|    entropy_loss         | -1.28      |
|    explained_variance   | 0.946      |
|    learning_rate        | 0.0003     |
|    loss                 | -0.035     |
|    n_updates            | 2430       |
|    policy_gradient_loss | 0.00202    |
|    std                  | 0.316      |
|    value_loss           | 0.0321     |
----------------------------------------
-----------------------------------------
| energy/                 |             |
|    E_damp_J             | 0.00794     |
|    E_fric_J             | 0.00636     |
|    E_norm_J             | 0.00117     |
|    W_neg_J              | 0.0143      |
|    W_pos_J              | 0.0224      |
| reward/                 |             |
|    r_energy             | -0.0236     |
| rollout/                |             |
|    ep_len_mean          | 82          |
|    ep_rew_mean          | 21.1        |
| time/                   |             |
|    fps                  | 45          |
|    iterations           | 245         |
|    time_elapsed         | 22148       |
|    total_timesteps      | 1003520     |
| train/                  |             |
|    approx_kl            | 0.054864544 |
|    clip_fraction        | 0.445       |
|    clip_range           | 0.2         |
|    entropy_loss         | -1.2        |
|    explained_variance   | 0.936       |
|    learning_rate        | 0.0003      |
|    loss                 | -0.00844    |
|    n_updates            | 2440        |
|    policy_gradient_loss | -0.000808   |
|    std                  | 0.315       |
|    value_loss           | 0.0424      |
-----------------------------------------
----------------------------------------
| energy/                 |            |
|    E_damp_J             | 0.00785    |
|    E_fric_J             | 0.00627    |
|    E_norm_J             | 0.00114    |
|    W_neg_J              | 0.0139     |
|    W_pos_J              | 0.0237     |
| reward/                 |            |
|    r_energy             | -0.0236    |
| rollout/                |            |
|    ep_len_mean          | 82         |
|    ep_rew_mean          | 21.2       |
| time/                   |            |
|    fps                  | 45         |
|    iterations           | 246        |
|    time_elapsed         | 22235      |
|    total_timesteps      | 1007616    |
| train/                  |            |
|    approx_kl            | 0.04245899 |
|    clip_fraction        | 0.431      |
|    clip_range           | 0.2        |
|    entropy_loss         | -1.14      |
|    explained_variance   | 0.927      |
|    learning_rate        | 0.0003     |
|    loss                 | -0.0117    |
|    n_updates            | 2450       |
|    policy_gradient_loss | 0.00269    |
|    std                  | 0.313      |
|    value_loss           | 0.0441     |
----------------------------------------
----------------------------------------
| energy/                 |            |
|    E_damp_J             | 0.00785    |
|    E_fric_J             | 0.00626    |
|    E_norm_J             | 0.00116    |
|    W_neg_J              | 0.0136     |
|    W_pos_J              | 0.0247     |
| reward/                 |            |
|    r_energy             | -0.0238    |
| rollout/                |            |
|    ep_len_mean          | 82         |
|    ep_rew_mean          | 21         |
| time/                   |            |
|    fps                  | 45         |
|    iterations           | 247        |
|    time_elapsed         | 22323      |
|    total_timesteps      | 1011712    |
| train/                  |            |
|    approx_kl            | 0.05864778 |
|    clip_fraction        | 0.45       |
|    clip_range           | 0.2        |
|    entropy_loss         | -1.11      |
|    explained_variance   | 0.949      |
|    learning_rate        | 0.0003     |
|    loss                 | -0.00257   |
|    n_updates            | 2460       |
|    policy_gradient_loss | 0.00388    |
|    std                  | 0.314      |
|    value_loss           | 0.0289     |
----------------------------------------
-----------------------------------------
| energy/                 |             |
|    E_damp_J             | 0.00809     |
|    E_fric_J             | 0.00618     |
|    E_norm_J             | 0.00114     |
|    W_neg_J              | 0.0135      |
|    W_pos_J              | 0.025       |
| reward/                 |             |
|    r_energy             | -0.0239     |
| rollout/                |             |
|    ep_len_mean          | 82          |
|    ep_rew_mean          | 21.2        |
| time/                   |             |
|    fps                  | 45          |
|    iterations           | 248         |
|    time_elapsed         | 22413       |
|    total_timesteps      | 1015808     |
| train/                  |             |
|    approx_kl            | 0.047879778 |
|    clip_fraction        | 0.443       |
|    clip_range           | 0.2         |
|    entropy_loss         | -1.07       |
|    explained_variance   | 0.93        |
|    learning_rate        | 0.0003      |
|    loss                 | -0.00807    |
|    n_updates            | 2470        |
|    policy_gradient_loss | -0.00241    |
|    std                  | 0.313       |
|    value_loss           | 0.0478      |
-----------------------------------------
-----------------------------------------
| energy/                 |             |
|    E_damp_J             | 0.00789     |
|    E_fric_J             | 0.00644     |
|    E_norm_J             | 0.00116     |
|    W_neg_J              | 0.0129      |
|    W_pos_J              | 0.0246      |
| reward/                 |             |
|    r_energy             | -0.0235     |
| rollout/                |             |
|    ep_len_mean          | 82          |
|    ep_rew_mean          | 21.3        |
| time/                   |             |
|    fps                  | 45          |
|    iterations           | 249         |
|    time_elapsed         | 22503       |
|    total_timesteps      | 1019904     |
| train/                  |             |
|    approx_kl            | 0.045429803 |
|    clip_fraction        | 0.416       |
|    clip_range           | 0.2         |
|    entropy_loss         | -1.03       |
|    explained_variance   | 0.95        |
|    learning_rate        | 0.0003      |
|    loss                 | -0.0112     |
|    n_updates            | 2480        |
|    policy_gradient_loss | 0.0025      |
|    std                  | 0.312       |
|    value_loss           | 0.0294      |
-----------------------------------------
-----------------------------------------
| energy/                 |             |
|    E_damp_J             | 0.00789     |
|    E_fric_J             | 0.00642     |
|    E_norm_J             | 0.00115     |
|    W_neg_J              | 0.0138      |
|    W_pos_J              | 0.0236      |
| reward/                 |             |
|    r_energy             | -0.0237     |
| rollout/                |             |
|    ep_len_mean          | 82          |
|    ep_rew_mean          | 21.3        |
| time/                   |             |
|    fps                  | 45          |
|    iterations           | 250         |
|    time_elapsed         | 22593       |
|    total_timesteps      | 1024000     |
| train/                  |             |
|    approx_kl            | 0.055896945 |
|    clip_fraction        | 0.442       |
|    clip_range           | 0.2         |
|    entropy_loss         | -0.976      |
|    explained_variance   | 0.956       |
|    learning_rate        | 0.0003      |
|    loss                 | 0.00948     |
|    n_updates            | 2490        |
|    policy_gradient_loss | 0.00265     |
|    std                  | 0.31        |
|    value_loss           | 0.028       |
-----------------------------------------
-----------------------------------------
| energy/                 |             |
|    E_damp_J             | 0.00766     |
|    E_fric_J             | 0.00636     |
|    E_norm_J             | 0.00112     |
|    W_neg_J              | 0.0116      |
|    W_pos_J              | 0.0259      |
| reward/                 |             |
|    r_energy             | -0.0228     |
| rollout/                |             |
|    ep_len_mean          | 82          |
|    ep_rew_mean          | 21.3        |
| time/                   |             |
|    fps                  | 45          |
|    iterations           | 251         |
|    time_elapsed         | 22682       |
|    total_timesteps      | 1028096     |
| train/                  |             |
|    approx_kl            | 0.054538712 |
|    clip_fraction        | 0.447       |
|    clip_range           | 0.2         |
|    entropy_loss         | -0.907      |
|    explained_variance   | 0.952       |
|    learning_rate        | 0.0003      |
|    loss                 | -0.00454    |
|    n_updates            | 2500        |
|    policy_gradient_loss | 0.0014      |
|    std                  | 0.308       |
|    value_loss           | 0.0301      |
-----------------------------------------
-----------------------------------------
| energy/                 |             |
|    E_damp_J             | 0.00761     |
|    E_fric_J             | 0.00639     |
|    E_norm_J             | 0.00114     |
|    W_neg_J              | 0.0126      |
|    W_pos_J              | 0.0243      |
| reward/                 |             |
|    r_energy             | -0.023      |
| rollout/                |             |
|    ep_len_mean          | 82          |
|    ep_rew_mean          | 21.3        |
| time/                   |             |
|    fps                  | 45          |
|    iterations           | 252         |
|    time_elapsed         | 22771       |
|    total_timesteps      | 1032192     |
| train/                  |             |
|    approx_kl            | 0.047953326 |
|    clip_fraction        | 0.44        |
|    clip_range           | 0.2         |
|    entropy_loss         | -0.855      |
|    explained_variance   | 0.951       |
|    learning_rate        | 0.0003      |
|    loss                 | 0.00172     |
|    n_updates            | 2510        |
|    policy_gradient_loss | -0.002      |
|    std                  | 0.308       |
|    value_loss           | 0.0309      |
-----------------------------------------
-----------------------------------------
| energy/                 |             |
|    E_damp_J             | 0.00781     |
|    E_fric_J             | 0.0064      |
|    E_norm_J             | 0.00117     |
|    W_neg_J              | 0.0129      |
|    W_pos_J              | 0.0257      |
| reward/                 |             |
|    r_energy             | -0.0237     |
| rollout/                |             |
|    ep_len_mean          | 82          |
|    ep_rew_mean          | 21.5        |
| time/                   |             |
|    fps                  | 45          |
|    iterations           | 253         |
|    time_elapsed         | 22859       |
|    total_timesteps      | 1036288     |
| train/                  |             |
|    approx_kl            | 0.048920527 |
|    clip_fraction        | 0.45        |
|    clip_range           | 0.2         |
|    entropy_loss         | -0.812      |
|    explained_variance   | 0.947       |
|    learning_rate        | 0.0003      |
|    loss                 | 0.00144     |
|    n_updates            | 2520        |
|    policy_gradient_loss | -0.00107    |
|    std                  | 0.307       |
|    value_loss           | 0.036       |
-----------------------------------------
-----------------------------------------
| energy/                 |             |
|    E_damp_J             | 0.0084      |
|    E_fric_J             | 0.00629     |
|    E_norm_J             | 0.00113     |
|    W_neg_J              | 0.0143      |
|    W_pos_J              | 0.025       |
| reward/                 |             |
|    r_energy             | -0.0246     |
| rollout/                |             |
|    ep_len_mean          | 82          |
|    ep_rew_mean          | 21.8        |
| time/                   |             |
|    fps                  | 45          |
|    iterations           | 254         |
|    time_elapsed         | 22948       |
|    total_timesteps      | 1040384     |
| train/                  |             |
|    approx_kl            | 0.042736918 |
|    clip_fraction        | 0.43        |
|    clip_range           | 0.2         |
|    entropy_loss         | -0.786      |
|    explained_variance   | 0.948       |
|    learning_rate        | 0.0003      |
|    loss                 | -0.0153     |
|    n_updates            | 2530        |
|    policy_gradient_loss | 0.00124     |
|    std                  | 0.308       |
|    value_loss           | 0.0305      |
-----------------------------------------
-----------------------------------------
| energy/                 |             |
|    E_damp_J             | 0.00825     |
|    E_fric_J             | 0.00637     |
|    E_norm_J             | 0.00124     |
|    W_neg_J              | 0.0123      |
|    W_pos_J              | 0.0284      |
| reward/                 |             |
|    r_energy             | -0.0244     |
| rollout/                |             |
|    ep_len_mean          | 82          |
|    ep_rew_mean          | 21.8        |
| time/                   |             |
|    fps                  | 45          |
|    iterations           | 255         |
|    time_elapsed         | 23036       |
|    total_timesteps      | 1044480     |
| train/                  |             |
|    approx_kl            | 0.058303352 |
|    clip_fraction        | 0.437       |
|    clip_range           | 0.2         |
|    entropy_loss         | -0.741      |
|    explained_variance   | 0.949       |
|    learning_rate        | 0.0003      |
|    loss                 | 0.00981     |
|    n_updates            | 2540        |
|    policy_gradient_loss | 0.0058      |
|    std                  | 0.307       |
|    value_loss           | 0.0282      |
-----------------------------------------
-----------------------------------------
| energy/                 |             |
|    E_damp_J             | 0.00792     |
|    E_fric_J             | 0.00618     |
|    E_norm_J             | 0.00116     |
|    W_neg_J              | 0.0125      |
|    W_pos_J              | 0.0255      |
| reward/                 |             |
|    r_energy             | -0.0234     |
| rollout/                |             |
|    ep_len_mean          | 82          |
|    ep_rew_mean          | 21.7        |
| time/                   |             |
|    fps                  | 45          |
|    iterations           | 256         |
|    time_elapsed         | 23126       |
|    total_timesteps      | 1048576     |
| train/                  |             |
|    approx_kl            | 0.064104065 |
|    clip_fraction        | 0.472       |
|    clip_range           | 0.2         |
|    entropy_loss         | -0.669      |
|    explained_variance   | 0.95        |
|    learning_rate        | 0.0003      |
|    loss                 | -0.013      |
|    n_updates            | 2550        |
|    policy_gradient_loss | 0.00185     |
|    std                  | 0.305       |
|    value_loss           | 0.0295      |
-----------------------------------------
-----------------------------------------
| energy/                 |             |
|    E_damp_J             | 0.00822     |
|    E_fric_J             | 0.00622     |
|    E_norm_J             | 0.00126     |
|    W_neg_J              | 0.0147      |
|    W_pos_J              | 0.0262      |
| reward/                 |             |
|    r_energy             | -0.0252     |
| rollout/                |             |
|    ep_len_mean          | 82          |
|    ep_rew_mean          | 21.7        |
| time/                   |             |
|    fps                  | 45          |
|    iterations           | 257         |
|    time_elapsed         | 23215       |
|    total_timesteps      | 1052672     |
| train/                  |             |
|    approx_kl            | 0.043694817 |
|    clip_fraction        | 0.452       |
|    clip_range           | 0.2         |
|    entropy_loss         | -0.622      |
|    explained_variance   | 0.948       |
|    learning_rate        | 0.0003      |
|    loss                 | -0.0209     |
|    n_updates            | 2560        |
|    policy_gradient_loss | -0.00093    |
|    std                  | 0.305       |
|    value_loss           | 0.0325      |
-----------------------------------------
-----------------------------------------
| energy/                 |             |
|    E_damp_J             | 0.00782     |
|    E_fric_J             | 0.00653     |
|    E_norm_J             | 0.00117     |
|    W_neg_J              | 0.0105      |
|    W_pos_J              | 0.0288      |
| reward/                 |             |
|    r_energy             | -0.0233     |
| rollout/                |             |
|    ep_len_mean          | 82          |
|    ep_rew_mean          | 21.8        |
| time/                   |             |
|    fps                  | 45          |
|    iterations           | 258         |
|    time_elapsed         | 23304       |
|    total_timesteps      | 1056768     |
| train/                  |             |
|    approx_kl            | 0.062224448 |
|    clip_fraction        | 0.464       |
|    clip_range           | 0.2         |
|    entropy_loss         | -0.598      |
|    explained_variance   | 0.943       |
|    learning_rate        | 0.0003      |
|    loss                 | 0.0267      |
|    n_updates            | 2570        |
|    policy_gradient_loss | 0.00642     |
|    std                  | 0.304       |
|    value_loss           | 0.0385      |
-----------------------------------------
----------------------------------------
| energy/                 |            |
|    E_damp_J             | 0.00997    |
|    E_fric_J             | 0.00677    |
|    E_norm_J             | 0.00168    |
|    W_neg_J              | 0.0148     |
|    W_pos_J              | 0.0299     |
| reward/                 |            |
|    r_energy             | -0.0279    |
| rollout/                |            |
|    ep_len_mean          | 82         |
|    ep_rew_mean          | 21.9       |
| time/                   |            |
|    fps                  | 45         |
|    iterations           | 259        |
|    time_elapsed         | 23392      |
|    total_timesteps      | 1060864    |
| train/                  |            |
|    approx_kl            | 0.06104093 |
|    clip_fraction        | 0.453      |
|    clip_range           | 0.2        |
|    entropy_loss         | -0.57      |
|    explained_variance   | 0.954      |
|    learning_rate        | 0.0003     |
|    loss                 | 0.0151     |
|    n_updates            | 2580       |
|    policy_gradient_loss | -0.00391   |
|    std                  | 0.304      |
|    value_loss           | 0.0317     |
----------------------------------------
----------------------------------------
| energy/                 |            |
|    E_damp_J             | 0.00804    |
|    E_fric_J             | 0.00633    |
|    E_norm_J             | 0.00121    |
|    W_neg_J              | 0.0136     |
|    W_pos_J              | 0.0268     |
| reward/                 |            |
|    r_energy             | -0.0246    |
| rollout/                |            |
|    ep_len_mean          | 82         |
|    ep_rew_mean          | 21.9       |
| time/                   |            |
|    fps                  | 45         |
|    iterations           | 260        |
|    time_elapsed         | 23481      |
|    total_timesteps      | 1064960    |
| train/                  |            |
|    approx_kl            | 0.05723762 |
|    clip_fraction        | 0.44       |
|    clip_range           | 0.2        |
|    entropy_loss         | -0.528     |
|    explained_variance   | 0.95       |
|    learning_rate        | 0.0003     |
|    loss                 | -0.0089    |
|    n_updates            | 2590       |
|    policy_gradient_loss | 0.0022     |
|    std                  | 0.303      |
|    value_loss           | 0.0302     |
----------------------------------------
----------------------------------------
| energy/                 |            |
|    E_damp_J             | 0.0206     |
|    E_fric_J             | 0.00818    |
|    E_norm_J             | 0.0186     |
|    W_neg_J              | 0.0275     |
|    W_pos_J              | 0.056      |
| reward/                 |            |
|    r_energy             | -0.0663    |
| rollout/                |            |
|    ep_len_mean          | 82         |
|    ep_rew_mean          | 21.8       |
| time/                   |            |
|    fps                  | 45         |
|    iterations           | 261        |
|    time_elapsed         | 23570      |
|    total_timesteps      | 1069056    |
| train/                  |            |
|    approx_kl            | 0.05316193 |
|    clip_fraction        | 0.449      |
|    clip_range           | 0.2        |
|    entropy_loss         | -0.473     |
|    explained_variance   | 0.947      |
|    learning_rate        | 0.0003     |
|    loss                 | -0.0052    |
|    n_updates            | 2600       |
|    policy_gradient_loss | 8.52e-05   |
|    std                  | 0.302      |
|    value_loss           | 0.0341     |
----------------------------------------
----------------------------------------
| energy/                 |            |
|    E_damp_J             | 0.00804    |
|    E_fric_J             | 0.00652    |
|    E_norm_J             | 0.00118    |
|    W_neg_J              | 0.0115     |
|    W_pos_J              | 0.028      |
| reward/                 |            |
|    r_energy             | -0.0238    |
| rollout/                |            |
|    ep_len_mean          | 82         |
|    ep_rew_mean          | 22         |
| time/                   |            |
|    fps                  | 45         |
|    iterations           | 262        |
|    time_elapsed         | 23657      |
|    total_timesteps      | 1073152    |
| train/                  |            |
|    approx_kl            | 0.07580587 |
|    clip_fraction        | 0.47       |
|    clip_range           | 0.2        |
|    entropy_loss         | -0.421     |
|    explained_variance   | 0.948      |
|    learning_rate        | 0.0003     |
|    loss                 | 0.0397     |
|    n_updates            | 2610       |
|    policy_gradient_loss | 0.00581    |
|    std                  | 0.301      |
|    value_loss           | 0.0353     |
----------------------------------------
----------------------------------------
| energy/                 |            |
|    E_damp_J             | 0.0332     |
|    E_fric_J             | 0.00755    |
|    E_norm_J             | 0.0188     |
|    W_neg_J              | 0.0466     |
|    W_pos_J              | 0.0721     |
| reward/                 |            |
|    r_energy             | -0.0887    |
| rollout/                |            |
|    ep_len_mean          | 82         |
|    ep_rew_mean          | 22.2       |
| time/                   |            |
|    fps                  | 45         |
|    iterations           | 263        |
|    time_elapsed         | 23745      |
|    total_timesteps      | 1077248    |
| train/                  |            |
|    approx_kl            | 0.07302651 |
|    clip_fraction        | 0.45       |
|    clip_range           | 0.2        |
|    entropy_loss         | -0.362     |
|    explained_variance   | 0.963      |
|    learning_rate        | 0.0003     |
|    loss                 | 0.00819    |
|    n_updates            | 2620       |
|    policy_gradient_loss | 0.00409    |
|    std                  | 0.3        |
|    value_loss           | 0.0223     |
----------------------------------------
----------------------------------------
| energy/                 |            |
|    E_damp_J             | 0.00789    |
|    E_fric_J             | 0.00622    |
|    E_norm_J             | 0.00114    |
|    W_neg_J              | 0.0116     |
|    W_pos_J              | 0.0273     |
| reward/                 |            |
|    r_energy             | -0.0234    |
| rollout/                |            |
|    ep_len_mean          | 82         |
|    ep_rew_mean          | 22.1       |
| time/                   |            |
|    fps                  | 45         |
|    iterations           | 264        |
|    time_elapsed         | 23835      |
|    total_timesteps      | 1081344    |
| train/                  |            |
|    approx_kl            | 0.08108086 |
|    clip_fraction        | 0.481      |
|    clip_range           | 0.2        |
|    entropy_loss         | -0.312     |
|    explained_variance   | 0.955      |
|    learning_rate        | 0.0003     |
|    loss                 | -0.0228    |
|    n_updates            | 2630       |
|    policy_gradient_loss | 0.00605    |
|    std                  | 0.299      |
|    value_loss           | 0.0251     |
----------------------------------------
-----------------------------------------
| energy/                 |             |
|    E_damp_J             | 0.0271      |
|    E_fric_J             | 0.0071      |
|    E_norm_J             | 0.0189      |
|    W_neg_J              | 0.0399      |
|    W_pos_J              | 0.0615      |
| reward/                 |             |
|    r_energy             | -0.0784     |
| rollout/                |             |
|    ep_len_mean          | 82          |
|    ep_rew_mean          | 22.2        |
| time/                   |             |
|    fps                  | 45          |
|    iterations           | 265         |
|    time_elapsed         | 23924       |
|    total_timesteps      | 1085440     |
| train/                  |             |
|    approx_kl            | 0.057800885 |
|    clip_fraction        | 0.445       |
|    clip_range           | 0.2         |
|    entropy_loss         | -0.273      |
|    explained_variance   | 0.951       |
|    learning_rate        | 0.0003      |
|    loss                 | 0.0105      |
|    n_updates            | 2640        |
|    policy_gradient_loss | 0.00264     |
|    std                  | 0.299       |
|    value_loss           | 0.0317      |
-----------------------------------------
----------------------------------------
| energy/                 |            |
|    E_damp_J             | 0.00774    |
|    E_fric_J             | 0.00628    |
|    E_norm_J             | 0.0012     |
|    W_neg_J              | 0.0123     |
|    W_pos_J              | 0.0257     |
| reward/                 |            |
|    r_energy             | -0.0233    |
| rollout/                |            |
|    ep_len_mean          | 82         |
|    ep_rew_mean          | 22.2       |
| time/                   |            |
|    fps                  | 45         |
|    iterations           | 266        |
|    time_elapsed         | 24014      |
|    total_timesteps      | 1089536    |
| train/                  |            |
|    approx_kl            | 0.06415355 |
|    clip_fraction        | 0.472      |
|    clip_range           | 0.2        |
|    entropy_loss         | -0.241     |
|    explained_variance   | 0.947      |
|    learning_rate        | 0.0003     |
|    loss                 | 0.0456     |
|    n_updates            | 2650       |
|    policy_gradient_loss | 0.0077     |
|    std                  | 0.298      |
|    value_loss           | 0.0295     |
----------------------------------------
-----------------------------------------
| energy/                 |             |
|    E_damp_J             | 0.0328      |
|    E_fric_J             | 0.00743     |
|    E_norm_J             | 0.0189      |
|    W_neg_J              | 0.0498      |
|    W_pos_J              | 0.0691      |
| reward/                 |             |
|    r_energy             | -0.0896     |
| rollout/                |             |
|    ep_len_mean          | 82          |
|    ep_rew_mean          | 22.2        |
| time/                   |             |
|    fps                  | 45          |
|    iterations           | 267         |
|    time_elapsed         | 24101       |
|    total_timesteps      | 1093632     |
| train/                  |             |
|    approx_kl            | 0.057534903 |
|    clip_fraction        | 0.462       |
|    clip_range           | 0.2         |
|    entropy_loss         | -0.209      |
|    explained_variance   | 0.958       |
|    learning_rate        | 0.0003      |
|    loss                 | 0.04        |
|    n_updates            | 2660        |
|    policy_gradient_loss | 0.00687     |
|    std                  | 0.297       |
|    value_loss           | 0.0256      |
-----------------------------------------
----------------------------------------
| energy/                 |            |
|    E_damp_J             | 0.00773    |
|    E_fric_J             | 0.00631    |
|    E_norm_J             | 0.00117    |
|    W_neg_J              | 0.0115     |
|    W_pos_J              | 0.0268     |
| reward/                 |            |
|    r_energy             | -0.0231    |
| rollout/                |            |
|    ep_len_mean          | 82         |
|    ep_rew_mean          | 22.2       |
| time/                   |            |
|    fps                  | 45         |
|    iterations           | 268        |
|    time_elapsed         | 24189      |
|    total_timesteps      | 1097728    |
| train/                  |            |
|    approx_kl            | 0.05933869 |
|    clip_fraction        | 0.469      |
|    clip_range           | 0.2        |
|    entropy_loss         | -0.179     |
|    explained_variance   | 0.966      |
|    learning_rate        | 0.0003     |
|    loss                 | -0.0166    |
|    n_updates            | 2670       |
|    policy_gradient_loss | 0.0063     |
|    std                  | 0.297      |
|    value_loss           | 0.0227     |
----------------------------------------
----------------------------------------
| energy/                 |            |
|    E_damp_J             | 0.0303     |
|    E_fric_J             | 0.00719    |
|    E_norm_J             | 0.019      |
|    W_neg_J              | 0.0459     |
|    W_pos_J              | 0.0633     |
| reward/                 |            |
|    r_energy             | -0.0843    |
| rollout/                |            |
|    ep_len_mean          | 82         |
|    ep_rew_mean          | 22.3       |
| time/                   |            |
|    fps                  | 45         |
|    iterations           | 269        |
|    time_elapsed         | 24279      |
|    total_timesteps      | 1101824    |
| train/                  |            |
|    approx_kl            | 0.06911667 |
|    clip_fraction        | 0.474      |
|    clip_range           | 0.2        |
|    entropy_loss         | -0.144     |
|    explained_variance   | 0.954      |
|    learning_rate        | 0.0003     |
|    loss                 | 0.0025     |
|    n_updates            | 2680       |
|    policy_gradient_loss | -4.32e-05  |
|    std                  | 0.296      |
|    value_loss           | 0.0307     |
----------------------------------------
----------------------------------------
| energy/                 |            |
|    E_damp_J             | 0.00774    |
|    E_fric_J             | 0.00641    |
|    E_norm_J             | 0.00122    |
|    W_neg_J              | 0.0123     |
|    W_pos_J              | 0.0258     |
| reward/                 |            |
|    r_energy             | -0.0234    |
| rollout/                |            |
|    ep_len_mean          | 82         |
|    ep_rew_mean          | 22.4       |
| time/                   |            |
|    fps                  | 45         |
|    iterations           | 270        |
|    time_elapsed         | 24368      |
|    total_timesteps      | 1105920    |
| train/                  |            |
|    approx_kl            | 0.06840466 |
|    clip_fraction        | 0.481      |
|    clip_range           | 0.2        |
|    entropy_loss         | -0.119     |
|    explained_variance   | 0.959      |
|    learning_rate        | 0.0003     |
|    loss                 | 0.00673    |
|    n_updates            | 2690       |
|    policy_gradient_loss | 0.00385    |
|    std                  | 0.296      |
|    value_loss           | 0.0268     |
----------------------------------------
-----------------------------------------
| energy/                 |             |
|    E_damp_J             | 0.0292      |
|    E_fric_J             | 0.00711     |
|    E_norm_J             | 0.0187      |
|    W_neg_J              | 0.0394      |
|    W_pos_J              | 0.0659      |
| reward/                 |             |
|    r_energy             | -0.0803     |
| rollout/                |             |
|    ep_len_mean          | 82          |
|    ep_rew_mean          | 22.4        |
| time/                   |             |
|    fps                  | 45          |
|    iterations           | 271         |
|    time_elapsed         | 24457       |
|    total_timesteps      | 1110016     |
| train/                  |             |
|    approx_kl            | 0.052361466 |
|    clip_fraction        | 0.459       |
|    clip_range           | 0.2         |
|    entropy_loss         | -0.0963     |
|    explained_variance   | 0.968       |
|    learning_rate        | 0.0003      |
|    loss                 | -0.0238     |
|    n_updates            | 2700        |
|    policy_gradient_loss | 0.00863     |
|    std                  | 0.295       |
|    value_loss           | 0.0188      |
-----------------------------------------
-----------------------------------------
| energy/                 |             |
|    E_damp_J             | 0.00784     |
|    E_fric_J             | 0.00645     |
|    E_norm_J             | 0.00118     |
|    W_neg_J              | 0.0121      |
|    W_pos_J              | 0.027       |
| reward/                 |             |
|    r_energy             | -0.0237     |
| rollout/                |             |
|    ep_len_mean          | 82          |
|    ep_rew_mean          | 22.5        |
| time/                   |             |
|    fps                  | 45          |
|    iterations           | 272         |
|    time_elapsed         | 24544       |
|    total_timesteps      | 1114112     |
| train/                  |             |
|    approx_kl            | 0.059701525 |
|    clip_fraction        | 0.474       |
|    clip_range           | 0.2         |
|    entropy_loss         | -0.0689     |
|    explained_variance   | 0.959       |
|    learning_rate        | 0.0003      |
|    loss                 | 0.0034      |
|    n_updates            | 2710        |
|    policy_gradient_loss | 0.00442     |
|    std                  | 0.294       |
|    value_loss           | 0.0247      |
-----------------------------------------
-----------------------------------------
| energy/                 |             |
|    E_damp_J             | 0.0331      |
|    E_fric_J             | 0.00775     |
|    E_norm_J             | 0.019       |
|    W_neg_J              | 0.0485      |
|    W_pos_J              | 0.0729      |
| reward/                 |             |
|    r_energy             | -0.0904     |
| rollout/                |             |
|    ep_len_mean          | 82          |
|    ep_rew_mean          | 22.4        |
| time/                   |             |
|    fps                  | 45          |
|    iterations           | 273         |
|    time_elapsed         | 24631       |
|    total_timesteps      | 1118208     |
| train/                  |             |
|    approx_kl            | 0.061751403 |
|    clip_fraction        | 0.464       |
|    clip_range           | 0.2         |
|    entropy_loss         | -0.0594     |
|    explained_variance   | 0.96        |
|    learning_rate        | 0.0003      |
|    loss                 | 0.00565     |
|    n_updates            | 2720        |
|    policy_gradient_loss | 0.0087      |
|    std                  | 0.295       |
|    value_loss           | 0.0222      |
-----------------------------------------
-----------------------------------------
| energy/                 |             |
|    E_damp_J             | 0.00804     |
|    E_fric_J             | 0.0066      |
|    E_norm_J             | 0.00117     |
|    W_neg_J              | 0.012       |
|    W_pos_J              | 0.0275      |
| reward/                 |             |
|    r_energy             | -0.0239     |
| rollout/                |             |
|    ep_len_mean          | 82          |
|    ep_rew_mean          | 22.3        |
| time/                   |             |
|    fps                  | 45          |
|    iterations           | 274         |
|    time_elapsed         | 24719       |
|    total_timesteps      | 1122304     |
| train/                  |             |
|    approx_kl            | 0.076403774 |
|    clip_fraction        | 0.471       |
|    clip_range           | 0.2         |
|    entropy_loss         | -0.0528     |
|    explained_variance   | 0.96        |
|    learning_rate        | 0.0003      |
|    loss                 | 0.0112      |
|    n_updates            | 2730        |
|    policy_gradient_loss | 0.00353     |
|    std                  | 0.295       |
|    value_loss           | 0.0277      |
-----------------------------------------
----------------------------------------
| energy/                 |            |
|    E_damp_J             | 0.0327     |
|    E_fric_J             | 0.00754    |
|    E_norm_J             | 0.0193     |
|    W_neg_J              | 0.0506     |
|    W_pos_J              | 0.0669     |
| reward/                 |            |
|    r_energy             | -0.0898    |
| rollout/                |            |
|    ep_len_mean          | 82         |
|    ep_rew_mean          | 22.4       |
| time/                   |            |
|    fps                  | 45         |
|    iterations           | 275        |
|    time_elapsed         | 24807      |
|    total_timesteps      | 1126400    |
| train/                  |            |
|    approx_kl            | 0.06934893 |
|    clip_fraction        | 0.517      |
|    clip_range           | 0.2        |
|    entropy_loss         | -0.0272    |
|    explained_variance   | 0.939      |
|    learning_rate        | 0.0003     |
|    loss                 | 0.0253     |
|    n_updates            | 2740       |
|    policy_gradient_loss | 0.0121     |
|    std                  | 0.294      |
|    value_loss           | 0.0402     |
----------------------------------------
----------------------------------------
| energy/                 |            |
|    E_damp_J             | 0.00779    |
|    E_fric_J             | 0.00637    |
|    E_norm_J             | 0.0012     |
|    W_neg_J              | 0.011      |
|    W_pos_J              | 0.0285     |
| reward/                 |            |
|    r_energy             | -0.0234    |
| rollout/                |            |
|    ep_len_mean          | 82         |
|    ep_rew_mean          | 22.4       |
| time/                   |            |
|    fps                  | 45         |
|    iterations           | 276        |
|    time_elapsed         | 24895      |
|    total_timesteps      | 1130496    |
| train/                  |            |
|    approx_kl            | 0.07923445 |
|    clip_fraction        | 0.459      |
|    clip_range           | 0.2        |
|    entropy_loss         | -0.0114    |
|    explained_variance   | 0.958      |
|    learning_rate        | 0.0003     |
|    loss                 | 0.0521     |
|    n_updates            | 2750       |
|    policy_gradient_loss | 0.00629    |
|    std                  | 0.295      |
|    value_loss           | 0.0264     |
----------------------------------------
----------------------------------------
| energy/                 |            |
|    E_damp_J             | 0.0388     |
|    E_fric_J             | 0.00813    |
|    E_norm_J             | 0.0189     |
|    W_neg_J              | 0.0497     |
|    W_pos_J              | 0.083      |
| reward/                 |            |
|    r_energy             | -0.0972    |
| rollout/                |            |
|    ep_len_mean          | 82         |
|    ep_rew_mean          | 22.3       |
| time/                   |            |
|    fps                  | 45         |
|    iterations           | 277        |
|    time_elapsed         | 24984      |
|    total_timesteps      | 1134592    |
| train/                  |            |
|    approx_kl            | 0.06324394 |
|    clip_fraction        | 0.482      |
|    clip_range           | 0.2        |
|    entropy_loss         | -0.0241    |
|    explained_variance   | 0.945      |
|    learning_rate        | 0.0003     |
|    loss                 | 0.0318     |
|    n_updates            | 2760       |
|    policy_gradient_loss | 3.24e-05   |
|    std                  | 0.296      |
|    value_loss           | 0.0379     |
----------------------------------------
----------------------------------------
| energy/                 |            |
|    E_damp_J             | 0.0077     |
|    E_fric_J             | 0.00655    |
|    E_norm_J             | 0.00119    |
|    W_neg_J              | 0.0116     |
|    W_pos_J              | 0.027      |
| reward/                 |            |
|    r_energy             | -0.0234    |
| rollout/                |            |
|    ep_len_mean          | 82         |
|    ep_rew_mean          | 22.4       |
| time/                   |            |
|    fps                  | 45         |
|    iterations           | 278        |
|    time_elapsed         | 25072      |
|    total_timesteps      | 1138688    |
| train/                  |            |
|    approx_kl            | 0.06548704 |
|    clip_fraction        | 0.47       |
|    clip_range           | 0.2        |
|    entropy_loss         | -0.0301    |
|    explained_variance   | 0.949      |
|    learning_rate        | 0.0003     |
|    loss                 | 0.0479     |
|    n_updates            | 2770       |
|    policy_gradient_loss | 0.00279    |
|    std                  | 0.296      |
|    value_loss           | 0.0284     |
----------------------------------------
-----------------------------------------
| energy/                 |             |
|    E_damp_J             | 0.0303      |
|    E_fric_J             | 0.00735     |
|    E_norm_J             | 0.0183      |
|    W_neg_J              | 0.0426      |
|    W_pos_J              | 0.0692      |
| reward/                 |             |
|    r_energy             | -0.0834     |
| rollout/                |             |
|    ep_len_mean          | 82          |
|    ep_rew_mean          | 22.5        |
| time/                   |             |
|    fps                  | 45          |
|    iterations           | 279         |
|    time_elapsed         | 25160       |
|    total_timesteps      | 1142784     |
| train/                  |             |
|    approx_kl            | 0.075837135 |
|    clip_fraction        | 0.475       |
|    clip_range           | 0.2         |
|    entropy_loss         | -0.0215     |
|    explained_variance   | 0.955       |
|    learning_rate        | 0.0003      |
|    loss                 | 0.0492      |
|    n_updates            | 2780        |
|    policy_gradient_loss | 0.00407     |
|    std                  | 0.296       |
|    value_loss           | 0.029       |
-----------------------------------------
----------------------------------------
| energy/                 |            |
|    E_damp_J             | 0.00787    |
|    E_fric_J             | 0.00647    |
|    E_norm_J             | 0.00122    |
|    W_neg_J              | 0.0121     |
|    W_pos_J              | 0.0262     |
| reward/                 |            |
|    r_energy             | -0.0235    |
| rollout/                |            |
|    ep_len_mean          | 82         |
|    ep_rew_mean          | 22.7       |
| time/                   |            |
|    fps                  | 45         |
|    iterations           | 280        |
|    time_elapsed         | 25249      |
|    total_timesteps      | 1146880    |
| train/                  |            |
|    approx_kl            | 0.06121383 |
|    clip_fraction        | 0.474      |
|    clip_range           | 0.2        |
|    entropy_loss         | -0.00822   |
|    explained_variance   | 0.962      |
|    learning_rate        | 0.0003     |
|    loss                 | 0.00993    |
|    n_updates            | 2790       |
|    policy_gradient_loss | 0.00738    |
|    std                  | 0.296      |
|    value_loss           | 0.0242     |
----------------------------------------
----------------------------------------
| energy/                 |            |
|    E_damp_J             | 0.0355     |
|    E_fric_J             | 0.0078     |
|    E_norm_J             | 0.0191     |
|    W_neg_J              | 0.0487     |
|    W_pos_J              | 0.0809     |
| reward/                 |            |
|    r_energy             | -0.0942    |
| rollout/                |            |
|    ep_len_mean          | 82         |
|    ep_rew_mean          | 22.7       |
| time/                   |            |
|    fps                  | 45         |
|    iterations           | 281        |
|    time_elapsed         | 25336      |
|    total_timesteps      | 1150976    |
| train/                  |            |
|    approx_kl            | 0.08331101 |
|    clip_fraction        | 0.511      |
|    clip_range           | 0.2        |
|    entropy_loss         | 0.00557    |
|    explained_variance   | 0.954      |
|    learning_rate        | 0.0003     |
|    loss                 | 0.0142     |
|    n_updates            | 2800       |
|    policy_gradient_loss | 0.0152     |
|    std                  | 0.295      |
|    value_loss           | 0.0244     |
----------------------------------------
---------------------------------------
| energy/                 |           |
|    E_damp_J             | 0.0075    |
|    E_fric_J             | 0.0065    |
|    E_norm_J             | 0.00122   |
|    W_neg_J              | 0.011     |
|    W_pos_J              | 0.0269    |
| reward/                 |           |
|    r_energy             | -0.0229   |
| rollout/                |           |
|    ep_len_mean          | 82        |
|    ep_rew_mean          | 22.6      |
| time/                   |           |
|    fps                  | 45        |
|    iterations           | 282       |
|    time_elapsed         | 25426     |
|    total_timesteps      | 1155072   |
| train/                  |           |
|    approx_kl            | 0.0642453 |
|    clip_fraction        | 0.494     |
|    clip_range           | 0.2       |
|    entropy_loss         | -0.0103   |
|    explained_variance   | 0.955     |
|    learning_rate        | 0.0003    |
|    loss                 | 0.0115    |
|    n_updates            | 2810      |
|    policy_gradient_loss | 0.00691   |
|    std                  | 0.296     |
|    value_loss           | 0.0278    |
---------------------------------------
----------------------------------------
| energy/                 |            |
|    E_damp_J             | 0.0359     |
|    E_fric_J             | 0.00783    |
|    E_norm_J             | 0.0192     |
|    W_neg_J              | 0.0497     |
|    W_pos_J              | 0.0785     |
| reward/                 |            |
|    r_energy             | -0.0944    |
| rollout/                |            |
|    ep_len_mean          | 82         |
|    ep_rew_mean          | 22.4       |
| time/                   |            |
|    fps                  | 45         |
|    iterations           | 283        |
|    time_elapsed         | 25515      |
|    total_timesteps      | 1159168    |
| train/                  |            |
|    approx_kl            | 0.07112422 |
|    clip_fraction        | 0.495      |
|    clip_range           | 0.2        |
|    entropy_loss         | -0.00295   |
|    explained_variance   | 0.954      |
|    learning_rate        | 0.0003     |
|    loss                 | 0.0105     |
|    n_updates            | 2820       |
|    policy_gradient_loss | 0.00109    |
|    std                  | 0.296      |
|    value_loss           | 0.0257     |
----------------------------------------
----------------------------------------
| energy/                 |            |
|    E_damp_J             | 0.00792    |
|    E_fric_J             | 0.00651    |
|    E_norm_J             | 0.00117    |
|    W_neg_J              | 0.0125     |
|    W_pos_J              | 0.0253     |
| reward/                 |            |
|    r_energy             | -0.0235    |
| rollout/                |            |
|    ep_len_mean          | 82         |
|    ep_rew_mean          | 22.4       |
| time/                   |            |
|    fps                  | 45         |
|    iterations           | 284        |
|    time_elapsed         | 25602      |
|    total_timesteps      | 1163264    |
| train/                  |            |
|    approx_kl            | 0.07280883 |
|    clip_fraction        | 0.488      |
|    clip_range           | 0.2        |
|    entropy_loss         | -0.00175   |
|    explained_variance   | 0.956      |
|    learning_rate        | 0.0003     |
|    loss                 | 0.00934    |
|    n_updates            | 2830       |
|    policy_gradient_loss | 0.00852    |
|    std                  | 0.297      |
|    value_loss           | 0.0309     |
----------------------------------------
-----------------------------------------
| energy/                 |             |
|    E_damp_J             | 0.0305      |
|    E_fric_J             | 0.00693     |
|    E_norm_J             | 0.0178      |
|    W_neg_J              | 0.0384      |
|    W_pos_J              | 0.0642      |
| reward/                 |             |
|    r_energy             | -0.0788     |
| rollout/                |             |
|    ep_len_mean          | 82          |
|    ep_rew_mean          | 22.5        |
| time/                   |             |
|    fps                  | 45          |
|    iterations           | 285         |
|    time_elapsed         | 25689       |
|    total_timesteps      | 1167360     |
| train/                  |             |
|    approx_kl            | 0.073244885 |
|    clip_fraction        | 0.512       |
|    clip_range           | 0.2         |
|    entropy_loss         | 0.0054      |
|    explained_variance   | 0.952       |
|    learning_rate        | 0.0003      |
|    loss                 | -0.0107     |
|    n_updates            | 2840        |
|    policy_gradient_loss | 0.0118      |
|    std                  | 0.297       |
|    value_loss           | 0.0268      |
-----------------------------------------
----------------------------------------
| energy/                 |            |
|    E_damp_J             | 0.00835    |
|    E_fric_J             | 0.00655    |
|    E_norm_J             | 0.00119    |
|    W_neg_J              | 0.0133     |
|    W_pos_J              | 0.0253     |
| reward/                 |            |
|    r_energy             | -0.0242    |
| rollout/                |            |
|    ep_len_mean          | 82         |
|    ep_rew_mean          | 22.5       |
| time/                   |            |
|    fps                  | 45         |
|    iterations           | 286        |
|    time_elapsed         | 25777      |
|    total_timesteps      | 1171456    |
| train/                  |            |
|    approx_kl            | 0.07274389 |
|    clip_fraction        | 0.491      |
|    clip_range           | 0.2        |
|    entropy_loss         | -0.00183   |
|    explained_variance   | 0.952      |
|    learning_rate        | 0.0003     |
|    loss                 | 0.0184     |
|    n_updates            | 2850       |
|    policy_gradient_loss | 0.00432    |
|    std                  | 0.298      |
|    value_loss           | 0.032      |
----------------------------------------
-----------------------------------------
| energy/                 |             |
|    E_damp_J             | 0.00781     |
|    E_fric_J             | 0.0066      |
|    E_norm_J             | 0.00123     |
|    W_neg_J              | 0.0123      |
|    W_pos_J              | 0.0248      |
| reward/                 |             |
|    r_energy             | -0.0233     |
| rollout/                |             |
|    ep_len_mean          | 82          |
|    ep_rew_mean          | 22.6        |
| time/                   |             |
|    fps                  | 45          |
|    iterations           | 287         |
|    time_elapsed         | 25864       |
|    total_timesteps      | 1175552     |
| train/                  |             |
|    approx_kl            | 0.057078782 |
|    clip_fraction        | 0.493       |
|    clip_range           | 0.2         |
|    entropy_loss         | -0.0041     |
|    explained_variance   | 0.961       |
|    learning_rate        | 0.0003      |
|    loss                 | 0.0159      |
|    n_updates            | 2860        |
|    policy_gradient_loss | 0.00605     |
|    std                  | 0.298       |
|    value_loss           | 0.0224      |
-----------------------------------------
-----------------------------------------
| energy/                 |             |
|    E_damp_J             | 0.00788     |
|    E_fric_J             | 0.00661     |
|    E_norm_J             | 0.00121     |
|    W_neg_J              | 0.0121      |
|    W_pos_J              | 0.0262      |
| reward/                 |             |
|    r_energy             | -0.0236     |
| rollout/                |             |
|    ep_len_mean          | 82          |
|    ep_rew_mean          | 22.6        |
| time/                   |             |
|    fps                  | 45          |
|    iterations           | 288         |
|    time_elapsed         | 25954       |
|    total_timesteps      | 1179648     |
| train/                  |             |
|    approx_kl            | 0.059048254 |
|    clip_fraction        | 0.474       |
|    clip_range           | 0.2         |
|    entropy_loss         | -0.0111     |
|    explained_variance   | 0.946       |
|    learning_rate        | 0.0003      |
|    loss                 | -0.00611    |
|    n_updates            | 2870        |
|    policy_gradient_loss | 0.00231     |
|    std                  | 0.299       |
|    value_loss           | 0.033       |
-----------------------------------------
----------------------------------------
| energy/                 |            |
|    E_damp_J             | 0.00791    |
|    E_fric_J             | 0.00655    |
|    E_norm_J             | 0.00121    |
|    W_neg_J              | 0.0126     |
|    W_pos_J              | 0.0253     |
| reward/                 |            |
|    r_energy             | -0.0236    |
| rollout/                |            |
|    ep_len_mean          | 82         |
|    ep_rew_mean          | 22.5       |
| time/                   |            |
|    fps                  | 45         |
|    iterations           | 289        |
|    time_elapsed         | 26043      |
|    total_timesteps      | 1183744    |
| train/                  |            |
|    approx_kl            | 0.07316455 |
|    clip_fraction        | 0.515      |
|    clip_range           | 0.2        |
|    entropy_loss         | -0.0157    |
|    explained_variance   | 0.959      |
|    learning_rate        | 0.0003     |
|    loss                 | 0.0178     |
|    n_updates            | 2880       |
|    policy_gradient_loss | 0.00948    |
|    std                  | 0.299      |
|    value_loss           | 0.0275     |
----------------------------------------
----------------------------------------
| energy/                 |            |
|    E_damp_J             | 0.00791    |
|    E_fric_J             | 0.00636    |
|    E_norm_J             | 0.00116    |
|    W_neg_J              | 0.0126     |
|    W_pos_J              | 0.0246     |
| reward/                 |            |
|    r_energy             | -0.0232    |
| rollout/                |            |
|    ep_len_mean          | 82         |
|    ep_rew_mean          | 22.5       |
| time/                   |            |
|    fps                  | 45         |
|    iterations           | 290        |
|    time_elapsed         | 26133      |
|    total_timesteps      | 1187840    |
| train/                  |            |
|    approx_kl            | 0.07067982 |
|    clip_fraction        | 0.515      |
|    clip_range           | 0.2        |
|    entropy_loss         | -0.017     |
|    explained_variance   | 0.946      |
|    learning_rate        | 0.0003     |
|    loss                 | 0.0298     |
|    n_updates            | 2890       |
|    policy_gradient_loss | 0.0147     |
|    std                  | 0.3        |
|    value_loss           | 0.0342     |
----------------------------------------
----------------------------------------
| energy/                 |            |
|    E_damp_J             | 0.0082     |
|    E_fric_J             | 0.00646    |
|    E_norm_J             | 0.00118    |
|    W_neg_J              | 0.0125     |
|    W_pos_J              | 0.0256     |
| reward/                 |            |
|    r_energy             | -0.0237    |
| rollout/                |            |
|    ep_len_mean          | 82         |
|    ep_rew_mean          | 22.5       |
| time/                   |            |
|    fps                  | 45         |
|    iterations           | 291        |
|    time_elapsed         | 26220      |
|    total_timesteps      | 1191936    |
| train/                  |            |
|    approx_kl            | 0.06363763 |
|    clip_fraction        | 0.483      |
|    clip_range           | 0.2        |
|    entropy_loss         | 0.0304     |
|    explained_variance   | 0.961      |
|    learning_rate        | 0.0003     |
|    loss                 | 0.0148     |
|    n_updates            | 2900       |
|    policy_gradient_loss | 0.0063     |
|    std                  | 0.299      |
|    value_loss           | 0.0224     |
----------------------------------------
----------------------------------------
| energy/                 |            |
|    E_damp_J             | 0.00796    |
|    E_fric_J             | 0.00667    |
|    E_norm_J             | 0.0012     |
|    W_neg_J              | 0.0125     |
|    W_pos_J              | 0.0251     |
| reward/                 |            |
|    r_energy             | -0.0235    |
| rollout/                |            |
|    ep_len_mean          | 82         |
|    ep_rew_mean          | 22.6       |
| time/                   |            |
|    fps                  | 45         |
|    iterations           | 292        |
|    time_elapsed         | 26308      |
|    total_timesteps      | 1196032    |
| train/                  |            |
|    approx_kl            | 0.06478709 |
|    clip_fraction        | 0.484      |
|    clip_range           | 0.2        |
|    entropy_loss         | 0.0464     |
|    explained_variance   | 0.959      |
|    learning_rate        | 0.0003     |
|    loss                 | 0.0344     |
|    n_updates            | 2910       |
|    policy_gradient_loss | 0.00639    |
|    std                  | 0.299      |
|    value_loss           | 0.0252     |
----------------------------------------
----------------------------------------
| energy/                 |            |
|    E_damp_J             | 0.00809    |
|    E_fric_J             | 0.0066     |
|    E_norm_J             | 0.00121    |
|    W_neg_J              | 0.0121     |
|    W_pos_J              | 0.0264     |
| reward/                 |            |
|    r_energy             | -0.0237    |
| rollout/                |            |
|    ep_len_mean          | 82         |
|    ep_rew_mean          | 22.8       |
| time/                   |            |
|    fps                  | 45         |
|    iterations           | 293        |
|    time_elapsed         | 26396      |
|    total_timesteps      | 1200128    |
| train/                  |            |
|    approx_kl            | 0.07121563 |
|    clip_fraction        | 0.491      |
|    clip_range           | 0.2        |
|    entropy_loss         | 0.0614     |
|    explained_variance   | 0.96       |
|    learning_rate        | 0.0003     |
|    loss                 | 0.0194     |
|    n_updates            | 2920       |
|    policy_gradient_loss | 0.00528    |
|    std                  | 0.299      |
|    value_loss           | 0.0255     |
----------------------------------------
----------------------------------------
| energy/                 |            |
|    E_damp_J             | 0.0082     |
|    E_fric_J             | 0.00649    |
|    E_norm_J             | 0.00121    |
|    W_neg_J              | 0.013      |
|    W_pos_J              | 0.0261     |
| reward/                 |            |
|    r_energy             | -0.0242    |
| rollout/                |            |
|    ep_len_mean          | 82         |
|    ep_rew_mean          | 22.7       |
| time/                   |            |
|    fps                  | 45         |
|    iterations           | 294        |
|    time_elapsed         | 26484      |
|    total_timesteps      | 1204224    |
| train/                  |            |
|    approx_kl            | 0.06743079 |
|    clip_fraction        | 0.481      |
|    clip_range           | 0.2        |
|    entropy_loss         | 0.085      |
|    explained_variance   | 0.96       |
|    learning_rate        | 0.0003     |
|    loss                 | 0.0128     |
|    n_updates            | 2930       |
|    policy_gradient_loss | 0.00544    |
|    std                  | 0.299      |
|    value_loss           | 0.0225     |
----------------------------------------
----------------------------------------
| energy/                 |            |
|    E_damp_J             | 0.00813    |
|    E_fric_J             | 0.00662    |
|    E_norm_J             | 0.00122    |
|    W_neg_J              | 0.013      |
|    W_pos_J              | 0.0267     |
| reward/                 |            |
|    r_energy             | -0.0244    |
| rollout/                |            |
|    ep_len_mean          | 82         |
|    ep_rew_mean          | 22.6       |
| time/                   |            |
|    fps                  | 45         |
|    iterations           | 295        |
|    time_elapsed         | 26572      |
|    total_timesteps      | 1208320    |
| train/                  |            |
|    approx_kl            | 0.07951383 |
|    clip_fraction        | 0.5        |
|    clip_range           | 0.2        |
|    entropy_loss         | 0.0864     |
|    explained_variance   | 0.957      |
|    learning_rate        | 0.0003     |
|    loss                 | 0.00586    |
|    n_updates            | 2940       |
|    policy_gradient_loss | 0.00345    |
|    std                  | 0.3        |
|    value_loss           | 0.0298     |
----------------------------------------
-----------------------------------------
| energy/                 |             |
|    E_damp_J             | 0.0082      |
|    E_fric_J             | 0.0067      |
|    E_norm_J             | 0.00121     |
|    W_neg_J              | 0.0123      |
|    W_pos_J              | 0.0268      |
| reward/                 |             |
|    r_energy             | -0.0241     |
| rollout/                |             |
|    ep_len_mean          | 82          |
|    ep_rew_mean          | 22.6        |
| time/                   |             |
|    fps                  | 45          |
|    iterations           | 296         |
|    time_elapsed         | 26661       |
|    total_timesteps      | 1212416     |
| train/                  |             |
|    approx_kl            | 0.082472235 |
|    clip_fraction        | 0.521       |
|    clip_range           | 0.2         |
|    entropy_loss         | 0.0694      |
|    explained_variance   | 0.924       |
|    learning_rate        | 0.0003      |
|    loss                 | 0.0412      |
|    n_updates            | 2950        |
|    policy_gradient_loss | 0.0161      |
|    std                  | 0.3         |
|    value_loss           | 0.0467      |
-----------------------------------------
----------------------------------------
| energy/                 |            |
|    E_damp_J             | 0.00791    |
|    E_fric_J             | 0.00672    |
|    E_norm_J             | 0.00123    |
|    W_neg_J              | 0.0116     |
|    W_pos_J              | 0.0273     |
| reward/                 |            |
|    r_energy             | -0.0237    |
| rollout/                |            |
|    ep_len_mean          | 82         |
|    ep_rew_mean          | 22.7       |
| time/                   |            |
|    fps                  | 45         |
|    iterations           | 297        |
|    time_elapsed         | 26750      |
|    total_timesteps      | 1216512    |
| train/                  |            |
|    approx_kl            | 0.08357829 |
|    clip_fraction        | 0.553      |
|    clip_range           | 0.2        |
|    entropy_loss         | 0.0742     |
|    explained_variance   | 0.916      |
|    learning_rate        | 0.0003     |
|    loss                 | 0.0293     |
|    n_updates            | 2960       |
|    policy_gradient_loss | 0.0116     |
|    std                  | 0.3        |
|    value_loss           | 0.0559     |
----------------------------------------
-----------------------------------------
| energy/                 |             |
|    E_damp_J             | 0.00828     |
|    E_fric_J             | 0.00636     |
|    E_norm_J             | 0.00122     |
|    W_neg_J              | 0.0119      |
|    W_pos_J              | 0.0277      |
| reward/                 |             |
|    r_energy             | -0.024      |
| rollout/                |             |
|    ep_len_mean          | 82          |
|    ep_rew_mean          | 22.8        |
| time/                   |             |
|    fps                  | 45          |
|    iterations           | 298         |
|    time_elapsed         | 26840       |
|    total_timesteps      | 1220608     |
| train/                  |             |
|    approx_kl            | 0.061744668 |
|    clip_fraction        | 0.494       |
|    clip_range           | 0.2         |
|    entropy_loss         | 0.0757      |
|    explained_variance   | 0.956       |
|    learning_rate        | 0.0003      |
|    loss                 | 0.0074      |
|    n_updates            | 2970        |
|    policy_gradient_loss | 0.0122      |
|    std                  | 0.3         |
|    value_loss           | 0.0251      |
-----------------------------------------
----------------------------------------
| energy/                 |            |
|    E_damp_J             | 0.00801    |
|    E_fric_J             | 0.00667    |
|    E_norm_J             | 0.00126    |
|    W_neg_J              | 0.0117     |
|    W_pos_J              | 0.0274     |
| reward/                 |            |
|    r_energy             | -0.0238    |
| rollout/                |            |
|    ep_len_mean          | 82         |
|    ep_rew_mean          | 22.7       |
| time/                   |            |
|    fps                  | 45         |
|    iterations           | 299        |
|    time_elapsed         | 26929      |
|    total_timesteps      | 1224704    |
| train/                  |            |
|    approx_kl            | 0.07590741 |
|    clip_fraction        | 0.472      |
|    clip_range           | 0.2        |
|    entropy_loss         | 0.0786     |
|    explained_variance   | 0.96       |
|    learning_rate        | 0.0003     |
|    loss                 | 0.0219     |
|    n_updates            | 2980       |
|    policy_gradient_loss | 0.0124     |
|    std                  | 0.301      |
|    value_loss           | 0.0248     |
----------------------------------------
----------------------------------------
| energy/                 |            |
|    E_damp_J             | 0.0093     |
|    E_fric_J             | 0.00677    |
|    E_norm_J             | 0.0016     |
|    W_neg_J              | 0.0122     |
|    W_pos_J              | 0.0357     |
| reward/                 |            |
|    r_energy             | -0.0277    |
| rollout/                |            |
|    ep_len_mean          | 82         |
|    ep_rew_mean          | 22.8       |
| time/                   |            |
|    fps                  | 45         |
|    iterations           | 300        |
|    time_elapsed         | 27016      |
|    total_timesteps      | 1228800    |
| train/                  |            |
|    approx_kl            | 0.07407488 |
|    clip_fraction        | 0.464      |
|    clip_range           | 0.2        |
|    entropy_loss         | 0.0983     |
|    explained_variance   | 0.964      |
|    learning_rate        | 0.0003     |
|    loss                 | 0.0459     |
|    n_updates            | 2990       |
|    policy_gradient_loss | 0.00619    |
|    std                  | 0.3        |
|    value_loss           | 0.0218     |
----------------------------------------
----------------------------------------
| energy/                 |            |
|    E_damp_J             | 0.00793    |
|    E_fric_J             | 0.00662    |
|    E_norm_J             | 0.00121    |
|    W_neg_J              | 0.0113     |
|    W_pos_J              | 0.0269     |
| reward/                 |            |
|    r_energy             | -0.0233    |
| rollout/                |            |
|    ep_len_mean          | 82         |
|    ep_rew_mean          | 22.9       |
| time/                   |            |
|    fps                  | 45         |
|    iterations           | 301        |
|    time_elapsed         | 27104      |
|    total_timesteps      | 1232896    |
| train/                  |            |
|    approx_kl            | 0.09475626 |
|    clip_fraction        | 0.499      |
|    clip_range           | 0.2        |
|    entropy_loss         | 0.112      |
|    explained_variance   | 0.961      |
|    learning_rate        | 0.0003     |
|    loss                 | 0.0343     |
|    n_updates            | 3000       |
|    policy_gradient_loss | 0.00735    |
|    std                  | 0.3        |
|    value_loss           | 0.0241     |
----------------------------------------
-----------------------------------------
| energy/                 |             |
|    E_damp_J             | 0.0176      |
|    E_fric_J             | 0.00785     |
|    E_norm_J             | 0.0184      |
|    W_neg_J              | 0.0197      |
|    W_pos_J              | 0.0549      |
| reward/                 |             |
|    r_energy             | -0.0594     |
| rollout/                |             |
|    ep_len_mean          | 82          |
|    ep_rew_mean          | 22.7        |
| time/                   |             |
|    fps                  | 45          |
|    iterations           | 302         |
|    time_elapsed         | 27192       |
|    total_timesteps      | 1236992     |
| train/                  |             |
|    approx_kl            | 0.068715006 |
|    clip_fraction        | 0.507       |
|    clip_range           | 0.2         |
|    entropy_loss         | 0.108       |
|    explained_variance   | 0.955       |
|    learning_rate        | 0.0003      |
|    loss                 | 0.014       |
|    n_updates            | 3010        |
|    policy_gradient_loss | 0.00956     |
|    std                  | 0.301       |
|    value_loss           | 0.0245      |
-----------------------------------------
-----------------------------------------
| energy/                 |             |
|    E_damp_J             | 0.00781     |
|    E_fric_J             | 0.00691     |
|    E_norm_J             | 0.00126     |
|    W_neg_J              | 0.0104      |
|    W_pos_J              | 0.0285      |
| reward/                 |             |
|    r_energy             | -0.0234     |
| rollout/                |             |
|    ep_len_mean          | 82          |
|    ep_rew_mean          | 22.7        |
| time/                   |             |
|    fps                  | 45          |
|    iterations           | 303         |
|    time_elapsed         | 27280       |
|    total_timesteps      | 1241088     |
| train/                  |             |
|    approx_kl            | 0.068037316 |
|    clip_fraction        | 0.501       |
|    clip_range           | 0.2         |
|    entropy_loss         | 0.115       |
|    explained_variance   | 0.953       |
|    learning_rate        | 0.0003      |
|    loss                 | -0.00138    |
|    n_updates            | 3020        |
|    policy_gradient_loss | 0.0083      |
|    std                  | 0.301       |
|    value_loss           | 0.0311      |
-----------------------------------------
-----------------------------------------
| energy/                 |             |
|    E_damp_J             | 0.0301      |
|    E_fric_J             | 0.00755     |
|    E_norm_J             | 0.0187      |
|    W_neg_J              | 0.0389      |
|    W_pos_J              | 0.069       |
| reward/                 |             |
|    r_energy             | -0.0815     |
| rollout/                |             |
|    ep_len_mean          | 82          |
|    ep_rew_mean          | 22.7        |
| time/                   |             |
|    fps                  | 45          |
|    iterations           | 304         |
|    time_elapsed         | 27367       |
|    total_timesteps      | 1245184     |
| train/                  |             |
|    approx_kl            | 0.060657244 |
|    clip_fraction        | 0.51        |
|    clip_range           | 0.2         |
|    entropy_loss         | 0.105       |
|    explained_variance   | 0.949       |
|    learning_rate        | 0.0003      |
|    loss                 | -0.0117     |
|    n_updates            | 3030        |
|    policy_gradient_loss | 0.0103      |
|    std                  | 0.302       |
|    value_loss           | 0.0309      |
-----------------------------------------
----------------------------------------
| energy/                 |            |
|    E_damp_J             | 0.00789    |
|    E_fric_J             | 0.00662    |
|    E_norm_J             | 0.00118    |
|    W_neg_J              | 0.0106     |
|    W_pos_J              | 0.0285     |
| reward/                 |            |
|    r_energy             | -0.0233    |
| rollout/                |            |
|    ep_len_mean          | 82         |
|    ep_rew_mean          | 22.8       |
| time/                   |            |
|    fps                  | 45         |
|    iterations           | 305        |
|    time_elapsed         | 27455      |
|    total_timesteps      | 1249280    |
| train/                  |            |
|    approx_kl            | 0.08499588 |
|    clip_fraction        | 0.478      |
|    clip_range           | 0.2        |
|    entropy_loss         | 0.11       |
|    explained_variance   | 0.954      |
|    learning_rate        | 0.0003     |
|    loss                 | 0.00698    |
|    n_updates            | 3040       |
|    policy_gradient_loss | 0.0084     |
|    std                  | 0.302      |
|    value_loss           | 0.0298     |
----------------------------------------
-----------------------------------------
| energy/                 |             |
|    E_damp_J             | 0.0311      |
|    E_fric_J             | 0.00761     |
|    E_norm_J             | 0.0195      |
|    W_neg_J              | 0.0423      |
|    W_pos_J              | 0.0699      |
| reward/                 |             |
|    r_energy             | -0.0852     |
| rollout/                |             |
|    ep_len_mean          | 82          |
|    ep_rew_mean          | 22.7        |
| time/                   |             |
|    fps                  | 45          |
|    iterations           | 306         |
|    time_elapsed         | 27543       |
|    total_timesteps      | 1253376     |
| train/                  |             |
|    approx_kl            | 0.083596714 |
|    clip_fraction        | 0.491       |
|    clip_range           | 0.2         |
|    entropy_loss         | 0.0954      |
|    explained_variance   | 0.957       |
|    learning_rate        | 0.0003      |
|    loss                 | 0.00885     |
|    n_updates            | 3050        |
|    policy_gradient_loss | 0.0134      |
|    std                  | 0.304       |
|    value_loss           | 0.0239      |
-----------------------------------------
-----------------------------------------
| energy/                 |             |
|    E_damp_J             | 0.00768     |
|    E_fric_J             | 0.00668     |
|    E_norm_J             | 0.00125     |
|    W_neg_J              | 0.0107      |
|    W_pos_J              | 0.0281      |
| reward/                 |             |
|    r_energy             | -0.0233     |
| rollout/                |             |
|    ep_len_mean          | 82          |
|    ep_rew_mean          | 22.6        |
| time/                   |             |
|    fps                  | 45          |
|    iterations           | 307         |
|    time_elapsed         | 27631       |
|    total_timesteps      | 1257472     |
| train/                  |             |
|    approx_kl            | 0.061367955 |
|    clip_fraction        | 0.501       |
|    clip_range           | 0.2         |
|    entropy_loss         | 0.099       |
|    explained_variance   | 0.935       |
|    learning_rate        | 0.0003      |
|    loss                 | 0.00372     |
|    n_updates            | 3060        |
|    policy_gradient_loss | 0.0118      |
|    std                  | 0.304       |
|    value_loss           | 0.045       |
-----------------------------------------
-----------------------------------------
| energy/                 |             |
|    E_damp_J             | 0.0294      |
|    E_fric_J             | 0.00782     |
|    E_norm_J             | 0.0193      |
|    W_neg_J              | 0.047       |
|    W_pos_J              | 0.0603      |
| reward/                 |             |
|    r_energy             | -0.0842     |
| rollout/                |             |
|    ep_len_mean          | 82          |
|    ep_rew_mean          | 22.6        |
| time/                   |             |
|    fps                  | 45          |
|    iterations           | 308         |
|    time_elapsed         | 27719       |
|    total_timesteps      | 1261568     |
| train/                  |             |
|    approx_kl            | 0.061023593 |
|    clip_fraction        | 0.477       |
|    clip_range           | 0.2         |
|    entropy_loss         | 0.0801      |
|    explained_variance   | 0.954       |
|    learning_rate        | 0.0003      |
|    loss                 | -0.0103     |
|    n_updates            | 3070        |
|    policy_gradient_loss | 0.0106      |
|    std                  | 0.305       |
|    value_loss           | 0.0272      |
-----------------------------------------
-----------------------------------------
| energy/                 |             |
|    E_damp_J             | 0.00769     |
|    E_fric_J             | 0.00667     |
|    E_norm_J             | 0.0013      |
|    W_neg_J              | 0.0108      |
|    W_pos_J              | 0.028       |
| reward/                 |             |
|    r_energy             | -0.0234     |
| rollout/                |             |
|    ep_len_mean          | 82          |
|    ep_rew_mean          | 22.8        |
| time/                   |             |
|    fps                  | 45          |
|    iterations           | 309         |
|    time_elapsed         | 27809       |
|    total_timesteps      | 1265664     |
| train/                  |             |
|    approx_kl            | 0.060320362 |
|    clip_fraction        | 0.482       |
|    clip_range           | 0.2         |
|    entropy_loss         | 0.0639      |
|    explained_variance   | 0.946       |
|    learning_rate        | 0.0003      |
|    loss                 | 0.0412      |
|    n_updates            | 3080        |
|    policy_gradient_loss | 0.00945     |
|    std                  | 0.305       |
|    value_loss           | 0.034       |
-----------------------------------------
-----------------------------------------
| energy/                 |             |
|    E_damp_J             | 0.0294      |
|    E_fric_J             | 0.00728     |
|    E_norm_J             | 0.0182      |
|    W_neg_J              | 0.0392      |
|    W_pos_J              | 0.0677      |
| reward/                 |             |
|    r_energy             | -0.0804     |
| rollout/                |             |
|    ep_len_mean          | 82          |
|    ep_rew_mean          | 22.9        |
| time/                   |             |
|    fps                  | 45          |
|    iterations           | 310         |
|    time_elapsed         | 27898       |
|    total_timesteps      | 1269760     |
| train/                  |             |
|    approx_kl            | 0.070724666 |
|    clip_fraction        | 0.489       |
|    clip_range           | 0.2         |
|    entropy_loss         | 0.0572      |
|    explained_variance   | 0.944       |
|    learning_rate        | 0.0003      |
|    loss                 | 0.0553      |
|    n_updates            | 3090        |
|    policy_gradient_loss | 0.0123      |
|    std                  | 0.306       |
|    value_loss           | 0.0303      |
-----------------------------------------
----------------------------------------
| energy/                 |            |
|    E_damp_J             | 0.00773    |
|    E_fric_J             | 0.00676    |
|    E_norm_J             | 0.00123    |
|    W_neg_J              | 0.0106     |
|    W_pos_J              | 0.0279     |
| reward/                 |            |
|    r_energy             | -0.0232    |
| rollout/                |            |
|    ep_len_mean          | 82         |
|    ep_rew_mean          | 22.8       |
| time/                   |            |
|    fps                  | 45         |
|    iterations           | 311        |
|    time_elapsed         | 27985      |
|    total_timesteps      | 1273856    |
| train/                  |            |
|    approx_kl            | 0.08028203 |
|    clip_fraction        | 0.465      |
|    clip_range           | 0.2        |
|    entropy_loss         | 0.0544     |
|    explained_variance   | 0.948      |
|    learning_rate        | 0.0003     |
|    loss                 | 0.0404     |
|    n_updates            | 3100       |
|    policy_gradient_loss | 0.00691    |
|    std                  | 0.305      |
|    value_loss           | 0.0317     |
----------------------------------------
-----------------------------------------
| energy/                 |             |
|    E_damp_J             | 0.0294      |
|    E_fric_J             | 0.0076      |
|    E_norm_J             | 0.0195      |
|    W_neg_J              | 0.0493      |
|    W_pos_J              | 0.0607      |
| reward/                 |             |
|    r_energy             | -0.0858     |
| rollout/                |             |
|    ep_len_mean          | 82          |
|    ep_rew_mean          | 22.8        |
| time/                   |             |
|    fps                  | 45          |
|    iterations           | 312         |
|    time_elapsed         | 28074       |
|    total_timesteps      | 1277952     |
| train/                  |             |
|    approx_kl            | 0.066627756 |
|    clip_fraction        | 0.499       |
|    clip_range           | 0.2         |
|    entropy_loss         | 0.0733      |
|    explained_variance   | 0.936       |
|    learning_rate        | 0.0003      |
|    loss                 | 0.0294      |
|    n_updates            | 3110        |
|    policy_gradient_loss | 0.0142      |
|    std                  | 0.304       |
|    value_loss           | 0.0392      |
-----------------------------------------
----------------------------------------
| energy/                 |            |
|    E_damp_J             | 0.00776    |
|    E_fric_J             | 0.00667    |
|    E_norm_J             | 0.00125    |
|    W_neg_J              | 0.0109     |
|    W_pos_J              | 0.0279     |
| reward/                 |            |
|    r_energy             | -0.0234    |
| rollout/                |            |
|    ep_len_mean          | 82         |
|    ep_rew_mean          | 22.9       |
| time/                   |            |
|    fps                  | 45         |
|    iterations           | 313        |
|    time_elapsed         | 28162      |
|    total_timesteps      | 1282048    |
| train/                  |            |
|    approx_kl            | 0.07395114 |
|    clip_fraction        | 0.469      |
|    clip_range           | 0.2        |
|    entropy_loss         | 0.0501     |
|    explained_variance   | 0.943      |
|    learning_rate        | 0.0003     |
|    loss                 | 0.0108     |
|    n_updates            | 3120       |
|    policy_gradient_loss | 0.00434    |
|    std                  | 0.306      |
|    value_loss           | 0.0337     |
----------------------------------------
--------------------------------------
| energy/                 |          |
|    E_damp_J             | 0.0377   |
|    E_fric_J             | 0.00826  |
|    E_norm_J             | 0.0189   |
|    W_neg_J              | 0.0541   |
|    W_pos_J              | 0.076    |
| reward/                 |          |
|    r_energy             | -0.0971  |
| rollout/                |          |
|    ep_len_mean          | 82       |
|    ep_rew_mean          | 22.9     |
| time/                   |          |
|    fps                  | 45       |
|    iterations           | 314      |
|    time_elapsed         | 28252    |
|    total_timesteps      | 1286144  |
| train/                  |          |
|    approx_kl            | 0.074037 |
|    clip_fraction        | 0.5      |
|    clip_range           | 0.2      |
|    entropy_loss         | 0.0304   |
|    explained_variance   | 0.933    |
|    learning_rate        | 0.0003   |
|    loss                 | 0.0089   |
|    n_updates            | 3130     |
|    policy_gradient_loss | 0.011    |
|    std                  | 0.306    |
|    value_loss           | 0.0368   |
--------------------------------------
----------------------------------------
| energy/                 |            |
|    E_damp_J             | 0.00793    |
|    E_fric_J             | 0.007      |
|    E_norm_J             | 0.00125    |
|    W_neg_J              | 0.01       |
|    W_pos_J              | 0.0306     |
| reward/                 |            |
|    r_energy             | -0.0239    |
| rollout/                |            |
|    ep_len_mean          | 82         |
|    ep_rew_mean          | 22.8       |
| time/                   |            |
|    fps                  | 45         |
|    iterations           | 315        |
|    time_elapsed         | 28342      |
|    total_timesteps      | 1290240    |
| train/                  |            |
|    approx_kl            | 0.07677865 |
|    clip_fraction        | 0.488      |
|    clip_range           | 0.2        |
|    entropy_loss         | 0.0212     |
|    explained_variance   | 0.947      |
|    learning_rate        | 0.0003     |
|    loss                 | 0.0464     |
|    n_updates            | 3140       |
|    policy_gradient_loss | 0.0116     |
|    std                  | 0.307      |
|    value_loss           | 0.0355     |
----------------------------------------
----------------------------------------
| energy/                 |            |
|    E_damp_J             | 0.0339     |
|    E_fric_J             | 0.00806    |
|    E_norm_J             | 0.0191     |
|    W_neg_J              | 0.0541     |
|    W_pos_J              | 0.0677     |
| reward/                 |            |
|    r_energy             | -0.0928    |
| rollout/                |            |
|    ep_len_mean          | 82         |
|    ep_rew_mean          | 22.9       |
| time/                   |            |
|    fps                  | 45         |
|    iterations           | 316        |
|    time_elapsed         | 28431      |
|    total_timesteps      | 1294336    |
| train/                  |            |
|    approx_kl            | 0.10078582 |
|    clip_fraction        | 0.495      |
|    clip_range           | 0.2        |
|    entropy_loss         | 0.00673    |
|    explained_variance   | 0.939      |
|    learning_rate        | 0.0003     |
|    loss                 | 0.000857   |
|    n_updates            | 3150       |
|    policy_gradient_loss | 0.00731    |
|    std                  | 0.308      |
|    value_loss           | 0.0377     |
----------------------------------------
----------------------------------------
| energy/                 |            |
|    E_damp_J             | 0.00811    |
|    E_fric_J             | 0.00659    |
|    E_norm_J             | 0.00118    |
|    W_neg_J              | 0.0114     |
|    W_pos_J              | 0.0297     |
| reward/                 |            |
|    r_energy             | -0.0243    |
| rollout/                |            |
|    ep_len_mean          | 82         |
|    ep_rew_mean          | 23         |
| time/                   |            |
|    fps                  | 45         |
|    iterations           | 317        |
|    time_elapsed         | 28518      |
|    total_timesteps      | 1298432    |
| train/                  |            |
|    approx_kl            | 0.06939771 |
|    clip_fraction        | 0.489      |
|    clip_range           | 0.2        |
|    entropy_loss         | -0.000369  |
|    explained_variance   | 0.945      |
|    learning_rate        | 0.0003     |
|    loss                 | 0.0181     |
|    n_updates            | 3160       |
|    policy_gradient_loss | 0.0108     |
|    std                  | 0.309      |
|    value_loss           | 0.0303     |
----------------------------------------
-----------------------------------------
| energy/                 |             |
|    E_damp_J             | 0.0306      |
|    E_fric_J             | 0.00779     |
|    E_norm_J             | 0.0184      |
|    W_neg_J              | 0.0459      |
|    W_pos_J              | 0.067       |
| reward/                 |             |
|    r_energy             | -0.0853     |
| rollout/                |             |
|    ep_len_mean          | 82          |
|    ep_rew_mean          | 22.9        |
| time/                   |             |
|    fps                  | 45          |
|    iterations           | 318         |
|    time_elapsed         | 28606       |
|    total_timesteps      | 1302528     |
| train/                  |             |
|    approx_kl            | 0.063571185 |
|    clip_fraction        | 0.488       |
|    clip_range           | 0.2         |
|    entropy_loss         | -0.00546    |
|    explained_variance   | 0.945       |
|    learning_rate        | 0.0003      |
|    loss                 | 0.0206      |
|    n_updates            | 3170        |
|    policy_gradient_loss | 0.00961     |
|    std                  | 0.308       |
|    value_loss           | 0.0329      |
-----------------------------------------
-----------------------------------------
| energy/                 |             |
|    E_damp_J             | 0.00824     |
|    E_fric_J             | 0.00667     |
|    E_norm_J             | 0.00122     |
|    W_neg_J              | 0.011       |
|    W_pos_J              | 0.0311      |
| reward/                 |             |
|    r_energy             | -0.0246     |
| rollout/                |             |
|    ep_len_mean          | 82          |
|    ep_rew_mean          | 23          |
| time/                   |             |
|    fps                  | 45          |
|    iterations           | 319         |
|    time_elapsed         | 28693       |
|    total_timesteps      | 1306624     |
| train/                  |             |
|    approx_kl            | 0.061134174 |
|    clip_fraction        | 0.492       |
|    clip_range           | 0.2         |
|    entropy_loss         | -0.00351    |
|    explained_variance   | 0.961       |
|    learning_rate        | 0.0003      |
|    loss                 | 0.02        |
|    n_updates            | 3180        |
|    policy_gradient_loss | 0.0115      |
|    std                  | 0.309       |
|    value_loss           | 0.0248      |
-----------------------------------------
-----------------------------------------
| energy/                 |             |
|    E_damp_J             | 0.0337      |
|    E_fric_J             | 0.00796     |
|    E_norm_J             | 0.0187      |
|    W_neg_J              | 0.0491      |
|    W_pos_J              | 0.0661      |
| reward/                 |             |
|    r_energy             | -0.0888     |
| rollout/                |             |
|    ep_len_mean          | 82          |
|    ep_rew_mean          | 23.2        |
| time/                   |             |
|    fps                  | 45          |
|    iterations           | 320         |
|    time_elapsed         | 28780       |
|    total_timesteps      | 1310720     |
| train/                  |             |
|    approx_kl            | 0.062031865 |
|    clip_fraction        | 0.484       |
|    clip_range           | 0.2         |
|    entropy_loss         | 0.00194     |
|    explained_variance   | 0.958       |
|    learning_rate        | 0.0003      |
|    loss                 | 0.0102      |
|    n_updates            | 3190        |
|    policy_gradient_loss | 0.0134      |
|    std                  | 0.309       |
|    value_loss           | 0.0223      |
-----------------------------------------
-----------------------------------------
| energy/                 |             |
|    E_damp_J             | 0.00892     |
|    E_fric_J             | 0.00683     |
|    E_norm_J             | 0.00123     |
|    W_neg_J              | 0.0128      |
|    W_pos_J              | 0.0303      |
| reward/                 |             |
|    r_energy             | -0.0259     |
| rollout/                |             |
|    ep_len_mean          | 82          |
|    ep_rew_mean          | 23.1        |
| time/                   |             |
|    fps                  | 45          |
|    iterations           | 321         |
|    time_elapsed         | 28868       |
|    total_timesteps      | 1314816     |
| train/                  |             |
|    approx_kl            | 0.055567414 |
|    clip_fraction        | 0.483       |
|    clip_range           | 0.2         |
|    entropy_loss         | 0.0131      |
|    explained_variance   | 0.96        |
|    learning_rate        | 0.0003      |
|    loss                 | 0.00503     |
|    n_updates            | 3200        |
|    policy_gradient_loss | 0.014       |
|    std                  | 0.309       |
|    value_loss           | 0.0245      |
-----------------------------------------
-----------------------------------------
| energy/                 |             |
|    E_damp_J             | 0.0287      |
|    E_fric_J             | 0.00761     |
|    E_norm_J             | 0.0186      |
|    W_neg_J              | 0.0403      |
|    W_pos_J              | 0.0643      |
| reward/                 |             |
|    r_energy             | -0.0802     |
| rollout/                |             |
|    ep_len_mean          | 82          |
|    ep_rew_mean          | 23          |
| time/                   |             |
|    fps                  | 45          |
|    iterations           | 322         |
|    time_elapsed         | 28955       |
|    total_timesteps      | 1318912     |
| train/                  |             |
|    approx_kl            | 0.080416955 |
|    clip_fraction        | 0.477       |
|    clip_range           | 0.2         |
|    entropy_loss         | 0.00928     |
|    explained_variance   | 0.943       |
|    learning_rate        | 0.0003      |
|    loss                 | 0.0141      |
|    n_updates            | 3210        |
|    policy_gradient_loss | 0.00512     |
|    std                  | 0.31        |
|    value_loss           | 0.0324      |
-----------------------------------------
----------------------------------------
| energy/                 |            |
|    E_damp_J             | 0.00854    |
|    E_fric_J             | 0.00662    |
|    E_norm_J             | 0.00124    |
|    W_neg_J              | 0.0122     |
|    W_pos_J              | 0.0299     |
| reward/                 |            |
|    r_energy             | -0.0251    |
| rollout/                |            |
|    ep_len_mean          | 82         |
|    ep_rew_mean          | 23.1       |
| time/                   |            |
|    fps                  | 45         |
|    iterations           | 323        |
|    time_elapsed         | 29043      |
|    total_timesteps      | 1323008    |
| train/                  |            |
|    approx_kl            | 0.07630167 |
|    clip_fraction        | 0.489      |
|    clip_range           | 0.2        |
|    entropy_loss         | -0.0154    |
|    explained_variance   | 0.943      |
|    learning_rate        | 0.0003     |
|    loss                 | 0.0449     |
|    n_updates            | 3220       |
|    policy_gradient_loss | 0.0121     |
|    std                  | 0.31       |
|    value_loss           | 0.0364     |
----------------------------------------
-----------------------------------------
| energy/                 |             |
|    E_damp_J             | 0.0308      |
|    E_fric_J             | 0.00768     |
|    E_norm_J             | 0.0182      |
|    W_neg_J              | 0.0394      |
|    W_pos_J              | 0.0744      |
| reward/                 |             |
|    r_energy             | -0.0833     |
| rollout/                |             |
|    ep_len_mean          | 82          |
|    ep_rew_mean          | 23.2        |
| time/                   |             |
|    fps                  | 45          |
|    iterations           | 324         |
|    time_elapsed         | 29131       |
|    total_timesteps      | 1327104     |
| train/                  |             |
|    approx_kl            | 0.063074455 |
|    clip_fraction        | 0.477       |
|    clip_range           | 0.2         |
|    entropy_loss         | -0.0154     |
|    explained_variance   | 0.957       |
|    learning_rate        | 0.0003      |
|    loss                 | 0.0126      |
|    n_updates            | 3230        |
|    policy_gradient_loss | 0.00335     |
|    std                  | 0.31        |
|    value_loss           | 0.0264      |
-----------------------------------------
-----------------------------------------
| energy/                 |             |
|    E_damp_J             | 0.00867     |
|    E_fric_J             | 0.00686     |
|    E_norm_J             | 0.00125     |
|    W_neg_J              | 0.0117      |
|    W_pos_J              | 0.0335      |
| reward/                 |             |
|    r_energy             | -0.0261     |
| rollout/                |             |
|    ep_len_mean          | 82          |
|    ep_rew_mean          | 23.3        |
| time/                   |             |
|    fps                  | 45          |
|    iterations           | 325         |
|    time_elapsed         | 29218       |
|    total_timesteps      | 1331200     |
| train/                  |             |
|    approx_kl            | 0.056852173 |
|    clip_fraction        | 0.497       |
|    clip_range           | 0.2         |
|    entropy_loss         | -0.0102     |
|    explained_variance   | 0.947       |
|    learning_rate        | 0.0003      |
|    loss                 | 0.013       |
|    n_updates            | 3240        |
|    policy_gradient_loss | 0.00807     |
|    std                  | 0.311       |
|    value_loss           | 0.0311      |
-----------------------------------------
-----------------------------------------
| energy/                 |             |
|    E_damp_J             | 0.0289      |
|    E_fric_J             | 0.00729     |
|    E_norm_J             | 0.0182      |
|    W_neg_J              | 0.0394      |
|    W_pos_J              | 0.0636      |
| reward/                 |             |
|    r_energy             | -0.0791     |
| rollout/                |             |
|    ep_len_mean          | 82          |
|    ep_rew_mean          | 23.4        |
| time/                   |             |
|    fps                  | 45          |
|    iterations           | 326         |
|    time_elapsed         | 29306       |
|    total_timesteps      | 1335296     |
| train/                  |             |
|    approx_kl            | 0.067887254 |
|    clip_fraction        | 0.493       |
|    clip_range           | 0.2         |
|    entropy_loss         | -0.00348    |
|    explained_variance   | 0.951       |
|    learning_rate        | 0.0003      |
|    loss                 | 0.0481      |
|    n_updates            | 3250        |
|    policy_gradient_loss | 0.00982     |
|    std                  | 0.31        |
|    value_loss           | 0.0262      |
-----------------------------------------
----------------------------------------
| energy/                 |            |
|    E_damp_J             | 0.00867    |
|    E_fric_J             | 0.00683    |
|    E_norm_J             | 0.00127    |
|    W_neg_J              | 0.0127     |
|    W_pos_J              | 0.0311     |
| reward/                 |            |
|    r_energy             | -0.0259    |
| rollout/                |            |
|    ep_len_mean          | 82         |
|    ep_rew_mean          | 23.4       |
| time/                   |            |
|    fps                  | 45         |
|    iterations           | 327        |
|    time_elapsed         | 29393      |
|    total_timesteps      | 1339392    |
| train/                  |            |
|    approx_kl            | 0.06687091 |
|    clip_fraction        | 0.459      |
|    clip_range           | 0.2        |
|    entropy_loss         | 0.00362    |
|    explained_variance   | 0.952      |
|    learning_rate        | 0.0003     |
|    loss                 | 0.0388     |
|    n_updates            | 3260       |
|    policy_gradient_loss | 0.00367    |
|    std                  | 0.311      |
|    value_loss           | 0.0279     |
----------------------------------------
-----------------------------------------
| energy/                 |             |
|    E_damp_J             | 0.00868     |
|    E_fric_J             | 0.00704     |
|    E_norm_J             | 0.00128     |
|    W_neg_J              | 0.0114      |
|    W_pos_J              | 0.0321      |
| reward/                 |             |
|    r_energy             | -0.0256     |
| rollout/                |             |
|    ep_len_mean          | 82          |
|    ep_rew_mean          | 23.3        |
| time/                   |             |
|    fps                  | 45          |
|    iterations           | 328         |
|    time_elapsed         | 29480       |
|    total_timesteps      | 1343488     |
| train/                  |             |
|    approx_kl            | 0.061334364 |
|    clip_fraction        | 0.489       |
|    clip_range           | 0.2         |
|    entropy_loss         | 0.00404     |
|    explained_variance   | 0.941       |
|    learning_rate        | 0.0003      |
|    loss                 | 0.0203      |
|    n_updates            | 3270        |
|    policy_gradient_loss | 0.00854     |
|    std                  | 0.311       |
|    value_loss           | 0.0375      |
-----------------------------------------
----------------------------------------
| energy/                 |            |
|    E_damp_J             | 0.00918    |
|    E_fric_J             | 0.00717    |
|    E_norm_J             | 0.00127    |
|    W_neg_J              | 0.0127     |
|    W_pos_J              | 0.0338     |
| reward/                 |            |
|    r_energy             | -0.0272    |
| rollout/                |            |
|    ep_len_mean          | 82         |
|    ep_rew_mean          | 23.2       |
| time/                   |            |
|    fps                  | 45         |
|    iterations           | 329        |
|    time_elapsed         | 29568      |
|    total_timesteps      | 1347584    |
| train/                  |            |
|    approx_kl            | 0.06984478 |
|    clip_fraction        | 0.495      |
|    clip_range           | 0.2        |
|    entropy_loss         | 0.0174     |
|    explained_variance   | 0.944      |
|    learning_rate        | 0.0003     |
|    loss                 | 0.0347     |
|    n_updates            | 3280       |
|    policy_gradient_loss | 0.00957    |
|    std                  | 0.31       |
|    value_loss           | 0.0339     |
----------------------------------------
-----------------------------------------
| energy/                 |             |
|    E_damp_J             | 0.00841     |
|    E_fric_J             | 0.0071      |
|    E_norm_J             | 0.00125     |
|    W_neg_J              | 0.011       |
|    W_pos_J              | 0.0308      |
| reward/                 |             |
|    r_energy             | -0.0249     |
| rollout/                |             |
|    ep_len_mean          | 82          |
|    ep_rew_mean          | 23.3        |
| time/                   |             |
|    fps                  | 45          |
|    iterations           | 330         |
|    time_elapsed         | 29655       |
|    total_timesteps      | 1351680     |
| train/                  |             |
|    approx_kl            | 0.059807565 |
|    clip_fraction        | 0.485       |
|    clip_range           | 0.2         |
|    entropy_loss         | 0.0645      |
|    explained_variance   | 0.946       |
|    learning_rate        | 0.0003      |
|    loss                 | 0.00993     |
|    n_updates            | 3290        |
|    policy_gradient_loss | 0.0132      |
|    std                  | 0.309       |
|    value_loss           | 0.0342      |
-----------------------------------------
-----------------------------------------
| energy/                 |             |
|    E_damp_J             | 0.00917     |
|    E_fric_J             | 0.00723     |
|    E_norm_J             | 0.00128     |
|    W_neg_J              | 0.0122      |
|    W_pos_J              | 0.0335      |
| reward/                 |             |
|    r_energy             | -0.0268     |
| rollout/                |             |
|    ep_len_mean          | 82          |
|    ep_rew_mean          | 23.3        |
| time/                   |             |
|    fps                  | 45          |
|    iterations           | 331         |
|    time_elapsed         | 29743       |
|    total_timesteps      | 1355776     |
| train/                  |             |
|    approx_kl            | 0.050504882 |
|    clip_fraction        | 0.485       |
|    clip_range           | 0.2         |
|    entropy_loss         | 0.0815      |
|    explained_variance   | 0.952       |
|    learning_rate        | 0.0003      |
|    loss                 | 0.00799     |
|    n_updates            | 3300        |
|    policy_gradient_loss | 0.00887     |
|    std                  | 0.31        |
|    value_loss           | 0.0262      |
-----------------------------------------
----------------------------------------
| energy/                 |            |
|    E_damp_J             | 0.00899    |
|    E_fric_J             | 0.00697    |
|    E_norm_J             | 0.00127    |
|    W_neg_J              | 0.0126     |
|    W_pos_J              | 0.0301     |
| reward/                 |            |
|    r_energy             | -0.0258    |
| rollout/                |            |
|    ep_len_mean          | 82         |
|    ep_rew_mean          | 23.4       |
| time/                   |            |
|    fps                  | 45         |
|    iterations           | 332        |
|    time_elapsed         | 29831      |
|    total_timesteps      | 1359872    |
| train/                  |            |
|    approx_kl            | 0.09797701 |
|    clip_fraction        | 0.476      |
|    clip_range           | 0.2        |
|    entropy_loss         | 0.0929     |
|    explained_variance   | 0.95       |
|    learning_rate        | 0.0003     |
|    loss                 | -0.0111    |
|    n_updates            | 3310       |
|    policy_gradient_loss | 0.0104     |
|    std                  | 0.309      |
|    value_loss           | 0.0324     |
----------------------------------------
----------------------------------------
| energy/                 |            |
|    E_damp_J             | 0.00908    |
|    E_fric_J             | 0.00709    |
|    E_norm_J             | 0.00127    |
|    W_neg_J              | 0.013      |
|    W_pos_J              | 0.0302     |
| reward/                 |            |
|    r_energy             | -0.0262    |
| rollout/                |            |
|    ep_len_mean          | 82         |
|    ep_rew_mean          | 23.4       |
| time/                   |            |
|    fps                  | 45         |
|    iterations           | 333        |
|    time_elapsed         | 29918      |
|    total_timesteps      | 1363968    |
| train/                  |            |
|    approx_kl            | 0.06756784 |
|    clip_fraction        | 0.488      |
|    clip_range           | 0.2        |
|    entropy_loss         | 0.114      |
|    explained_variance   | 0.957      |
|    learning_rate        | 0.0003     |
|    loss                 | -0.00906   |
|    n_updates            | 3320       |
|    policy_gradient_loss | 0.00871    |
|    std                  | 0.308      |
|    value_loss           | 0.0239     |
----------------------------------------
-----------------------------------------
| energy/                 |             |
|    E_damp_J             | 0.00882     |
|    E_fric_J             | 0.00743     |
|    E_norm_J             | 0.00141     |
|    W_neg_J              | 0.0122      |
|    W_pos_J              | 0.0302      |
| reward/                 |             |
|    r_energy             | -0.0259     |
| rollout/                |             |
|    ep_len_mean          | 82          |
|    ep_rew_mean          | 23.3        |
| time/                   |             |
|    fps                  | 45          |
|    iterations           | 334         |
|    time_elapsed         | 30006       |
|    total_timesteps      | 1368064     |
| train/                  |             |
|    approx_kl            | 0.055838704 |
|    clip_fraction        | 0.486       |
|    clip_range           | 0.2         |
|    entropy_loss         | 0.121       |
|    explained_variance   | 0.951       |
|    learning_rate        | 0.0003      |
|    loss                 | 0.0104      |
|    n_updates            | 3330        |
|    policy_gradient_loss | 0.00878     |
|    std                  | 0.308       |
|    value_loss           | 0.0312      |
-----------------------------------------
----------------------------------------
| energy/                 |            |
|    E_damp_J             | 0.00829    |
|    E_fric_J             | 0.007      |
|    E_norm_J             | 0.0013     |
|    W_neg_J              | 0.0117     |
|    W_pos_J              | 0.0307     |
| reward/                 |            |
|    r_energy             | -0.0252    |
| rollout/                |            |
|    ep_len_mean          | 82         |
|    ep_rew_mean          | 23.4       |
| time/                   |            |
|    fps                  | 45         |
|    iterations           | 335        |
|    time_elapsed         | 30095      |
|    total_timesteps      | 1372160    |
| train/                  |            |
|    approx_kl            | 0.07012595 |
|    clip_fraction        | 0.514      |
|    clip_range           | 0.2        |
|    entropy_loss         | 0.133      |
|    explained_variance   | 0.935      |
|    learning_rate        | 0.0003     |
|    loss                 | 0.0148     |
|    n_updates            | 3340       |
|    policy_gradient_loss | 0.0132     |
|    std                  | 0.308      |
|    value_loss           | 0.037      |
----------------------------------------
----------------------------------------
| energy/                 |            |
|    E_damp_J             | 0.00888    |
|    E_fric_J             | 0.00721    |
|    E_norm_J             | 0.00139    |
|    W_neg_J              | 0.0128     |
|    W_pos_J              | 0.0318     |
| reward/                 |            |
|    r_energy             | -0.0267    |
| rollout/                |            |
|    ep_len_mean          | 82         |
|    ep_rew_mean          | 23.5       |
| time/                   |            |
|    fps                  | 45         |
|    iterations           | 336        |
|    time_elapsed         | 30183      |
|    total_timesteps      | 1376256    |
| train/                  |            |
|    approx_kl            | 0.05679868 |
|    clip_fraction        | 0.477      |
|    clip_range           | 0.2        |
|    entropy_loss         | 0.0985     |
|    explained_variance   | 0.953      |
|    learning_rate        | 0.0003     |
|    loss                 | -0.00644   |
|    n_updates            | 3350       |
|    policy_gradient_loss | 0.0102     |
|    std                  | 0.309      |
|    value_loss           | 0.0265     |
----------------------------------------
-----------------------------------------
| energy/                 |             |
|    E_damp_J             | 0.00911     |
|    E_fric_J             | 0.00718     |
|    E_norm_J             | 0.00142     |
|    W_neg_J              | 0.0132      |
|    W_pos_J              | 0.0329      |
| reward/                 |             |
|    r_energy             | -0.0273     |
| rollout/                |             |
|    ep_len_mean          | 82          |
|    ep_rew_mean          | 23.5        |
| time/                   |             |
|    fps                  | 45          |
|    iterations           | 337         |
|    time_elapsed         | 30271       |
|    total_timesteps      | 1380352     |
| train/                  |             |
|    approx_kl            | 0.056959204 |
|    clip_fraction        | 0.461       |
|    clip_range           | 0.2         |
|    entropy_loss         | 0.0641      |
|    explained_variance   | 0.946       |
|    learning_rate        | 0.0003      |
|    loss                 | -0.00614    |
|    n_updates            | 3360        |
|    policy_gradient_loss | 0.00571     |
|    std                  | 0.311       |
|    value_loss           | 0.0309      |
-----------------------------------------
-----------------------------------------
| energy/                 |             |
|    E_damp_J             | 0.00942     |
|    E_fric_J             | 0.00744     |
|    E_norm_J             | 0.00138     |
|    W_neg_J              | 0.0131      |
|    W_pos_J              | 0.0339      |
| reward/                 |             |
|    r_energy             | -0.0278     |
| rollout/                |             |
|    ep_len_mean          | 82          |
|    ep_rew_mean          | 23.6        |
| time/                   |             |
|    fps                  | 45          |
|    iterations           | 338         |
|    time_elapsed         | 30359       |
|    total_timesteps      | 1384448     |
| train/                  |             |
|    approx_kl            | 0.068112075 |
|    clip_fraction        | 0.467       |
|    clip_range           | 0.2         |
|    entropy_loss         | 0.0438      |
|    explained_variance   | 0.946       |
|    learning_rate        | 0.0003      |
|    loss                 | 0.0212      |
|    n_updates            | 3370        |
|    policy_gradient_loss | 0.00612     |
|    std                  | 0.312       |
|    value_loss           | 0.0342      |
-----------------------------------------
-----------------------------------------
| energy/                 |             |
|    E_damp_J             | 0.00933     |
|    E_fric_J             | 0.00749     |
|    E_norm_J             | 0.00139     |
|    W_neg_J              | 0.0124      |
|    W_pos_J              | 0.0356      |
| reward/                 |             |
|    r_energy             | -0.0279     |
| rollout/                |             |
|    ep_len_mean          | 82          |
|    ep_rew_mean          | 23.5        |
| time/                   |             |
|    fps                  | 45          |
|    iterations           | 339         |
|    time_elapsed         | 30447       |
|    total_timesteps      | 1388544     |
| train/                  |             |
|    approx_kl            | 0.057381272 |
|    clip_fraction        | 0.504       |
|    clip_range           | 0.2         |
|    entropy_loss         | 0.0484      |
|    explained_variance   | 0.954       |
|    learning_rate        | 0.0003      |
|    loss                 | -0.00231    |
|    n_updates            | 3380        |
|    policy_gradient_loss | 0.0144      |
|    std                  | 0.311       |
|    value_loss           | 0.0248      |
-----------------------------------------
---------------------------------------
| energy/                 |           |
|    E_damp_J             | 0.0092    |
|    E_fric_J             | 0.00748   |
|    E_norm_J             | 0.00133   |
|    W_neg_J              | 0.0114    |
|    W_pos_J              | 0.0357    |
| reward/                 |           |
|    r_energy             | -0.0272   |
| rollout/                |           |
|    ep_len_mean          | 82        |
|    ep_rew_mean          | 23.4      |
| time/                   |           |
|    fps                  | 45        |
|    iterations           | 340       |
|    time_elapsed         | 30536     |
|    total_timesteps      | 1392640   |
| train/                  |           |
|    approx_kl            | 0.0694407 |
|    clip_fraction        | 0.487     |
|    clip_range           | 0.2       |
|    entropy_loss         | 0.0753    |
|    explained_variance   | 0.927     |
|    learning_rate        | 0.0003    |
|    loss                 | 0.0207    |
|    n_updates            | 3390      |
|    policy_gradient_loss | 0.00556   |
|    std                  | 0.309     |
|    value_loss           | 0.0513    |
---------------------------------------
----------------------------------------
| energy/                 |            |
|    E_damp_J             | 0.00953    |
|    E_fric_J             | 0.00725    |
|    E_norm_J             | 0.00171    |
|    W_neg_J              | 0.0132     |
|    W_pos_J              | 0.0356     |
| reward/                 |            |
|    r_energy             | -0.0287    |
| rollout/                |            |
|    ep_len_mean          | 82         |
|    ep_rew_mean          | 23.3       |
| time/                   |            |
|    fps                  | 45         |
|    iterations           | 341        |
|    time_elapsed         | 30626      |
|    total_timesteps      | 1396736    |
| train/                  |            |
|    approx_kl            | 0.07569748 |
|    clip_fraction        | 0.513      |
|    clip_range           | 0.2        |
|    entropy_loss         | 0.0957     |
|    explained_variance   | 0.933      |
|    learning_rate        | 0.0003     |
|    loss                 | -0.00158   |
|    n_updates            | 3400       |
|    policy_gradient_loss | 0.0151     |
|    std                  | 0.309      |
|    value_loss           | 0.0406     |
----------------------------------------
-----------------------------------------
| energy/                 |             |
|    E_damp_J             | 0.00942     |
|    E_fric_J             | 0.00729     |
|    E_norm_J             | 0.00142     |
|    W_neg_J              | 0.0121      |
|    W_pos_J              | 0.0361      |
| reward/                 |             |
|    r_energy             | -0.0278     |
| rollout/                |             |
|    ep_len_mean          | 82          |
|    ep_rew_mean          | 23.3        |
| time/                   |             |
|    fps                  | 45          |
|    iterations           | 342         |
|    time_elapsed         | 30716       |
|    total_timesteps      | 1400832     |
| train/                  |             |
|    approx_kl            | 0.058965575 |
|    clip_fraction        | 0.483       |
|    clip_range           | 0.2         |
|    entropy_loss         | 0.0871      |
|    explained_variance   | 0.93        |
|    learning_rate        | 0.0003      |
|    loss                 | 0.00202     |
|    n_updates            | 3410        |
|    policy_gradient_loss | 0.00701     |
|    std                  | 0.309       |
|    value_loss           | 0.0498      |
-----------------------------------------
----------------------------------------
| energy/                 |            |
|    E_damp_J             | 0.0227     |
|    E_fric_J             | 0.00871    |
|    E_norm_J             | 0.0191     |
|    W_neg_J              | 0.0278     |
|    W_pos_J              | 0.0633     |
| reward/                 |            |
|    r_energy             | -0.0704    |
| rollout/                |            |
|    ep_len_mean          | 82         |
|    ep_rew_mean          | 23.4       |
| time/                   |            |
|    fps                  | 45         |
|    iterations           | 343        |
|    time_elapsed         | 30806      |
|    total_timesteps      | 1404928    |
| train/                  |            |
|    approx_kl            | 0.06996867 |
|    clip_fraction        | 0.481      |
|    clip_range           | 0.2        |
|    entropy_loss         | 0.0852     |
|    explained_variance   | 0.935      |
|    learning_rate        | 0.0003     |
|    loss                 | 0.00668    |
|    n_updates            | 3420       |
|    policy_gradient_loss | 0.00814    |
|    std                  | 0.309      |
|    value_loss           | 0.0427     |
----------------------------------------
----------------------------------------
| energy/                 |            |
|    E_damp_J             | 0.00914    |
|    E_fric_J             | 0.00726    |
|    E_norm_J             | 0.00133    |
|    W_neg_J              | 0.0116     |
|    W_pos_J              | 0.0349     |
| reward/                 |            |
|    r_energy             | -0.0269    |
| rollout/                |            |
|    ep_len_mean          | 82         |
|    ep_rew_mean          | 23.4       |
| time/                   |            |
|    fps                  | 45         |
|    iterations           | 344        |
|    time_elapsed         | 30893      |
|    total_timesteps      | 1409024    |
| train/                  |            |
|    approx_kl            | 0.06536264 |
|    clip_fraction        | 0.499      |
|    clip_range           | 0.2        |
|    entropy_loss         | 0.085      |
|    explained_variance   | 0.947      |
|    learning_rate        | 0.0003     |
|    loss                 | 0.0147     |
|    n_updates            | 3430       |
|    policy_gradient_loss | 0.00909    |
|    std                  | 0.31       |
|    value_loss           | 0.0354     |
----------------------------------------
----------------------------------------
| energy/                 |            |
|    E_damp_J             | 0.036      |
|    E_fric_J             | 0.00814    |
|    E_norm_J             | 0.0184     |
|    W_neg_J              | 0.0472     |
|    W_pos_J              | 0.0741     |
| reward/                 |            |
|    r_energy             | -0.0911    |
| rollout/                |            |
|    ep_len_mean          | 82         |
|    ep_rew_mean          | 23.4       |
| time/                   |            |
|    fps                  | 45         |
|    iterations           | 345        |
|    time_elapsed         | 30982      |
|    total_timesteps      | 1413120    |
| train/                  |            |
|    approx_kl            | 0.05433499 |
|    clip_fraction        | 0.47       |
|    clip_range           | 0.2        |
|    entropy_loss         | 0.0811     |
|    explained_variance   | 0.945      |
|    learning_rate        | 0.0003     |
|    loss                 | 0.0338     |
|    n_updates            | 3440       |
|    policy_gradient_loss | 0.00945    |
|    std                  | 0.309      |
|    value_loss           | 0.0349     |
----------------------------------------
-----------------------------------------
| energy/                 |             |
|    E_damp_J             | 0.00964     |
|    E_fric_J             | 0.00754     |
|    E_norm_J             | 0.00129     |
|    W_neg_J              | 0.0116      |
|    W_pos_J              | 0.0357      |
| reward/                 |             |
|    r_energy             | -0.0275     |
| rollout/                |             |
|    ep_len_mean          | 82          |
|    ep_rew_mean          | 23.4        |
| time/                   |             |
|    fps                  | 45          |
|    iterations           | 346         |
|    time_elapsed         | 31072       |
|    total_timesteps      | 1417216     |
| train/                  |             |
|    approx_kl            | 0.064716086 |
|    clip_fraction        | 0.493       |
|    clip_range           | 0.2         |
|    entropy_loss         | 0.0937      |
|    explained_variance   | 0.942       |
|    learning_rate        | 0.0003      |
|    loss                 | -0.00858    |
|    n_updates            | 3450        |
|    policy_gradient_loss | 0.00691     |
|    std                  | 0.308       |
|    value_loss           | 0.0407      |
-----------------------------------------
----------------------------------------
| energy/                 |            |
|    E_damp_J             | 0.0352     |
|    E_fric_J             | 0.00835    |
|    E_norm_J             | 0.0187     |
|    W_neg_J              | 0.0416     |
|    W_pos_J              | 0.0868     |
| reward/                 |            |
|    r_energy             | -0.0915    |
| rollout/                |            |
|    ep_len_mean          | 82         |
|    ep_rew_mean          | 23.5       |
| time/                   |            |
|    fps                  | 45         |
|    iterations           | 347        |
|    time_elapsed         | 31162      |
|    total_timesteps      | 1421312    |
| train/                  |            |
|    approx_kl            | 0.08781723 |
|    clip_fraction        | 0.482      |
|    clip_range           | 0.2        |
|    entropy_loss         | 0.0951     |
|    explained_variance   | 0.937      |
|    learning_rate        | 0.0003     |
|    loss                 | -0.00964   |
|    n_updates            | 3460       |
|    policy_gradient_loss | 0.00676    |
|    std                  | 0.308      |
|    value_loss           | 0.0434     |
----------------------------------------
-----------------------------------------
| energy/                 |             |
|    E_damp_J             | 0.0094      |
|    E_fric_J             | 0.00706     |
|    E_norm_J             | 0.00132     |
|    W_neg_J              | 0.0123      |
|    W_pos_J              | 0.0359      |
| reward/                 |             |
|    r_energy             | -0.0277     |
| rollout/                |             |
|    ep_len_mean          | 82          |
|    ep_rew_mean          | 23.6        |
| time/                   |             |
|    fps                  | 45          |
|    iterations           | 348         |
|    time_elapsed         | 31249       |
|    total_timesteps      | 1425408     |
| train/                  |             |
|    approx_kl            | 0.056995578 |
|    clip_fraction        | 0.479       |
|    clip_range           | 0.2         |
|    entropy_loss         | 0.11        |
|    explained_variance   | 0.934       |
|    learning_rate        | 0.0003      |
|    loss                 | 0.00077     |
|    n_updates            | 3470        |
|    policy_gradient_loss | 0.00499     |
|    std                  | 0.306       |
|    value_loss           | 0.0456      |
-----------------------------------------
-----------------------------------------
| energy/                 |             |
|    E_damp_J             | 0.0274      |
|    E_fric_J             | 0.00751     |
|    E_norm_J             | 0.0189      |
|    W_neg_J              | 0.0395      |
|    W_pos_J              | 0.0699      |
| reward/                 |             |
|    r_energy             | -0.081      |
| rollout/                |             |
|    ep_len_mean          | 82          |
|    ep_rew_mean          | 23.5        |
| time/                   |             |
|    fps                  | 45          |
|    iterations           | 349         |
|    time_elapsed         | 31338       |
|    total_timesteps      | 1429504     |
| train/                  |             |
|    approx_kl            | 0.051656142 |
|    clip_fraction        | 0.469       |
|    clip_range           | 0.2         |
|    entropy_loss         | 0.138       |
|    explained_variance   | 0.939       |
|    learning_rate        | 0.0003      |
|    loss                 | 0.0216      |
|    n_updates            | 3480        |
|    policy_gradient_loss | 0.00583     |
|    std                  | 0.307       |
|    value_loss           | 0.0364      |
-----------------------------------------
----------------------------------------
| energy/                 |            |
|    E_damp_J             | 0.00915    |
|    E_fric_J             | 0.00715    |
|    E_norm_J             | 0.00135    |
|    W_neg_J              | 0.0118     |
|    W_pos_J              | 0.0354     |
| reward/                 |            |
|    r_energy             | -0.0272    |
| rollout/                |            |
|    ep_len_mean          | 82         |
|    ep_rew_mean          | 23.4       |
| time/                   |            |
|    fps                  | 45         |
|    iterations           | 350        |
|    time_elapsed         | 31425      |
|    total_timesteps      | 1433600    |
| train/                  |            |
|    approx_kl            | 0.06123061 |
|    clip_fraction        | 0.485      |
|    clip_range           | 0.2        |
|    entropy_loss         | 0.128      |
|    explained_variance   | 0.937      |
|    learning_rate        | 0.0003     |
|    loss                 | 0.0114     |
|    n_updates            | 3490       |
|    policy_gradient_loss | 0.00405    |
|    std                  | 0.308      |
|    value_loss           | 0.0413     |
----------------------------------------
---------------------------------------
| energy/                 |           |
|    E_damp_J             | 0.0311    |
|    E_fric_J             | 0.0078    |
|    E_norm_J             | 0.0193    |
|    W_neg_J              | 0.0445    |
|    W_pos_J              | 0.0672    |
| reward/                 |           |
|    r_energy             | -0.0856   |
| rollout/                |           |
|    ep_len_mean          | 82        |
|    ep_rew_mean          | 23.4      |
| time/                   |           |
|    fps                  | 45        |
|    iterations           | 351       |
|    time_elapsed         | 31513     |
|    total_timesteps      | 1437696   |
| train/                  |           |
|    approx_kl            | 0.0679726 |
|    clip_fraction        | 0.472     |
|    clip_range           | 0.2       |
|    entropy_loss         | 0.107     |
|    explained_variance   | 0.937     |
|    learning_rate        | 0.0003    |
|    loss                 | 0.0485    |
|    n_updates            | 3500      |
|    policy_gradient_loss | 0.00476   |
|    std                  | 0.308     |
|    value_loss           | 0.0392    |
---------------------------------------
----------------------------------------
| energy/                 |            |
|    E_damp_J             | 0.00954    |
|    E_fric_J             | 0.0074     |
|    E_norm_J             | 0.00135    |
|    W_neg_J              | 0.0111     |
|    W_pos_J              | 0.0377     |
| reward/                 |            |
|    r_energy             | -0.0278    |
| rollout/                |            |
|    ep_len_mean          | 82         |
|    ep_rew_mean          | 23.5       |
| time/                   |            |
|    fps                  | 45         |
|    iterations           | 352        |
|    time_elapsed         | 31600      |
|    total_timesteps      | 1441792    |
| train/                  |            |
|    approx_kl            | 0.06669089 |
|    clip_fraction        | 0.472      |
|    clip_range           | 0.2        |
|    entropy_loss         | 0.107      |
|    explained_variance   | 0.934      |
|    learning_rate        | 0.0003     |
|    loss                 | 0.0585     |
|    n_updates            | 3510       |
|    policy_gradient_loss | 0.0133     |
|    std                  | 0.307      |
|    value_loss           | 0.0425     |
----------------------------------------
----------------------------------------
| energy/                 |            |
|    E_damp_J             | 0.0324     |
|    E_fric_J             | 0.0079     |
|    E_norm_J             | 0.0189     |
|    W_neg_J              | 0.0427     |
|    W_pos_J              | 0.0742     |
| reward/                 |            |
|    r_energy             | -0.0869    |
| rollout/                |            |
|    ep_len_mean          | 82         |
|    ep_rew_mean          | 23.6       |
| time/                   |            |
|    fps                  | 45         |
|    iterations           | 353        |
|    time_elapsed         | 31689      |
|    total_timesteps      | 1445888    |
| train/                  |            |
|    approx_kl            | 0.06588906 |
|    clip_fraction        | 0.48       |
|    clip_range           | 0.2        |
|    entropy_loss         | 0.0931     |
|    explained_variance   | 0.939      |
|    learning_rate        | 0.0003     |
|    loss                 | 0.021      |
|    n_updates            | 3520       |
|    policy_gradient_loss | 0.00552    |
|    std                  | 0.309      |
|    value_loss           | 0.0368     |
----------------------------------------
-----------------------------------------
| energy/                 |             |
|    E_damp_J             | 0.00968     |
|    E_fric_J             | 0.00744     |
|    E_norm_J             | 0.00133     |
|    W_neg_J              | 0.011       |
|    W_pos_J              | 0.0373      |
| reward/                 |             |
|    r_energy             | -0.0277     |
| rollout/                |             |
|    ep_len_mean          | 82          |
|    ep_rew_mean          | 23.7        |
| time/                   |             |
|    fps                  | 45          |
|    iterations           | 354         |
|    time_elapsed         | 31777       |
|    total_timesteps      | 1449984     |
| train/                  |             |
|    approx_kl            | 0.065152414 |
|    clip_fraction        | 0.458       |
|    clip_range           | 0.2         |
|    entropy_loss         | 0.0775      |
|    explained_variance   | 0.942       |
|    learning_rate        | 0.0003      |
|    loss                 | -0.00199    |
|    n_updates            | 3530        |
|    policy_gradient_loss | 0.00356     |
|    std                  | 0.309       |
|    value_loss           | 0.0336      |
-----------------------------------------
----------------------------------------
| energy/                 |            |
|    E_damp_J             | 0.0348     |
|    E_fric_J             | 0.00823    |
|    E_norm_J             | 0.0187     |
|    W_neg_J              | 0.0474     |
|    W_pos_J              | 0.0793     |
| reward/                 |            |
|    r_energy             | -0.0925    |
| rollout/                |            |
|    ep_len_mean          | 82         |
|    ep_rew_mean          | 23.7       |
| time/                   |            |
|    fps                  | 45         |
|    iterations           | 355        |
|    time_elapsed         | 31865      |
|    total_timesteps      | 1454080    |
| train/                  |            |
|    approx_kl            | 0.06310926 |
|    clip_fraction        | 0.476      |
|    clip_range           | 0.2        |
|    entropy_loss         | 0.0798     |
|    explained_variance   | 0.949      |
|    learning_rate        | 0.0003     |
|    loss                 | -0.00269   |
|    n_updates            | 3540       |
|    policy_gradient_loss | 0.00855    |
|    std                  | 0.309      |
|    value_loss           | 0.0285     |
----------------------------------------
----------------------------------------
| energy/                 |            |
|    E_damp_J             | 0.00919    |
|    E_fric_J             | 0.00721    |
|    E_norm_J             | 0.00129    |
|    W_neg_J              | 0.0127     |
|    W_pos_J              | 0.0349     |
| reward/                 |            |
|    r_energy             | -0.0276    |
| rollout/                |            |
|    ep_len_mean          | 82         |
|    ep_rew_mean          | 23.7       |
| time/                   |            |
|    fps                  | 45         |
|    iterations           | 356        |
|    time_elapsed         | 31955      |
|    total_timesteps      | 1458176    |
| train/                  |            |
|    approx_kl            | 0.04970926 |
|    clip_fraction        | 0.473      |
|    clip_range           | 0.2        |
|    entropy_loss         | 0.0995     |
|    explained_variance   | 0.927      |
|    learning_rate        | 0.0003     |
|    loss                 | 0.0292     |
|    n_updates            | 3550       |
|    policy_gradient_loss | 0.0064     |
|    std                  | 0.308      |
|    value_loss           | 0.0532     |
----------------------------------------
----------------------------------------
| energy/                 |            |
|    E_damp_J             | 0.0295     |
|    E_fric_J             | 0.00781    |
|    E_norm_J             | 0.0187     |
|    W_neg_J              | 0.0404     |
|    W_pos_J              | 0.0728     |
| reward/                 |            |
|    r_energy             | -0.0835    |
| rollout/                |            |
|    ep_len_mean          | 82         |
|    ep_rew_mean          | 23.7       |
| time/                   |            |
|    fps                  | 45         |
|    iterations           | 357        |
|    time_elapsed         | 32043      |
|    total_timesteps      | 1462272    |
| train/                  |            |
|    approx_kl            | 0.05973966 |
|    clip_fraction        | 0.505      |
|    clip_range           | 0.2        |
|    entropy_loss         | 0.116      |
|    explained_variance   | 0.933      |
|    learning_rate        | 0.0003     |
|    loss                 | 0.0135     |
|    n_updates            | 3560       |
|    policy_gradient_loss | 0.0108     |
|    std                  | 0.308      |
|    value_loss           | 0.0395     |
----------------------------------------
----------------------------------------
| energy/                 |            |
|    E_damp_J             | 0.00944    |
|    E_fric_J             | 0.00756    |
|    E_norm_J             | 0.00141    |
|    W_neg_J              | 0.0116     |
|    W_pos_J              | 0.0374     |
| reward/                 |            |
|    r_energy             | -0.0281    |
| rollout/                |            |
|    ep_len_mean          | 82         |
|    ep_rew_mean          | 23.8       |
| time/                   |            |
|    fps                  | 45         |
|    iterations           | 358        |
|    time_elapsed         | 32132      |
|    total_timesteps      | 1466368    |
| train/                  |            |
|    approx_kl            | 0.06860624 |
|    clip_fraction        | 0.461      |
|    clip_range           | 0.2        |
|    entropy_loss         | 0.115      |
|    explained_variance   | 0.922      |
|    learning_rate        | 0.0003     |
|    loss                 | 0.0153     |
|    n_updates            | 3570       |
|    policy_gradient_loss | 0.00614    |
|    std                  | 0.308      |
|    value_loss           | 0.0513     |
----------------------------------------
----------------------------------------
| energy/                 |            |
|    E_damp_J             | 0.0305     |
|    E_fric_J             | 0.0081     |
|    E_norm_J             | 0.0187     |
|    W_neg_J              | 0.04       |
|    W_pos_J              | 0.0766     |
| reward/                 |            |
|    r_energy             | -0.085     |
| rollout/                |            |
|    ep_len_mean          | 82         |
|    ep_rew_mean          | 23.9       |
| time/                   |            |
|    fps                  | 45         |
|    iterations           | 359        |
|    time_elapsed         | 32221      |
|    total_timesteps      | 1470464    |
| train/                  |            |
|    approx_kl            | 0.06639156 |
|    clip_fraction        | 0.455      |
|    clip_range           | 0.2        |
|    entropy_loss         | 0.134      |
|    explained_variance   | 0.922      |
|    learning_rate        | 0.0003     |
|    loss                 | 0.00864    |
|    n_updates            | 3580       |
|    policy_gradient_loss | 0.00886    |
|    std                  | 0.307      |
|    value_loss           | 0.0399     |
----------------------------------------
----------------------------------------
| energy/                 |            |
|    E_damp_J             | 0.0101     |
|    E_fric_J             | 0.00744    |
|    E_norm_J             | 0.00138    |
|    W_neg_J              | 0.0128     |
|    W_pos_J              | 0.0368     |
| reward/                 |            |
|    r_energy             | -0.0288    |
| rollout/                |            |
|    ep_len_mean          | 82         |
|    ep_rew_mean          | 23.9       |
| time/                   |            |
|    fps                  | 45         |
|    iterations           | 360        |
|    time_elapsed         | 32309      |
|    total_timesteps      | 1474560    |
| train/                  |            |
|    approx_kl            | 0.07603621 |
|    clip_fraction        | 0.497      |
|    clip_range           | 0.2        |
|    entropy_loss         | 0.125      |
|    explained_variance   | 0.93       |
|    learning_rate        | 0.0003     |
|    loss                 | 0.046      |
|    n_updates            | 3590       |
|    policy_gradient_loss | 0.0102     |
|    std                  | 0.308      |
|    value_loss           | 0.047      |
----------------------------------------
----------------------------------------
| energy/                 |            |
|    E_damp_J             | 0.0302     |
|    E_fric_J             | 0.00799    |
|    E_norm_J             | 0.0188     |
|    W_neg_J              | 0.0446     |
|    W_pos_J              | 0.0685     |
| reward/                 |            |
|    r_energy             | -0.0853    |
| rollout/                |            |
|    ep_len_mean          | 82         |
|    ep_rew_mean          | 23.9       |
| time/                   |            |
|    fps                  | 45         |
|    iterations           | 361        |
|    time_elapsed         | 32396      |
|    total_timesteps      | 1478656    |
| train/                  |            |
|    approx_kl            | 0.06553898 |
|    clip_fraction        | 0.489      |
|    clip_range           | 0.2        |
|    entropy_loss         | 0.139      |
|    explained_variance   | 0.94       |
|    learning_rate        | 0.0003     |
|    loss                 | 0.0431     |
|    n_updates            | 3600       |
|    policy_gradient_loss | 0.00988    |
|    std                  | 0.307      |
|    value_loss           | 0.0357     |
----------------------------------------
-----------------------------------------
| energy/                 |             |
|    E_damp_J             | 0.00962     |
|    E_fric_J             | 0.00743     |
|    E_norm_J             | 0.00143     |
|    W_neg_J              | 0.0132      |
|    W_pos_J              | 0.0359      |
| reward/                 |             |
|    r_energy             | -0.0286     |
| rollout/                |             |
|    ep_len_mean          | 82          |
|    ep_rew_mean          | 24.1        |
| time/                   |             |
|    fps                  | 45          |
|    iterations           | 362         |
|    time_elapsed         | 32485       |
|    total_timesteps      | 1482752     |
| train/                  |             |
|    approx_kl            | 0.062799916 |
|    clip_fraction        | 0.463       |
|    clip_range           | 0.2         |
|    entropy_loss         | 0.181       |
|    explained_variance   | 0.949       |
|    learning_rate        | 0.0003      |
|    loss                 | 0.0306      |
|    n_updates            | 3610        |
|    policy_gradient_loss | 0.00905     |
|    std                  | 0.305       |
|    value_loss           | 0.0298      |
-----------------------------------------
----------------------------------------
| energy/                 |            |
|    E_damp_J             | 0.0318     |
|    E_fric_J             | 0.00848    |
|    E_norm_J             | 0.0183     |
|    W_neg_J              | 0.0395     |
|    W_pos_J              | 0.0773     |
| reward/                 |            |
|    r_energy             | -0.0854    |
| rollout/                |            |
|    ep_len_mean          | 82         |
|    ep_rew_mean          | 23.9       |
| time/                   |            |
|    fps                  | 45         |
|    iterations           | 363        |
|    time_elapsed         | 32575      |
|    total_timesteps      | 1486848    |
| train/                  |            |
|    approx_kl            | 0.06027863 |
|    clip_fraction        | 0.471      |
|    clip_range           | 0.2        |
|    entropy_loss         | 0.2        |
|    explained_variance   | 0.948      |
|    learning_rate        | 0.0003     |
|    loss                 | 0.0379     |
|    n_updates            | 3620       |
|    policy_gradient_loss | 0.00921    |
|    std                  | 0.305      |
|    value_loss           | 0.0304     |
----------------------------------------
-----------------------------------------
| energy/                 |             |
|    E_damp_J             | 0.0102      |
|    E_fric_J             | 0.0077      |
|    E_norm_J             | 0.00135     |
|    W_neg_J              | 0.0127      |
|    W_pos_J              | 0.0392      |
| reward/                 |             |
|    r_energy             | -0.0297     |
| rollout/                |             |
|    ep_len_mean          | 82          |
|    ep_rew_mean          | 23.8        |
| time/                   |             |
|    fps                  | 45          |
|    iterations           | 364         |
|    time_elapsed         | 32664       |
|    total_timesteps      | 1490944     |
| train/                  |             |
|    approx_kl            | 0.064561866 |
|    clip_fraction        | 0.479       |
|    clip_range           | 0.2         |
|    entropy_loss         | 0.221       |
|    explained_variance   | 0.937       |
|    learning_rate        | 0.0003      |
|    loss                 | 0.0268      |
|    n_updates            | 3630        |
|    policy_gradient_loss | 0.0099      |
|    std                  | 0.304       |
|    value_loss           | 0.0444      |
-----------------------------------------
----------------------------------------
| energy/                 |            |
|    E_damp_J             | 0.0305     |
|    E_fric_J             | 0.00813    |
|    E_norm_J             | 0.0185     |
|    W_neg_J              | 0.0439     |
|    W_pos_J              | 0.0671     |
| reward/                 |            |
|    r_energy             | -0.0843    |
| rollout/                |            |
|    ep_len_mean          | 82         |
|    ep_rew_mean          | 24         |
| time/                   |            |
|    fps                  | 45         |
|    iterations           | 365        |
|    time_elapsed         | 32753      |
|    total_timesteps      | 1495040    |
| train/                  |            |
|    approx_kl            | 0.07073784 |
|    clip_fraction        | 0.457      |
|    clip_range           | 0.2        |
|    entropy_loss         | 0.238      |
|    explained_variance   | 0.952      |
|    learning_rate        | 0.0003     |
|    loss                 | 0.114      |
|    n_updates            | 3640       |
|    policy_gradient_loss | 0.0098     |
|    std                  | 0.305      |
|    value_loss           | 0.0256     |
----------------------------------------
----------------------------------------
| energy/                 |            |
|    E_damp_J             | 0.0105     |
|    E_fric_J             | 0.00765    |
|    E_norm_J             | 0.0014     |
|    W_neg_J              | 0.0135     |
|    W_pos_J              | 0.0389     |
| reward/                 |            |
|    r_energy             | -0.0303    |
| rollout/                |            |
|    ep_len_mean          | 82         |
|    ep_rew_mean          | 23.9       |
| time/                   |            |
|    fps                  | 45         |
|    iterations           | 366        |
|    time_elapsed         | 32843      |
|    total_timesteps      | 1499136    |
| train/                  |            |
|    approx_kl            | 0.07992995 |
|    clip_fraction        | 0.484      |
|    clip_range           | 0.2        |
|    entropy_loss         | 0.223      |
|    explained_variance   | 0.946      |
|    learning_rate        | 0.0003     |
|    loss                 | -0.0158    |
|    n_updates            | 3650       |
|    policy_gradient_loss | 0.00493    |
|    std                  | 0.306      |
|    value_loss           | 0.0351     |
----------------------------------------
---------------------------------------
| energy/                 |           |
|    E_damp_J             | 0.0276    |
|    E_fric_J             | 0.00739   |
|    E_norm_J             | 0.0187    |
|    W_neg_J              | 0.039     |
|    W_pos_J              | 0.0689    |
| reward/                 |           |
|    r_energy             | -0.0802   |
| rollout/                |           |
|    ep_len_mean          | 82        |
|    ep_rew_mean          | 24        |
| time/                   |           |
|    fps                  | 45        |
|    iterations           | 367       |
|    time_elapsed         | 32932     |
|    total_timesteps      | 1503232   |
| train/                  |           |
|    approx_kl            | 0.0704741 |
|    clip_fraction        | 0.47      |
|    clip_range           | 0.2       |
|    entropy_loss         | 0.245     |
|    explained_variance   | 0.937     |
|    learning_rate        | 0.0003    |
|    loss                 | -0.00132  |
|    n_updates            | 3660      |
|    policy_gradient_loss | 0.00656   |
|    std                  | 0.305     |
|    value_loss           | 0.0359    |
---------------------------------------
