/home/user/anaconda3/lib/python3.12/site-packages/stable_baselines3/common/on_policy_algorithm.py:150: UserWarning: You are trying to run PPO on the GPU, but it is primarily intended to run on the CPU when not using a CNN policy (you are using ActorCriticPolicy which should be a MlpPolicy). See https://github.com/DLR-RM/stable-baselines3/issues/1245 for more info. You can pass `device='cpu'` or `export CUDA_VISIBLE_DEVICES=` to force using the CPU.Note: The model will train, but the GPU utilization will be poor and the training might take longer than on CPU.
  warnings.warn(
Using cuda device
Logging to logs/w2_baseline/seed1/tb_logs/PPO_1
---------------------------------
| rollout/           |          |
|    ep_len_mean     | 82       |
|    ep_rew_mean     | -70.4    |
| time/              |          |
|    fps             | 49       |
|    iterations      | 1        |
|    time_elapsed    | 83       |
|    total_timesteps | 4096     |
---------------------------------
-----------------------------------------
| rollout/                |             |
|    ep_len_mean          | 82          |
|    ep_rew_mean          | -69.1       |
| time/                   |             |
|    fps                  | 49          |
|    iterations           | 2           |
|    time_elapsed         | 167         |
|    total_timesteps      | 8192        |
| train/                  |             |
|    approx_kl            | 0.014287895 |
|    clip_fraction        | 0.125       |
|    clip_range           | 0.2         |
|    entropy_loss         | -14.2       |
|    explained_variance   | -0.0122     |
|    learning_rate        | 0.0003      |
|    loss                 | 8.33        |
|    n_updates            | 10          |
|    policy_gradient_loss | -0.0163     |
|    std                  | 0.997       |
|    value_loss           | 48.1        |
-----------------------------------------
------------------------------------------
| rollout/                |              |
|    ep_len_mean          | 82           |
|    ep_rew_mean          | -67.7        |
| time/                   |              |
|    fps                  | 48           |
|    iterations           | 3            |
|    time_elapsed         | 251          |
|    total_timesteps      | 12288        |
| train/                  |              |
|    approx_kl            | 0.0064461157 |
|    clip_fraction        | 0.0258       |
|    clip_range           | 0.2          |
|    entropy_loss         | -14.2        |
|    explained_variance   | -0.0044      |
|    learning_rate        | 0.0003       |
|    loss                 | 9.42         |
|    n_updates            | 20           |
|    policy_gradient_loss | -0.00832     |
|    std                  | 0.997        |
|    value_loss           | 53.3         |
------------------------------------------
-----------------------------------------
| rollout/                |             |
|    ep_len_mean          | 82          |
|    ep_rew_mean          | -65.4       |
| time/                   |             |
|    fps                  | 48          |
|    iterations           | 4           |
|    time_elapsed         | 335         |
|    total_timesteps      | 16384       |
| train/                  |             |
|    approx_kl            | 0.006807773 |
|    clip_fraction        | 0.0375      |
|    clip_range           | 0.2         |
|    entropy_loss         | -14.2       |
|    explained_variance   | -0.00106    |
|    learning_rate        | 0.0003      |
|    loss                 | 6.44        |
|    n_updates            | 30          |
|    policy_gradient_loss | -0.0101     |
|    std                  | 0.996       |
|    value_loss           | 42.9        |
-----------------------------------------
-----------------------------------------
| rollout/                |             |
|    ep_len_mean          | 82          |
|    ep_rew_mean          | -63.7       |
| time/                   |             |
|    fps                  | 48          |
|    iterations           | 5           |
|    time_elapsed         | 420         |
|    total_timesteps      | 20480       |
| train/                  |             |
|    approx_kl            | 0.009979138 |
|    clip_fraction        | 0.0882      |
|    clip_range           | 0.2         |
|    entropy_loss         | -14.2       |
|    explained_variance   | -0.000497   |
|    learning_rate        | 0.0003      |
|    loss                 | 4.27        |
|    n_updates            | 40          |
|    policy_gradient_loss | -0.016      |
|    std                  | 0.997       |
|    value_loss           | 26.3        |
-----------------------------------------
-----------------------------------------
| rollout/                |             |
|    ep_len_mean          | 82          |
|    ep_rew_mean          | -62.3       |
| time/                   |             |
|    fps                  | 48          |
|    iterations           | 6           |
|    time_elapsed         | 505         |
|    total_timesteps      | 24576       |
| train/                  |             |
|    approx_kl            | 0.012597621 |
|    clip_fraction        | 0.0865      |
|    clip_range           | 0.2         |
|    entropy_loss         | -14.2       |
|    explained_variance   | -0.000336   |
|    learning_rate        | 0.0003      |
|    loss                 | 3.75        |
|    n_updates            | 50          |
|    policy_gradient_loss | -0.0125     |
|    std                  | 0.996       |
|    value_loss           | 20.8        |
-----------------------------------------
---------------------------------------
| rollout/                |           |
|    ep_len_mean          | 82        |
|    ep_rew_mean          | -59       |
| time/                   |           |
|    fps                  | 48        |
|    iterations           | 7         |
|    time_elapsed         | 591       |
|    total_timesteps      | 28672     |
| train/                  |           |
|    approx_kl            | 0.0164814 |
|    clip_fraction        | 0.148     |
|    clip_range           | 0.2       |
|    entropy_loss         | -14.1     |
|    explained_variance   | -0.000429 |
|    learning_rate        | 0.0003    |
|    loss                 | 2.4       |
|    n_updates            | 60        |
|    policy_gradient_loss | -0.0106   |
|    std                  | 0.995     |
|    value_loss           | 12        |
---------------------------------------
-----------------------------------------
| rollout/                |             |
|    ep_len_mean          | 82          |
|    ep_rew_mean          | -56.9       |
| time/                   |             |
|    fps                  | 48          |
|    iterations           | 8           |
|    time_elapsed         | 676         |
|    total_timesteps      | 32768       |
| train/                  |             |
|    approx_kl            | 0.014505603 |
|    clip_fraction        | 0.131       |
|    clip_range           | 0.2         |
|    entropy_loss         | -14.1       |
|    explained_variance   | -0.000256   |
|    learning_rate        | 0.0003      |
|    loss                 | 3.09        |
|    n_updates            | 70          |
|    policy_gradient_loss | -0.0176     |
|    std                  | 0.99        |
|    value_loss           | 9.13        |
-----------------------------------------
------------------------------------------
| rollout/                |              |
|    ep_len_mean          | 82           |
|    ep_rew_mean          | -53.5        |
| time/                   |              |
|    fps                  | 48           |
|    iterations           | 9            |
|    time_elapsed         | 759          |
|    total_timesteps      | 36864        |
| train/                  |              |
|    approx_kl            | 0.0152830575 |
|    clip_fraction        | 0.14         |
|    clip_range           | 0.2          |
|    entropy_loss         | -14.1        |
|    explained_variance   | -0.000111    |
|    learning_rate        | 0.0003       |
|    loss                 | 1.99         |
|    n_updates            | 80           |
|    policy_gradient_loss | -0.0188      |
|    std                  | 0.993        |
|    value_loss           | 6.17         |
------------------------------------------
-----------------------------------------
| rollout/                |             |
|    ep_len_mean          | 82          |
|    ep_rew_mean          | -50.4       |
| time/                   |             |
|    fps                  | 48          |
|    iterations           | 10          |
|    time_elapsed         | 844         |
|    total_timesteps      | 40960       |
| train/                  |             |
|    approx_kl            | 0.013739374 |
|    clip_fraction        | 0.151       |
|    clip_range           | 0.2         |
|    entropy_loss         | -14.1       |
|    explained_variance   | -0.000142   |
|    learning_rate        | 0.0003      |
|    loss                 | 1.85        |
|    n_updates            | 90          |
|    policy_gradient_loss | -0.0221     |
|    std                  | 0.985       |
|    value_loss           | 4.79        |
-----------------------------------------
-----------------------------------------
| rollout/                |             |
|    ep_len_mean          | 82          |
|    ep_rew_mean          | -48.3       |
| time/                   |             |
|    fps                  | 48          |
|    iterations           | 11          |
|    time_elapsed         | 928         |
|    total_timesteps      | 45056       |
| train/                  |             |
|    approx_kl            | 0.015642695 |
|    clip_fraction        | 0.167       |
|    clip_range           | 0.2         |
|    entropy_loss         | -14         |
|    explained_variance   | -0.000156   |
|    learning_rate        | 0.0003      |
|    loss                 | 2.17        |
|    n_updates            | 100         |
|    policy_gradient_loss | -0.0237     |
|    std                  | 0.98        |
|    value_loss           | 4.29        |
-----------------------------------------
-----------------------------------------
| rollout/                |             |
|    ep_len_mean          | 82          |
|    ep_rew_mean          | -46.1       |
| time/                   |             |
|    fps                  | 48          |
|    iterations           | 12          |
|    time_elapsed         | 1012        |
|    total_timesteps      | 49152       |
| train/                  |             |
|    approx_kl            | 0.014416589 |
|    clip_fraction        | 0.181       |
|    clip_range           | 0.2         |
|    entropy_loss         | -13.9       |
|    explained_variance   | -7.4e-05    |
|    learning_rate        | 0.0003      |
|    loss                 | 1.58        |
|    n_updates            | 110         |
|    policy_gradient_loss | -0.0264     |
|    std                  | 0.977       |
|    value_loss           | 3.57        |
-----------------------------------------
-----------------------------------------
| rollout/                |             |
|    ep_len_mean          | 82          |
|    ep_rew_mean          | -42.4       |
| time/                   |             |
|    fps                  | 48          |
|    iterations           | 13          |
|    time_elapsed         | 1098        |
|    total_timesteps      | 53248       |
| train/                  |             |
|    approx_kl            | 0.015347598 |
|    clip_fraction        | 0.207       |
|    clip_range           | 0.2         |
|    entropy_loss         | -13.9       |
|    explained_variance   | -8.62e-05   |
|    learning_rate        | 0.0003      |
|    loss                 | 1.84        |
|    n_updates            | 120         |
|    policy_gradient_loss | -0.0314     |
|    std                  | 0.974       |
|    value_loss           | 3.58        |
-----------------------------------------
-----------------------------------------
| rollout/                |             |
|    ep_len_mean          | 82          |
|    ep_rew_mean          | -39.1       |
| time/                   |             |
|    fps                  | 48          |
|    iterations           | 14          |
|    time_elapsed         | 1184        |
|    total_timesteps      | 57344       |
| train/                  |             |
|    approx_kl            | 0.017872453 |
|    clip_fraction        | 0.213       |
|    clip_range           | 0.2         |
|    entropy_loss         | -13.9       |
|    explained_variance   | -7.5e-05    |
|    learning_rate        | 0.0003      |
|    loss                 | 1.16        |
|    n_updates            | 130         |
|    policy_gradient_loss | -0.0323     |
|    std                  | 0.97        |
|    value_loss           | 3.05        |
-----------------------------------------
-----------------------------------------
| rollout/                |             |
|    ep_len_mean          | 82          |
|    ep_rew_mean          | -35.9       |
| time/                   |             |
|    fps                  | 48          |
|    iterations           | 15          |
|    time_elapsed         | 1267        |
|    total_timesteps      | 61440       |
| train/                  |             |
|    approx_kl            | 0.014531698 |
|    clip_fraction        | 0.181       |
|    clip_range           | 0.2         |
|    entropy_loss         | -13.8       |
|    explained_variance   | -6.78e-05   |
|    learning_rate        | 0.0003      |
|    loss                 | 1.5         |
|    n_updates            | 140         |
|    policy_gradient_loss | -0.0269     |
|    std                  | 0.966       |
|    value_loss           | 2.92        |
-----------------------------------------
-----------------------------------------
| rollout/                |             |
|    ep_len_mean          | 82          |
|    ep_rew_mean          | -32.1       |
| time/                   |             |
|    fps                  | 48          |
|    iterations           | 16          |
|    time_elapsed         | 1352        |
|    total_timesteps      | 65536       |
| train/                  |             |
|    approx_kl            | 0.013421081 |
|    clip_fraction        | 0.157       |
|    clip_range           | 0.2         |
|    entropy_loss         | -13.8       |
|    explained_variance   | -1.05e-05   |
|    learning_rate        | 0.0003      |
|    loss                 | 1.63        |
|    n_updates            | 150         |
|    policy_gradient_loss | -0.0236     |
|    std                  | 0.963       |
|    value_loss           | 3.18        |
-----------------------------------------
-----------------------------------------
| rollout/                |             |
|    ep_len_mean          | 82          |
|    ep_rew_mean          | -29.8       |
| time/                   |             |
|    fps                  | 48          |
|    iterations           | 17          |
|    time_elapsed         | 1436        |
|    total_timesteps      | 69632       |
| train/                  |             |
|    approx_kl            | 0.015515719 |
|    clip_fraction        | 0.153       |
|    clip_range           | 0.2         |
|    entropy_loss         | -13.7       |
|    explained_variance   | -7.15e-06   |
|    learning_rate        | 0.0003      |
|    loss                 | 1.14        |
|    n_updates            | 160         |
|    policy_gradient_loss | -0.0245     |
|    std                  | 0.959       |
|    value_loss           | 3.33        |
-----------------------------------------
-----------------------------------------
| rollout/                |             |
|    ep_len_mean          | 82          |
|    ep_rew_mean          | -27.6       |
| time/                   |             |
|    fps                  | 48          |
|    iterations           | 18          |
|    time_elapsed         | 1521        |
|    total_timesteps      | 73728       |
| train/                  |             |
|    approx_kl            | 0.015906196 |
|    clip_fraction        | 0.172       |
|    clip_range           | 0.2         |
|    entropy_loss         | -13.6       |
|    explained_variance   | 0.000602    |
|    learning_rate        | 0.0003      |
|    loss                 | 1.18        |
|    n_updates            | 170         |
|    policy_gradient_loss | -0.0267     |
|    std                  | 0.952       |
|    value_loss           | 2.76        |
-----------------------------------------
-----------------------------------------
| rollout/                |             |
|    ep_len_mean          | 82          |
|    ep_rew_mean          | -24.7       |
| time/                   |             |
|    fps                  | 48          |
|    iterations           | 19          |
|    time_elapsed         | 1606        |
|    total_timesteps      | 77824       |
| train/                  |             |
|    approx_kl            | 0.014100105 |
|    clip_fraction        | 0.164       |
|    clip_range           | 0.2         |
|    entropy_loss         | -13.6       |
|    explained_variance   | 0.0129      |
|    learning_rate        | 0.0003      |
|    loss                 | 1.08        |
|    n_updates            | 180         |
|    policy_gradient_loss | -0.026      |
|    std                  | 0.95        |
|    value_loss           | 2.74        |
-----------------------------------------
-----------------------------------------
| rollout/                |             |
|    ep_len_mean          | 82          |
|    ep_rew_mean          | -23         |
| time/                   |             |
|    fps                  | 48          |
|    iterations           | 20          |
|    time_elapsed         | 1692        |
|    total_timesteps      | 81920       |
| train/                  |             |
|    approx_kl            | 0.014630907 |
|    clip_fraction        | 0.163       |
|    clip_range           | 0.2         |
|    entropy_loss         | -13.6       |
|    explained_variance   | 0.0219      |
|    learning_rate        | 0.0003      |
|    loss                 | 1.28        |
|    n_updates            | 190         |
|    policy_gradient_loss | -0.0237     |
|    std                  | 0.947       |
|    value_loss           | 2.85        |
-----------------------------------------
-----------------------------------------
| rollout/                |             |
|    ep_len_mean          | 82          |
|    ep_rew_mean          | -21.4       |
| time/                   |             |
|    fps                  | 48          |
|    iterations           | 21          |
|    time_elapsed         | 1778        |
|    total_timesteps      | 86016       |
| train/                  |             |
|    approx_kl            | 0.014489325 |
|    clip_fraction        | 0.152       |
|    clip_range           | 0.2         |
|    entropy_loss         | -13.5       |
|    explained_variance   | 0.0221      |
|    learning_rate        | 0.0003      |
|    loss                 | 0.676       |
|    n_updates            | 200         |
|    policy_gradient_loss | -0.0217     |
|    std                  | 0.942       |
|    value_loss           | 2.36        |
-----------------------------------------
-----------------------------------------
| rollout/                |             |
|    ep_len_mean          | 82          |
|    ep_rew_mean          | -20.2       |
| time/                   |             |
|    fps                  | 48          |
|    iterations           | 22          |
|    time_elapsed         | 1864        |
|    total_timesteps      | 90112       |
| train/                  |             |
|    approx_kl            | 0.012517402 |
|    clip_fraction        | 0.147       |
|    clip_range           | 0.2         |
|    entropy_loss         | -13.4       |
|    explained_variance   | 0.0301      |
|    learning_rate        | 0.0003      |
|    loss                 | 1           |
|    n_updates            | 210         |
|    policy_gradient_loss | -0.0229     |
|    std                  | 0.939       |
|    value_loss           | 2.21        |
-----------------------------------------
-----------------------------------------
| rollout/                |             |
|    ep_len_mean          | 82          |
|    ep_rew_mean          | -19         |
| time/                   |             |
|    fps                  | 48          |
|    iterations           | 23          |
|    time_elapsed         | 1949        |
|    total_timesteps      | 94208       |
| train/                  |             |
|    approx_kl            | 0.015205358 |
|    clip_fraction        | 0.168       |
|    clip_range           | 0.2         |
|    entropy_loss         | -13.4       |
|    explained_variance   | 0.0367      |
|    learning_rate        | 0.0003      |
|    loss                 | 0.598       |
|    n_updates            | 220         |
|    policy_gradient_loss | -0.0251     |
|    std                  | 0.935       |
|    value_loss           | 1.86        |
-----------------------------------------
-----------------------------------------
| rollout/                |             |
|    ep_len_mean          | 82          |
|    ep_rew_mean          | -17.8       |
| time/                   |             |
|    fps                  | 48          |
|    iterations           | 24          |
|    time_elapsed         | 2035        |
|    total_timesteps      | 98304       |
| train/                  |             |
|    approx_kl            | 0.015182398 |
|    clip_fraction        | 0.151       |
|    clip_range           | 0.2         |
|    entropy_loss         | -13.3       |
|    explained_variance   | 0.0275      |
|    learning_rate        | 0.0003      |
|    loss                 | 0.661       |
|    n_updates            | 230         |
|    policy_gradient_loss | -0.0237     |
|    std                  | 0.932       |
|    value_loss           | 2.04        |
-----------------------------------------
-----------------------------------------
| rollout/                |             |
|    ep_len_mean          | 82          |
|    ep_rew_mean          | -15.8       |
| time/                   |             |
|    fps                  | 48          |
|    iterations           | 25          |
|    time_elapsed         | 2120        |
|    total_timesteps      | 102400      |
| train/                  |             |
|    approx_kl            | 0.014640441 |
|    clip_fraction        | 0.158       |
|    clip_range           | 0.2         |
|    entropy_loss         | -13.3       |
|    explained_variance   | 0.0294      |
|    learning_rate        | 0.0003      |
|    loss                 | 0.588       |
|    n_updates            | 240         |
|    policy_gradient_loss | -0.0221     |
|    std                  | 0.928       |
|    value_loss           | 1.48        |
-----------------------------------------
-----------------------------------------
| rollout/                |             |
|    ep_len_mean          | 82          |
|    ep_rew_mean          | -14.8       |
| time/                   |             |
|    fps                  | 48          |
|    iterations           | 26          |
|    time_elapsed         | 2205        |
|    total_timesteps      | 106496      |
| train/                  |             |
|    approx_kl            | 0.015014879 |
|    clip_fraction        | 0.153       |
|    clip_range           | 0.2         |
|    entropy_loss         | -13.2       |
|    explained_variance   | 0.0469      |
|    learning_rate        | 0.0003      |
|    loss                 | 0.618       |
|    n_updates            | 250         |
|    policy_gradient_loss | -0.0211     |
|    std                  | 0.923       |
|    value_loss           | 1.6         |
-----------------------------------------
-----------------------------------------
| rollout/                |             |
|    ep_len_mean          | 82          |
|    ep_rew_mean          | -13.7       |
| time/                   |             |
|    fps                  | 48          |
|    iterations           | 27          |
|    time_elapsed         | 2291        |
|    total_timesteps      | 110592      |
| train/                  |             |
|    approx_kl            | 0.015139289 |
|    clip_fraction        | 0.163       |
|    clip_range           | 0.2         |
|    entropy_loss         | -13.2       |
|    explained_variance   | 0.0479      |
|    learning_rate        | 0.0003      |
|    loss                 | 0.32        |
|    n_updates            | 260         |
|    policy_gradient_loss | -0.0227     |
|    std                  | 0.919       |
|    value_loss           | 1.41        |
-----------------------------------------
-----------------------------------------
| rollout/                |             |
|    ep_len_mean          | 82          |
|    ep_rew_mean          | -12.9       |
| time/                   |             |
|    fps                  | 48          |
|    iterations           | 28          |
|    time_elapsed         | 2379        |
|    total_timesteps      | 114688      |
| train/                  |             |
|    approx_kl            | 0.017701142 |
|    clip_fraction        | 0.152       |
|    clip_range           | 0.2         |
|    entropy_loss         | -13.1       |
|    explained_variance   | 0.0415      |
|    learning_rate        | 0.0003      |
|    loss                 | 0.408       |
|    n_updates            | 270         |
|    policy_gradient_loss | -0.0198     |
|    std                  | 0.914       |
|    value_loss           | 1.3         |
-----------------------------------------
----------------------------------------
| rollout/                |            |
|    ep_len_mean          | 82         |
|    ep_rew_mean          | -12.4      |
| time/                   |            |
|    fps                  | 48         |
|    iterations           | 29         |
|    time_elapsed         | 2466       |
|    total_timesteps      | 118784     |
| train/                  |            |
|    approx_kl            | 0.01392341 |
|    clip_fraction        | 0.159      |
|    clip_range           | 0.2        |
|    entropy_loss         | -13.1      |
|    explained_variance   | 0.0715     |
|    learning_rate        | 0.0003     |
|    loss                 | 0.238      |
|    n_updates            | 280        |
|    policy_gradient_loss | -0.0221    |
|    std                  | 0.914      |
|    value_loss           | 1.08       |
----------------------------------------
-----------------------------------------
| rollout/                |             |
|    ep_len_mean          | 82          |
|    ep_rew_mean          | -12         |
| time/                   |             |
|    fps                  | 48          |
|    iterations           | 30          |
|    time_elapsed         | 2551        |
|    total_timesteps      | 122880      |
| train/                  |             |
|    approx_kl            | 0.015270448 |
|    clip_fraction        | 0.167       |
|    clip_range           | 0.2         |
|    entropy_loss         | -13         |
|    explained_variance   | 0.0636      |
|    learning_rate        | 0.0003      |
|    loss                 | 0.243       |
|    n_updates            | 290         |
|    policy_gradient_loss | -0.0234     |
|    std                  | 0.907       |
|    value_loss           | 1.05        |
-----------------------------------------
-----------------------------------------
| rollout/                |             |
|    ep_len_mean          | 82          |
|    ep_rew_mean          | -11.4       |
| time/                   |             |
|    fps                  | 48          |
|    iterations           | 31          |
|    time_elapsed         | 2638        |
|    total_timesteps      | 126976      |
| train/                  |             |
|    approx_kl            | 0.015117676 |
|    clip_fraction        | 0.152       |
|    clip_range           | 0.2         |
|    entropy_loss         | -13         |
|    explained_variance   | 0.0719      |
|    learning_rate        | 0.0003      |
|    loss                 | 0.22        |
|    n_updates            | 300         |
|    policy_gradient_loss | -0.0222     |
|    std                  | 0.902       |
|    value_loss           | 0.963       |
-----------------------------------------
-----------------------------------------
| rollout/                |             |
|    ep_len_mean          | 82          |
|    ep_rew_mean          | -10.5       |
| time/                   |             |
|    fps                  | 48          |
|    iterations           | 32          |
|    time_elapsed         | 2725        |
|    total_timesteps      | 131072      |
| train/                  |             |
|    approx_kl            | 0.014602513 |
|    clip_fraction        | 0.16        |
|    clip_range           | 0.2         |
|    entropy_loss         | -12.9       |
|    explained_variance   | 0.0961      |
|    learning_rate        | 0.0003      |
|    loss                 | 0.233       |
|    n_updates            | 310         |
|    policy_gradient_loss | -0.0209     |
|    std                  | 0.898       |
|    value_loss           | 0.914       |
-----------------------------------------
-----------------------------------------
| rollout/                |             |
|    ep_len_mean          | 82          |
|    ep_rew_mean          | -10.3       |
| time/                   |             |
|    fps                  | 48          |
|    iterations           | 33          |
|    time_elapsed         | 2810        |
|    total_timesteps      | 135168      |
| train/                  |             |
|    approx_kl            | 0.013937091 |
|    clip_fraction        | 0.162       |
|    clip_range           | 0.2         |
|    entropy_loss         | -12.8       |
|    explained_variance   | 0.0752      |
|    learning_rate        | 0.0003      |
|    loss                 | 0.249       |
|    n_updates            | 320         |
|    policy_gradient_loss | -0.0196     |
|    std                  | 0.893       |
|    value_loss           | 0.933       |
-----------------------------------------
---------------------------------------
| rollout/                |           |
|    ep_len_mean          | 82        |
|    ep_rew_mean          | -9.23     |
| time/                   |           |
|    fps                  | 48        |
|    iterations           | 34        |
|    time_elapsed         | 2896      |
|    total_timesteps      | 139264    |
| train/                  |           |
|    approx_kl            | 0.0158161 |
|    clip_fraction        | 0.181     |
|    clip_range           | 0.2       |
|    entropy_loss         | -12.8     |
|    explained_variance   | 0.109     |
|    learning_rate        | 0.0003    |
|    loss                 | 0.215     |
|    n_updates            | 330       |
|    policy_gradient_loss | -0.0226   |
|    std                  | 0.888     |
|    value_loss           | 0.743     |
---------------------------------------
-----------------------------------------
| rollout/                |             |
|    ep_len_mean          | 82          |
|    ep_rew_mean          | -8.42       |
| time/                   |             |
|    fps                  | 48          |
|    iterations           | 35          |
|    time_elapsed         | 2982        |
|    total_timesteps      | 143360      |
| train/                  |             |
|    approx_kl            | 0.014755284 |
|    clip_fraction        | 0.179       |
|    clip_range           | 0.2         |
|    entropy_loss         | -12.7       |
|    explained_variance   | 0.0881      |
|    learning_rate        | 0.0003      |
|    loss                 | 0.164       |
|    n_updates            | 340         |
|    policy_gradient_loss | -0.023      |
|    std                  | 0.883       |
|    value_loss           | 0.77        |
-----------------------------------------
-----------------------------------------
| rollout/                |             |
|    ep_len_mean          | 82          |
|    ep_rew_mean          | -8.38       |
| time/                   |             |
|    fps                  | 48          |
|    iterations           | 36          |
|    time_elapsed         | 3071        |
|    total_timesteps      | 147456      |
| train/                  |             |
|    approx_kl            | 0.015588526 |
|    clip_fraction        | 0.183       |
|    clip_range           | 0.2         |
|    entropy_loss         | -12.7       |
|    explained_variance   | 0.118       |
|    learning_rate        | 0.0003      |
|    loss                 | 0.245       |
|    n_updates            | 350         |
|    policy_gradient_loss | -0.0226     |
|    std                  | 0.883       |
|    value_loss           | 0.795       |
-----------------------------------------
-----------------------------------------
| rollout/                |             |
|    ep_len_mean          | 82          |
|    ep_rew_mean          | -7.65       |
| time/                   |             |
|    fps                  | 47          |
|    iterations           | 37          |
|    time_elapsed         | 3159        |
|    total_timesteps      | 151552      |
| train/                  |             |
|    approx_kl            | 0.015610991 |
|    clip_fraction        | 0.165       |
|    clip_range           | 0.2         |
|    entropy_loss         | -12.6       |
|    explained_variance   | 0.0886      |
|    learning_rate        | 0.0003      |
|    loss                 | 0.185       |
|    n_updates            | 360         |
|    policy_gradient_loss | -0.0201     |
|    std                  | 0.878       |
|    value_loss           | 0.817       |
-----------------------------------------
-----------------------------------------
| rollout/                |             |
|    ep_len_mean          | 82          |
|    ep_rew_mean          | -7.39       |
| time/                   |             |
|    fps                  | 47          |
|    iterations           | 38          |
|    time_elapsed         | 3244        |
|    total_timesteps      | 155648      |
| train/                  |             |
|    approx_kl            | 0.014808573 |
|    clip_fraction        | 0.158       |
|    clip_range           | 0.2         |
|    entropy_loss         | -12.6       |
|    explained_variance   | 0.149       |
|    learning_rate        | 0.0003      |
|    loss                 | 0.128       |
|    n_updates            | 370         |
|    policy_gradient_loss | -0.0183     |
|    std                  | 0.875       |
|    value_loss           | 0.693       |
-----------------------------------------
----------------------------------------
| rollout/                |            |
|    ep_len_mean          | 82         |
|    ep_rew_mean          | -7.08      |
| time/                   |            |
|    fps                  | 47         |
|    iterations           | 39         |
|    time_elapsed         | 3330       |
|    total_timesteps      | 159744     |
| train/                  |            |
|    approx_kl            | 0.01647023 |
|    clip_fraction        | 0.185      |
|    clip_range           | 0.2        |
|    entropy_loss         | -12.5      |
|    explained_variance   | 0.101      |
|    learning_rate        | 0.0003     |
|    loss                 | 0.162      |
|    n_updates            | 380        |
|    policy_gradient_loss | -0.0236    |
|    std                  | 0.868      |
|    value_loss           | 0.824      |
----------------------------------------
-----------------------------------------
| rollout/                |             |
|    ep_len_mean          | 82          |
|    ep_rew_mean          | -6.23       |
| time/                   |             |
|    fps                  | 47          |
|    iterations           | 40          |
|    time_elapsed         | 3416        |
|    total_timesteps      | 163840      |
| train/                  |             |
|    approx_kl            | 0.015194364 |
|    clip_fraction        | 0.184       |
|    clip_range           | 0.2         |
|    entropy_loss         | -12.4       |
|    explained_variance   | 0.152       |
|    learning_rate        | 0.0003      |
|    loss                 | 0.165       |
|    n_updates            | 390         |
|    policy_gradient_loss | -0.023      |
|    std                  | 0.858       |
|    value_loss           | 0.771       |
-----------------------------------------
-----------------------------------------
| rollout/                |             |
|    ep_len_mean          | 82          |
|    ep_rew_mean          | -5.2        |
| time/                   |             |
|    fps                  | 47          |
|    iterations           | 41          |
|    time_elapsed         | 3502        |
|    total_timesteps      | 167936      |
| train/                  |             |
|    approx_kl            | 0.018266698 |
|    clip_fraction        | 0.218       |
|    clip_range           | 0.2         |
|    entropy_loss         | -12.3       |
|    explained_variance   | 0.174       |
|    learning_rate        | 0.0003      |
|    loss                 | 0.167       |
|    n_updates            | 400         |
|    policy_gradient_loss | -0.0227     |
|    std                  | 0.85        |
|    value_loss           | 0.61        |
-----------------------------------------
-----------------------------------------
| rollout/                |             |
|    ep_len_mean          | 82          |
|    ep_rew_mean          | -4.98       |
| time/                   |             |
|    fps                  | 47          |
|    iterations           | 42          |
|    time_elapsed         | 3588        |
|    total_timesteps      | 172032      |
| train/                  |             |
|    approx_kl            | 0.015574927 |
|    clip_fraction        | 0.209       |
|    clip_range           | 0.2         |
|    entropy_loss         | -12.2       |
|    explained_variance   | 0.118       |
|    learning_rate        | 0.0003      |
|    loss                 | 0.138       |
|    n_updates            | 410         |
|    policy_gradient_loss | -0.0238     |
|    std                  | 0.842       |
|    value_loss           | 0.613       |
-----------------------------------------
-----------------------------------------
| rollout/                |             |
|    ep_len_mean          | 82          |
|    ep_rew_mean          | -4.34       |
| time/                   |             |
|    fps                  | 47          |
|    iterations           | 43          |
|    time_elapsed         | 3676        |
|    total_timesteps      | 176128      |
| train/                  |             |
|    approx_kl            | 0.015721891 |
|    clip_fraction        | 0.187       |
|    clip_range           | 0.2         |
|    entropy_loss         | -12.1       |
|    explained_variance   | 0.159       |
|    learning_rate        | 0.0003      |
|    loss                 | 0.14        |
|    n_updates            | 420         |
|    policy_gradient_loss | -0.0221     |
|    std                  | 0.835       |
|    value_loss           | 0.692       |
-----------------------------------------
----------------------------------------
| rollout/                |            |
|    ep_len_mean          | 82         |
|    ep_rew_mean          | -3.21      |
| time/                   |            |
|    fps                  | 47         |
|    iterations           | 44         |
|    time_elapsed         | 3763       |
|    total_timesteps      | 180224     |
| train/                  |            |
|    approx_kl            | 0.01919559 |
|    clip_fraction        | 0.224      |
|    clip_range           | 0.2        |
|    entropy_loss         | -12.1      |
|    explained_variance   | 0.145      |
|    learning_rate        | 0.0003     |
|    loss                 | 0.163      |
|    n_updates            | 430        |
|    policy_gradient_loss | -0.0258    |
|    std                  | 0.83       |
|    value_loss           | 0.576      |
----------------------------------------
-----------------------------------------
| rollout/                |             |
|    ep_len_mean          | 82          |
|    ep_rew_mean          | -3.28       |
| time/                   |             |
|    fps                  | 47          |
|    iterations           | 45          |
|    time_elapsed         | 3850        |
|    total_timesteps      | 184320      |
| train/                  |             |
|    approx_kl            | 0.017585572 |
|    clip_fraction        | 0.186       |
|    clip_range           | 0.2         |
|    entropy_loss         | -12         |
|    explained_variance   | 0.193       |
|    learning_rate        | 0.0003      |
|    loss                 | 0.139       |
|    n_updates            | 440         |
|    policy_gradient_loss | -0.0217     |
|    std                  | 0.823       |
|    value_loss           | 0.602       |
-----------------------------------------
-----------------------------------------
| rollout/                |             |
|    ep_len_mean          | 82          |
|    ep_rew_mean          | -2.96       |
| time/                   |             |
|    fps                  | 47          |
|    iterations           | 46          |
|    time_elapsed         | 3938        |
|    total_timesteps      | 188416      |
| train/                  |             |
|    approx_kl            | 0.018845385 |
|    clip_fraction        | 0.219       |
|    clip_range           | 0.2         |
|    entropy_loss         | -11.9       |
|    explained_variance   | 0.225       |
|    learning_rate        | 0.0003      |
|    loss                 | 0.121       |
|    n_updates            | 450         |
|    policy_gradient_loss | -0.0245     |
|    std                  | 0.816       |
|    value_loss           | 0.552       |
-----------------------------------------
-----------------------------------------
| rollout/                |             |
|    ep_len_mean          | 82          |
|    ep_rew_mean          | -2.07       |
| time/                   |             |
|    fps                  | 47          |
|    iterations           | 47          |
|    time_elapsed         | 4026        |
|    total_timesteps      | 192512      |
| train/                  |             |
|    approx_kl            | 0.017436445 |
|    clip_fraction        | 0.207       |
|    clip_range           | 0.2         |
|    entropy_loss         | -11.8       |
|    explained_variance   | 0.201       |
|    learning_rate        | 0.0003      |
|    loss                 | 0.157       |
|    n_updates            | 460         |
|    policy_gradient_loss | -0.0227     |
|    std                  | 0.808       |
|    value_loss           | 0.508       |
-----------------------------------------
-----------------------------------------
| rollout/                |             |
|    ep_len_mean          | 82          |
|    ep_rew_mean          | -1.03       |
| time/                   |             |
|    fps                  | 47          |
|    iterations           | 48          |
|    time_elapsed         | 4114        |
|    total_timesteps      | 196608      |
| train/                  |             |
|    approx_kl            | 0.018990235 |
|    clip_fraction        | 0.225       |
|    clip_range           | 0.2         |
|    entropy_loss         | -11.7       |
|    explained_variance   | 0.197       |
|    learning_rate        | 0.0003      |
|    loss                 | 0.243       |
|    n_updates            | 470         |
|    policy_gradient_loss | -0.0263     |
|    std                  | 0.802       |
|    value_loss           | 0.609       |
-----------------------------------------
----------------------------------------
| rollout/                |            |
|    ep_len_mean          | 82         |
|    ep_rew_mean          | -0.114     |
| time/                   |            |
|    fps                  | 47         |
|    iterations           | 49         |
|    time_elapsed         | 4203       |
|    total_timesteps      | 200704     |
| train/                  |            |
|    approx_kl            | 0.01606364 |
|    clip_fraction        | 0.205      |
|    clip_range           | 0.2        |
|    entropy_loss         | -11.7      |
|    explained_variance   | 0.189      |
|    learning_rate        | 0.0003     |
|    loss                 | 0.184      |
|    n_updates            | 480        |
|    policy_gradient_loss | -0.0204    |
|    std                  | 0.798      |
|    value_loss           | 0.521      |
----------------------------------------
-----------------------------------------
| rollout/                |             |
|    ep_len_mean          | 82          |
|    ep_rew_mean          | 0.289       |
| time/                   |             |
|    fps                  | 47          |
|    iterations           | 50          |
|    time_elapsed         | 4291        |
|    total_timesteps      | 204800      |
| train/                  |             |
|    approx_kl            | 0.018626496 |
|    clip_fraction        | 0.203       |
|    clip_range           | 0.2         |
|    entropy_loss         | -11.6       |
|    explained_variance   | 0.215       |
|    learning_rate        | 0.0003      |
|    loss                 | 0.117       |
|    n_updates            | 490         |
|    policy_gradient_loss | -0.0232     |
|    std                  | 0.791       |
|    value_loss           | 0.533       |
-----------------------------------------
-----------------------------------------
| rollout/                |             |
|    ep_len_mean          | 82          |
|    ep_rew_mean          | 0.695       |
| time/                   |             |
|    fps                  | 47          |
|    iterations           | 51          |
|    time_elapsed         | 4380        |
|    total_timesteps      | 208896      |
| train/                  |             |
|    approx_kl            | 0.016749274 |
|    clip_fraction        | 0.203       |
|    clip_range           | 0.2         |
|    entropy_loss         | -11.5       |
|    explained_variance   | 0.255       |
|    learning_rate        | 0.0003      |
|    loss                 | 0.0943      |
|    n_updates            | 500         |
|    policy_gradient_loss | -0.0215     |
|    std                  | 0.784       |
|    value_loss           | 0.489       |
-----------------------------------------
----------------------------------------
| rollout/                |            |
|    ep_len_mean          | 82         |
|    ep_rew_mean          | 1.06       |
| time/                   |            |
|    fps                  | 47         |
|    iterations           | 52         |
|    time_elapsed         | 4469       |
|    total_timesteps      | 212992     |
| train/                  |            |
|    approx_kl            | 0.01920021 |
|    clip_fraction        | 0.209      |
|    clip_range           | 0.2        |
|    entropy_loss         | -11.4      |
|    explained_variance   | 0.193      |
|    learning_rate        | 0.0003     |
|    loss                 | 0.122      |
|    n_updates            | 510        |
|    policy_gradient_loss | -0.0207    |
|    std                  | 0.776      |
|    value_loss           | 0.574      |
----------------------------------------
----------------------------------------
| rollout/                |            |
|    ep_len_mean          | 82         |
|    ep_rew_mean          | 1.41       |
| time/                   |            |
|    fps                  | 47         |
|    iterations           | 53         |
|    time_elapsed         | 4555       |
|    total_timesteps      | 217088     |
| train/                  |            |
|    approx_kl            | 0.01943166 |
|    clip_fraction        | 0.226      |
|    clip_range           | 0.2        |
|    entropy_loss         | -11.3      |
|    explained_variance   | 0.241      |
|    learning_rate        | 0.0003     |
|    loss                 | 0.148      |
|    n_updates            | 520        |
|    policy_gradient_loss | -0.0243    |
|    std                  | 0.766      |
|    value_loss           | 0.533      |
----------------------------------------
-----------------------------------------
| rollout/                |             |
|    ep_len_mean          | 82          |
|    ep_rew_mean          | 1.96        |
| time/                   |             |
|    fps                  | 47          |
|    iterations           | 54          |
|    time_elapsed         | 4643        |
|    total_timesteps      | 221184      |
| train/                  |             |
|    approx_kl            | 0.015586544 |
|    clip_fraction        | 0.213       |
|    clip_range           | 0.2         |
|    entropy_loss         | -11.2       |
|    explained_variance   | 0.248       |
|    learning_rate        | 0.0003      |
|    loss                 | 0.101       |
|    n_updates            | 530         |
|    policy_gradient_loss | -0.0212     |
|    std                  | 0.759       |
|    value_loss           | 0.47        |
-----------------------------------------
-----------------------------------------
| rollout/                |             |
|    ep_len_mean          | 82          |
|    ep_rew_mean          | 2.41        |
| time/                   |             |
|    fps                  | 47          |
|    iterations           | 55          |
|    time_elapsed         | 4732        |
|    total_timesteps      | 225280      |
| train/                  |             |
|    approx_kl            | 0.019586692 |
|    clip_fraction        | 0.226       |
|    clip_range           | 0.2         |
|    entropy_loss         | -11.1       |
|    explained_variance   | 0.299       |
|    learning_rate        | 0.0003      |
|    loss                 | 0.0982      |
|    n_updates            | 540         |
|    policy_gradient_loss | -0.0219     |
|    std                  | 0.752       |
|    value_loss           | 0.459       |
-----------------------------------------
-----------------------------------------
| rollout/                |             |
|    ep_len_mean          | 82          |
|    ep_rew_mean          | 3.23        |
| time/                   |             |
|    fps                  | 47          |
|    iterations           | 56          |
|    time_elapsed         | 4820        |
|    total_timesteps      | 229376      |
| train/                  |             |
|    approx_kl            | 0.021104645 |
|    clip_fraction        | 0.238       |
|    clip_range           | 0.2         |
|    entropy_loss         | -10.9       |
|    explained_variance   | 0.296       |
|    learning_rate        | 0.0003      |
|    loss                 | 0.0512      |
|    n_updates            | 550         |
|    policy_gradient_loss | -0.0237     |
|    std                  | 0.743       |
|    value_loss           | 0.474       |
-----------------------------------------
-----------------------------------------
| rollout/                |             |
|    ep_len_mean          | 82          |
|    ep_rew_mean          | 3.81        |
| time/                   |             |
|    fps                  | 47          |
|    iterations           | 57          |
|    time_elapsed         | 4908        |
|    total_timesteps      | 233472      |
| train/                  |             |
|    approx_kl            | 0.019774277 |
|    clip_fraction        | 0.232       |
|    clip_range           | 0.2         |
|    entropy_loss         | -10.8       |
|    explained_variance   | 0.275       |
|    learning_rate        | 0.0003      |
|    loss                 | 0.0783      |
|    n_updates            | 560         |
|    policy_gradient_loss | -0.0226     |
|    std                  | 0.738       |
|    value_loss           | 0.459       |
-----------------------------------------
-----------------------------------------
| rollout/                |             |
|    ep_len_mean          | 82          |
|    ep_rew_mean          | 4.56        |
| time/                   |             |
|    fps                  | 47          |
|    iterations           | 58          |
|    time_elapsed         | 4994        |
|    total_timesteps      | 237568      |
| train/                  |             |
|    approx_kl            | 0.018495005 |
|    clip_fraction        | 0.236       |
|    clip_range           | 0.2         |
|    entropy_loss         | -10.8       |
|    explained_variance   | 0.282       |
|    learning_rate        | 0.0003      |
|    loss                 | 0.0381      |
|    n_updates            | 570         |
|    policy_gradient_loss | -0.0247     |
|    std                  | 0.732       |
|    value_loss           | 0.425       |
-----------------------------------------
-----------------------------------------
| rollout/                |             |
|    ep_len_mean          | 82          |
|    ep_rew_mean          | 5.43        |
| time/                   |             |
|    fps                  | 47          |
|    iterations           | 59          |
|    time_elapsed         | 5081        |
|    total_timesteps      | 241664      |
| train/                  |             |
|    approx_kl            | 0.018961288 |
|    clip_fraction        | 0.237       |
|    clip_range           | 0.2         |
|    entropy_loss         | -10.7       |
|    explained_variance   | 0.275       |
|    learning_rate        | 0.0003      |
|    loss                 | 0.0879      |
|    n_updates            | 580         |
|    policy_gradient_loss | -0.0239     |
|    std                  | 0.726       |
|    value_loss           | 0.526       |
-----------------------------------------
-----------------------------------------
| rollout/                |             |
|    ep_len_mean          | 82          |
|    ep_rew_mean          | 5.72        |
| time/                   |             |
|    fps                  | 47          |
|    iterations           | 60          |
|    time_elapsed         | 5168        |
|    total_timesteps      | 245760      |
| train/                  |             |
|    approx_kl            | 0.019903004 |
|    clip_fraction        | 0.231       |
|    clip_range           | 0.2         |
|    entropy_loss         | -10.6       |
|    explained_variance   | 0.271       |
|    learning_rate        | 0.0003      |
|    loss                 | 0.0453      |
|    n_updates            | 590         |
|    policy_gradient_loss | -0.0205     |
|    std                  | 0.723       |
|    value_loss           | 0.44        |
-----------------------------------------
-----------------------------------------
| rollout/                |             |
|    ep_len_mean          | 82          |
|    ep_rew_mean          | 5.97        |
| time/                   |             |
|    fps                  | 47          |
|    iterations           | 61          |
|    time_elapsed         | 5256        |
|    total_timesteps      | 249856      |
| train/                  |             |
|    approx_kl            | 0.019332364 |
|    clip_fraction        | 0.236       |
|    clip_range           | 0.2         |
|    entropy_loss         | -10.5       |
|    explained_variance   | 0.274       |
|    learning_rate        | 0.0003      |
|    loss                 | 0.071       |
|    n_updates            | 600         |
|    policy_gradient_loss | -0.0239     |
|    std                  | 0.716       |
|    value_loss           | 0.548       |
-----------------------------------------
-----------------------------------------
| rollout/                |             |
|    ep_len_mean          | 82          |
|    ep_rew_mean          | 6.51        |
| time/                   |             |
|    fps                  | 47          |
|    iterations           | 62          |
|    time_elapsed         | 5343        |
|    total_timesteps      | 253952      |
| train/                  |             |
|    approx_kl            | 0.021054946 |
|    clip_fraction        | 0.233       |
|    clip_range           | 0.2         |
|    entropy_loss         | -10.4       |
|    explained_variance   | 0.237       |
|    learning_rate        | 0.0003      |
|    loss                 | 0.108       |
|    n_updates            | 610         |
|    policy_gradient_loss | -0.0207     |
|    std                  | 0.708       |
|    value_loss           | 0.503       |
-----------------------------------------
-----------------------------------------
| rollout/                |             |
|    ep_len_mean          | 82          |
|    ep_rew_mean          | 6.99        |
| time/                   |             |
|    fps                  | 47          |
|    iterations           | 63          |
|    time_elapsed         | 5429        |
|    total_timesteps      | 258048      |
| train/                  |             |
|    approx_kl            | 0.020534672 |
|    clip_fraction        | 0.23        |
|    clip_range           | 0.2         |
|    entropy_loss         | -10.3       |
|    explained_variance   | 0.348       |
|    learning_rate        | 0.0003      |
|    loss                 | 0.0408      |
|    n_updates            | 620         |
|    policy_gradient_loss | -0.0214     |
|    std                  | 0.703       |
|    value_loss           | 0.407       |
-----------------------------------------
-----------------------------------------
| rollout/                |             |
|    ep_len_mean          | 82          |
|    ep_rew_mean          | 7.57        |
| time/                   |             |
|    fps                  | 47          |
|    iterations           | 64          |
|    time_elapsed         | 5515        |
|    total_timesteps      | 262144      |
| train/                  |             |
|    approx_kl            | 0.020072538 |
|    clip_fraction        | 0.245       |
|    clip_range           | 0.2         |
|    entropy_loss         | -10.2       |
|    explained_variance   | 0.297       |
|    learning_rate        | 0.0003      |
|    loss                 | 0.0894      |
|    n_updates            | 630         |
|    policy_gradient_loss | -0.0234     |
|    std                  | 0.694       |
|    value_loss           | 0.462       |
-----------------------------------------
-----------------------------------------
| rollout/                |             |
|    ep_len_mean          | 82          |
|    ep_rew_mean          | 8.06        |
| time/                   |             |
|    fps                  | 47          |
|    iterations           | 65          |
|    time_elapsed         | 5600        |
|    total_timesteps      | 266240      |
| train/                  |             |
|    approx_kl            | 0.020617425 |
|    clip_fraction        | 0.234       |
|    clip_range           | 0.2         |
|    entropy_loss         | -10.1       |
|    explained_variance   | 0.35        |
|    learning_rate        | 0.0003      |
|    loss                 | 0.0871      |
|    n_updates            | 640         |
|    policy_gradient_loss | -0.0226     |
|    std                  | 0.687       |
|    value_loss           | 0.439       |
-----------------------------------------
-----------------------------------------
| rollout/                |             |
|    ep_len_mean          | 82          |
|    ep_rew_mean          | 8.53        |
| time/                   |             |
|    fps                  | 47          |
|    iterations           | 66          |
|    time_elapsed         | 5688        |
|    total_timesteps      | 270336      |
| train/                  |             |
|    approx_kl            | 0.019045092 |
|    clip_fraction        | 0.218       |
|    clip_range           | 0.2         |
|    entropy_loss         | -10         |
|    explained_variance   | 0.277       |
|    learning_rate        | 0.0003      |
|    loss                 | 0.144       |
|    n_updates            | 650         |
|    policy_gradient_loss | -0.0216     |
|    std                  | 0.678       |
|    value_loss           | 0.491       |
-----------------------------------------
-----------------------------------------
| rollout/                |             |
|    ep_len_mean          | 82          |
|    ep_rew_mean          | 9.06        |
| time/                   |             |
|    fps                  | 47          |
|    iterations           | 67          |
|    time_elapsed         | 5776        |
|    total_timesteps      | 274432      |
| train/                  |             |
|    approx_kl            | 0.018520704 |
|    clip_fraction        | 0.244       |
|    clip_range           | 0.2         |
|    entropy_loss         | -9.9        |
|    explained_variance   | 0.36        |
|    learning_rate        | 0.0003      |
|    loss                 | 0.0831      |
|    n_updates            | 660         |
|    policy_gradient_loss | -0.0226     |
|    std                  | 0.672       |
|    value_loss           | 0.405       |
-----------------------------------------
-----------------------------------------
| rollout/                |             |
|    ep_len_mean          | 82          |
|    ep_rew_mean          | 9.83        |
| time/                   |             |
|    fps                  | 47          |
|    iterations           | 68          |
|    time_elapsed         | 5864        |
|    total_timesteps      | 278528      |
| train/                  |             |
|    approx_kl            | 0.019625168 |
|    clip_fraction        | 0.24        |
|    clip_range           | 0.2         |
|    entropy_loss         | -9.79       |
|    explained_variance   | 0.324       |
|    learning_rate        | 0.0003      |
|    loss                 | 0.0928      |
|    n_updates            | 670         |
|    policy_gradient_loss | -0.0198     |
|    std                  | 0.665       |
|    value_loss           | 0.415       |
-----------------------------------------
-----------------------------------------
| rollout/                |             |
|    ep_len_mean          | 82          |
|    ep_rew_mean          | 10.4        |
| time/                   |             |
|    fps                  | 47          |
|    iterations           | 69          |
|    time_elapsed         | 5952        |
|    total_timesteps      | 282624      |
| train/                  |             |
|    approx_kl            | 0.021047875 |
|    clip_fraction        | 0.257       |
|    clip_range           | 0.2         |
|    entropy_loss         | -9.69       |
|    explained_variance   | 0.335       |
|    learning_rate        | 0.0003      |
|    loss                 | 0.104       |
|    n_updates            | 680         |
|    policy_gradient_loss | -0.0222     |
|    std                  | 0.658       |
|    value_loss           | 0.425       |
-----------------------------------------
-----------------------------------------
| rollout/                |             |
|    ep_len_mean          | 82          |
|    ep_rew_mean          | 10.9        |
| time/                   |             |
|    fps                  | 47          |
|    iterations           | 70          |
|    time_elapsed         | 6039        |
|    total_timesteps      | 286720      |
| train/                  |             |
|    approx_kl            | 0.018787375 |
|    clip_fraction        | 0.25        |
|    clip_range           | 0.2         |
|    entropy_loss         | -9.59       |
|    explained_variance   | 0.32        |
|    learning_rate        | 0.0003      |
|    loss                 | 0.0621      |
|    n_updates            | 690         |
|    policy_gradient_loss | -0.0224     |
|    std                  | 0.652       |
|    value_loss           | 0.449       |
-----------------------------------------
-----------------------------------------
| rollout/                |             |
|    ep_len_mean          | 82          |
|    ep_rew_mean          | 11.4        |
| time/                   |             |
|    fps                  | 47          |
|    iterations           | 71          |
|    time_elapsed         | 6125        |
|    total_timesteps      | 290816      |
| train/                  |             |
|    approx_kl            | 0.022757117 |
|    clip_fraction        | 0.256       |
|    clip_range           | 0.2         |
|    entropy_loss         | -9.5        |
|    explained_variance   | 0.375       |
|    learning_rate        | 0.0003      |
|    loss                 | 0.134       |
|    n_updates            | 700         |
|    policy_gradient_loss | -0.0216     |
|    std                  | 0.647       |
|    value_loss           | 0.403       |
-----------------------------------------
-----------------------------------------
| rollout/                |             |
|    ep_len_mean          | 82          |
|    ep_rew_mean          | 11.6        |
| time/                   |             |
|    fps                  | 47          |
|    iterations           | 72          |
|    time_elapsed         | 6214        |
|    total_timesteps      | 294912      |
| train/                  |             |
|    approx_kl            | 0.017710358 |
|    clip_fraction        | 0.226       |
|    clip_range           | 0.2         |
|    entropy_loss         | -9.43       |
|    explained_variance   | 0.363       |
|    learning_rate        | 0.0003      |
|    loss                 | 0.0323      |
|    n_updates            | 710         |
|    policy_gradient_loss | -0.0176     |
|    std                  | 0.643       |
|    value_loss           | 0.383       |
-----------------------------------------
-----------------------------------------
| rollout/                |             |
|    ep_len_mean          | 82          |
|    ep_rew_mean          | 11.8        |
| time/                   |             |
|    fps                  | 47          |
|    iterations           | 73          |
|    time_elapsed         | 6301        |
|    total_timesteps      | 299008      |
| train/                  |             |
|    approx_kl            | 0.022244196 |
|    clip_fraction        | 0.259       |
|    clip_range           | 0.2         |
|    entropy_loss         | -9.35       |
|    explained_variance   | 0.377       |
|    learning_rate        | 0.0003      |
|    loss                 | 0.076       |
|    n_updates            | 720         |
|    policy_gradient_loss | -0.0213     |
|    std                  | 0.638       |
|    value_loss           | 0.418       |
-----------------------------------------
----------------------------------------
| rollout/                |            |
|    ep_len_mean          | 82         |
|    ep_rew_mean          | 12.5       |
| time/                   |            |
|    fps                  | 47         |
|    iterations           | 74         |
|    time_elapsed         | 6388       |
|    total_timesteps      | 303104     |
| train/                  |            |
|    approx_kl            | 0.02142972 |
|    clip_fraction        | 0.267      |
|    clip_range           | 0.2        |
|    entropy_loss         | -9.25      |
|    explained_variance   | 0.355      |
|    learning_rate        | 0.0003     |
|    loss                 | 0.0995     |
|    n_updates            | 730        |
|    policy_gradient_loss | -0.0226    |
|    std                  | 0.631      |
|    value_loss           | 0.435      |
----------------------------------------
----------------------------------------
| rollout/                |            |
|    ep_len_mean          | 82         |
|    ep_rew_mean          | 13         |
| time/                   |            |
|    fps                  | 47         |
|    iterations           | 75         |
|    time_elapsed         | 6475       |
|    total_timesteps      | 307200     |
| train/                  |            |
|    approx_kl            | 0.02213938 |
|    clip_fraction        | 0.26       |
|    clip_range           | 0.2        |
|    entropy_loss         | -9.17      |
|    explained_variance   | 0.421      |
|    learning_rate        | 0.0003     |
|    loss                 | 0.118      |
|    n_updates            | 740        |
|    policy_gradient_loss | -0.0225    |
|    std                  | 0.627      |
|    value_loss           | 0.394      |
----------------------------------------
-----------------------------------------
| rollout/                |             |
|    ep_len_mean          | 82          |
|    ep_rew_mean          | 13.1        |
| time/                   |             |
|    fps                  | 47          |
|    iterations           | 76          |
|    time_elapsed         | 6562        |
|    total_timesteps      | 311296      |
| train/                  |             |
|    approx_kl            | 0.022319295 |
|    clip_fraction        | 0.256       |
|    clip_range           | 0.2         |
|    entropy_loss         | -9.09       |
|    explained_variance   | 0.443       |
|    learning_rate        | 0.0003      |
|    loss                 | 0.0163      |
|    n_updates            | 750         |
|    policy_gradient_loss | -0.0201     |
|    std                  | 0.623       |
|    value_loss           | 0.352       |
-----------------------------------------
----------------------------------------
| rollout/                |            |
|    ep_len_mean          | 82         |
|    ep_rew_mean          | 13.3       |
| time/                   |            |
|    fps                  | 47         |
|    iterations           | 77         |
|    time_elapsed         | 6649       |
|    total_timesteps      | 315392     |
| train/                  |            |
|    approx_kl            | 0.02017615 |
|    clip_fraction        | 0.261      |
|    clip_range           | 0.2        |
|    entropy_loss         | -9.02      |
|    explained_variance   | 0.46       |
|    learning_rate        | 0.0003     |
|    loss                 | 0.0832     |
|    n_updates            | 760        |
|    policy_gradient_loss | -0.0195    |
|    std                  | 0.619      |
|    value_loss           | 0.353      |
----------------------------------------
-----------------------------------------
| rollout/                |             |
|    ep_len_mean          | 82          |
|    ep_rew_mean          | 13.6        |
| time/                   |             |
|    fps                  | 47          |
|    iterations           | 78          |
|    time_elapsed         | 6738        |
|    total_timesteps      | 319488      |
| train/                  |             |
|    approx_kl            | 0.021647088 |
|    clip_fraction        | 0.271       |
|    clip_range           | 0.2         |
|    entropy_loss         | -8.95       |
|    explained_variance   | 0.431       |
|    learning_rate        | 0.0003      |
|    loss                 | 0.0619      |
|    n_updates            | 770         |
|    policy_gradient_loss | -0.0194     |
|    std                  | 0.615       |
|    value_loss           | 0.357       |
-----------------------------------------
-----------------------------------------
| rollout/                |             |
|    ep_len_mean          | 82          |
|    ep_rew_mean          | 14.2        |
| time/                   |             |
|    fps                  | 47          |
|    iterations           | 79          |
|    time_elapsed         | 6827        |
|    total_timesteps      | 323584      |
| train/                  |             |
|    approx_kl            | 0.021640528 |
|    clip_fraction        | 0.271       |
|    clip_range           | 0.2         |
|    entropy_loss         | -8.87       |
|    explained_variance   | 0.427       |
|    learning_rate        | 0.0003      |
|    loss                 | 0.0739      |
|    n_updates            | 780         |
|    policy_gradient_loss | -0.0215     |
|    std                  | 0.609       |
|    value_loss           | 0.373       |
-----------------------------------------
-----------------------------------------
| rollout/                |             |
|    ep_len_mean          | 82          |
|    ep_rew_mean          | 14.6        |
| time/                   |             |
|    fps                  | 47          |
|    iterations           | 80          |
|    time_elapsed         | 6915        |
|    total_timesteps      | 327680      |
| train/                  |             |
|    approx_kl            | 0.021128695 |
|    clip_fraction        | 0.262       |
|    clip_range           | 0.2         |
|    entropy_loss         | -8.76       |
|    explained_variance   | 0.424       |
|    learning_rate        | 0.0003      |
|    loss                 | 0.0989      |
|    n_updates            | 790         |
|    policy_gradient_loss | -0.0221     |
|    std                  | 0.603       |
|    value_loss           | 0.38        |
-----------------------------------------
-----------------------------------------
| rollout/                |             |
|    ep_len_mean          | 82          |
|    ep_rew_mean          | 14.7        |
| time/                   |             |
|    fps                  | 47          |
|    iterations           | 81          |
|    time_elapsed         | 7001        |
|    total_timesteps      | 331776      |
| train/                  |             |
|    approx_kl            | 0.021196352 |
|    clip_fraction        | 0.268       |
|    clip_range           | 0.2         |
|    entropy_loss         | -8.69       |
|    explained_variance   | 0.446       |
|    learning_rate        | 0.0003      |
|    loss                 | 0.0719      |
|    n_updates            | 800         |
|    policy_gradient_loss | -0.0191     |
|    std                  | 0.599       |
|    value_loss           | 0.377       |
-----------------------------------------
-----------------------------------------
| rollout/                |             |
|    ep_len_mean          | 82          |
|    ep_rew_mean          | 15.2        |
| time/                   |             |
|    fps                  | 47          |
|    iterations           | 82          |
|    time_elapsed         | 7088        |
|    total_timesteps      | 335872      |
| train/                  |             |
|    approx_kl            | 0.020808445 |
|    clip_fraction        | 0.256       |
|    clip_range           | 0.2         |
|    entropy_loss         | -8.61       |
|    explained_variance   | 0.433       |
|    learning_rate        | 0.0003      |
|    loss                 | 0.0876      |
|    n_updates            | 810         |
|    policy_gradient_loss | -0.0201     |
|    std                  | 0.594       |
|    value_loss           | 0.384       |
-----------------------------------------
-----------------------------------------
| rollout/                |             |
|    ep_len_mean          | 82          |
|    ep_rew_mean          | 15.4        |
| time/                   |             |
|    fps                  | 47          |
|    iterations           | 83          |
|    time_elapsed         | 7175        |
|    total_timesteps      | 339968      |
| train/                  |             |
|    approx_kl            | 0.021129692 |
|    clip_fraction        | 0.267       |
|    clip_range           | 0.2         |
|    entropy_loss         | -8.52       |
|    explained_variance   | 0.411       |
|    learning_rate        | 0.0003      |
|    loss                 | 0.101       |
|    n_updates            | 820         |
|    policy_gradient_loss | -0.0181     |
|    std                  | 0.589       |
|    value_loss           | 0.446       |
-----------------------------------------
-----------------------------------------
| rollout/                |             |
|    ep_len_mean          | 82          |
|    ep_rew_mean          | 15.8        |
| time/                   |             |
|    fps                  | 47          |
|    iterations           | 84          |
|    time_elapsed         | 7264        |
|    total_timesteps      | 344064      |
| train/                  |             |
|    approx_kl            | 0.020594008 |
|    clip_fraction        | 0.257       |
|    clip_range           | 0.2         |
|    entropy_loss         | -8.43       |
|    explained_variance   | 0.489       |
|    learning_rate        | 0.0003      |
|    loss                 | 0.02        |
|    n_updates            | 830         |
|    policy_gradient_loss | -0.0187     |
|    std                  | 0.584       |
|    value_loss           | 0.346       |
-----------------------------------------
-----------------------------------------
| rollout/                |             |
|    ep_len_mean          | 82          |
|    ep_rew_mean          | 16.1        |
| time/                   |             |
|    fps                  | 47          |
|    iterations           | 85          |
|    time_elapsed         | 7350        |
|    total_timesteps      | 348160      |
| train/                  |             |
|    approx_kl            | 0.022973474 |
|    clip_fraction        | 0.26        |
|    clip_range           | 0.2         |
|    entropy_loss         | -8.33       |
|    explained_variance   | 0.494       |
|    learning_rate        | 0.0003      |
|    loss                 | 0.0637      |
|    n_updates            | 840         |
|    policy_gradient_loss | -0.0202     |
|    std                  | 0.577       |
|    value_loss           | 0.325       |
-----------------------------------------
-----------------------------------------
| rollout/                |             |
|    ep_len_mean          | 82          |
|    ep_rew_mean          | 16.2        |
| time/                   |             |
|    fps                  | 47          |
|    iterations           | 86          |
|    time_elapsed         | 7437        |
|    total_timesteps      | 352256      |
| train/                  |             |
|    approx_kl            | 0.022726804 |
|    clip_fraction        | 0.276       |
|    clip_range           | 0.2         |
|    entropy_loss         | -8.24       |
|    explained_variance   | 0.454       |
|    learning_rate        | 0.0003      |
|    loss                 | 0.0463      |
|    n_updates            | 850         |
|    policy_gradient_loss | -0.0207     |
|    std                  | 0.573       |
|    value_loss           | 0.372       |
-----------------------------------------
-----------------------------------------
| rollout/                |             |
|    ep_len_mean          | 82          |
|    ep_rew_mean          | 16.5        |
| time/                   |             |
|    fps                  | 47          |
|    iterations           | 87          |
|    time_elapsed         | 7523        |
|    total_timesteps      | 356352      |
| train/                  |             |
|    approx_kl            | 0.021722846 |
|    clip_fraction        | 0.255       |
|    clip_range           | 0.2         |
|    entropy_loss         | -8.15       |
|    explained_variance   | 0.435       |
|    learning_rate        | 0.0003      |
|    loss                 | 0.0722      |
|    n_updates            | 860         |
|    policy_gradient_loss | -0.0194     |
|    std                  | 0.568       |
|    value_loss           | 0.393       |
-----------------------------------------
-----------------------------------------
| rollout/                |             |
|    ep_len_mean          | 82          |
|    ep_rew_mean          | 16.7        |
| time/                   |             |
|    fps                  | 47          |
|    iterations           | 88          |
|    time_elapsed         | 7611        |
|    total_timesteps      | 360448      |
| train/                  |             |
|    approx_kl            | 0.019705575 |
|    clip_fraction        | 0.261       |
|    clip_range           | 0.2         |
|    entropy_loss         | -8.05       |
|    explained_variance   | 0.506       |
|    learning_rate        | 0.0003      |
|    loss                 | 0.0233      |
|    n_updates            | 870         |
|    policy_gradient_loss | -0.0189     |
|    std                  | 0.562       |
|    value_loss           | 0.304       |
-----------------------------------------
----------------------------------------
| rollout/                |            |
|    ep_len_mean          | 82         |
|    ep_rew_mean          | 17.1       |
| time/                   |            |
|    fps                  | 47         |
|    iterations           | 89         |
|    time_elapsed         | 7700       |
|    total_timesteps      | 364544     |
| train/                  |            |
|    approx_kl            | 0.02439063 |
|    clip_fraction        | 0.291      |
|    clip_range           | 0.2        |
|    entropy_loss         | -7.95      |
|    explained_variance   | 0.474      |
|    learning_rate        | 0.0003     |
|    loss                 | 0.0538     |
|    n_updates            | 880        |
|    policy_gradient_loss | -0.0211    |
|    std                  | 0.557      |
|    value_loss           | 0.351      |
----------------------------------------
----------------------------------------
| rollout/                |            |
|    ep_len_mean          | 82         |
|    ep_rew_mean          | 17.5       |
| time/                   |            |
|    fps                  | 47         |
|    iterations           | 90         |
|    time_elapsed         | 7787       |
|    total_timesteps      | 368640     |
| train/                  |            |
|    approx_kl            | 0.02285748 |
|    clip_fraction        | 0.284      |
|    clip_range           | 0.2        |
|    entropy_loss         | -7.88      |
|    explained_variance   | 0.469      |
|    learning_rate        | 0.0003     |
|    loss                 | 0.0364     |
|    n_updates            | 890        |
|    policy_gradient_loss | -0.0187    |
|    std                  | 0.554      |
|    value_loss           | 0.351      |
----------------------------------------
-----------------------------------------
| rollout/                |             |
|    ep_len_mean          | 82          |
|    ep_rew_mean          | 17.8        |
| time/                   |             |
|    fps                  | 47          |
|    iterations           | 91          |
|    time_elapsed         | 7874        |
|    total_timesteps      | 372736      |
| train/                  |             |
|    approx_kl            | 0.022329487 |
|    clip_fraction        | 0.273       |
|    clip_range           | 0.2         |
|    entropy_loss         | -7.8        |
|    explained_variance   | 0.535       |
|    learning_rate        | 0.0003      |
|    loss                 | 0.0119      |
|    n_updates            | 900         |
|    policy_gradient_loss | -0.0171     |
|    std                  | 0.549       |
|    value_loss           | 0.269       |
-----------------------------------------
-----------------------------------------
| rollout/                |             |
|    ep_len_mean          | 82          |
|    ep_rew_mean          | 18.1        |
| time/                   |             |
|    fps                  | 47          |
|    iterations           | 92          |
|    time_elapsed         | 7964        |
|    total_timesteps      | 376832      |
| train/                  |             |
|    approx_kl            | 0.023316974 |
|    clip_fraction        | 0.272       |
|    clip_range           | 0.2         |
|    entropy_loss         | -7.73       |
|    explained_variance   | 0.523       |
|    learning_rate        | 0.0003      |
|    loss                 | 0.0422      |
|    n_updates            | 910         |
|    policy_gradient_loss | -0.0171     |
|    std                  | 0.545       |
|    value_loss           | 0.298       |
-----------------------------------------
-----------------------------------------
| rollout/                |             |
|    ep_len_mean          | 82          |
|    ep_rew_mean          | 18.2        |
| time/                   |             |
|    fps                  | 47          |
|    iterations           | 93          |
|    time_elapsed         | 8053        |
|    total_timesteps      | 380928      |
| train/                  |             |
|    approx_kl            | 0.024027992 |
|    clip_fraction        | 0.277       |
|    clip_range           | 0.2         |
|    entropy_loss         | -7.64       |
|    explained_variance   | 0.543       |
|    learning_rate        | 0.0003      |
|    loss                 | 0.104       |
|    n_updates            | 920         |
|    policy_gradient_loss | -0.0181     |
|    std                  | 0.541       |
|    value_loss           | 0.286       |
-----------------------------------------
-----------------------------------------
| rollout/                |             |
|    ep_len_mean          | 82          |
|    ep_rew_mean          | 18.1        |
| time/                   |             |
|    fps                  | 47          |
|    iterations           | 94          |
|    time_elapsed         | 8141        |
|    total_timesteps      | 385024      |
| train/                  |             |
|    approx_kl            | 0.024877908 |
|    clip_fraction        | 0.293       |
|    clip_range           | 0.2         |
|    entropy_loss         | -7.56       |
|    explained_variance   | 0.532       |
|    learning_rate        | 0.0003      |
|    loss                 | 0.066       |
|    n_updates            | 930         |
|    policy_gradient_loss | -0.0205     |
|    std                  | 0.537       |
|    value_loss           | 0.313       |
-----------------------------------------
-----------------------------------------
| rollout/                |             |
|    ep_len_mean          | 82          |
|    ep_rew_mean          | 18.7        |
| time/                   |             |
|    fps                  | 47          |
|    iterations           | 95          |
|    time_elapsed         | 8231        |
|    total_timesteps      | 389120      |
| train/                  |             |
|    approx_kl            | 0.023600055 |
|    clip_fraction        | 0.29        |
|    clip_range           | 0.2         |
|    entropy_loss         | -7.51       |
|    explained_variance   | 0.481       |
|    learning_rate        | 0.0003      |
|    loss                 | 0.0393      |
|    n_updates            | 940         |
|    policy_gradient_loss | -0.0186     |
|    std                  | 0.535       |
|    value_loss           | 0.3         |
-----------------------------------------
-----------------------------------------
| rollout/                |             |
|    ep_len_mean          | 82          |
|    ep_rew_mean          | 19          |
| time/                   |             |
|    fps                  | 47          |
|    iterations           | 96          |
|    time_elapsed         | 8322        |
|    total_timesteps      | 393216      |
| train/                  |             |
|    approx_kl            | 0.024016649 |
|    clip_fraction        | 0.291       |
|    clip_range           | 0.2         |
|    entropy_loss         | -7.44       |
|    explained_variance   | 0.547       |
|    learning_rate        | 0.0003      |
|    loss                 | 0.0413      |
|    n_updates            | 950         |
|    policy_gradient_loss | -0.0156     |
|    std                  | 0.531       |
|    value_loss           | 0.278       |
-----------------------------------------
-----------------------------------------
| rollout/                |             |
|    ep_len_mean          | 82          |
|    ep_rew_mean          | 18.9        |
| time/                   |             |
|    fps                  | 47          |
|    iterations           | 97          |
|    time_elapsed         | 8410        |
|    total_timesteps      | 397312      |
| train/                  |             |
|    approx_kl            | 0.027026903 |
|    clip_fraction        | 0.291       |
|    clip_range           | 0.2         |
|    entropy_loss         | -7.37       |
|    explained_variance   | 0.534       |
|    learning_rate        | 0.0003      |
|    loss                 | 0.0199      |
|    n_updates            | 960         |
|    policy_gradient_loss | -0.0173     |
|    std                  | 0.527       |
|    value_loss           | 0.267       |
-----------------------------------------
-----------------------------------------
| rollout/                |             |
|    ep_len_mean          | 82          |
|    ep_rew_mean          | 19.2        |
| time/                   |             |
|    fps                  | 47          |
|    iterations           | 98          |
|    time_elapsed         | 8498        |
|    total_timesteps      | 401408      |
| train/                  |             |
|    approx_kl            | 0.027456047 |
|    clip_fraction        | 0.297       |
|    clip_range           | 0.2         |
|    entropy_loss         | -7.29       |
|    explained_variance   | 0.555       |
|    learning_rate        | 0.0003      |
|    loss                 | 0.0118      |
|    n_updates            | 970         |
|    policy_gradient_loss | -0.0205     |
|    std                  | 0.523       |
|    value_loss           | 0.259       |
-----------------------------------------
-----------------------------------------
| rollout/                |             |
|    ep_len_mean          | 82          |
|    ep_rew_mean          | 19.8        |
| time/                   |             |
|    fps                  | 47          |
|    iterations           | 99          |
|    time_elapsed         | 8586        |
|    total_timesteps      | 405504      |
| train/                  |             |
|    approx_kl            | 0.025729733 |
|    clip_fraction        | 0.308       |
|    clip_range           | 0.2         |
|    entropy_loss         | -7.22       |
|    explained_variance   | 0.521       |
|    learning_rate        | 0.0003      |
|    loss                 | 0.0239      |
|    n_updates            | 980         |
|    policy_gradient_loss | -0.0197     |
|    std                  | 0.518       |
|    value_loss           | 0.268       |
-----------------------------------------
-----------------------------------------
| rollout/                |             |
|    ep_len_mean          | 82          |
|    ep_rew_mean          | 20.1        |
| time/                   |             |
|    fps                  | 47          |
|    iterations           | 100         |
|    time_elapsed         | 8675        |
|    total_timesteps      | 409600      |
| train/                  |             |
|    approx_kl            | 0.025941476 |
|    clip_fraction        | 0.302       |
|    clip_range           | 0.2         |
|    entropy_loss         | -7.14       |
|    explained_variance   | 0.56        |
|    learning_rate        | 0.0003      |
|    loss                 | 0.0298      |
|    n_updates            | 990         |
|    policy_gradient_loss | -0.0169     |
|    std                  | 0.515       |
|    value_loss           | 0.281       |
-----------------------------------------
----------------------------------------
| rollout/                |            |
|    ep_len_mean          | 82         |
|    ep_rew_mean          | 20.2       |
| time/                   |            |
|    fps                  | 47         |
|    iterations           | 101        |
|    time_elapsed         | 8761       |
|    total_timesteps      | 413696     |
| train/                  |            |
|    approx_kl            | 0.02613543 |
|    clip_fraction        | 0.289      |
|    clip_range           | 0.2        |
|    entropy_loss         | -7.06      |
|    explained_variance   | 0.566      |
|    learning_rate        | 0.0003     |
|    loss                 | 0.0246     |
|    n_updates            | 1000       |
|    policy_gradient_loss | -0.0186    |
|    std                  | 0.511      |
|    value_loss           | 0.26       |
----------------------------------------
-----------------------------------------
| rollout/                |             |
|    ep_len_mean          | 82          |
|    ep_rew_mean          | 20.5        |
| time/                   |             |
|    fps                  | 47          |
|    iterations           | 102         |
|    time_elapsed         | 8847        |
|    total_timesteps      | 417792      |
| train/                  |             |
|    approx_kl            | 0.025033843 |
|    clip_fraction        | 0.299       |
|    clip_range           | 0.2         |
|    entropy_loss         | -6.99       |
|    explained_variance   | 0.548       |
|    learning_rate        | 0.0003      |
|    loss                 | 0.0402      |
|    n_updates            | 1010        |
|    policy_gradient_loss | -0.018      |
|    std                  | 0.508       |
|    value_loss           | 0.29        |
-----------------------------------------
-----------------------------------------
| rollout/                |             |
|    ep_len_mean          | 82          |
|    ep_rew_mean          | 20.8        |
| time/                   |             |
|    fps                  | 47          |
|    iterations           | 103         |
|    time_elapsed         | 8934        |
|    total_timesteps      | 421888      |
| train/                  |             |
|    approx_kl            | 0.021733552 |
|    clip_fraction        | 0.278       |
|    clip_range           | 0.2         |
|    entropy_loss         | -6.92       |
|    explained_variance   | 0.573       |
|    learning_rate        | 0.0003      |
|    loss                 | 0.0424      |
|    n_updates            | 1020        |
|    policy_gradient_loss | -0.0154     |
|    std                  | 0.505       |
|    value_loss           | 0.238       |
-----------------------------------------
----------------------------------------
| rollout/                |            |
|    ep_len_mean          | 82         |
|    ep_rew_mean          | 20.9       |
| time/                   |            |
|    fps                  | 47         |
|    iterations           | 104        |
|    time_elapsed         | 9020       |
|    total_timesteps      | 425984     |
| train/                  |            |
|    approx_kl            | 0.02453835 |
|    clip_fraction        | 0.296      |
|    clip_range           | 0.2        |
|    entropy_loss         | -6.88      |
|    explained_variance   | 0.571      |
|    learning_rate        | 0.0003     |
|    loss                 | -0.00118   |
|    n_updates            | 1030       |
|    policy_gradient_loss | -0.0159    |
|    std                  | 0.503      |
|    value_loss           | 0.275      |
----------------------------------------
-----------------------------------------
| rollout/                |             |
|    ep_len_mean          | 82          |
|    ep_rew_mean          | 21.1        |
| time/                   |             |
|    fps                  | 47          |
|    iterations           | 105         |
|    time_elapsed         | 9107        |
|    total_timesteps      | 430080      |
| train/                  |             |
|    approx_kl            | 0.022994071 |
|    clip_fraction        | 0.287       |
|    clip_range           | 0.2         |
|    entropy_loss         | -6.82       |
|    explained_variance   | 0.542       |
|    learning_rate        | 0.0003      |
|    loss                 | 0.0543      |
|    n_updates            | 1040        |
|    policy_gradient_loss | -0.015      |
|    std                  | 0.5         |
|    value_loss           | 0.263       |
-----------------------------------------
-----------------------------------------
| rollout/                |             |
|    ep_len_mean          | 82          |
|    ep_rew_mean          | 21.3        |
| time/                   |             |
|    fps                  | 47          |
|    iterations           | 106         |
|    time_elapsed         | 9193        |
|    total_timesteps      | 434176      |
| train/                  |             |
|    approx_kl            | 0.026259305 |
|    clip_fraction        | 0.292       |
|    clip_range           | 0.2         |
|    entropy_loss         | -6.77       |
|    explained_variance   | 0.578       |
|    learning_rate        | 0.0003      |
|    loss                 | 0.0467      |
|    n_updates            | 1050        |
|    policy_gradient_loss | -0.0178     |
|    std                  | 0.497       |
|    value_loss           | 0.285       |
-----------------------------------------
-----------------------------------------
| rollout/                |             |
|    ep_len_mean          | 82          |
|    ep_rew_mean          | 21.6        |
| time/                   |             |
|    fps                  | 47          |
|    iterations           | 107         |
|    time_elapsed         | 9280        |
|    total_timesteps      | 438272      |
| train/                  |             |
|    approx_kl            | 0.026654698 |
|    clip_fraction        | 0.302       |
|    clip_range           | 0.2         |
|    entropy_loss         | -6.68       |
|    explained_variance   | 0.573       |
|    learning_rate        | 0.0003      |
|    loss                 | 0.075       |
|    n_updates            | 1060        |
|    policy_gradient_loss | -0.0195     |
|    std                  | 0.494       |
|    value_loss           | 0.254       |
-----------------------------------------
-----------------------------------------
| rollout/                |             |
|    ep_len_mean          | 82          |
|    ep_rew_mean          | 21.7        |
| time/                   |             |
|    fps                  | 47          |
|    iterations           | 108         |
|    time_elapsed         | 9368        |
|    total_timesteps      | 442368      |
| train/                  |             |
|    approx_kl            | 0.024542894 |
|    clip_fraction        | 0.285       |
|    clip_range           | 0.2         |
|    entropy_loss         | -6.59       |
|    explained_variance   | 0.545       |
|    learning_rate        | 0.0003      |
|    loss                 | 0.0554      |
|    n_updates            | 1070        |
|    policy_gradient_loss | -0.0169     |
|    std                  | 0.489       |
|    value_loss           | 0.267       |
-----------------------------------------
-----------------------------------------
| rollout/                |             |
|    ep_len_mean          | 82          |
|    ep_rew_mean          | 21.7        |
| time/                   |             |
|    fps                  | 47          |
|    iterations           | 109         |
|    time_elapsed         | 9456        |
|    total_timesteps      | 446464      |
| train/                  |             |
|    approx_kl            | 0.025439851 |
|    clip_fraction        | 0.301       |
|    clip_range           | 0.2         |
|    entropy_loss         | -6.51       |
|    explained_variance   | 0.564       |
|    learning_rate        | 0.0003      |
|    loss                 | 0.0517      |
|    n_updates            | 1080        |
|    policy_gradient_loss | -0.0141     |
|    std                  | 0.486       |
|    value_loss           | 0.271       |
-----------------------------------------
-----------------------------------------
| rollout/                |             |
|    ep_len_mean          | 82          |
|    ep_rew_mean          | 21.9        |
| time/                   |             |
|    fps                  | 47          |
|    iterations           | 110         |
|    time_elapsed         | 9541        |
|    total_timesteps      | 450560      |
| train/                  |             |
|    approx_kl            | 0.028375348 |
|    clip_fraction        | 0.285       |
|    clip_range           | 0.2         |
|    entropy_loss         | -6.46       |
|    explained_variance   | 0.531       |
|    learning_rate        | 0.0003      |
|    loss                 | 0.0409      |
|    n_updates            | 1090        |
|    policy_gradient_loss | -0.0168     |
|    std                  | 0.484       |
|    value_loss           | 0.291       |
-----------------------------------------
-----------------------------------------
| rollout/                |             |
|    ep_len_mean          | 82          |
|    ep_rew_mean          | 22.2        |
| time/                   |             |
|    fps                  | 47          |
|    iterations           | 111         |
|    time_elapsed         | 9627        |
|    total_timesteps      | 454656      |
| train/                  |             |
|    approx_kl            | 0.024869777 |
|    clip_fraction        | 0.309       |
|    clip_range           | 0.2         |
|    entropy_loss         | -6.43       |
|    explained_variance   | 0.524       |
|    learning_rate        | 0.0003      |
|    loss                 | 0.0425      |
|    n_updates            | 1100        |
|    policy_gradient_loss | -0.0138     |
|    std                  | 0.483       |
|    value_loss           | 0.32        |
-----------------------------------------
-----------------------------------------
| rollout/                |             |
|    ep_len_mean          | 82          |
|    ep_rew_mean          | 22.3        |
| time/                   |             |
|    fps                  | 47          |
|    iterations           | 112         |
|    time_elapsed         | 9712        |
|    total_timesteps      | 458752      |
| train/                  |             |
|    approx_kl            | 0.028240062 |
|    clip_fraction        | 0.306       |
|    clip_range           | 0.2         |
|    entropy_loss         | -6.4        |
|    explained_variance   | 0.599       |
|    learning_rate        | 0.0003      |
|    loss                 | 0.0098      |
|    n_updates            | 1110        |
|    policy_gradient_loss | -0.016      |
|    std                  | 0.481       |
|    value_loss           | 0.246       |
-----------------------------------------
-----------------------------------------
| rollout/                |             |
|    ep_len_mean          | 82          |
|    ep_rew_mean          | 22.6        |
| time/                   |             |
|    fps                  | 47          |
|    iterations           | 113         |
|    time_elapsed         | 9798        |
|    total_timesteps      | 462848      |
| train/                  |             |
|    approx_kl            | 0.024804978 |
|    clip_fraction        | 0.315       |
|    clip_range           | 0.2         |
|    entropy_loss         | -6.33       |
|    explained_variance   | 0.53        |
|    learning_rate        | 0.0003      |
|    loss                 | 0.0427      |
|    n_updates            | 1120        |
|    policy_gradient_loss | -0.0195     |
|    std                  | 0.477       |
|    value_loss           | 0.282       |
-----------------------------------------
-----------------------------------------
| rollout/                |             |
|    ep_len_mean          | 82          |
|    ep_rew_mean          | 22.9        |
| time/                   |             |
|    fps                  | 47          |
|    iterations           | 114         |
|    time_elapsed         | 9887        |
|    total_timesteps      | 466944      |
| train/                  |             |
|    approx_kl            | 0.027021356 |
|    clip_fraction        | 0.314       |
|    clip_range           | 0.2         |
|    entropy_loss         | -6.26       |
|    explained_variance   | 0.535       |
|    learning_rate        | 0.0003      |
|    loss                 | 0.0476      |
|    n_updates            | 1130        |
|    policy_gradient_loss | -0.0184     |
|    std                  | 0.474       |
|    value_loss           | 0.28        |
-----------------------------------------
-----------------------------------------
| rollout/                |             |
|    ep_len_mean          | 82          |
|    ep_rew_mean          | 23.2        |
| time/                   |             |
|    fps                  | 47          |
|    iterations           | 115         |
|    time_elapsed         | 9974        |
|    total_timesteps      | 471040      |
| train/                  |             |
|    approx_kl            | 0.027613632 |
|    clip_fraction        | 0.321       |
|    clip_range           | 0.2         |
|    entropy_loss         | -6.18       |
|    explained_variance   | 0.564       |
|    learning_rate        | 0.0003      |
|    loss                 | 0.0209      |
|    n_updates            | 1140        |
|    policy_gradient_loss | -0.0186     |
|    std                  | 0.47        |
|    value_loss           | 0.277       |
-----------------------------------------
-----------------------------------------
| rollout/                |             |
|    ep_len_mean          | 82          |
|    ep_rew_mean          | 23.4        |
| time/                   |             |
|    fps                  | 47          |
|    iterations           | 116         |
|    time_elapsed         | 10063       |
|    total_timesteps      | 475136      |
| train/                  |             |
|    approx_kl            | 0.025516225 |
|    clip_fraction        | 0.305       |
|    clip_range           | 0.2         |
|    entropy_loss         | -6.1        |
|    explained_variance   | 0.608       |
|    learning_rate        | 0.0003      |
|    loss                 | 9.9e-05     |
|    n_updates            | 1150        |
|    policy_gradient_loss | -0.0174     |
|    std                  | 0.467       |
|    value_loss           | 0.254       |
-----------------------------------------
-----------------------------------------
| rollout/                |             |
|    ep_len_mean          | 82          |
|    ep_rew_mean          | 23.6        |
| time/                   |             |
|    fps                  | 47          |
|    iterations           | 117         |
|    time_elapsed         | 10151       |
|    total_timesteps      | 479232      |
| train/                  |             |
|    approx_kl            | 0.025054613 |
|    clip_fraction        | 0.313       |
|    clip_range           | 0.2         |
|    entropy_loss         | -6.05       |
|    explained_variance   | 0.58        |
|    learning_rate        | 0.0003      |
|    loss                 | 0.0609      |
|    n_updates            | 1160        |
|    policy_gradient_loss | -0.0131     |
|    std                  | 0.464       |
|    value_loss           | 0.266       |
-----------------------------------------
-----------------------------------------
| rollout/                |             |
|    ep_len_mean          | 82          |
|    ep_rew_mean          | 23.9        |
| time/                   |             |
|    fps                  | 47          |
|    iterations           | 118         |
|    time_elapsed         | 10241       |
|    total_timesteps      | 483328      |
| train/                  |             |
|    approx_kl            | 0.028372068 |
|    clip_fraction        | 0.307       |
|    clip_range           | 0.2         |
|    entropy_loss         | -5.97       |
|    explained_variance   | 0.663       |
|    learning_rate        | 0.0003      |
|    loss                 | 0.0537      |
|    n_updates            | 1170        |
|    policy_gradient_loss | -0.0143     |
|    std                  | 0.46        |
|    value_loss           | 0.211       |
-----------------------------------------
-----------------------------------------
| rollout/                |             |
|    ep_len_mean          | 82          |
|    ep_rew_mean          | 24.2        |
| time/                   |             |
|    fps                  | 47          |
|    iterations           | 119         |
|    time_elapsed         | 10328       |
|    total_timesteps      | 487424      |
| train/                  |             |
|    approx_kl            | 0.025957908 |
|    clip_fraction        | 0.323       |
|    clip_range           | 0.2         |
|    entropy_loss         | -5.89       |
|    explained_variance   | 0.566       |
|    learning_rate        | 0.0003      |
|    loss                 | 0.0665      |
|    n_updates            | 1180        |
|    policy_gradient_loss | -0.0159     |
|    std                  | 0.456       |
|    value_loss           | 0.272       |
-----------------------------------------
-----------------------------------------
| rollout/                |             |
|    ep_len_mean          | 82          |
|    ep_rew_mean          | 24.3        |
| time/                   |             |
|    fps                  | 47          |
|    iterations           | 120         |
|    time_elapsed         | 10417       |
|    total_timesteps      | 491520      |
| train/                  |             |
|    approx_kl            | 0.024650794 |
|    clip_fraction        | 0.321       |
|    clip_range           | 0.2         |
|    entropy_loss         | -5.8        |
|    explained_variance   | 0.578       |
|    learning_rate        | 0.0003      |
|    loss                 | 0.0512      |
|    n_updates            | 1190        |
|    policy_gradient_loss | -0.0175     |
|    std                  | 0.452       |
|    value_loss           | 0.278       |
-----------------------------------------
-----------------------------------------
| rollout/                |             |
|    ep_len_mean          | 82          |
|    ep_rew_mean          | 24.6        |
| time/                   |             |
|    fps                  | 47          |
|    iterations           | 121         |
|    time_elapsed         | 10506       |
|    total_timesteps      | 495616      |
| train/                  |             |
|    approx_kl            | 0.028737534 |
|    clip_fraction        | 0.326       |
|    clip_range           | 0.2         |
|    entropy_loss         | -5.72       |
|    explained_variance   | 0.628       |
|    learning_rate        | 0.0003      |
|    loss                 | 0.0283      |
|    n_updates            | 1200        |
|    policy_gradient_loss | -0.0154     |
|    std                  | 0.448       |
|    value_loss           | 0.217       |
-----------------------------------------
-----------------------------------------
| rollout/                |             |
|    ep_len_mean          | 82          |
|    ep_rew_mean          | 24.6        |
| time/                   |             |
|    fps                  | 47          |
|    iterations           | 122         |
|    time_elapsed         | 10594       |
|    total_timesteps      | 499712      |
| train/                  |             |
|    approx_kl            | 0.029609563 |
|    clip_fraction        | 0.324       |
|    clip_range           | 0.2         |
|    entropy_loss         | -5.64       |
|    explained_variance   | 0.633       |
|    learning_rate        | 0.0003      |
|    loss                 | 0.0483      |
|    n_updates            | 1210        |
|    policy_gradient_loss | -0.0171     |
|    std                  | 0.444       |
|    value_loss           | 0.235       |
-----------------------------------------
-----------------------------------------
| rollout/                |             |
|    ep_len_mean          | 82          |
|    ep_rew_mean          | 24.8        |
| time/                   |             |
|    fps                  | 47          |
|    iterations           | 123         |
|    time_elapsed         | 10681       |
|    total_timesteps      | 503808      |
| train/                  |             |
|    approx_kl            | 0.024428595 |
|    clip_fraction        | 0.304       |
|    clip_range           | 0.2         |
|    entropy_loss         | -5.54       |
|    explained_variance   | 0.62        |
|    learning_rate        | 0.0003      |
|    loss                 | 0.0187      |
|    n_updates            | 1220        |
|    policy_gradient_loss | -0.0132     |
|    std                  | 0.44        |
|    value_loss           | 0.236       |
-----------------------------------------
-----------------------------------------
| rollout/                |             |
|    ep_len_mean          | 82          |
|    ep_rew_mean          | 25.3        |
| time/                   |             |
|    fps                  | 47          |
|    iterations           | 124         |
|    time_elapsed         | 10769       |
|    total_timesteps      | 507904      |
| train/                  |             |
|    approx_kl            | 0.026361212 |
|    clip_fraction        | 0.324       |
|    clip_range           | 0.2         |
|    entropy_loss         | -5.48       |
|    explained_variance   | 0.593       |
|    learning_rate        | 0.0003      |
|    loss                 | 0.0734      |
|    n_updates            | 1230        |
|    policy_gradient_loss | -0.0127     |
|    std                  | 0.438       |
|    value_loss           | 0.254       |
-----------------------------------------
-----------------------------------------
| rollout/                |             |
|    ep_len_mean          | 82          |
|    ep_rew_mean          | 25.4        |
| time/                   |             |
|    fps                  | 47          |
|    iterations           | 125         |
|    time_elapsed         | 10858       |
|    total_timesteps      | 512000      |
| train/                  |             |
|    approx_kl            | 0.025365531 |
|    clip_fraction        | 0.318       |
|    clip_range           | 0.2         |
|    entropy_loss         | -5.41       |
|    explained_variance   | 0.665       |
|    learning_rate        | 0.0003      |
|    loss                 | 0.0633      |
|    n_updates            | 1240        |
|    policy_gradient_loss | -0.0119     |
|    std                  | 0.434       |
|    value_loss           | 0.234       |
-----------------------------------------
----------------------------------------
| rollout/                |            |
|    ep_len_mean          | 82         |
|    ep_rew_mean          | 25.6       |
| time/                   |            |
|    fps                  | 47         |
|    iterations           | 126        |
|    time_elapsed         | 10947      |
|    total_timesteps      | 516096     |
| train/                  |            |
|    approx_kl            | 0.02853562 |
|    clip_fraction        | 0.331      |
|    clip_range           | 0.2        |
|    entropy_loss         | -5.3       |
|    explained_variance   | 0.635      |
|    learning_rate        | 0.0003     |
|    loss                 | 0.0173     |
|    n_updates            | 1250       |
|    policy_gradient_loss | -0.0165    |
|    std                  | 0.429      |
|    value_loss           | 0.226      |
----------------------------------------
----------------------------------------
| rollout/                |            |
|    ep_len_mean          | 82         |
|    ep_rew_mean          | 26.1       |
| time/                   |            |
|    fps                  | 47         |
|    iterations           | 127        |
|    time_elapsed         | 11036      |
|    total_timesteps      | 520192     |
| train/                  |            |
|    approx_kl            | 0.02998437 |
|    clip_fraction        | 0.324      |
|    clip_range           | 0.2        |
|    entropy_loss         | -5.2       |
|    explained_variance   | 0.66       |
|    learning_rate        | 0.0003     |
|    loss                 | 0.0472     |
|    n_updates            | 1260       |
|    policy_gradient_loss | -0.0158    |
|    std                  | 0.426      |
|    value_loss           | 0.234      |
----------------------------------------
-----------------------------------------
| rollout/                |             |
|    ep_len_mean          | 82          |
|    ep_rew_mean          | 26.5        |
| time/                   |             |
|    fps                  | 47          |
|    iterations           | 128         |
|    time_elapsed         | 11125       |
|    total_timesteps      | 524288      |
| train/                  |             |
|    approx_kl            | 0.026804984 |
|    clip_fraction        | 0.322       |
|    clip_range           | 0.2         |
|    entropy_loss         | -5.14       |
|    explained_variance   | 0.623       |
|    learning_rate        | 0.0003      |
|    loss                 | 0.037       |
|    n_updates            | 1270        |
|    policy_gradient_loss | -0.0158     |
|    std                  | 0.424       |
|    value_loss           | 0.221       |
-----------------------------------------
-----------------------------------------
| rollout/                |             |
|    ep_len_mean          | 82          |
|    ep_rew_mean          | 26.8        |
| time/                   |             |
|    fps                  | 47          |
|    iterations           | 129         |
|    time_elapsed         | 11213       |
|    total_timesteps      | 528384      |
| train/                  |             |
|    approx_kl            | 0.027292345 |
|    clip_fraction        | 0.326       |
|    clip_range           | 0.2         |
|    entropy_loss         | -5.05       |
|    explained_variance   | 0.663       |
|    learning_rate        | 0.0003      |
|    loss                 | 0.0276      |
|    n_updates            | 1280        |
|    policy_gradient_loss | -0.0146     |
|    std                  | 0.42        |
|    value_loss           | 0.213       |
-----------------------------------------
-----------------------------------------
| rollout/                |             |
|    ep_len_mean          | 82          |
|    ep_rew_mean          | 26.9        |
| time/                   |             |
|    fps                  | 47          |
|    iterations           | 130         |
|    time_elapsed         | 11300       |
|    total_timesteps      | 532480      |
| train/                  |             |
|    approx_kl            | 0.025863823 |
|    clip_fraction        | 0.322       |
|    clip_range           | 0.2         |
|    entropy_loss         | -4.92       |
|    explained_variance   | 0.626       |
|    learning_rate        | 0.0003      |
|    loss                 | 0.0688      |
|    n_updates            | 1290        |
|    policy_gradient_loss | -0.0124     |
|    std                  | 0.414       |
|    value_loss           | 0.238       |
-----------------------------------------
----------------------------------------
| rollout/                |            |
|    ep_len_mean          | 82         |
|    ep_rew_mean          | 27         |
| time/                   |            |
|    fps                  | 47         |
|    iterations           | 131        |
|    time_elapsed         | 11389      |
|    total_timesteps      | 536576     |
| train/                  |            |
|    approx_kl            | 0.03172671 |
|    clip_fraction        | 0.341      |
|    clip_range           | 0.2        |
|    entropy_loss         | -4.8       |
|    explained_variance   | 0.635      |
|    learning_rate        | 0.0003     |
|    loss                 | 0.0429     |
|    n_updates            | 1300       |
|    policy_gradient_loss | -0.0156    |
|    std                  | 0.41       |
|    value_loss           | 0.236      |
----------------------------------------
-----------------------------------------
| rollout/                |             |
|    ep_len_mean          | 82          |
|    ep_rew_mean          | 27          |
| time/                   |             |
|    fps                  | 47          |
|    iterations           | 132         |
|    time_elapsed         | 11477       |
|    total_timesteps      | 540672      |
| train/                  |             |
|    approx_kl            | 0.027443305 |
|    clip_fraction        | 0.32        |
|    clip_range           | 0.2         |
|    entropy_loss         | -4.75       |
|    explained_variance   | 0.6         |
|    learning_rate        | 0.0003      |
|    loss                 | 0.0228      |
|    n_updates            | 1310        |
|    policy_gradient_loss | -0.0119     |
|    std                  | 0.409       |
|    value_loss           | 0.247       |
-----------------------------------------
-----------------------------------------
| rollout/                |             |
|    ep_len_mean          | 82          |
|    ep_rew_mean          | 27.1        |
| time/                   |             |
|    fps                  | 47          |
|    iterations           | 133         |
|    time_elapsed         | 11563       |
|    total_timesteps      | 544768      |
| train/                  |             |
|    approx_kl            | 0.027032103 |
|    clip_fraction        | 0.348       |
|    clip_range           | 0.2         |
|    entropy_loss         | -4.71       |
|    explained_variance   | 0.663       |
|    learning_rate        | 0.0003      |
|    loss                 | 0.0253      |
|    n_updates            | 1320        |
|    policy_gradient_loss | -0.0148     |
|    std                  | 0.407       |
|    value_loss           | 0.222       |
-----------------------------------------
-----------------------------------------
| rollout/                |             |
|    ep_len_mean          | 82          |
|    ep_rew_mean          | 27.5        |
| time/                   |             |
|    fps                  | 47          |
|    iterations           | 134         |
|    time_elapsed         | 11651       |
|    total_timesteps      | 548864      |
| train/                  |             |
|    approx_kl            | 0.030597256 |
|    clip_fraction        | 0.331       |
|    clip_range           | 0.2         |
|    entropy_loss         | -4.64       |
|    explained_variance   | 0.622       |
|    learning_rate        | 0.0003      |
|    loss                 | 0.0364      |
|    n_updates            | 1330        |
|    policy_gradient_loss | -0.015      |
|    std                  | 0.403       |
|    value_loss           | 0.24        |
-----------------------------------------
-----------------------------------------
| rollout/                |             |
|    ep_len_mean          | 82          |
|    ep_rew_mean          | 27.7        |
| time/                   |             |
|    fps                  | 47          |
|    iterations           | 135         |
|    time_elapsed         | 11738       |
|    total_timesteps      | 552960      |
| train/                  |             |
|    approx_kl            | 0.026467074 |
|    clip_fraction        | 0.324       |
|    clip_range           | 0.2         |
|    entropy_loss         | -4.58       |
|    explained_variance   | 0.628       |
|    learning_rate        | 0.0003      |
|    loss                 | 0.0532      |
|    n_updates            | 1340        |
|    policy_gradient_loss | -0.0113     |
|    std                  | 0.402       |
|    value_loss           | 0.249       |
-----------------------------------------
-----------------------------------------
| rollout/                |             |
|    ep_len_mean          | 82          |
|    ep_rew_mean          | 27.7        |
| time/                   |             |
|    fps                  | 47          |
|    iterations           | 136         |
|    time_elapsed         | 11827       |
|    total_timesteps      | 557056      |
| train/                  |             |
|    approx_kl            | 0.026425917 |
|    clip_fraction        | 0.334       |
|    clip_range           | 0.2         |
|    entropy_loss         | -4.52       |
|    explained_variance   | 0.654       |
|    learning_rate        | 0.0003      |
|    loss                 | 0.0839      |
|    n_updates            | 1350        |
|    policy_gradient_loss | -0.0156     |
|    std                  | 0.399       |
|    value_loss           | 0.219       |
-----------------------------------------
-----------------------------------------
| rollout/                |             |
|    ep_len_mean          | 82          |
|    ep_rew_mean          | 28          |
| time/                   |             |
|    fps                  | 47          |
|    iterations           | 137         |
|    time_elapsed         | 11916       |
|    total_timesteps      | 561152      |
| train/                  |             |
|    approx_kl            | 0.026863601 |
|    clip_fraction        | 0.342       |
|    clip_range           | 0.2         |
|    entropy_loss         | -4.47       |
|    explained_variance   | 0.684       |
|    learning_rate        | 0.0003      |
|    loss                 | 0.04        |
|    n_updates            | 1360        |
|    policy_gradient_loss | -0.00984    |
|    std                  | 0.397       |
|    value_loss           | 0.194       |
-----------------------------------------
----------------------------------------
| rollout/                |            |
|    ep_len_mean          | 82         |
|    ep_rew_mean          | 28.5       |
| time/                   |            |
|    fps                  | 47         |
|    iterations           | 138        |
|    time_elapsed         | 12004      |
|    total_timesteps      | 565248     |
| train/                  |            |
|    approx_kl            | 0.03137721 |
|    clip_fraction        | 0.327      |
|    clip_range           | 0.2        |
|    entropy_loss         | -4.42      |
|    explained_variance   | 0.686      |
|    learning_rate        | 0.0003     |
|    loss                 | 0.0513     |
|    n_updates            | 1370       |
|    policy_gradient_loss | -0.0107    |
|    std                  | 0.395      |
|    value_loss           | 0.196      |
----------------------------------------
-----------------------------------------
| rollout/                |             |
|    ep_len_mean          | 82          |
|    ep_rew_mean          | 28.5        |
| time/                   |             |
|    fps                  | 47          |
|    iterations           | 139         |
|    time_elapsed         | 12091       |
|    total_timesteps      | 569344      |
| train/                  |             |
|    approx_kl            | 0.029380325 |
|    clip_fraction        | 0.339       |
|    clip_range           | 0.2         |
|    entropy_loss         | -4.38       |
|    explained_variance   | 0.663       |
|    learning_rate        | 0.0003      |
|    loss                 | 0.0371      |
|    n_updates            | 1380        |
|    policy_gradient_loss | -0.0121     |
|    std                  | 0.394       |
|    value_loss           | 0.207       |
-----------------------------------------
-----------------------------------------
| rollout/                |             |
|    ep_len_mean          | 82          |
|    ep_rew_mean          | 28.4        |
| time/                   |             |
|    fps                  | 47          |
|    iterations           | 140         |
|    time_elapsed         | 12177       |
|    total_timesteps      | 573440      |
| train/                  |             |
|    approx_kl            | 0.026599627 |
|    clip_fraction        | 0.337       |
|    clip_range           | 0.2         |
|    entropy_loss         | -4.32       |
|    explained_variance   | 0.678       |
|    learning_rate        | 0.0003      |
|    loss                 | 0.0267      |
|    n_updates            | 1390        |
|    policy_gradient_loss | -0.0119     |
|    std                  | 0.391       |
|    value_loss           | 0.2         |
-----------------------------------------
-----------------------------------------
| rollout/                |             |
|    ep_len_mean          | 82          |
|    ep_rew_mean          | 28.6        |
| time/                   |             |
|    fps                  | 47          |
|    iterations           | 141         |
|    time_elapsed         | 12263       |
|    total_timesteps      | 577536      |
| train/                  |             |
|    approx_kl            | 0.030363536 |
|    clip_fraction        | 0.348       |
|    clip_range           | 0.2         |
|    entropy_loss         | -4.24       |
|    explained_variance   | 0.662       |
|    learning_rate        | 0.0003      |
|    loss                 | 0.0387      |
|    n_updates            | 1400        |
|    policy_gradient_loss | -0.0165     |
|    std                  | 0.388       |
|    value_loss           | 0.22        |
-----------------------------------------
-----------------------------------------
| rollout/                |             |
|    ep_len_mean          | 82          |
|    ep_rew_mean          | 28.8        |
| time/                   |             |
|    fps                  | 47          |
|    iterations           | 142         |
|    time_elapsed         | 12349       |
|    total_timesteps      | 581632      |
| train/                  |             |
|    approx_kl            | 0.030557916 |
|    clip_fraction        | 0.354       |
|    clip_range           | 0.2         |
|    entropy_loss         | -4.19       |
|    explained_variance   | 0.659       |
|    learning_rate        | 0.0003      |
|    loss                 | 0.0369      |
|    n_updates            | 1410        |
|    policy_gradient_loss | -0.0124     |
|    std                  | 0.387       |
|    value_loss           | 0.211       |
-----------------------------------------
-----------------------------------------
| rollout/                |             |
|    ep_len_mean          | 82          |
|    ep_rew_mean          | 29.1        |
| time/                   |             |
|    fps                  | 47          |
|    iterations           | 143         |
|    time_elapsed         | 12437       |
|    total_timesteps      | 585728      |
| train/                  |             |
|    approx_kl            | 0.027894484 |
|    clip_fraction        | 0.347       |
|    clip_range           | 0.2         |
|    entropy_loss         | -4.1        |
|    explained_variance   | 0.689       |
|    learning_rate        | 0.0003      |
|    loss                 | 0.0399      |
|    n_updates            | 1420        |
|    policy_gradient_loss | -0.00893    |
|    std                  | 0.384       |
|    value_loss           | 0.202       |
-----------------------------------------
-----------------------------------------
| rollout/                |             |
|    ep_len_mean          | 82          |
|    ep_rew_mean          | 29.5        |
| time/                   |             |
|    fps                  | 47          |
|    iterations           | 144         |
|    time_elapsed         | 12525       |
|    total_timesteps      | 589824      |
| train/                  |             |
|    approx_kl            | 0.032139786 |
|    clip_fraction        | 0.329       |
|    clip_range           | 0.2         |
|    entropy_loss         | -4.04       |
|    explained_variance   | 0.65        |
|    learning_rate        | 0.0003      |
|    loss                 | 0.0326      |
|    n_updates            | 1430        |
|    policy_gradient_loss | -0.00948    |
|    std                  | 0.382       |
|    value_loss           | 0.222       |
-----------------------------------------
-----------------------------------------
| rollout/                |             |
|    ep_len_mean          | 82          |
|    ep_rew_mean          | 29.5        |
| time/                   |             |
|    fps                  | 47          |
|    iterations           | 145         |
|    time_elapsed         | 12613       |
|    total_timesteps      | 593920      |
| train/                  |             |
|    approx_kl            | 0.028843239 |
|    clip_fraction        | 0.349       |
|    clip_range           | 0.2         |
|    entropy_loss         | -3.97       |
|    explained_variance   | 0.643       |
|    learning_rate        | 0.0003      |
|    loss                 | 0.0591      |
|    n_updates            | 1440        |
|    policy_gradient_loss | -0.0126     |
|    std                  | 0.379       |
|    value_loss           | 0.237       |
-----------------------------------------
----------------------------------------
| rollout/                |            |
|    ep_len_mean          | 82         |
|    ep_rew_mean          | 29.5       |
| time/                   |            |
|    fps                  | 47         |
|    iterations           | 146        |
|    time_elapsed         | 12698      |
|    total_timesteps      | 598016     |
| train/                  |            |
|    approx_kl            | 0.03158059 |
|    clip_fraction        | 0.339      |
|    clip_range           | 0.2        |
|    entropy_loss         | -3.92      |
|    explained_variance   | 0.621      |
|    learning_rate        | 0.0003     |
|    loss                 | 0.0606     |
|    n_updates            | 1450       |
|    policy_gradient_loss | -0.00934   |
|    std                  | 0.378      |
|    value_loss           | 0.233      |
----------------------------------------
-----------------------------------------
| rollout/                |             |
|    ep_len_mean          | 82          |
|    ep_rew_mean          | 29.6        |
| time/                   |             |
|    fps                  | 47          |
|    iterations           | 147         |
|    time_elapsed         | 12783       |
|    total_timesteps      | 602112      |
| train/                  |             |
|    approx_kl            | 0.027558351 |
|    clip_fraction        | 0.35        |
|    clip_range           | 0.2         |
|    entropy_loss         | -3.86       |
|    explained_variance   | 0.716       |
|    learning_rate        | 0.0003      |
|    loss                 | 0.0681      |
|    n_updates            | 1460        |
|    policy_gradient_loss | -0.008      |
|    std                  | 0.375       |
|    value_loss           | 0.178       |
-----------------------------------------
-----------------------------------------
| rollout/                |             |
|    ep_len_mean          | 82          |
|    ep_rew_mean          | 29.8        |
| time/                   |             |
|    fps                  | 47          |
|    iterations           | 148         |
|    time_elapsed         | 12868       |
|    total_timesteps      | 606208      |
| train/                  |             |
|    approx_kl            | 0.029282557 |
|    clip_fraction        | 0.347       |
|    clip_range           | 0.2         |
|    entropy_loss         | -3.82       |
|    explained_variance   | 0.673       |
|    learning_rate        | 0.0003      |
|    loss                 | 0.063       |
|    n_updates            | 1470        |
|    policy_gradient_loss | -0.00564    |
|    std                  | 0.374       |
|    value_loss           | 0.202       |
-----------------------------------------
-----------------------------------------
| rollout/                |             |
|    ep_len_mean          | 82          |
|    ep_rew_mean          | 30          |
| time/                   |             |
|    fps                  | 47          |
|    iterations           | 149         |
|    time_elapsed         | 12952       |
|    total_timesteps      | 610304      |
| train/                  |             |
|    approx_kl            | 0.028917573 |
|    clip_fraction        | 0.342       |
|    clip_range           | 0.2         |
|    entropy_loss         | -3.76       |
|    explained_variance   | 0.663       |
|    learning_rate        | 0.0003      |
|    loss                 | 0.0452      |
|    n_updates            | 1480        |
|    policy_gradient_loss | -0.00759    |
|    std                  | 0.371       |
|    value_loss           | 0.229       |
-----------------------------------------
-----------------------------------------
| rollout/                |             |
|    ep_len_mean          | 82          |
|    ep_rew_mean          | 30          |
| time/                   |             |
|    fps                  | 47          |
|    iterations           | 150         |
|    time_elapsed         | 13037       |
|    total_timesteps      | 614400      |
| train/                  |             |
|    approx_kl            | 0.035007242 |
|    clip_fraction        | 0.355       |
|    clip_range           | 0.2         |
|    entropy_loss         | -3.69       |
|    explained_variance   | 0.696       |
|    learning_rate        | 0.0003      |
|    loss                 | 0.0488      |
|    n_updates            | 1490        |
|    policy_gradient_loss | -0.0113     |
|    std                  | 0.369       |
|    value_loss           | 0.193       |
-----------------------------------------
----------------------------------------
| rollout/                |            |
|    ep_len_mean          | 82         |
|    ep_rew_mean          | 30.2       |
| time/                   |            |
|    fps                  | 47         |
|    iterations           | 151        |
|    time_elapsed         | 13122      |
|    total_timesteps      | 618496     |
| train/                  |            |
|    approx_kl            | 0.03120447 |
|    clip_fraction        | 0.343      |
|    clip_range           | 0.2        |
|    entropy_loss         | -3.62      |
|    explained_variance   | 0.71       |
|    learning_rate        | 0.0003     |
|    loss                 | 0.0458     |
|    n_updates            | 1500       |
|    policy_gradient_loss | -0.0116    |
|    std                  | 0.366      |
|    value_loss           | 0.186      |
----------------------------------------
----------------------------------------
| rollout/                |            |
|    ep_len_mean          | 82         |
|    ep_rew_mean          | 30.5       |
| time/                   |            |
|    fps                  | 47         |
|    iterations           | 152        |
|    time_elapsed         | 13207      |
|    total_timesteps      | 622592     |
| train/                  |            |
|    approx_kl            | 0.03452529 |
|    clip_fraction        | 0.346      |
|    clip_range           | 0.2        |
|    entropy_loss         | -3.56      |
|    explained_variance   | 0.672      |
|    learning_rate        | 0.0003     |
|    loss                 | 0.0849     |
|    n_updates            | 1510       |
|    policy_gradient_loss | -0.00816   |
|    std                  | 0.364      |
|    value_loss           | 0.209      |
----------------------------------------
-----------------------------------------
| rollout/                |             |
|    ep_len_mean          | 82          |
|    ep_rew_mean          | 30.5        |
| time/                   |             |
|    fps                  | 47          |
|    iterations           | 153         |
|    time_elapsed         | 13292       |
|    total_timesteps      | 626688      |
| train/                  |             |
|    approx_kl            | 0.030678766 |
|    clip_fraction        | 0.37        |
|    clip_range           | 0.2         |
|    entropy_loss         | -3.47       |
|    explained_variance   | 0.712       |
|    learning_rate        | 0.0003      |
|    loss                 | 0.0481      |
|    n_updates            | 1520        |
|    policy_gradient_loss | -0.00776    |
|    std                  | 0.36        |
|    value_loss           | 0.174       |
-----------------------------------------
-----------------------------------------
| rollout/                |             |
|    ep_len_mean          | 82          |
|    ep_rew_mean          | 30.6        |
| time/                   |             |
|    fps                  | 47          |
|    iterations           | 154         |
|    time_elapsed         | 13377       |
|    total_timesteps      | 630784      |
| train/                  |             |
|    approx_kl            | 0.036519635 |
|    clip_fraction        | 0.369       |
|    clip_range           | 0.2         |
|    entropy_loss         | -3.39       |
|    explained_variance   | 0.647       |
|    learning_rate        | 0.0003      |
|    loss                 | 0.0853      |
|    n_updates            | 1530        |
|    policy_gradient_loss | -0.0105     |
|    std                  | 0.358       |
|    value_loss           | 0.23        |
-----------------------------------------
----------------------------------------
| rollout/                |            |
|    ep_len_mean          | 82         |
|    ep_rew_mean          | 30.9       |
| time/                   |            |
|    fps                  | 47         |
|    iterations           | 155        |
|    time_elapsed         | 13462      |
|    total_timesteps      | 634880     |
| train/                  |            |
|    approx_kl            | 0.03287953 |
|    clip_fraction        | 0.342      |
|    clip_range           | 0.2        |
|    entropy_loss         | -3.32      |
|    explained_variance   | 0.693      |
|    learning_rate        | 0.0003     |
|    loss                 | 0.0528     |
|    n_updates            | 1540       |
|    policy_gradient_loss | -0.0126    |
|    std                  | 0.355      |
|    value_loss           | 0.196      |
----------------------------------------
-----------------------------------------
| rollout/                |             |
|    ep_len_mean          | 82          |
|    ep_rew_mean          | 31.2        |
| time/                   |             |
|    fps                  | 47          |
|    iterations           | 156         |
|    time_elapsed         | 13549       |
|    total_timesteps      | 638976      |
| train/                  |             |
|    approx_kl            | 0.038136214 |
|    clip_fraction        | 0.371       |
|    clip_range           | 0.2         |
|    entropy_loss         | -3.29       |
|    explained_variance   | 0.696       |
|    learning_rate        | 0.0003      |
|    loss                 | 0.0982      |
|    n_updates            | 1550        |
|    policy_gradient_loss | -0.00949    |
|    std                  | 0.355       |
|    value_loss           | 0.195       |
-----------------------------------------
-----------------------------------------
| rollout/                |             |
|    ep_len_mean          | 82          |
|    ep_rew_mean          | 31.1        |
| time/                   |             |
|    fps                  | 47          |
|    iterations           | 157         |
|    time_elapsed         | 13635       |
|    total_timesteps      | 643072      |
| train/                  |             |
|    approx_kl            | 0.036208026 |
|    clip_fraction        | 0.378       |
|    clip_range           | 0.2         |
|    entropy_loss         | -3.24       |
|    explained_variance   | 0.745       |
|    learning_rate        | 0.0003      |
|    loss                 | 0.0042      |
|    n_updates            | 1560        |
|    policy_gradient_loss | -0.00956    |
|    std                  | 0.352       |
|    value_loss           | 0.155       |
-----------------------------------------
-----------------------------------------
| rollout/                |             |
|    ep_len_mean          | 82          |
|    ep_rew_mean          | 31          |
| time/                   |             |
|    fps                  | 47          |
|    iterations           | 158         |
|    time_elapsed         | 13720       |
|    total_timesteps      | 647168      |
| train/                  |             |
|    approx_kl            | 0.033698276 |
|    clip_fraction        | 0.365       |
|    clip_range           | 0.2         |
|    entropy_loss         | -3.18       |
|    explained_variance   | 0.704       |
|    learning_rate        | 0.0003      |
|    loss                 | 0.0545      |
|    n_updates            | 1570        |
|    policy_gradient_loss | -0.00863    |
|    std                  | 0.35        |
|    value_loss           | 0.177       |
-----------------------------------------
-----------------------------------------
| rollout/                |             |
|    ep_len_mean          | 82          |
|    ep_rew_mean          | 31.2        |
| time/                   |             |
|    fps                  | 47          |
|    iterations           | 159         |
|    time_elapsed         | 13807       |
|    total_timesteps      | 651264      |
| train/                  |             |
|    approx_kl            | 0.036958188 |
|    clip_fraction        | 0.369       |
|    clip_range           | 0.2         |
|    entropy_loss         | -3.11       |
|    explained_variance   | 0.729       |
|    learning_rate        | 0.0003      |
|    loss                 | 0.0846      |
|    n_updates            | 1580        |
|    policy_gradient_loss | -0.00678    |
|    std                  | 0.347       |
|    value_loss           | 0.169       |
-----------------------------------------
----------------------------------------
| rollout/                |            |
|    ep_len_mean          | 82         |
|    ep_rew_mean          | 31.3       |
| time/                   |            |
|    fps                  | 47         |
|    iterations           | 160        |
|    time_elapsed         | 13895      |
|    total_timesteps      | 655360     |
| train/                  |            |
|    approx_kl            | 0.03017943 |
|    clip_fraction        | 0.36       |
|    clip_range           | 0.2        |
|    entropy_loss         | -3.04      |
|    explained_variance   | 0.675      |
|    learning_rate        | 0.0003     |
|    loss                 | 0.0582     |
|    n_updates            | 1590       |
|    policy_gradient_loss | -0.0079    |
|    std                  | 0.345      |
|    value_loss           | 0.214      |
----------------------------------------
----------------------------------------
| rollout/                |            |
|    ep_len_mean          | 82         |
|    ep_rew_mean          | 31.5       |
| time/                   |            |
|    fps                  | 47         |
|    iterations           | 161        |
|    time_elapsed         | 13982      |
|    total_timesteps      | 659456     |
| train/                  |            |
|    approx_kl            | 0.03589779 |
|    clip_fraction        | 0.366      |
|    clip_range           | 0.2        |
|    entropy_loss         | -2.99      |
|    explained_variance   | 0.728      |
|    learning_rate        | 0.0003     |
|    loss                 | 0.0545     |
|    n_updates            | 1600       |
|    policy_gradient_loss | -0.00645   |
|    std                  | 0.344      |
|    value_loss           | 0.178      |
----------------------------------------
-----------------------------------------
| rollout/                |             |
|    ep_len_mean          | 82          |
|    ep_rew_mean          | 31.7        |
| time/                   |             |
|    fps                  | 47          |
|    iterations           | 162         |
|    time_elapsed         | 14069       |
|    total_timesteps      | 663552      |
| train/                  |             |
|    approx_kl            | 0.033354923 |
|    clip_fraction        | 0.365       |
|    clip_range           | 0.2         |
|    entropy_loss         | -2.93       |
|    explained_variance   | 0.685       |
|    learning_rate        | 0.0003      |
|    loss                 | 0.0663      |
|    n_updates            | 1610        |
|    policy_gradient_loss | -0.00851    |
|    std                  | 0.341       |
|    value_loss           | 0.215       |
-----------------------------------------
----------------------------------------
| rollout/                |            |
|    ep_len_mean          | 82         |
|    ep_rew_mean          | 31.9       |
| time/                   |            |
|    fps                  | 47         |
|    iterations           | 163        |
|    time_elapsed         | 14155      |
|    total_timesteps      | 667648     |
| train/                  |            |
|    approx_kl            | 0.03569095 |
|    clip_fraction        | 0.375      |
|    clip_range           | 0.2        |
|    entropy_loss         | -2.88      |
|    explained_variance   | 0.712      |
|    learning_rate        | 0.0003     |
|    loss                 | 0.062      |
|    n_updates            | 1620       |
|    policy_gradient_loss | -0.00922   |
|    std                  | 0.34       |
|    value_loss           | 0.203      |
----------------------------------------
-----------------------------------------
| rollout/                |             |
|    ep_len_mean          | 82          |
|    ep_rew_mean          | 32.1        |
| time/                   |             |
|    fps                  | 47          |
|    iterations           | 164         |
|    time_elapsed         | 14241       |
|    total_timesteps      | 671744      |
| train/                  |             |
|    approx_kl            | 0.028723229 |
|    clip_fraction        | 0.363       |
|    clip_range           | 0.2         |
|    entropy_loss         | -2.83       |
|    explained_variance   | 0.735       |
|    learning_rate        | 0.0003      |
|    loss                 | 0.0288      |
|    n_updates            | 1630        |
|    policy_gradient_loss | -0.00868    |
|    std                  | 0.339       |
|    value_loss           | 0.154       |
-----------------------------------------
----------------------------------------
| rollout/                |            |
|    ep_len_mean          | 82         |
|    ep_rew_mean          | 32.1       |
| time/                   |            |
|    fps                  | 47         |
|    iterations           | 165        |
|    time_elapsed         | 14326      |
|    total_timesteps      | 675840     |
| train/                  |            |
|    approx_kl            | 0.03629416 |
|    clip_fraction        | 0.38       |
|    clip_range           | 0.2        |
|    entropy_loss         | -2.77      |
|    explained_variance   | 0.726      |
|    learning_rate        | 0.0003     |
|    loss                 | 0.0858     |
|    n_updates            | 1640       |
|    policy_gradient_loss | -0.00874   |
|    std                  | 0.337      |
|    value_loss           | 0.166      |
----------------------------------------
-----------------------------------------
| rollout/                |             |
|    ep_len_mean          | 82          |
|    ep_rew_mean          | 32.3        |
| time/                   |             |
|    fps                  | 47          |
|    iterations           | 166         |
|    time_elapsed         | 14413       |
|    total_timesteps      | 679936      |
| train/                  |             |
|    approx_kl            | 0.041232124 |
|    clip_fraction        | 0.381       |
|    clip_range           | 0.2         |
|    entropy_loss         | -2.72       |
|    explained_variance   | 0.734       |
|    learning_rate        | 0.0003      |
|    loss                 | 0.1         |
|    n_updates            | 1650        |
|    policy_gradient_loss | -0.00828    |
|    std                  | 0.335       |
|    value_loss           | 0.183       |
-----------------------------------------
-----------------------------------------
| rollout/                |             |
|    ep_len_mean          | 82          |
|    ep_rew_mean          | 32.7        |
| time/                   |             |
|    fps                  | 47          |
|    iterations           | 167         |
|    time_elapsed         | 14499       |
|    total_timesteps      | 684032      |
| train/                  |             |
|    approx_kl            | 0.039243005 |
|    clip_fraction        | 0.405       |
|    clip_range           | 0.2         |
|    entropy_loss         | -2.68       |
|    explained_variance   | 0.657       |
|    learning_rate        | 0.0003      |
|    loss                 | 0.13        |
|    n_updates            | 1660        |
|    policy_gradient_loss | -0.00623    |
|    std                  | 0.334       |
|    value_loss           | 0.218       |
-----------------------------------------
----------------------------------------
| rollout/                |            |
|    ep_len_mean          | 82         |
|    ep_rew_mean          | 32.7       |
| time/                   |            |
|    fps                  | 47         |
|    iterations           | 168        |
|    time_elapsed         | 14585      |
|    total_timesteps      | 688128     |
| train/                  |            |
|    approx_kl            | 0.03428539 |
|    clip_fraction        | 0.387      |
|    clip_range           | 0.2        |
|    entropy_loss         | -2.61      |
|    explained_variance   | 0.722      |
|    learning_rate        | 0.0003     |
|    loss                 | 0.0889     |
|    n_updates            | 1670       |
|    policy_gradient_loss | -0.00688   |
|    std                  | 0.331      |
|    value_loss           | 0.17       |
----------------------------------------
-----------------------------------------
| rollout/                |             |
|    ep_len_mean          | 82          |
|    ep_rew_mean          | 32.4        |
| time/                   |             |
|    fps                  | 47          |
|    iterations           | 169         |
|    time_elapsed         | 14670       |
|    total_timesteps      | 692224      |
| train/                  |             |
|    approx_kl            | 0.033172756 |
|    clip_fraction        | 0.376       |
|    clip_range           | 0.2         |
|    entropy_loss         | -2.55       |
|    explained_variance   | 0.715       |
|    learning_rate        | 0.0003      |
|    loss                 | 0.0407      |
|    n_updates            | 1680        |
|    policy_gradient_loss | -0.00859    |
|    std                  | 0.33        |
|    value_loss           | 0.18        |
-----------------------------------------
-----------------------------------------
| rollout/                |             |
|    ep_len_mean          | 82          |
|    ep_rew_mean          | 32.6        |
| time/                   |             |
|    fps                  | 47          |
|    iterations           | 170         |
|    time_elapsed         | 14757       |
|    total_timesteps      | 696320      |
| train/                  |             |
|    approx_kl            | 0.029429898 |
|    clip_fraction        | 0.365       |
|    clip_range           | 0.2         |
|    entropy_loss         | -2.5        |
|    explained_variance   | 0.762       |
|    learning_rate        | 0.0003      |
|    loss                 | 0.0397      |
|    n_updates            | 1690        |
|    policy_gradient_loss | -0.00612    |
|    std                  | 0.328       |
|    value_loss           | 0.153       |
-----------------------------------------
----------------------------------------
| rollout/                |            |
|    ep_len_mean          | 82         |
|    ep_rew_mean          | 33         |
| time/                   |            |
|    fps                  | 47         |
|    iterations           | 171        |
|    time_elapsed         | 14842      |
|    total_timesteps      | 700416     |
| train/                  |            |
|    approx_kl            | 0.03330059 |
|    clip_fraction        | 0.376      |
|    clip_range           | 0.2        |
|    entropy_loss         | -2.45      |
|    explained_variance   | 0.743      |
|    learning_rate        | 0.0003     |
|    loss                 | 0.0249     |
|    n_updates            | 1700       |
|    policy_gradient_loss | -0.0109    |
|    std                  | 0.327      |
|    value_loss           | 0.162      |
----------------------------------------
----------------------------------------
| rollout/                |            |
|    ep_len_mean          | 82         |
|    ep_rew_mean          | 33.3       |
| time/                   |            |
|    fps                  | 47         |
|    iterations           | 172        |
|    time_elapsed         | 14928      |
|    total_timesteps      | 704512     |
| train/                  |            |
|    approx_kl            | 0.04090236 |
|    clip_fraction        | 0.382      |
|    clip_range           | 0.2        |
|    entropy_loss         | -2.35      |
|    explained_variance   | 0.755      |
|    learning_rate        | 0.0003     |
|    loss                 | 0.0521     |
|    n_updates            | 1710       |
|    policy_gradient_loss | -0.0108    |
|    std                  | 0.323      |
|    value_loss           | 0.145      |
----------------------------------------
-----------------------------------------
| rollout/                |             |
|    ep_len_mean          | 82          |
|    ep_rew_mean          | 33.4        |
| time/                   |             |
|    fps                  | 47          |
|    iterations           | 173         |
|    time_elapsed         | 15013       |
|    total_timesteps      | 708608      |
| train/                  |             |
|    approx_kl            | 0.038426805 |
|    clip_fraction        | 0.393       |
|    clip_range           | 0.2         |
|    entropy_loss         | -2.27       |
|    explained_variance   | 0.745       |
|    learning_rate        | 0.0003      |
|    loss                 | 0.0574      |
|    n_updates            | 1720        |
|    policy_gradient_loss | -0.0021     |
|    std                  | 0.321       |
|    value_loss           | 0.157       |
-----------------------------------------
-----------------------------------------
| rollout/                |             |
|    ep_len_mean          | 82          |
|    ep_rew_mean          | 33.4        |
| time/                   |             |
|    fps                  | 47          |
|    iterations           | 174         |
|    time_elapsed         | 15098       |
|    total_timesteps      | 712704      |
| train/                  |             |
|    approx_kl            | 0.033094056 |
|    clip_fraction        | 0.367       |
|    clip_range           | 0.2         |
|    entropy_loss         | -2.21       |
|    explained_variance   | 0.762       |
|    learning_rate        | 0.0003      |
|    loss                 | 0.0597      |
|    n_updates            | 1730        |
|    policy_gradient_loss | -0.00901    |
|    std                  | 0.32        |
|    value_loss           | 0.151       |
-----------------------------------------
-----------------------------------------
| rollout/                |             |
|    ep_len_mean          | 82          |
|    ep_rew_mean          | 33.5        |
| time/                   |             |
|    fps                  | 47          |
|    iterations           | 175         |
|    time_elapsed         | 15184       |
|    total_timesteps      | 716800      |
| train/                  |             |
|    approx_kl            | 0.035114925 |
|    clip_fraction        | 0.375       |
|    clip_range           | 0.2         |
|    entropy_loss         | -2.18       |
|    explained_variance   | 0.751       |
|    learning_rate        | 0.0003      |
|    loss                 | 0.0235      |
|    n_updates            | 1740        |
|    policy_gradient_loss | -0.00615    |
|    std                  | 0.319       |
|    value_loss           | 0.161       |
-----------------------------------------
---------------------------------------
| rollout/                |           |
|    ep_len_mean          | 82        |
|    ep_rew_mean          | 33.6      |
| time/                   |           |
|    fps                  | 47        |
|    iterations           | 176       |
|    time_elapsed         | 15269     |
|    total_timesteps      | 720896    |
| train/                  |           |
|    approx_kl            | 0.0385802 |
|    clip_fraction        | 0.4       |
|    clip_range           | 0.2       |
|    entropy_loss         | -2.15     |
|    explained_variance   | 0.75      |
|    learning_rate        | 0.0003    |
|    loss                 | 0.0674    |
|    n_updates            | 1750      |
|    policy_gradient_loss | -0.00523  |
|    std                  | 0.318     |
|    value_loss           | 0.158     |
---------------------------------------
----------------------------------------
| rollout/                |            |
|    ep_len_mean          | 82         |
|    ep_rew_mean          | 33.8       |
| time/                   |            |
|    fps                  | 47         |
|    iterations           | 177        |
|    time_elapsed         | 15355      |
|    total_timesteps      | 724992     |
| train/                  |            |
|    approx_kl            | 0.03975952 |
|    clip_fraction        | 0.392      |
|    clip_range           | 0.2        |
|    entropy_loss         | -2.11      |
|    explained_variance   | 0.776      |
|    learning_rate        | 0.0003     |
|    loss                 | 0.0395     |
|    n_updates            | 1760       |
|    policy_gradient_loss | -0.0129    |
|    std                  | 0.317      |
|    value_loss           | 0.127      |
----------------------------------------
----------------------------------------
| rollout/                |            |
|    ep_len_mean          | 82         |
|    ep_rew_mean          | 34         |
| time/                   |            |
|    fps                  | 47         |
|    iterations           | 178        |
|    time_elapsed         | 15441      |
|    total_timesteps      | 729088     |
| train/                  |            |
|    approx_kl            | 0.03585412 |
|    clip_fraction        | 0.384      |
|    clip_range           | 0.2        |
|    entropy_loss         | -2.05      |
|    explained_variance   | 0.777      |
|    learning_rate        | 0.0003     |
|    loss                 | 0.0399     |
|    n_updates            | 1770       |
|    policy_gradient_loss | -0.00574   |
|    std                  | 0.314      |
|    value_loss           | 0.139      |
----------------------------------------
-----------------------------------------
| rollout/                |             |
|    ep_len_mean          | 82          |
|    ep_rew_mean          | 33.9        |
| time/                   |             |
|    fps                  | 47          |
|    iterations           | 179         |
|    time_elapsed         | 15526       |
|    total_timesteps      | 733184      |
| train/                  |             |
|    approx_kl            | 0.033000454 |
|    clip_fraction        | 0.392       |
|    clip_range           | 0.2         |
|    entropy_loss         | -1.98       |
|    explained_variance   | 0.744       |
|    learning_rate        | 0.0003      |
|    loss                 | 0.0614      |
|    n_updates            | 1780        |
|    policy_gradient_loss | -0.00497    |
|    std                  | 0.313       |
|    value_loss           | 0.168       |
-----------------------------------------
----------------------------------------
| rollout/                |            |
|    ep_len_mean          | 82         |
|    ep_rew_mean          | 34         |
| time/                   |            |
|    fps                  | 47         |
|    iterations           | 180        |
|    time_elapsed         | 15612      |
|    total_timesteps      | 737280     |
| train/                  |            |
|    approx_kl            | 0.03487166 |
|    clip_fraction        | 0.395      |
|    clip_range           | 0.2        |
|    entropy_loss         | -1.92      |
|    explained_variance   | 0.773      |
|    learning_rate        | 0.0003     |
|    loss                 | 0.0562     |
|    n_updates            | 1790       |
|    policy_gradient_loss | -0.0068    |
|    std                  | 0.311      |
|    value_loss           | 0.153      |
----------------------------------------
-----------------------------------------
| rollout/                |             |
|    ep_len_mean          | 82          |
|    ep_rew_mean          | 34.3        |
| time/                   |             |
|    fps                  | 47          |
|    iterations           | 181         |
|    time_elapsed         | 15697       |
|    total_timesteps      | 741376      |
| train/                  |             |
|    approx_kl            | 0.043805256 |
|    clip_fraction        | 0.398       |
|    clip_range           | 0.2         |
|    entropy_loss         | -1.89       |
|    explained_variance   | 0.779       |
|    learning_rate        | 0.0003      |
|    loss                 | 0.0499      |
|    n_updates            | 1800        |
|    policy_gradient_loss | -0.00606    |
|    std                  | 0.31        |
|    value_loss           | 0.132       |
-----------------------------------------
-----------------------------------------
| rollout/                |             |
|    ep_len_mean          | 82          |
|    ep_rew_mean          | 34.3        |
| time/                   |             |
|    fps                  | 47          |
|    iterations           | 182         |
|    time_elapsed         | 15784       |
|    total_timesteps      | 745472      |
| train/                  |             |
|    approx_kl            | 0.037239976 |
|    clip_fraction        | 0.401       |
|    clip_range           | 0.2         |
|    entropy_loss         | -1.84       |
|    explained_variance   | 0.772       |
|    learning_rate        | 0.0003      |
|    loss                 | 0.0351      |
|    n_updates            | 1810        |
|    policy_gradient_loss | -0.00403    |
|    std                  | 0.308       |
|    value_loss           | 0.139       |
-----------------------------------------
----------------------------------------
| rollout/                |            |
|    ep_len_mean          | 82         |
|    ep_rew_mean          | 34.2       |
| time/                   |            |
|    fps                  | 47         |
|    iterations           | 183        |
|    time_elapsed         | 15870      |
|    total_timesteps      | 749568     |
| train/                  |            |
|    approx_kl            | 0.03384064 |
|    clip_fraction        | 0.395      |
|    clip_range           | 0.2        |
|    entropy_loss         | -1.78      |
|    explained_variance   | 0.787      |
|    learning_rate        | 0.0003     |
|    loss                 | 0.0121     |
|    n_updates            | 1820       |
|    policy_gradient_loss | -0.0107    |
|    std                  | 0.307      |
|    value_loss           | 0.131      |
----------------------------------------
----------------------------------------
| rollout/                |            |
|    ep_len_mean          | 82         |
|    ep_rew_mean          | 34.3       |
| time/                   |            |
|    fps                  | 47         |
|    iterations           | 184        |
|    time_elapsed         | 15955      |
|    total_timesteps      | 753664     |
| train/                  |            |
|    approx_kl            | 0.03840629 |
|    clip_fraction        | 0.404      |
|    clip_range           | 0.2        |
|    entropy_loss         | -1.71      |
|    explained_variance   | 0.773      |
|    learning_rate        | 0.0003     |
|    loss                 | 0.0449     |
|    n_updates            | 1830       |
|    policy_gradient_loss | -0.00733   |
|    std                  | 0.305      |
|    value_loss           | 0.153      |
----------------------------------------
-----------------------------------------
| rollout/                |             |
|    ep_len_mean          | 82          |
|    ep_rew_mean          | 34.5        |
| time/                   |             |
|    fps                  | 47          |
|    iterations           | 185         |
|    time_elapsed         | 16042       |
|    total_timesteps      | 757760      |
| train/                  |             |
|    approx_kl            | 0.040295824 |
|    clip_fraction        | 0.402       |
|    clip_range           | 0.2         |
|    entropy_loss         | -1.62       |
|    explained_variance   | 0.749       |
|    learning_rate        | 0.0003      |
|    loss                 | 0.0586      |
|    n_updates            | 1840        |
|    policy_gradient_loss | -0.00414    |
|    std                  | 0.302       |
|    value_loss           | 0.154       |
-----------------------------------------
-----------------------------------------
| rollout/                |             |
|    ep_len_mean          | 82          |
|    ep_rew_mean          | 34.7        |
| time/                   |             |
|    fps                  | 47          |
|    iterations           | 186         |
|    time_elapsed         | 16128       |
|    total_timesteps      | 761856      |
| train/                  |             |
|    approx_kl            | 0.042121246 |
|    clip_fraction        | 0.422       |
|    clip_range           | 0.2         |
|    entropy_loss         | -1.56       |
|    explained_variance   | 0.779       |
|    learning_rate        | 0.0003      |
|    loss                 | 0.0355      |
|    n_updates            | 1850        |
|    policy_gradient_loss | -0.00284    |
|    std                  | 0.301       |
|    value_loss           | 0.139       |
-----------------------------------------
-----------------------------------------
| rollout/                |             |
|    ep_len_mean          | 82          |
|    ep_rew_mean          | 34.9        |
| time/                   |             |
|    fps                  | 47          |
|    iterations           | 187         |
|    time_elapsed         | 16214       |
|    total_timesteps      | 765952      |
| train/                  |             |
|    approx_kl            | 0.040954456 |
|    clip_fraction        | 0.402       |
|    clip_range           | 0.2         |
|    entropy_loss         | -1.48       |
|    explained_variance   | 0.799       |
|    learning_rate        | 0.0003      |
|    loss                 | 0.05        |
|    n_updates            | 1860        |
|    policy_gradient_loss | -0.00825    |
|    std                  | 0.299       |
|    value_loss           | 0.127       |
-----------------------------------------
-----------------------------------------
| rollout/                |             |
|    ep_len_mean          | 82          |
|    ep_rew_mean          | 35.2        |
| time/                   |             |
|    fps                  | 47          |
|    iterations           | 188         |
|    time_elapsed         | 16300       |
|    total_timesteps      | 770048      |
| train/                  |             |
|    approx_kl            | 0.041210894 |
|    clip_fraction        | 0.408       |
|    clip_range           | 0.2         |
|    entropy_loss         | -1.41       |
|    explained_variance   | 0.791       |
|    learning_rate        | 0.0003      |
|    loss                 | 0.0483      |
|    n_updates            | 1870        |
|    policy_gradient_loss | -0.00048    |
|    std                  | 0.297       |
|    value_loss           | 0.132       |
-----------------------------------------
-----------------------------------------
| rollout/                |             |
|    ep_len_mean          | 82          |
|    ep_rew_mean          | 35.2        |
| time/                   |             |
|    fps                  | 47          |
|    iterations           | 189         |
|    time_elapsed         | 16386       |
|    total_timesteps      | 774144      |
| train/                  |             |
|    approx_kl            | 0.039064337 |
|    clip_fraction        | 0.4         |
|    clip_range           | 0.2         |
|    entropy_loss         | -1.36       |
|    explained_variance   | 0.801       |
|    learning_rate        | 0.0003      |
|    loss                 | 0.00842     |
|    n_updates            | 1880        |
|    policy_gradient_loss | -0.00521    |
|    std                  | 0.296       |
|    value_loss           | 0.112       |
-----------------------------------------
-----------------------------------------
| rollout/                |             |
|    ep_len_mean          | 82          |
|    ep_rew_mean          | 35.3        |
| time/                   |             |
|    fps                  | 47          |
|    iterations           | 190         |
|    time_elapsed         | 16474       |
|    total_timesteps      | 778240      |
| train/                  |             |
|    approx_kl            | 0.039146714 |
|    clip_fraction        | 0.409       |
|    clip_range           | 0.2         |
|    entropy_loss         | -1.31       |
|    explained_variance   | 0.767       |
|    learning_rate        | 0.0003      |
|    loss                 | 0.0397      |
|    n_updates            | 1890        |
|    policy_gradient_loss | -0.00379    |
|    std                  | 0.295       |
|    value_loss           | 0.159       |
-----------------------------------------
-----------------------------------------
| rollout/                |             |
|    ep_len_mean          | 82          |
|    ep_rew_mean          | 35.4        |
| time/                   |             |
|    fps                  | 47          |
|    iterations           | 191         |
|    time_elapsed         | 16561       |
|    total_timesteps      | 782336      |
| train/                  |             |
|    approx_kl            | 0.049095742 |
|    clip_fraction        | 0.414       |
|    clip_range           | 0.2         |
|    entropy_loss         | -1.23       |
|    explained_variance   | 0.803       |
|    learning_rate        | 0.0003      |
|    loss                 | 0.0454      |
|    n_updates            | 1900        |
|    policy_gradient_loss | -0.0055     |
|    std                  | 0.291       |
|    value_loss           | 0.124       |
-----------------------------------------
-----------------------------------------
| rollout/                |             |
|    ep_len_mean          | 82          |
|    ep_rew_mean          | 35.4        |
| time/                   |             |
|    fps                  | 47          |
|    iterations           | 192         |
|    time_elapsed         | 16648       |
|    total_timesteps      | 786432      |
| train/                  |             |
|    approx_kl            | 0.038641088 |
|    clip_fraction        | 0.436       |
|    clip_range           | 0.2         |
|    entropy_loss         | -1.13       |
|    explained_variance   | 0.795       |
|    learning_rate        | 0.0003      |
|    loss                 | 0.0743      |
|    n_updates            | 1910        |
|    policy_gradient_loss | -0.00261    |
|    std                  | 0.289       |
|    value_loss           | 0.141       |
-----------------------------------------
-----------------------------------------
| rollout/                |             |
|    ep_len_mean          | 82          |
|    ep_rew_mean          | 35.3        |
| time/                   |             |
|    fps                  | 47          |
|    iterations           | 193         |
|    time_elapsed         | 16736       |
|    total_timesteps      | 790528      |
| train/                  |             |
|    approx_kl            | 0.040968563 |
|    clip_fraction        | 0.425       |
|    clip_range           | 0.2         |
|    entropy_loss         | -1.07       |
|    explained_variance   | 0.799       |
|    learning_rate        | 0.0003      |
|    loss                 | 0.0289      |
|    n_updates            | 1920        |
|    policy_gradient_loss | -0.00359    |
|    std                  | 0.288       |
|    value_loss           | 0.119       |
-----------------------------------------
----------------------------------------
| rollout/                |            |
|    ep_len_mean          | 82         |
|    ep_rew_mean          | 35.3       |
| time/                   |            |
|    fps                  | 47         |
|    iterations           | 194        |
|    time_elapsed         | 16823      |
|    total_timesteps      | 794624     |
| train/                  |            |
|    approx_kl            | 0.04067795 |
|    clip_fraction        | 0.402      |
|    clip_range           | 0.2        |
|    entropy_loss         | -1.03      |
|    explained_variance   | 0.777      |
|    learning_rate        | 0.0003     |
|    loss                 | 0.0421     |
|    n_updates            | 1930       |
|    policy_gradient_loss | -0.00295   |
|    std                  | 0.287      |
|    value_loss           | 0.141      |
----------------------------------------
----------------------------------------
| rollout/                |            |
|    ep_len_mean          | 82         |
|    ep_rew_mean          | 35.5       |
| time/                   |            |
|    fps                  | 47         |
|    iterations           | 195        |
|    time_elapsed         | 16910      |
|    total_timesteps      | 798720     |
| train/                  |            |
|    approx_kl            | 0.05097897 |
|    clip_fraction        | 0.412      |
|    clip_range           | 0.2        |
|    entropy_loss         | -1.02      |
|    explained_variance   | 0.798      |
|    learning_rate        | 0.0003     |
|    loss                 | 0.0449     |
|    n_updates            | 1940       |
|    policy_gradient_loss | -0.000599  |
|    std                  | 0.287      |
|    value_loss           | 0.122      |
----------------------------------------
----------------------------------------
| rollout/                |            |
|    ep_len_mean          | 82         |
|    ep_rew_mean          | 35.5       |
| time/                   |            |
|    fps                  | 47         |
|    iterations           | 196        |
|    time_elapsed         | 16997      |
|    total_timesteps      | 802816     |
| train/                  |            |
|    approx_kl            | 0.04013571 |
|    clip_fraction        | 0.422      |
|    clip_range           | 0.2        |
|    entropy_loss         | -1.02      |
|    explained_variance   | 0.773      |
|    learning_rate        | 0.0003     |
|    loss                 | 0.0412     |
|    n_updates            | 1950       |
|    policy_gradient_loss | -0.00139   |
|    std                  | 0.287      |
|    value_loss           | 0.141      |
----------------------------------------
----------------------------------------
| rollout/                |            |
|    ep_len_mean          | 82         |
|    ep_rew_mean          | 35.6       |
| time/                   |            |
|    fps                  | 47         |
|    iterations           | 197        |
|    time_elapsed         | 17086      |
|    total_timesteps      | 806912     |
| train/                  |            |
|    approx_kl            | 0.03884826 |
|    clip_fraction        | 0.418      |
|    clip_range           | 0.2        |
|    entropy_loss         | -0.988     |
|    explained_variance   | 0.81       |
|    learning_rate        | 0.0003     |
|    loss                 | 0.0194     |
|    n_updates            | 1960       |
|    policy_gradient_loss | -0.00501   |
|    std                  | 0.286      |
|    value_loss           | 0.115      |
----------------------------------------
----------------------------------------
| rollout/                |            |
|    ep_len_mean          | 82         |
|    ep_rew_mean          | 35.5       |
| time/                   |            |
|    fps                  | 47         |
|    iterations           | 198        |
|    time_elapsed         | 17174      |
|    total_timesteps      | 811008     |
| train/                  |            |
|    approx_kl            | 0.04236745 |
|    clip_fraction        | 0.418      |
|    clip_range           | 0.2        |
|    entropy_loss         | -0.949     |
|    explained_variance   | 0.821      |
|    learning_rate        | 0.0003     |
|    loss                 | 0.046      |
|    n_updates            | 1970       |
|    policy_gradient_loss | -0.00259   |
|    std                  | 0.285      |
|    value_loss           | 0.114      |
----------------------------------------
----------------------------------------
| rollout/                |            |
|    ep_len_mean          | 82         |
|    ep_rew_mean          | 35.7       |
| time/                   |            |
|    fps                  | 47         |
|    iterations           | 199        |
|    time_elapsed         | 17262      |
|    total_timesteps      | 815104     |
| train/                  |            |
|    approx_kl            | 0.04306943 |
|    clip_fraction        | 0.438      |
|    clip_range           | 0.2        |
|    entropy_loss         | -0.926     |
|    explained_variance   | 0.752      |
|    learning_rate        | 0.0003     |
|    loss                 | 0.0342     |
|    n_updates            | 1980       |
|    policy_gradient_loss | -0.00067   |
|    std                  | 0.285      |
|    value_loss           | 0.165      |
----------------------------------------
----------------------------------------
| rollout/                |            |
|    ep_len_mean          | 82         |
|    ep_rew_mean          | 36         |
| time/                   |            |
|    fps                  | 47         |
|    iterations           | 200        |
|    time_elapsed         | 17350      |
|    total_timesteps      | 819200     |
| train/                  |            |
|    approx_kl            | 0.04732251 |
|    clip_fraction        | 0.412      |
|    clip_range           | 0.2        |
|    entropy_loss         | -0.901     |
|    explained_variance   | 0.817      |
|    learning_rate        | 0.0003     |
|    loss                 | 0.0304     |
|    n_updates            | 1990       |
|    policy_gradient_loss | -0.00154   |
|    std                  | 0.285      |
|    value_loss           | 0.114      |
----------------------------------------
----------------------------------------
| rollout/                |            |
|    ep_len_mean          | 82         |
|    ep_rew_mean          | 35.9       |
| time/                   |            |
|    fps                  | 47         |
|    iterations           | 201        |
|    time_elapsed         | 17437      |
|    total_timesteps      | 823296     |
| train/                  |            |
|    approx_kl            | 0.04376008 |
|    clip_fraction        | 0.41       |
|    clip_range           | 0.2        |
|    entropy_loss         | -0.866     |
|    explained_variance   | 0.776      |
|    learning_rate        | 0.0003     |
|    loss                 | 0.0346     |
|    n_updates            | 2000       |
|    policy_gradient_loss | -0.00191   |
|    std                  | 0.284      |
|    value_loss           | 0.144      |
----------------------------------------
-----------------------------------------
| rollout/                |             |
|    ep_len_mean          | 82          |
|    ep_rew_mean          | 36          |
| time/                   |             |
|    fps                  | 47          |
|    iterations           | 202         |
|    time_elapsed         | 17523       |
|    total_timesteps      | 827392      |
| train/                  |             |
|    approx_kl            | 0.049535252 |
|    clip_fraction        | 0.426       |
|    clip_range           | 0.2         |
|    entropy_loss         | -0.803      |
|    explained_variance   | 0.767       |
|    learning_rate        | 0.0003      |
|    loss                 | 0.0775      |
|    n_updates            | 2010        |
|    policy_gradient_loss | -0.00135    |
|    std                  | 0.282       |
|    value_loss           | 0.148       |
-----------------------------------------
-----------------------------------------
| rollout/                |             |
|    ep_len_mean          | 82          |
|    ep_rew_mean          | 36.3        |
| time/                   |             |
|    fps                  | 47          |
|    iterations           | 203         |
|    time_elapsed         | 17609       |
|    total_timesteps      | 831488      |
| train/                  |             |
|    approx_kl            | 0.041064084 |
|    clip_fraction        | 0.417       |
|    clip_range           | 0.2         |
|    entropy_loss         | -0.743      |
|    explained_variance   | 0.785       |
|    learning_rate        | 0.0003      |
|    loss                 | 0.0471      |
|    n_updates            | 2020        |
|    policy_gradient_loss | -5.92e-05   |
|    std                  | 0.28        |
|    value_loss           | 0.13        |
-----------------------------------------
-----------------------------------------
| rollout/                |             |
|    ep_len_mean          | 82          |
|    ep_rew_mean          | 36.4        |
| time/                   |             |
|    fps                  | 47          |
|    iterations           | 204         |
|    time_elapsed         | 17697       |
|    total_timesteps      | 835584      |
| train/                  |             |
|    approx_kl            | 0.042897034 |
|    clip_fraction        | 0.427       |
|    clip_range           | 0.2         |
|    entropy_loss         | -0.729      |
|    explained_variance   | 0.81        |
|    learning_rate        | 0.0003      |
|    loss                 | 0.0315      |
|    n_updates            | 2030        |
|    policy_gradient_loss | 0.000405    |
|    std                  | 0.28        |
|    value_loss           | 0.117       |
-----------------------------------------
-----------------------------------------
| rollout/                |             |
|    ep_len_mean          | 82          |
|    ep_rew_mean          | 36.4        |
| time/                   |             |
|    fps                  | 47          |
|    iterations           | 205         |
|    time_elapsed         | 17785       |
|    total_timesteps      | 839680      |
| train/                  |             |
|    approx_kl            | 0.045922287 |
|    clip_fraction        | 0.437       |
|    clip_range           | 0.2         |
|    entropy_loss         | -0.698      |
|    explained_variance   | 0.839       |
|    learning_rate        | 0.0003      |
|    loss                 | 0.055       |
|    n_updates            | 2040        |
|    policy_gradient_loss | -0.0046     |
|    std                  | 0.279       |
|    value_loss           | 0.108       |
-----------------------------------------
----------------------------------------
| rollout/                |            |
|    ep_len_mean          | 82         |
|    ep_rew_mean          | 36.5       |
| time/                   |            |
|    fps                  | 47         |
|    iterations           | 206        |
|    time_elapsed         | 17874      |
|    total_timesteps      | 843776     |
| train/                  |            |
|    approx_kl            | 0.04096619 |
|    clip_fraction        | 0.412      |
|    clip_range           | 0.2        |
|    entropy_loss         | -0.671     |
|    explained_variance   | 0.778      |
|    learning_rate        | 0.0003     |
|    loss                 | 0.079      |
|    n_updates            | 2050       |
|    policy_gradient_loss | -0.00369   |
|    std                  | 0.279      |
|    value_loss           | 0.145      |
----------------------------------------
-----------------------------------------
| rollout/                |             |
|    ep_len_mean          | 82          |
|    ep_rew_mean          | 36.6        |
| time/                   |             |
|    fps                  | 47          |
|    iterations           | 207         |
|    time_elapsed         | 17960       |
|    total_timesteps      | 847872      |
| train/                  |             |
|    approx_kl            | 0.048949085 |
|    clip_fraction        | 0.416       |
|    clip_range           | 0.2         |
|    entropy_loss         | -0.633      |
|    explained_variance   | 0.814       |
|    learning_rate        | 0.0003      |
|    loss                 | 0.0491      |
|    n_updates            | 2060        |
|    policy_gradient_loss | -0.00203    |
|    std                  | 0.277       |
|    value_loss           | 0.124       |
-----------------------------------------
-----------------------------------------
| rollout/                |             |
|    ep_len_mean          | 82          |
|    ep_rew_mean          | 36.7        |
| time/                   |             |
|    fps                  | 47          |
|    iterations           | 208         |
|    time_elapsed         | 18046       |
|    total_timesteps      | 851968      |
| train/                  |             |
|    approx_kl            | 0.046355672 |
|    clip_fraction        | 0.461       |
|    clip_range           | 0.2         |
|    entropy_loss         | -0.571      |
|    explained_variance   | 0.805       |
|    learning_rate        | 0.0003      |
|    loss                 | 0.0209      |
|    n_updates            | 2070        |
|    policy_gradient_loss | -0.00527    |
|    std                  | 0.276       |
|    value_loss           | 0.118       |
-----------------------------------------
-----------------------------------------
| rollout/                |             |
|    ep_len_mean          | 82          |
|    ep_rew_mean          | 36.8        |
| time/                   |             |
|    fps                  | 47          |
|    iterations           | 209         |
|    time_elapsed         | 18132       |
|    total_timesteps      | 856064      |
| train/                  |             |
|    approx_kl            | 0.046205737 |
|    clip_fraction        | 0.447       |
|    clip_range           | 0.2         |
|    entropy_loss         | -0.532      |
|    explained_variance   | 0.839       |
|    learning_rate        | 0.0003      |
|    loss                 | 0.0236      |
|    n_updates            | 2080        |
|    policy_gradient_loss | -0.00279    |
|    std                  | 0.275       |
|    value_loss           | 0.113       |
-----------------------------------------
-----------------------------------------
| rollout/                |             |
|    ep_len_mean          | 82          |
|    ep_rew_mean          | 36.8        |
| time/                   |             |
|    fps                  | 47          |
|    iterations           | 210         |
|    time_elapsed         | 18219       |
|    total_timesteps      | 860160      |
| train/                  |             |
|    approx_kl            | 0.051873617 |
|    clip_fraction        | 0.409       |
|    clip_range           | 0.2         |
|    entropy_loss         | -0.479      |
|    explained_variance   | 0.809       |
|    learning_rate        | 0.0003      |
|    loss                 | 0.066       |
|    n_updates            | 2090        |
|    policy_gradient_loss | -0.00193    |
|    std                  | 0.274       |
|    value_loss           | 0.123       |
-----------------------------------------
-----------------------------------------
| rollout/                |             |
|    ep_len_mean          | 82          |
|    ep_rew_mean          | 36.9        |
| time/                   |             |
|    fps                  | 47          |
|    iterations           | 211         |
|    time_elapsed         | 18308       |
|    total_timesteps      | 864256      |
| train/                  |             |
|    approx_kl            | 0.043432914 |
|    clip_fraction        | 0.433       |
|    clip_range           | 0.2         |
|    entropy_loss         | -0.452      |
|    explained_variance   | 0.845       |
|    learning_rate        | 0.0003      |
|    loss                 | 0.028       |
|    n_updates            | 2100        |
|    policy_gradient_loss | -0.00754    |
|    std                  | 0.274       |
|    value_loss           | 0.103       |
-----------------------------------------
----------------------------------------
| rollout/                |            |
|    ep_len_mean          | 82         |
|    ep_rew_mean          | 37         |
| time/                   |            |
|    fps                  | 47         |
|    iterations           | 212        |
|    time_elapsed         | 18396      |
|    total_timesteps      | 868352     |
| train/                  |            |
|    approx_kl            | 0.04627385 |
|    clip_fraction        | 0.434      |
|    clip_range           | 0.2        |
|    entropy_loss         | -0.447     |
|    explained_variance   | 0.857      |
|    learning_rate        | 0.0003     |
|    loss                 | 0.0111     |
|    n_updates            | 2110       |
|    policy_gradient_loss | -0.00499   |
|    std                  | 0.274      |
|    value_loss           | 0.0899     |
----------------------------------------
-----------------------------------------
| rollout/                |             |
|    ep_len_mean          | 82          |
|    ep_rew_mean          | 36.9        |
| time/                   |             |
|    fps                  | 47          |
|    iterations           | 213         |
|    time_elapsed         | 18484       |
|    total_timesteps      | 872448      |
| train/                  |             |
|    approx_kl            | 0.044860292 |
|    clip_fraction        | 0.438       |
|    clip_range           | 0.2         |
|    entropy_loss         | -0.416      |
|    explained_variance   | 0.824       |
|    learning_rate        | 0.0003      |
|    loss                 | 0.0842      |
|    n_updates            | 2120        |
|    policy_gradient_loss | 0.00212     |
|    std                  | 0.272       |
|    value_loss           | 0.118       |
-----------------------------------------
-----------------------------------------
| rollout/                |             |
|    ep_len_mean          | 82          |
|    ep_rew_mean          | 37          |
| time/                   |             |
|    fps                  | 47          |
|    iterations           | 214         |
|    time_elapsed         | 18572       |
|    total_timesteps      | 876544      |
| train/                  |             |
|    approx_kl            | 0.047157522 |
|    clip_fraction        | 0.423       |
|    clip_range           | 0.2         |
|    entropy_loss         | -0.38       |
|    explained_variance   | 0.788       |
|    learning_rate        | 0.0003      |
|    loss                 | 0.0773      |
|    n_updates            | 2130        |
|    policy_gradient_loss | -0.00374    |
|    std                  | 0.272       |
|    value_loss           | 0.135       |
-----------------------------------------
----------------------------------------
| rollout/                |            |
|    ep_len_mean          | 82         |
|    ep_rew_mean          | 37.2       |
| time/                   |            |
|    fps                  | 47         |
|    iterations           | 215        |
|    time_elapsed         | 18661      |
|    total_timesteps      | 880640     |
| train/                  |            |
|    approx_kl            | 0.04138825 |
|    clip_fraction        | 0.44       |
|    clip_range           | 0.2        |
|    entropy_loss         | -0.341     |
|    explained_variance   | 0.835      |
|    learning_rate        | 0.0003     |
|    loss                 | 0.0276     |
|    n_updates            | 2140       |
|    policy_gradient_loss | -0.00174   |
|    std                  | 0.271      |
|    value_loss           | 0.108      |
----------------------------------------
----------------------------------------
| rollout/                |            |
|    ep_len_mean          | 82         |
|    ep_rew_mean          | 37.3       |
| time/                   |            |
|    fps                  | 47         |
|    iterations           | 216        |
|    time_elapsed         | 18749      |
|    total_timesteps      | 884736     |
| train/                  |            |
|    approx_kl            | 0.03847921 |
|    clip_fraction        | 0.422      |
|    clip_range           | 0.2        |
|    entropy_loss         | -0.277     |
|    explained_variance   | 0.804      |
|    learning_rate        | 0.0003     |
|    loss                 | 0.0463     |
|    n_updates            | 2150       |
|    policy_gradient_loss | -0.00038   |
|    std                  | 0.269      |
|    value_loss           | 0.128      |
----------------------------------------
-----------------------------------------
| rollout/                |             |
|    ep_len_mean          | 82          |
|    ep_rew_mean          | 37.3        |
| time/                   |             |
|    fps                  | 47          |
|    iterations           | 217         |
|    time_elapsed         | 18838       |
|    total_timesteps      | 888832      |
| train/                  |             |
|    approx_kl            | 0.055523925 |
|    clip_fraction        | 0.425       |
|    clip_range           | 0.2         |
|    entropy_loss         | -0.227      |
|    explained_variance   | 0.823       |
|    learning_rate        | 0.0003      |
|    loss                 | 0.0977      |
|    n_updates            | 2160        |
|    policy_gradient_loss | -9.24e-05   |
|    std                  | 0.268       |
|    value_loss           | 0.12        |
-----------------------------------------
-----------------------------------------
| rollout/                |             |
|    ep_len_mean          | 82          |
|    ep_rew_mean          | 37.4        |
| time/                   |             |
|    fps                  | 47          |
|    iterations           | 218         |
|    time_elapsed         | 18926       |
|    total_timesteps      | 892928      |
| train/                  |             |
|    approx_kl            | 0.043676086 |
|    clip_fraction        | 0.443       |
|    clip_range           | 0.2         |
|    entropy_loss         | -0.194      |
|    explained_variance   | 0.805       |
|    learning_rate        | 0.0003      |
|    loss                 | 0.072       |
|    n_updates            | 2170        |
|    policy_gradient_loss | 0.00695     |
|    std                  | 0.268       |
|    value_loss           | 0.118       |
-----------------------------------------
----------------------------------------
| rollout/                |            |
|    ep_len_mean          | 82         |
|    ep_rew_mean          | 37.4       |
| time/                   |            |
|    fps                  | 47         |
|    iterations           | 219        |
|    time_elapsed         | 19015      |
|    total_timesteps      | 897024     |
| train/                  |            |
|    approx_kl            | 0.04746862 |
|    clip_fraction        | 0.448      |
|    clip_range           | 0.2        |
|    entropy_loss         | -0.154     |
|    explained_variance   | 0.836      |
|    learning_rate        | 0.0003     |
|    loss                 | 0.0252     |
|    n_updates            | 2180       |
|    policy_gradient_loss | -0.00249   |
|    std                  | 0.267      |
|    value_loss           | 0.102      |
----------------------------------------
-----------------------------------------
| rollout/                |             |
|    ep_len_mean          | 82          |
|    ep_rew_mean          | 37.4        |
| time/                   |             |
|    fps                  | 47          |
|    iterations           | 220         |
|    time_elapsed         | 19102       |
|    total_timesteps      | 901120      |
| train/                  |             |
|    approx_kl            | 0.045960817 |
|    clip_fraction        | 0.455       |
|    clip_range           | 0.2         |
|    entropy_loss         | -0.097      |
|    explained_variance   | 0.804       |
|    learning_rate        | 0.0003      |
|    loss                 | 0.0521      |
|    n_updates            | 2190        |
|    policy_gradient_loss | 9.41e-05    |
|    std                  | 0.266       |
|    value_loss           | 0.123       |
-----------------------------------------
-----------------------------------------
| rollout/                |             |
|    ep_len_mean          | 82          |
|    ep_rew_mean          | 37.5        |
| time/                   |             |
|    fps                  | 47          |
|    iterations           | 221         |
|    time_elapsed         | 19189       |
|    total_timesteps      | 905216      |
| train/                  |             |
|    approx_kl            | 0.037923872 |
|    clip_fraction        | 0.444       |
|    clip_range           | 0.2         |
|    entropy_loss         | -0.0582     |
|    explained_variance   | 0.824       |
|    learning_rate        | 0.0003      |
|    loss                 | 0.026       |
|    n_updates            | 2200        |
|    policy_gradient_loss | -0.000625   |
|    std                  | 0.265       |
|    value_loss           | 0.116       |
-----------------------------------------
----------------------------------------
| rollout/                |            |
|    ep_len_mean          | 82         |
|    ep_rew_mean          | 37.7       |
| time/                   |            |
|    fps                  | 47         |
|    iterations           | 222        |
|    time_elapsed         | 19275      |
|    total_timesteps      | 909312     |
| train/                  |            |
|    approx_kl            | 0.04617197 |
|    clip_fraction        | 0.439      |
|    clip_range           | 0.2        |
|    entropy_loss         | -0.0185    |
|    explained_variance   | 0.832      |
|    learning_rate        | 0.0003     |
|    loss                 | 0.0518     |
|    n_updates            | 2210       |
|    policy_gradient_loss | 0.00014    |
|    std                  | 0.264      |
|    value_loss           | 0.103      |
----------------------------------------
---------------------------------------
| rollout/                |           |
|    ep_len_mean          | 82        |
|    ep_rew_mean          | 37.8      |
| time/                   |           |
|    fps                  | 47        |
|    iterations           | 223       |
|    time_elapsed         | 19363     |
|    total_timesteps      | 913408    |
| train/                  |           |
|    approx_kl            | 0.0469727 |
|    clip_fraction        | 0.45      |
|    clip_range           | 0.2       |
|    entropy_loss         | -0.0177   |
|    explained_variance   | 0.825     |
|    learning_rate        | 0.0003    |
|    loss                 | 0.118     |
|    n_updates            | 2220      |
|    policy_gradient_loss | 0.00268   |
|    std                  | 0.265     |
|    value_loss           | 0.114     |
---------------------------------------
----------------------------------------
| rollout/                |            |
|    ep_len_mean          | 82         |
|    ep_rew_mean          | 37.8       |
| time/                   |            |
|    fps                  | 47         |
|    iterations           | 224        |
|    time_elapsed         | 19452      |
|    total_timesteps      | 917504     |
| train/                  |            |
|    approx_kl            | 0.04871995 |
|    clip_fraction        | 0.457      |
|    clip_range           | 0.2        |
|    entropy_loss         | -0.0256    |
|    explained_variance   | 0.839      |
|    learning_rate        | 0.0003     |
|    loss                 | 0.0641     |
|    n_updates            | 2230       |
|    policy_gradient_loss | -0.000244  |
|    std                  | 0.265      |
|    value_loss           | 0.0924     |
----------------------------------------
-----------------------------------------
| rollout/                |             |
|    ep_len_mean          | 82          |
|    ep_rew_mean          | 37.7        |
| time/                   |             |
|    fps                  | 47          |
|    iterations           | 225         |
|    time_elapsed         | 19540       |
|    total_timesteps      | 921600      |
| train/                  |             |
|    approx_kl            | 0.051080216 |
|    clip_fraction        | 0.451       |
|    clip_range           | 0.2         |
|    entropy_loss         | 0.00471     |
|    explained_variance   | 0.84        |
|    learning_rate        | 0.0003      |
|    loss                 | 0.0609      |
|    n_updates            | 2240        |
|    policy_gradient_loss | 0.00125     |
|    std                  | 0.264       |
|    value_loss           | 0.106       |
-----------------------------------------
-----------------------------------------
| rollout/                |             |
|    ep_len_mean          | 82          |
|    ep_rew_mean          | 37.6        |
| time/                   |             |
|    fps                  | 47          |
|    iterations           | 226         |
|    time_elapsed         | 19628       |
|    total_timesteps      | 925696      |
| train/                  |             |
|    approx_kl            | 0.053734608 |
|    clip_fraction        | 0.454       |
|    clip_range           | 0.2         |
|    entropy_loss         | 0.0361      |
|    explained_variance   | 0.801       |
|    learning_rate        | 0.0003      |
|    loss                 | 0.122       |
|    n_updates            | 2250        |
|    policy_gradient_loss | 0.00321     |
|    std                  | 0.263       |
|    value_loss           | 0.129       |
-----------------------------------------
----------------------------------------
| rollout/                |            |
|    ep_len_mean          | 82         |
|    ep_rew_mean          | 37.8       |
| time/                   |            |
|    fps                  | 47         |
|    iterations           | 227        |
|    time_elapsed         | 19716      |
|    total_timesteps      | 929792     |
| train/                  |            |
|    approx_kl            | 0.04809812 |
|    clip_fraction        | 0.455      |
|    clip_range           | 0.2        |
|    entropy_loss         | 0.0519     |
|    explained_variance   | 0.804      |
|    learning_rate        | 0.0003     |
|    loss                 | 0.0688     |
|    n_updates            | 2260       |
|    policy_gradient_loss | 0.00254    |
|    std                  | 0.263      |
|    value_loss           | 0.129      |
----------------------------------------
-----------------------------------------
| rollout/                |             |
|    ep_len_mean          | 82          |
|    ep_rew_mean          | 38          |
| time/                   |             |
|    fps                  | 47          |
|    iterations           | 228         |
|    time_elapsed         | 19803       |
|    total_timesteps      | 933888      |
| train/                  |             |
|    approx_kl            | 0.054277465 |
|    clip_fraction        | 0.455       |
|    clip_range           | 0.2         |
|    entropy_loss         | 0.0541      |
|    explained_variance   | 0.826       |
|    learning_rate        | 0.0003      |
|    loss                 | 0.0559      |
|    n_updates            | 2270        |
|    policy_gradient_loss | 0.00163     |
|    std                  | 0.263       |
|    value_loss           | 0.111       |
-----------------------------------------
----------------------------------------
| rollout/                |            |
|    ep_len_mean          | 82         |
|    ep_rew_mean          | 38         |
| time/                   |            |
|    fps                  | 47         |
|    iterations           | 229        |
|    time_elapsed         | 19889      |
|    total_timesteps      | 937984     |
| train/                  |            |
|    approx_kl            | 0.04554803 |
|    clip_fraction        | 0.439      |
|    clip_range           | 0.2        |
|    entropy_loss         | 0.0716     |
|    explained_variance   | 0.843      |
|    learning_rate        | 0.0003     |
|    loss                 | 0.0565     |
|    n_updates            | 2280       |
|    policy_gradient_loss | 0.00221    |
|    std                  | 0.263      |
|    value_loss           | 0.0981     |
----------------------------------------
-----------------------------------------
| rollout/                |             |
|    ep_len_mean          | 82          |
|    ep_rew_mean          | 38          |
| time/                   |             |
|    fps                  | 47          |
|    iterations           | 230         |
|    time_elapsed         | 19975       |
|    total_timesteps      | 942080      |
| train/                  |             |
|    approx_kl            | 0.043099843 |
|    clip_fraction        | 0.427       |
|    clip_range           | 0.2         |
|    entropy_loss         | 0.0936      |
|    explained_variance   | 0.788       |
|    learning_rate        | 0.0003      |
|    loss                 | 0.0431      |
|    n_updates            | 2290        |
|    policy_gradient_loss | -0.000781   |
|    std                  | 0.262       |
|    value_loss           | 0.124       |
-----------------------------------------
----------------------------------------
| rollout/                |            |
|    ep_len_mean          | 82         |
|    ep_rew_mean          | 37.9       |
| time/                   |            |
|    fps                  | 47         |
|    iterations           | 231        |
|    time_elapsed         | 20060      |
|    total_timesteps      | 946176     |
| train/                  |            |
|    approx_kl            | 0.04827933 |
|    clip_fraction        | 0.446      |
|    clip_range           | 0.2        |
|    entropy_loss         | 0.0976     |
|    explained_variance   | 0.838      |
|    learning_rate        | 0.0003     |
|    loss                 | 0.0565     |
|    n_updates            | 2300       |
|    policy_gradient_loss | -0.00137   |
|    std                  | 0.263      |
|    value_loss           | 0.109      |
----------------------------------------
-----------------------------------------
| rollout/                |             |
|    ep_len_mean          | 82          |
|    ep_rew_mean          | 38          |
| time/                   |             |
|    fps                  | 47          |
|    iterations           | 232         |
|    time_elapsed         | 20147       |
|    total_timesteps      | 950272      |
| train/                  |             |
|    approx_kl            | 0.053098843 |
|    clip_fraction        | 0.452       |
|    clip_range           | 0.2         |
|    entropy_loss         | 0.116       |
|    explained_variance   | 0.838       |
|    learning_rate        | 0.0003      |
|    loss                 | 0.0513      |
|    n_updates            | 2310        |
|    policy_gradient_loss | 0.00085     |
|    std                  | 0.262       |
|    value_loss           | 0.0977      |
-----------------------------------------
-----------------------------------------
| rollout/                |             |
|    ep_len_mean          | 82          |
|    ep_rew_mean          | 38          |
| time/                   |             |
|    fps                  | 47          |
|    iterations           | 233         |
|    time_elapsed         | 20233       |
|    total_timesteps      | 954368      |
| train/                  |             |
|    approx_kl            | 0.046853878 |
|    clip_fraction        | 0.454       |
|    clip_range           | 0.2         |
|    entropy_loss         | 0.122       |
|    explained_variance   | 0.835       |
|    learning_rate        | 0.0003      |
|    loss                 | 0.0442      |
|    n_updates            | 2320        |
|    policy_gradient_loss | 0.00351     |
|    std                  | 0.263       |
|    value_loss           | 0.11        |
-----------------------------------------
-----------------------------------------
| rollout/                |             |
|    ep_len_mean          | 82          |
|    ep_rew_mean          | 38.1        |
| time/                   |             |
|    fps                  | 47          |
|    iterations           | 234         |
|    time_elapsed         | 20320       |
|    total_timesteps      | 958464      |
| train/                  |             |
|    approx_kl            | 0.042593643 |
|    clip_fraction        | 0.455       |
|    clip_range           | 0.2         |
|    entropy_loss         | 0.117       |
|    explained_variance   | 0.809       |
|    learning_rate        | 0.0003      |
|    loss                 | 0.0165      |
|    n_updates            | 2330        |
|    policy_gradient_loss | 0.00205     |
|    std                  | 0.263       |
|    value_loss           | 0.125       |
-----------------------------------------
----------------------------------------
| rollout/                |            |
|    ep_len_mean          | 82         |
|    ep_rew_mean          | 38.1       |
| time/                   |            |
|    fps                  | 47         |
|    iterations           | 235        |
|    time_elapsed         | 20406      |
|    total_timesteps      | 962560     |
| train/                  |            |
|    approx_kl            | 0.05015049 |
|    clip_fraction        | 0.457      |
|    clip_range           | 0.2        |
|    entropy_loss         | 0.133      |
|    explained_variance   | 0.811      |
|    learning_rate        | 0.0003     |
|    loss                 | 0.0926     |
|    n_updates            | 2340       |
|    policy_gradient_loss | 0.00129    |
|    std                  | 0.263      |
|    value_loss           | 0.128      |
----------------------------------------
----------------------------------------
| rollout/                |            |
|    ep_len_mean          | 82         |
|    ep_rew_mean          | 38.1       |
| time/                   |            |
|    fps                  | 47         |
|    iterations           | 236        |
|    time_elapsed         | 20492      |
|    total_timesteps      | 966656     |
| train/                  |            |
|    approx_kl            | 0.05270079 |
|    clip_fraction        | 0.47       |
|    clip_range           | 0.2        |
|    entropy_loss         | 0.16       |
|    explained_variance   | 0.789      |
|    learning_rate        | 0.0003     |
|    loss                 | 0.065      |
|    n_updates            | 2350       |
|    policy_gradient_loss | -0.00135   |
|    std                  | 0.261      |
|    value_loss           | 0.14       |
----------------------------------------
-----------------------------------------
| rollout/                |             |
|    ep_len_mean          | 82          |
|    ep_rew_mean          | 38.4        |
| time/                   |             |
|    fps                  | 47          |
|    iterations           | 237         |
|    time_elapsed         | 20580       |
|    total_timesteps      | 970752      |
| train/                  |             |
|    approx_kl            | 0.045648914 |
|    clip_fraction        | 0.451       |
|    clip_range           | 0.2         |
|    entropy_loss         | 0.208       |
|    explained_variance   | 0.843       |
|    learning_rate        | 0.0003      |
|    loss                 | 0.0511      |
|    n_updates            | 2360        |
|    policy_gradient_loss | 0.00054     |
|    std                  | 0.26        |
|    value_loss           | 0.1         |
-----------------------------------------
-----------------------------------------
| rollout/                |             |
|    ep_len_mean          | 82          |
|    ep_rew_mean          | 38.7        |
| time/                   |             |
|    fps                  | 47          |
|    iterations           | 238         |
|    time_elapsed         | 20668       |
|    total_timesteps      | 974848      |
| train/                  |             |
|    approx_kl            | 0.046878554 |
|    clip_fraction        | 0.461       |
|    clip_range           | 0.2         |
|    entropy_loss         | 0.23        |
|    explained_variance   | 0.83        |
|    learning_rate        | 0.0003      |
|    loss                 | 0.0314      |
|    n_updates            | 2370        |
|    policy_gradient_loss | 0.00342     |
|    std                  | 0.261       |
|    value_loss           | 0.105       |
-----------------------------------------
----------------------------------------
| rollout/                |            |
|    ep_len_mean          | 82         |
|    ep_rew_mean          | 38.7       |
| time/                   |            |
|    fps                  | 47         |
|    iterations           | 239        |
|    time_elapsed         | 20755      |
|    total_timesteps      | 978944     |
| train/                  |            |
|    approx_kl            | 0.04619921 |
|    clip_fraction        | 0.449      |
|    clip_range           | 0.2        |
|    entropy_loss         | 0.261      |
|    explained_variance   | 0.872      |
|    learning_rate        | 0.0003     |
|    loss                 | 0.03       |
|    n_updates            | 2380       |
|    policy_gradient_loss | -0.000699  |
|    std                  | 0.259      |
|    value_loss           | 0.0875     |
----------------------------------------
-----------------------------------------
| rollout/                |             |
|    ep_len_mean          | 82          |
|    ep_rew_mean          | 38.7        |
| time/                   |             |
|    fps                  | 47          |
|    iterations           | 240         |
|    time_elapsed         | 20842       |
|    total_timesteps      | 983040      |
| train/                  |             |
|    approx_kl            | 0.057842918 |
|    clip_fraction        | 0.459       |
|    clip_range           | 0.2         |
|    entropy_loss         | 0.307       |
|    explained_variance   | 0.859       |
|    learning_rate        | 0.0003      |
|    loss                 | 0.0679      |
|    n_updates            | 2390        |
|    policy_gradient_loss | -0.00089    |
|    std                  | 0.258       |
|    value_loss           | 0.0831      |
-----------------------------------------
----------------------------------------
| rollout/                |            |
|    ep_len_mean          | 82         |
|    ep_rew_mean          | 38.6       |
| time/                   |            |
|    fps                  | 47         |
|    iterations           | 241        |
|    time_elapsed         | 20931      |
|    total_timesteps      | 987136     |
| train/                  |            |
|    approx_kl            | 0.05679402 |
|    clip_fraction        | 0.467      |
|    clip_range           | 0.2        |
|    entropy_loss         | 0.357      |
|    explained_variance   | 0.846      |
|    learning_rate        | 0.0003     |
|    loss                 | 0.0205     |
|    n_updates            | 2400       |
|    policy_gradient_loss | 8.21e-05   |
|    std                  | 0.257      |
|    value_loss           | 0.104      |
----------------------------------------
-----------------------------------------
| rollout/                |             |
|    ep_len_mean          | 82          |
|    ep_rew_mean          | 38.7        |
| time/                   |             |
|    fps                  | 47          |
|    iterations           | 242         |
|    time_elapsed         | 21019       |
|    total_timesteps      | 991232      |
| train/                  |             |
|    approx_kl            | 0.053165093 |
|    clip_fraction        | 0.458       |
|    clip_range           | 0.2         |
|    entropy_loss         | 0.411       |
|    explained_variance   | 0.834       |
|    learning_rate        | 0.0003      |
|    loss                 | 0.0439      |
|    n_updates            | 2410        |
|    policy_gradient_loss | 0.00248     |
|    std                  | 0.255       |
|    value_loss           | 0.11        |
-----------------------------------------
-----------------------------------------
| rollout/                |             |
|    ep_len_mean          | 82          |
|    ep_rew_mean          | 39.1        |
| time/                   |             |
|    fps                  | 47          |
|    iterations           | 243         |
|    time_elapsed         | 21106       |
|    total_timesteps      | 995328      |
| train/                  |             |
|    approx_kl            | 0.043607105 |
|    clip_fraction        | 0.453       |
|    clip_range           | 0.2         |
|    entropy_loss         | 0.485       |
|    explained_variance   | 0.852       |
|    learning_rate        | 0.0003      |
|    loss                 | 0.0533      |
|    n_updates            | 2420        |
|    policy_gradient_loss | 0.00199     |
|    std                  | 0.254       |
|    value_loss           | 0.0931      |
-----------------------------------------
----------------------------------------
| rollout/                |            |
|    ep_len_mean          | 82         |
|    ep_rew_mean          | 39.1       |
| time/                   |            |
|    fps                  | 47         |
|    iterations           | 244        |
|    time_elapsed         | 21194      |
|    total_timesteps      | 999424     |
| train/                  |            |
|    approx_kl            | 0.05448407 |
|    clip_fraction        | 0.456      |
|    clip_range           | 0.2        |
|    entropy_loss         | 0.56       |
|    explained_variance   | 0.876      |
|    learning_rate        | 0.0003     |
|    loss                 | 0.0213     |
|    n_updates            | 2430       |
|    policy_gradient_loss | 0.003      |
|    std                  | 0.252      |
|    value_loss           | 0.0731     |
----------------------------------------
----------------------------------------
| rollout/                |            |
|    ep_len_mean          | 82         |
|    ep_rew_mean          | 39.1       |
| time/                   |            |
|    fps                  | 47         |
|    iterations           | 245        |
|    time_elapsed         | 21281      |
|    total_timesteps      | 1003520    |
| train/                  |            |
|    approx_kl            | 0.06003855 |
|    clip_fraction        | 0.49       |
|    clip_range           | 0.2        |
|    entropy_loss         | 0.611      |
|    explained_variance   | 0.826      |
|    learning_rate        | 0.0003     |
|    loss                 | 0.063      |
|    n_updates            | 2440       |
|    policy_gradient_loss | 0.00812    |
|    std                  | 0.251      |
|    value_loss           | 0.111      |
----------------------------------------
-----------------------------------------
| rollout/                |             |
|    ep_len_mean          | 82          |
|    ep_rew_mean          | 39.2        |
| time/                   |             |
|    fps                  | 47          |
|    iterations           | 246         |
|    time_elapsed         | 21369       |
|    total_timesteps      | 1007616     |
| train/                  |             |
|    approx_kl            | 0.046851523 |
|    clip_fraction        | 0.454       |
|    clip_range           | 0.2         |
|    entropy_loss         | 0.629       |
|    explained_variance   | 0.854       |
|    learning_rate        | 0.0003      |
|    loss                 | 0.0271      |
|    n_updates            | 2450        |
|    policy_gradient_loss | 0.00239     |
|    std                  | 0.252       |
|    value_loss           | 0.0842      |
-----------------------------------------
-----------------------------------------
| rollout/                |             |
|    ep_len_mean          | 82          |
|    ep_rew_mean          | 39.2        |
| time/                   |             |
|    fps                  | 47          |
|    iterations           | 247         |
|    time_elapsed         | 21457       |
|    total_timesteps      | 1011712     |
| train/                  |             |
|    approx_kl            | 0.044739626 |
|    clip_fraction        | 0.463       |
|    clip_range           | 0.2         |
|    entropy_loss         | 0.649       |
|    explained_variance   | 0.856       |
|    learning_rate        | 0.0003      |
|    loss                 | 0.0205      |
|    n_updates            | 2460        |
|    policy_gradient_loss | 0.00496     |
|    std                  | 0.252       |
|    value_loss           | 0.0853      |
-----------------------------------------
-----------------------------------------
| rollout/                |             |
|    ep_len_mean          | 82          |
|    ep_rew_mean          | 39          |
| time/                   |             |
|    fps                  | 47          |
|    iterations           | 248         |
|    time_elapsed         | 21546       |
|    total_timesteps      | 1015808     |
| train/                  |             |
|    approx_kl            | 0.049907617 |
|    clip_fraction        | 0.472       |
|    clip_range           | 0.2         |
|    entropy_loss         | 0.662       |
|    explained_variance   | 0.852       |
|    learning_rate        | 0.0003      |
|    loss                 | 0.0602      |
|    n_updates            | 2470        |
|    policy_gradient_loss | 0.00343     |
|    std                  | 0.252       |
|    value_loss           | 0.101       |
-----------------------------------------
-----------------------------------------
| rollout/                |             |
|    ep_len_mean          | 82          |
|    ep_rew_mean          | 39.1        |
| time/                   |             |
|    fps                  | 47          |
|    iterations           | 249         |
|    time_elapsed         | 21634       |
|    total_timesteps      | 1019904     |
| train/                  |             |
|    approx_kl            | 0.047465716 |
|    clip_fraction        | 0.463       |
|    clip_range           | 0.2         |
|    entropy_loss         | 0.701       |
|    explained_variance   | 0.843       |
|    learning_rate        | 0.0003      |
|    loss                 | 0.0136      |
|    n_updates            | 2480        |
|    policy_gradient_loss | 0.00151     |
|    std                  | 0.251       |
|    value_loss           | 0.0977      |
-----------------------------------------
----------------------------------------
| rollout/                |            |
|    ep_len_mean          | 82         |
|    ep_rew_mean          | 39.2       |
| time/                   |            |
|    fps                  | 47         |
|    iterations           | 250        |
|    time_elapsed         | 21721      |
|    total_timesteps      | 1024000    |
| train/                  |            |
|    approx_kl            | 0.05793745 |
|    clip_fraction        | 0.469      |
|    clip_range           | 0.2        |
|    entropy_loss         | 0.746      |
|    explained_variance   | 0.877      |
|    learning_rate        | 0.0003     |
|    loss                 | 0.0469     |
|    n_updates            | 2490       |
|    policy_gradient_loss | 0.000925   |
|    std                  | 0.25       |
|    value_loss           | 0.082      |
----------------------------------------
-----------------------------------------
| rollout/                |             |
|    ep_len_mean          | 82          |
|    ep_rew_mean          | 39.3        |
| time/                   |             |
|    fps                  | 47          |
|    iterations           | 251         |
|    time_elapsed         | 21808       |
|    total_timesteps      | 1028096     |
| train/                  |             |
|    approx_kl            | 0.050332315 |
|    clip_fraction        | 0.471       |
|    clip_range           | 0.2         |
|    entropy_loss         | 0.771       |
|    explained_variance   | 0.86        |
|    learning_rate        | 0.0003      |
|    loss                 | 0.0325      |
|    n_updates            | 2500        |
|    policy_gradient_loss | 0.00142     |
|    std                  | 0.25        |
|    value_loss           | 0.0918      |
-----------------------------------------
-----------------------------------------
| rollout/                |             |
|    ep_len_mean          | 82          |
|    ep_rew_mean          | 39.3        |
| time/                   |             |
|    fps                  | 47          |
|    iterations           | 252         |
|    time_elapsed         | 21895       |
|    total_timesteps      | 1032192     |
| train/                  |             |
|    approx_kl            | 0.056778096 |
|    clip_fraction        | 0.482       |
|    clip_range           | 0.2         |
|    entropy_loss         | 0.812       |
|    explained_variance   | 0.872       |
|    learning_rate        | 0.0003      |
|    loss                 | 0.0856      |
|    n_updates            | 2510        |
|    policy_gradient_loss | 0.00439     |
|    std                  | 0.249       |
|    value_loss           | 0.0828      |
-----------------------------------------
-----------------------------------------
| rollout/                |             |
|    ep_len_mean          | 82          |
|    ep_rew_mean          | 39.4        |
| time/                   |             |
|    fps                  | 47          |
|    iterations           | 253         |
|    time_elapsed         | 21982       |
|    total_timesteps      | 1036288     |
| train/                  |             |
|    approx_kl            | 0.051932808 |
|    clip_fraction        | 0.468       |
|    clip_range           | 0.2         |
|    entropy_loss         | 0.845       |
|    explained_variance   | 0.873       |
|    learning_rate        | 0.0003      |
|    loss                 | 0.00758     |
|    n_updates            | 2520        |
|    policy_gradient_loss | 0.002       |
|    std                  | 0.249       |
|    value_loss           | 0.0811      |
-----------------------------------------
----------------------------------------
| rollout/                |            |
|    ep_len_mean          | 82         |
|    ep_rew_mean          | 39.5       |
| time/                   |            |
|    fps                  | 47         |
|    iterations           | 254        |
|    time_elapsed         | 22068      |
|    total_timesteps      | 1040384    |
| train/                  |            |
|    approx_kl            | 0.05100365 |
|    clip_fraction        | 0.471      |
|    clip_range           | 0.2        |
|    entropy_loss         | 0.855      |
|    explained_variance   | 0.851      |
|    learning_rate        | 0.0003     |
|    loss                 | 0.0863     |
|    n_updates            | 2530       |
|    policy_gradient_loss | 0.00612    |
|    std                  | 0.248      |
|    value_loss           | 0.0993     |
----------------------------------------
-----------------------------------------
| rollout/                |             |
|    ep_len_mean          | 82          |
|    ep_rew_mean          | 39.4        |
| time/                   |             |
|    fps                  | 47          |
|    iterations           | 255         |
|    time_elapsed         | 22154       |
|    total_timesteps      | 1044480     |
| train/                  |             |
|    approx_kl            | 0.053958155 |
|    clip_fraction        | 0.487       |
|    clip_range           | 0.2         |
|    entropy_loss         | 0.882       |
|    explained_variance   | 0.841       |
|    learning_rate        | 0.0003      |
|    loss                 | 0.092       |
|    n_updates            | 2540        |
|    policy_gradient_loss | 0.00746     |
|    std                  | 0.247       |
|    value_loss           | 0.1         |
-----------------------------------------
---------------------------------------
| rollout/                |           |
|    ep_len_mean          | 82        |
|    ep_rew_mean          | 39.5      |
| time/                   |           |
|    fps                  | 47        |
|    iterations           | 256       |
|    time_elapsed         | 22242     |
|    total_timesteps      | 1048576   |
| train/                  |           |
|    approx_kl            | 0.0539556 |
|    clip_fraction        | 0.489     |
|    clip_range           | 0.2       |
|    entropy_loss         | 0.91      |
|    explained_variance   | 0.863     |
|    learning_rate        | 0.0003    |
|    loss                 | 0.0292    |
|    n_updates            | 2550      |
|    policy_gradient_loss | 0.00316   |
|    std                  | 0.247     |
|    value_loss           | 0.0835    |
---------------------------------------
----------------------------------------
| rollout/                |            |
|    ep_len_mean          | 82         |
|    ep_rew_mean          | 39.6       |
| time/                   |            |
|    fps                  | 47         |
|    iterations           | 257        |
|    time_elapsed         | 22330      |
|    total_timesteps      | 1052672    |
| train/                  |            |
|    approx_kl            | 0.05415328 |
|    clip_fraction        | 0.462      |
|    clip_range           | 0.2        |
|    entropy_loss         | 0.929      |
|    explained_variance   | 0.873      |
|    learning_rate        | 0.0003     |
|    loss                 | 0.0039     |
|    n_updates            | 2560       |
|    policy_gradient_loss | 0.00195    |
|    std                  | 0.246      |
|    value_loss           | 0.0817     |
----------------------------------------
----------------------------------------
| rollout/                |            |
|    ep_len_mean          | 82         |
|    ep_rew_mean          | 39.5       |
| time/                   |            |
|    fps                  | 47         |
|    iterations           | 258        |
|    time_elapsed         | 22418      |
|    total_timesteps      | 1056768    |
| train/                  |            |
|    approx_kl            | 0.05108612 |
|    clip_fraction        | 0.47       |
|    clip_range           | 0.2        |
|    entropy_loss         | 0.992      |
|    explained_variance   | 0.853      |
|    learning_rate        | 0.0003     |
|    loss                 | 0.061      |
|    n_updates            | 2570       |
|    policy_gradient_loss | 0.000738   |
|    std                  | 0.244      |
|    value_loss           | 0.0996     |
----------------------------------------
----------------------------------------
| rollout/                |            |
|    ep_len_mean          | 82         |
|    ep_rew_mean          | 39.7       |
| time/                   |            |
|    fps                  | 47         |
|    iterations           | 259        |
|    time_elapsed         | 22506      |
|    total_timesteps      | 1060864    |
| train/                  |            |
|    approx_kl            | 0.06948593 |
|    clip_fraction        | 0.477      |
|    clip_range           | 0.2        |
|    entropy_loss         | 1.07       |
|    explained_variance   | 0.864      |
|    learning_rate        | 0.0003     |
|    loss                 | 0.0502     |
|    n_updates            | 2580       |
|    policy_gradient_loss | 0.000984   |
|    std                  | 0.241      |
|    value_loss           | 0.0884     |
----------------------------------------
-----------------------------------------
| rollout/                |             |
|    ep_len_mean          | 82          |
|    ep_rew_mean          | 39.9        |
| time/                   |             |
|    fps                  | 47          |
|    iterations           | 260         |
|    time_elapsed         | 22593       |
|    total_timesteps      | 1064960     |
| train/                  |             |
|    approx_kl            | 0.058215674 |
|    clip_fraction        | 0.465       |
|    clip_range           | 0.2         |
|    entropy_loss         | 1.11        |
|    explained_variance   | 0.857       |
|    learning_rate        | 0.0003      |
|    loss                 | 0.0745      |
|    n_updates            | 2590        |
|    policy_gradient_loss | 0.00585     |
|    std                  | 0.242       |
|    value_loss           | 0.0893      |
-----------------------------------------
-----------------------------------------
| rollout/                |             |
|    ep_len_mean          | 82          |
|    ep_rew_mean          | 39.8        |
| time/                   |             |
|    fps                  | 47          |
|    iterations           | 261         |
|    time_elapsed         | 22680       |
|    total_timesteps      | 1069056     |
| train/                  |             |
|    approx_kl            | 0.051253155 |
|    clip_fraction        | 0.477       |
|    clip_range           | 0.2         |
|    entropy_loss         | 1.11        |
|    explained_variance   | 0.872       |
|    learning_rate        | 0.0003      |
|    loss                 | 0.0179      |
|    n_updates            | 2600        |
|    policy_gradient_loss | -0.00157    |
|    std                  | 0.241       |
|    value_loss           | 0.0802      |
-----------------------------------------
-----------------------------------------
| rollout/                |             |
|    ep_len_mean          | 82          |
|    ep_rew_mean          | 39.8        |
| time/                   |             |
|    fps                  | 47          |
|    iterations           | 262         |
|    time_elapsed         | 22766       |
|    total_timesteps      | 1073152     |
| train/                  |             |
|    approx_kl            | 0.051722556 |
|    clip_fraction        | 0.478       |
|    clip_range           | 0.2         |
|    entropy_loss         | 1.13        |
|    explained_variance   | 0.864       |
|    learning_rate        | 0.0003      |
|    loss                 | 0.0494      |
|    n_updates            | 2610        |
|    policy_gradient_loss | 0.00494     |
|    std                  | 0.241       |
|    value_loss           | 0.0924      |
-----------------------------------------
-----------------------------------------
| rollout/                |             |
|    ep_len_mean          | 82          |
|    ep_rew_mean          | 39.9        |
| time/                   |             |
|    fps                  | 47          |
|    iterations           | 263         |
|    time_elapsed         | 22854       |
|    total_timesteps      | 1077248     |
| train/                  |             |
|    approx_kl            | 0.057565704 |
|    clip_fraction        | 0.476       |
|    clip_range           | 0.2         |
|    entropy_loss         | 1.17        |
|    explained_variance   | 0.835       |
|    learning_rate        | 0.0003      |
|    loss                 | 0.0568      |
|    n_updates            | 2620        |
|    policy_gradient_loss | 0.00575     |
|    std                  | 0.24        |
|    value_loss           | 0.0947      |
-----------------------------------------
-----------------------------------------
| rollout/                |             |
|    ep_len_mean          | 82          |
|    ep_rew_mean          | 39.9        |
| time/                   |             |
|    fps                  | 47          |
|    iterations           | 264         |
|    time_elapsed         | 22943       |
|    total_timesteps      | 1081344     |
| train/                  |             |
|    approx_kl            | 0.061473183 |
|    clip_fraction        | 0.487       |
|    clip_range           | 0.2         |
|    entropy_loss         | 1.2         |
|    explained_variance   | 0.872       |
|    learning_rate        | 0.0003      |
|    loss                 | 0.0586      |
|    n_updates            | 2630        |
|    policy_gradient_loss | 0.005       |
|    std                  | 0.241       |
|    value_loss           | 0.0833      |
-----------------------------------------
-----------------------------------------
| rollout/                |             |
|    ep_len_mean          | 82          |
|    ep_rew_mean          | 40          |
| time/                   |             |
|    fps                  | 47          |
|    iterations           | 265         |
|    time_elapsed         | 23029       |
|    total_timesteps      | 1085440     |
| train/                  |             |
|    approx_kl            | 0.056920983 |
|    clip_fraction        | 0.463       |
|    clip_range           | 0.2         |
|    entropy_loss         | 1.22        |
|    explained_variance   | 0.868       |
|    learning_rate        | 0.0003      |
|    loss                 | 0.0799      |
|    n_updates            | 2640        |
|    policy_gradient_loss | 2.94e-05    |
|    std                  | 0.24        |
|    value_loss           | 0.0846      |
-----------------------------------------
----------------------------------------
| rollout/                |            |
|    ep_len_mean          | 82         |
|    ep_rew_mean          | 40         |
| time/                   |            |
|    fps                  | 47         |
|    iterations           | 266        |
|    time_elapsed         | 23116      |
|    total_timesteps      | 1089536    |
| train/                  |            |
|    approx_kl            | 0.05681526 |
|    clip_fraction        | 0.491      |
|    clip_range           | 0.2        |
|    entropy_loss         | 1.25       |
|    explained_variance   | 0.874      |
|    learning_rate        | 0.0003     |
|    loss                 | 0.0705     |
|    n_updates            | 2650       |
|    policy_gradient_loss | 0.00764    |
|    std                  | 0.24       |
|    value_loss           | 0.082      |
----------------------------------------
----------------------------------------
| rollout/                |            |
|    ep_len_mean          | 82         |
|    ep_rew_mean          | 40         |
| time/                   |            |
|    fps                  | 47         |
|    iterations           | 267        |
|    time_elapsed         | 23202      |
|    total_timesteps      | 1093632    |
| train/                  |            |
|    approx_kl            | 0.05954759 |
|    clip_fraction        | 0.479      |
|    clip_range           | 0.2        |
|    entropy_loss         | 1.29       |
|    explained_variance   | 0.868      |
|    learning_rate        | 0.0003     |
|    loss                 | 0.0224     |
|    n_updates            | 2660       |
|    policy_gradient_loss | 0.00369    |
|    std                  | 0.239      |
|    value_loss           | 0.0779     |
----------------------------------------
-----------------------------------------
| rollout/                |             |
|    ep_len_mean          | 82          |
|    ep_rew_mean          | 39.9        |
| time/                   |             |
|    fps                  | 47          |
|    iterations           | 268         |
|    time_elapsed         | 23288       |
|    total_timesteps      | 1097728     |
| train/                  |             |
|    approx_kl            | 0.051201962 |
|    clip_fraction        | 0.488       |
|    clip_range           | 0.2         |
|    entropy_loss         | 1.31        |
|    explained_variance   | 0.86        |
|    learning_rate        | 0.0003      |
|    loss                 | 0.0266      |
|    n_updates            | 2670        |
|    policy_gradient_loss | 0.00646     |
|    std                  | 0.238       |
|    value_loss           | 0.0935      |
-----------------------------------------
---------------------------------------
| rollout/                |           |
|    ep_len_mean          | 82        |
|    ep_rew_mean          | 40.2      |
| time/                   |           |
|    fps                  | 47        |
|    iterations           | 269       |
|    time_elapsed         | 23374     |
|    total_timesteps      | 1101824   |
| train/                  |           |
|    approx_kl            | 0.0636816 |
|    clip_fraction        | 0.467     |
|    clip_range           | 0.2       |
|    entropy_loss         | 1.36      |
|    explained_variance   | 0.873     |
|    learning_rate        | 0.0003    |
|    loss                 | 0.0655    |
|    n_updates            | 2680      |
|    policy_gradient_loss | 0.00729   |
|    std                  | 0.238     |
|    value_loss           | 0.0846    |
---------------------------------------
-----------------------------------------
| rollout/                |             |
|    ep_len_mean          | 82          |
|    ep_rew_mean          | 40.6        |
| time/                   |             |
|    fps                  | 47          |
|    iterations           | 270         |
|    time_elapsed         | 23462       |
|    total_timesteps      | 1105920     |
| train/                  |             |
|    approx_kl            | 0.052391455 |
|    clip_fraction        | 0.471       |
|    clip_range           | 0.2         |
|    entropy_loss         | 1.38        |
|    explained_variance   | 0.887       |
|    learning_rate        | 0.0003      |
|    loss                 | 0.0359      |
|    n_updates            | 2690        |
|    policy_gradient_loss | 0.00622     |
|    std                  | 0.238       |
|    value_loss           | 0.0715      |
-----------------------------------------
-----------------------------------------
| rollout/                |             |
|    ep_len_mean          | 82          |
|    ep_rew_mean          | 40.4        |
| time/                   |             |
|    fps                  | 47          |
|    iterations           | 271         |
|    time_elapsed         | 23550       |
|    total_timesteps      | 1110016     |
| train/                  |             |
|    approx_kl            | 0.052197393 |
|    clip_fraction        | 0.48        |
|    clip_range           | 0.2         |
|    entropy_loss         | 1.39        |
|    explained_variance   | 0.878       |
|    learning_rate        | 0.0003      |
|    loss                 | 0.0748      |
|    n_updates            | 2700        |
|    policy_gradient_loss | 0.00756     |
|    std                  | 0.238       |
|    value_loss           | 0.0754      |
-----------------------------------------
-----------------------------------------
| rollout/                |             |
|    ep_len_mean          | 82          |
|    ep_rew_mean          | 40.4        |
| time/                   |             |
|    fps                  | 47          |
|    iterations           | 272         |
|    time_elapsed         | 23637       |
|    total_timesteps      | 1114112     |
| train/                  |             |
|    approx_kl            | 0.055753846 |
|    clip_fraction        | 0.496       |
|    clip_range           | 0.2         |
|    entropy_loss         | 1.41        |
|    explained_variance   | 0.89        |
|    learning_rate        | 0.0003      |
|    loss                 | 0.0417      |
|    n_updates            | 2710        |
|    policy_gradient_loss | -0.00029    |
|    std                  | 0.237       |
|    value_loss           | 0.0708      |
-----------------------------------------
-----------------------------------------
| rollout/                |             |
|    ep_len_mean          | 82          |
|    ep_rew_mean          | 40.5        |
| time/                   |             |
|    fps                  | 47          |
|    iterations           | 273         |
|    time_elapsed         | 23722       |
|    total_timesteps      | 1118208     |
| train/                  |             |
|    approx_kl            | 0.058324814 |
|    clip_fraction        | 0.503       |
|    clip_range           | 0.2         |
|    entropy_loss         | 1.42        |
|    explained_variance   | 0.895       |
|    learning_rate        | 0.0003      |
|    loss                 | 0.0432      |
|    n_updates            | 2720        |
|    policy_gradient_loss | 0.00918     |
|    std                  | 0.238       |
|    value_loss           | 0.0687      |
-----------------------------------------
-----------------------------------------
| rollout/                |             |
|    ep_len_mean          | 82          |
|    ep_rew_mean          | 40.5        |
| time/                   |             |
|    fps                  | 47          |
|    iterations           | 274         |
|    time_elapsed         | 23809       |
|    total_timesteps      | 1122304     |
| train/                  |             |
|    approx_kl            | 0.068704106 |
|    clip_fraction        | 0.484       |
|    clip_range           | 0.2         |
|    entropy_loss         | 1.44        |
|    explained_variance   | 0.888       |
|    learning_rate        | 0.0003      |
|    loss                 | 0.0201      |
|    n_updates            | 2730        |
|    policy_gradient_loss | 0.00422     |
|    std                  | 0.236       |
|    value_loss           | 0.0746      |
-----------------------------------------
----------------------------------------
| rollout/                |            |
|    ep_len_mean          | 82         |
|    ep_rew_mean          | 40.7       |
| time/                   |            |
|    fps                  | 47         |
|    iterations           | 275        |
|    time_elapsed         | 23894      |
|    total_timesteps      | 1126400    |
| train/                  |            |
|    approx_kl            | 0.06407415 |
|    clip_fraction        | 0.488      |
|    clip_range           | 0.2        |
|    entropy_loss         | 1.46       |
|    explained_variance   | 0.864      |
|    learning_rate        | 0.0003     |
|    loss                 | 0.064      |
|    n_updates            | 2740       |
|    policy_gradient_loss | 0.00651    |
|    std                  | 0.236      |
|    value_loss           | 0.0859     |
----------------------------------------
----------------------------------------
| rollout/                |            |
|    ep_len_mean          | 82         |
|    ep_rew_mean          | 40.6       |
| time/                   |            |
|    fps                  | 47         |
|    iterations           | 276        |
|    time_elapsed         | 23980      |
|    total_timesteps      | 1130496    |
| train/                  |            |
|    approx_kl            | 0.06704372 |
|    clip_fraction        | 0.513      |
|    clip_range           | 0.2        |
|    entropy_loss         | 1.5        |
|    explained_variance   | 0.877      |
|    learning_rate        | 0.0003     |
|    loss                 | 0.0536     |
|    n_updates            | 2750       |
|    policy_gradient_loss | 0.00575    |
|    std                  | 0.236      |
|    value_loss           | 0.0827     |
----------------------------------------
-----------------------------------------
| rollout/                |             |
|    ep_len_mean          | 82          |
|    ep_rew_mean          | 40.5        |
| time/                   |             |
|    fps                  | 47          |
|    iterations           | 277         |
|    time_elapsed         | 24066       |
|    total_timesteps      | 1134592     |
| train/                  |             |
|    approx_kl            | 0.053663425 |
|    clip_fraction        | 0.501       |
|    clip_range           | 0.2         |
|    entropy_loss         | 1.51        |
|    explained_variance   | 0.875       |
|    learning_rate        | 0.0003      |
|    loss                 | 0.0799      |
|    n_updates            | 2760        |
|    policy_gradient_loss | 0.00972     |
|    std                  | 0.236       |
|    value_loss           | 0.0839      |
-----------------------------------------
-----------------------------------------
| rollout/                |             |
|    ep_len_mean          | 82          |
|    ep_rew_mean          | 40.6        |
| time/                   |             |
|    fps                  | 47          |
|    iterations           | 278         |
|    time_elapsed         | 24151       |
|    total_timesteps      | 1138688     |
| train/                  |             |
|    approx_kl            | 0.057927087 |
|    clip_fraction        | 0.487       |
|    clip_range           | 0.2         |
|    entropy_loss         | 1.52        |
|    explained_variance   | 0.881       |
|    learning_rate        | 0.0003      |
|    loss                 | 0.0563      |
|    n_updates            | 2770        |
|    policy_gradient_loss | 0.00562     |
|    std                  | 0.235       |
|    value_loss           | 0.0868      |
-----------------------------------------
-----------------------------------------
| rollout/                |             |
|    ep_len_mean          | 82          |
|    ep_rew_mean          | 40.7        |
| time/                   |             |
|    fps                  | 47          |
|    iterations           | 279         |
|    time_elapsed         | 24238       |
|    total_timesteps      | 1142784     |
| train/                  |             |
|    approx_kl            | 0.057202257 |
|    clip_fraction        | 0.492       |
|    clip_range           | 0.2         |
|    entropy_loss         | 1.51        |
|    explained_variance   | 0.861       |
|    learning_rate        | 0.0003      |
|    loss                 | 0.0632      |
|    n_updates            | 2780        |
|    policy_gradient_loss | 0.00787     |
|    std                  | 0.236       |
|    value_loss           | 0.0875      |
-----------------------------------------
----------------------------------------
| rollout/                |            |
|    ep_len_mean          | 82         |
|    ep_rew_mean          | 40.6       |
| time/                   |            |
|    fps                  | 47         |
|    iterations           | 280        |
|    time_elapsed         | 24325      |
|    total_timesteps      | 1146880    |
| train/                  |            |
|    approx_kl            | 0.06374413 |
|    clip_fraction        | 0.509      |
|    clip_range           | 0.2        |
|    entropy_loss         | 1.53       |
|    explained_variance   | 0.884      |
|    learning_rate        | 0.0003     |
|    loss                 | 0.0508     |
|    n_updates            | 2790       |
|    policy_gradient_loss | -0.000478  |
|    std                  | 0.235      |
|    value_loss           | 0.079      |
----------------------------------------
-----------------------------------------
| rollout/                |             |
|    ep_len_mean          | 82          |
|    ep_rew_mean          | 40.7        |
| time/                   |             |
|    fps                  | 47          |
|    iterations           | 281         |
|    time_elapsed         | 24412       |
|    total_timesteps      | 1150976     |
| train/                  |             |
|    approx_kl            | 0.056531508 |
|    clip_fraction        | 0.498       |
|    clip_range           | 0.2         |
|    entropy_loss         | 1.56        |
|    explained_variance   | 0.849       |
|    learning_rate        | 0.0003      |
|    loss                 | 0.0484      |
|    n_updates            | 2800        |
|    policy_gradient_loss | 0.00324     |
|    std                  | 0.235       |
|    value_loss           | 0.0945      |
-----------------------------------------
----------------------------------------
| rollout/                |            |
|    ep_len_mean          | 82         |
|    ep_rew_mean          | 40.6       |
| time/                   |            |
|    fps                  | 47         |
|    iterations           | 282        |
|    time_elapsed         | 24500      |
|    total_timesteps      | 1155072    |
| train/                  |            |
|    approx_kl            | 0.07699918 |
|    clip_fraction        | 0.492      |
|    clip_range           | 0.2        |
|    entropy_loss         | 1.59       |
|    explained_variance   | 0.868      |
|    learning_rate        | 0.0003     |
|    loss                 | 0.0735     |
|    n_updates            | 2810       |
|    policy_gradient_loss | 0.00209    |
|    std                  | 0.234      |
|    value_loss           | 0.0914     |
----------------------------------------
-----------------------------------------
| rollout/                |             |
|    ep_len_mean          | 82          |
|    ep_rew_mean          | 40.6        |
| time/                   |             |
|    fps                  | 47          |
|    iterations           | 283         |
|    time_elapsed         | 24586       |
|    total_timesteps      | 1159168     |
| train/                  |             |
|    approx_kl            | 0.054957174 |
|    clip_fraction        | 0.502       |
|    clip_range           | 0.2         |
|    entropy_loss         | 1.62        |
|    explained_variance   | 0.861       |
|    learning_rate        | 0.0003      |
|    loss                 | 0.0467      |
|    n_updates            | 2820        |
|    policy_gradient_loss | 0.00607     |
|    std                  | 0.233       |
|    value_loss           | 0.0927      |
-----------------------------------------
-----------------------------------------
| rollout/                |             |
|    ep_len_mean          | 82          |
|    ep_rew_mean          | 40.7        |
| time/                   |             |
|    fps                  | 47          |
|    iterations           | 284         |
|    time_elapsed         | 24672       |
|    total_timesteps      | 1163264     |
| train/                  |             |
|    approx_kl            | 0.061087813 |
|    clip_fraction        | 0.507       |
|    clip_range           | 0.2         |
|    entropy_loss         | 1.65        |
|    explained_variance   | 0.885       |
|    learning_rate        | 0.0003      |
|    loss                 | 0.0402      |
|    n_updates            | 2830        |
|    policy_gradient_loss | 0.0101      |
|    std                  | 0.232       |
|    value_loss           | 0.0798      |
-----------------------------------------
-----------------------------------------
| rollout/                |             |
|    ep_len_mean          | 82          |
|    ep_rew_mean          | 40.8        |
| time/                   |             |
|    fps                  | 47          |
|    iterations           | 285         |
|    time_elapsed         | 24758       |
|    total_timesteps      | 1167360     |
| train/                  |             |
|    approx_kl            | 0.056901064 |
|    clip_fraction        | 0.484       |
|    clip_range           | 0.2         |
|    entropy_loss         | 1.67        |
|    explained_variance   | 0.851       |
|    learning_rate        | 0.0003      |
|    loss                 | 0.055       |
|    n_updates            | 2840        |
|    policy_gradient_loss | 0.00845     |
|    std                  | 0.232       |
|    value_loss           | 0.0949      |
-----------------------------------------
-----------------------------------------
| rollout/                |             |
|    ep_len_mean          | 82          |
|    ep_rew_mean          | 40.9        |
| time/                   |             |
|    fps                  | 47          |
|    iterations           | 286         |
|    time_elapsed         | 24844       |
|    total_timesteps      | 1171456     |
| train/                  |             |
|    approx_kl            | 0.057713874 |
|    clip_fraction        | 0.48        |
|    clip_range           | 0.2         |
|    entropy_loss         | 1.7         |
|    explained_variance   | 0.895       |
|    learning_rate        | 0.0003      |
|    loss                 | 0.0824      |
|    n_updates            | 2850        |
|    policy_gradient_loss | 0.00884     |
|    std                  | 0.232       |
|    value_loss           | 0.0711      |
-----------------------------------------
-----------------------------------------
| rollout/                |             |
|    ep_len_mean          | 82          |
|    ep_rew_mean          | 41          |
| time/                   |             |
|    fps                  | 47          |
|    iterations           | 287         |
|    time_elapsed         | 24932       |
|    total_timesteps      | 1175552     |
| train/                  |             |
|    approx_kl            | 0.057548217 |
|    clip_fraction        | 0.493       |
|    clip_range           | 0.2         |
|    entropy_loss         | 1.71        |
|    explained_variance   | 0.884       |
|    learning_rate        | 0.0003      |
|    loss                 | 0.0896      |
|    n_updates            | 2860        |
|    policy_gradient_loss | 0.00771     |
|    std                  | 0.232       |
|    value_loss           | 0.0772      |
-----------------------------------------
----------------------------------------
| rollout/                |            |
|    ep_len_mean          | 82         |
|    ep_rew_mean          | 41.1       |
| time/                   |            |
|    fps                  | 47         |
|    iterations           | 288        |
|    time_elapsed         | 25021      |
|    total_timesteps      | 1179648    |
| train/                  |            |
|    approx_kl            | 0.05881403 |
|    clip_fraction        | 0.491      |
|    clip_range           | 0.2        |
|    entropy_loss         | 1.74       |
|    explained_variance   | 0.868      |
|    learning_rate        | 0.0003     |
|    loss                 | 0.079      |
|    n_updates            | 2870       |
|    policy_gradient_loss | 0.00377    |
|    std                  | 0.231      |
|    value_loss           | 0.0809     |
----------------------------------------
----------------------------------------
| rollout/                |            |
|    ep_len_mean          | 82         |
|    ep_rew_mean          | 41.1       |
| time/                   |            |
|    fps                  | 47         |
|    iterations           | 289        |
|    time_elapsed         | 25109      |
|    total_timesteps      | 1183744    |
| train/                  |            |
|    approx_kl            | 0.05841815 |
|    clip_fraction        | 0.499      |
|    clip_range           | 0.2        |
|    entropy_loss         | 1.77       |
|    explained_variance   | 0.888      |
|    learning_rate        | 0.0003     |
|    loss                 | 0.062      |
|    n_updates            | 2880       |
|    policy_gradient_loss | 0.0126     |
|    std                  | 0.23       |
|    value_loss           | 0.0757     |
----------------------------------------
-----------------------------------------
| rollout/                |             |
|    ep_len_mean          | 82          |
|    ep_rew_mean          | 41.1        |
| time/                   |             |
|    fps                  | 47          |
|    iterations           | 290         |
|    time_elapsed         | 25197       |
|    total_timesteps      | 1187840     |
| train/                  |             |
|    approx_kl            | 0.055306293 |
|    clip_fraction        | 0.488       |
|    clip_range           | 0.2         |
|    entropy_loss         | 1.8         |
|    explained_variance   | 0.868       |
|    learning_rate        | 0.0003      |
|    loss                 | 0.0571      |
|    n_updates            | 2890        |
|    policy_gradient_loss | 0.00426     |
|    std                  | 0.23        |
|    value_loss           | 0.0906      |
-----------------------------------------
---------------------------------------
| rollout/                |           |
|    ep_len_mean          | 82        |
|    ep_rew_mean          | 41.1      |
| time/                   |           |
|    fps                  | 47        |
|    iterations           | 291       |
|    time_elapsed         | 25284     |
|    total_timesteps      | 1191936   |
| train/                  |           |
|    approx_kl            | 0.0754157 |
|    clip_fraction        | 0.504     |
|    clip_range           | 0.2       |
|    entropy_loss         | 1.83      |
|    explained_variance   | 0.885     |
|    learning_rate        | 0.0003    |
|    loss                 | 0.0388    |
|    n_updates            | 2900      |
|    policy_gradient_loss | 0.00991   |
|    std                  | 0.23      |
|    value_loss           | 0.0816    |
---------------------------------------
-----------------------------------------
| rollout/                |             |
|    ep_len_mean          | 82          |
|    ep_rew_mean          | 41.2        |
| time/                   |             |
|    fps                  | 47          |
|    iterations           | 292         |
|    time_elapsed         | 25370       |
|    total_timesteps      | 1196032     |
| train/                  |             |
|    approx_kl            | 0.053753763 |
|    clip_fraction        | 0.5         |
|    clip_range           | 0.2         |
|    entropy_loss         | 1.87        |
|    explained_variance   | 0.859       |
|    learning_rate        | 0.0003      |
|    loss                 | 0.0271      |
|    n_updates            | 2910        |
|    policy_gradient_loss | 0.00611     |
|    std                  | 0.229       |
|    value_loss           | 0.102       |
-----------------------------------------
-----------------------------------------
| rollout/                |             |
|    ep_len_mean          | 82          |
|    ep_rew_mean          | 41.3        |
| time/                   |             |
|    fps                  | 47          |
|    iterations           | 293         |
|    time_elapsed         | 25456       |
|    total_timesteps      | 1200128     |
| train/                  |             |
|    approx_kl            | 0.058785297 |
|    clip_fraction        | 0.507       |
|    clip_range           | 0.2         |
|    entropy_loss         | 1.88        |
|    explained_variance   | 0.894       |
|    learning_rate        | 0.0003      |
|    loss                 | 0.0593      |
|    n_updates            | 2920        |
|    policy_gradient_loss | 0.00714     |
|    std                  | 0.23        |
|    value_loss           | 0.0756      |
-----------------------------------------
----------------------------------------
| rollout/                |            |
|    ep_len_mean          | 82         |
|    ep_rew_mean          | 41.5       |
| time/                   |            |
|    fps                  | 47         |
|    iterations           | 294        |
|    time_elapsed         | 25542      |
|    total_timesteps      | 1204224    |
| train/                  |            |
|    approx_kl            | 0.06310938 |
|    clip_fraction        | 0.5        |
|    clip_range           | 0.2        |
|    entropy_loss         | 1.87       |
|    explained_variance   | 0.86       |
|    learning_rate        | 0.0003     |
|    loss                 | 0.0725     |
|    n_updates            | 2930       |
|    policy_gradient_loss | 0.0078     |
|    std                  | 0.231      |
|    value_loss           | 0.0927     |
----------------------------------------
-----------------------------------------
| rollout/                |             |
|    ep_len_mean          | 82          |
|    ep_rew_mean          | 41.5        |
| time/                   |             |
|    fps                  | 47          |
|    iterations           | 295         |
|    time_elapsed         | 25629       |
|    total_timesteps      | 1208320     |
| train/                  |             |
|    approx_kl            | 0.072856516 |
|    clip_fraction        | 0.497       |
|    clip_range           | 0.2         |
|    entropy_loss         | 1.89        |
|    explained_variance   | 0.882       |
|    learning_rate        | 0.0003      |
|    loss                 | 0.0665      |
|    n_updates            | 2940        |
|    policy_gradient_loss | 0.00632     |
|    std                  | 0.23        |
|    value_loss           | 0.0798      |
-----------------------------------------
-----------------------------------------
| rollout/                |             |
|    ep_len_mean          | 82          |
|    ep_rew_mean          | 41.4        |
| time/                   |             |
|    fps                  | 47          |
|    iterations           | 296         |
|    time_elapsed         | 25717       |
|    total_timesteps      | 1212416     |
| train/                  |             |
|    approx_kl            | 0.051809967 |
|    clip_fraction        | 0.474       |
|    clip_range           | 0.2         |
|    entropy_loss         | 1.93        |
|    explained_variance   | 0.863       |
|    learning_rate        | 0.0003      |
|    loss                 | 0.0676      |
|    n_updates            | 2950        |
|    policy_gradient_loss | 0.00376     |
|    std                  | 0.229       |
|    value_loss           | 0.0888      |
-----------------------------------------
-----------------------------------------
| rollout/                |             |
|    ep_len_mean          | 82          |
|    ep_rew_mean          | 41.7        |
| time/                   |             |
|    fps                  | 47          |
|    iterations           | 297         |
|    time_elapsed         | 25804       |
|    total_timesteps      | 1216512     |
| train/                  |             |
|    approx_kl            | 0.052622914 |
|    clip_fraction        | 0.485       |
|    clip_range           | 0.2         |
|    entropy_loss         | 1.96        |
|    explained_variance   | 0.881       |
|    learning_rate        | 0.0003      |
|    loss                 | 0.0487      |
|    n_updates            | 2960        |
|    policy_gradient_loss | 0.00758     |
|    std                  | 0.229       |
|    value_loss           | 0.0866      |
-----------------------------------------
----------------------------------------
| rollout/                |            |
|    ep_len_mean          | 82         |
|    ep_rew_mean          | 41.9       |
| time/                   |            |
|    fps                  | 47         |
|    iterations           | 298        |
|    time_elapsed         | 25891      |
|    total_timesteps      | 1220608    |
| train/                  |            |
|    approx_kl            | 0.06257437 |
|    clip_fraction        | 0.496      |
|    clip_range           | 0.2        |
|    entropy_loss         | 2.01       |
|    explained_variance   | 0.896      |
|    learning_rate        | 0.0003     |
|    loss                 | 0.0693     |
|    n_updates            | 2970       |
|    policy_gradient_loss | 0.00186    |
|    std                  | 0.227      |
|    value_loss           | 0.0649     |
----------------------------------------
----------------------------------------
| rollout/                |            |
|    ep_len_mean          | 82         |
|    ep_rew_mean          | 41.8       |
| time/                   |            |
|    fps                  | 47         |
|    iterations           | 299        |
|    time_elapsed         | 25978      |
|    total_timesteps      | 1224704    |
| train/                  |            |
|    approx_kl            | 0.06254083 |
|    clip_fraction        | 0.498      |
|    clip_range           | 0.2        |
|    entropy_loss         | 2.04       |
|    explained_variance   | 0.893      |
|    learning_rate        | 0.0003     |
|    loss                 | 0.0437     |
|    n_updates            | 2980       |
|    policy_gradient_loss | 0.00433    |
|    std                  | 0.227      |
|    value_loss           | 0.0764     |
----------------------------------------
----------------------------------------
| rollout/                |            |
|    ep_len_mean          | 82         |
|    ep_rew_mean          | 42         |
| time/                   |            |
|    fps                  | 47         |
|    iterations           | 300        |
|    time_elapsed         | 26064      |
|    total_timesteps      | 1228800    |
| train/                  |            |
|    approx_kl            | 0.06456874 |
|    clip_fraction        | 0.497      |
|    clip_range           | 0.2        |
|    entropy_loss         | 2.05       |
|    explained_variance   | 0.888      |
|    learning_rate        | 0.0003     |
|    loss                 | 0.0596     |
|    n_updates            | 2990       |
|    policy_gradient_loss | 0.007      |
|    std                  | 0.227      |
|    value_loss           | 0.0722     |
----------------------------------------
-----------------------------------------
| rollout/                |             |
|    ep_len_mean          | 82          |
|    ep_rew_mean          | 42.1        |
| time/                   |             |
|    fps                  | 47          |
|    iterations           | 301         |
|    time_elapsed         | 26150       |
|    total_timesteps      | 1232896     |
| train/                  |             |
|    approx_kl            | 0.064589545 |
|    clip_fraction        | 0.497       |
|    clip_range           | 0.2         |
|    entropy_loss         | 2.07        |
|    explained_variance   | 0.896       |
|    learning_rate        | 0.0003      |
|    loss                 | 0.0896      |
|    n_updates            | 3000        |
|    policy_gradient_loss | 0.0127      |
|    std                  | 0.227       |
|    value_loss           | 0.0743      |
-----------------------------------------
-----------------------------------------
| rollout/                |             |
|    ep_len_mean          | 82          |
|    ep_rew_mean          | 42.2        |
| time/                   |             |
|    fps                  | 47          |
|    iterations           | 302         |
|    time_elapsed         | 26235       |
|    total_timesteps      | 1236992     |
| train/                  |             |
|    approx_kl            | 0.065947555 |
|    clip_fraction        | 0.513       |
|    clip_range           | 0.2         |
|    entropy_loss         | 2.09        |
|    explained_variance   | 0.878       |
|    learning_rate        | 0.0003      |
|    loss                 | 0.0372      |
|    n_updates            | 3010        |
|    policy_gradient_loss | 0.00875     |
|    std                  | 0.227       |
|    value_loss           | 0.0794      |
-----------------------------------------
-----------------------------------------
| rollout/                |             |
|    ep_len_mean          | 82          |
|    ep_rew_mean          | 42.3        |
| time/                   |             |
|    fps                  | 47          |
|    iterations           | 303         |
|    time_elapsed         | 26322       |
|    total_timesteps      | 1241088     |
| train/                  |             |
|    approx_kl            | 0.055101007 |
|    clip_fraction        | 0.507       |
|    clip_range           | 0.2         |
|    entropy_loss         | 2.1         |
|    explained_variance   | 0.908       |
|    learning_rate        | 0.0003      |
|    loss                 | 0.0509      |
|    n_updates            | 3020        |
|    policy_gradient_loss | 0.00819     |
|    std                  | 0.227       |
|    value_loss           | 0.0636      |
-----------------------------------------
----------------------------------------
| rollout/                |            |
|    ep_len_mean          | 82         |
|    ep_rew_mean          | 42.2       |
| time/                   |            |
|    fps                  | 47         |
|    iterations           | 304        |
|    time_elapsed         | 26407      |
|    total_timesteps      | 1245184    |
| train/                  |            |
|    approx_kl            | 0.07788545 |
|    clip_fraction        | 0.501      |
|    clip_range           | 0.2        |
|    entropy_loss         | 2.11       |
|    explained_variance   | 0.901      |
|    learning_rate        | 0.0003     |
|    loss                 | 0.0388     |
|    n_updates            | 3030       |
|    policy_gradient_loss | 0.00928    |
|    std                  | 0.227      |
|    value_loss           | 0.0662     |
----------------------------------------
-----------------------------------------
| rollout/                |             |
|    ep_len_mean          | 82          |
|    ep_rew_mean          | 42.2        |
| time/                   |             |
|    fps                  | 47          |
|    iterations           | 305         |
|    time_elapsed         | 26492       |
|    total_timesteps      | 1249280     |
| train/                  |             |
|    approx_kl            | 0.054564506 |
|    clip_fraction        | 0.509       |
|    clip_range           | 0.2         |
|    entropy_loss         | 2.13        |
|    explained_variance   | 0.903       |
|    learning_rate        | 0.0003      |
|    loss                 | 0.0484      |
|    n_updates            | 3040        |
|    policy_gradient_loss | 0.00515     |
|    std                  | 0.226       |
|    value_loss           | 0.0706      |
-----------------------------------------
----------------------------------------
| rollout/                |            |
|    ep_len_mean          | 82         |
|    ep_rew_mean          | 42.4       |
| time/                   |            |
|    fps                  | 47         |
|    iterations           | 306        |
|    time_elapsed         | 26577      |
|    total_timesteps      | 1253376    |
| train/                  |            |
|    approx_kl            | 0.06405571 |
|    clip_fraction        | 0.505      |
|    clip_range           | 0.2        |
|    entropy_loss         | 2.2        |
|    explained_variance   | 0.864      |
|    learning_rate        | 0.0003     |
|    loss                 | 0.0823     |
|    n_updates            | 3050       |
|    policy_gradient_loss | 0.0101     |
|    std                  | 0.225      |
|    value_loss           | 0.0917     |
----------------------------------------
-----------------------------------------
| rollout/                |             |
|    ep_len_mean          | 82          |
|    ep_rew_mean          | 42.5        |
| time/                   |             |
|    fps                  | 47          |
|    iterations           | 307         |
|    time_elapsed         | 26664       |
|    total_timesteps      | 1257472     |
| train/                  |             |
|    approx_kl            | 0.073397726 |
|    clip_fraction        | 0.533       |
|    clip_range           | 0.2         |
|    entropy_loss         | 2.26        |
|    explained_variance   | 0.905       |
|    learning_rate        | 0.0003      |
|    loss                 | 0.0437      |
|    n_updates            | 3060        |
|    policy_gradient_loss | 0.00793     |
|    std                  | 0.224       |
|    value_loss           | 0.0668      |
-----------------------------------------
-----------------------------------------
| rollout/                |             |
|    ep_len_mean          | 82          |
|    ep_rew_mean          | 42.4        |
| time/                   |             |
|    fps                  | 47          |
|    iterations           | 308         |
|    time_elapsed         | 26753       |
|    total_timesteps      | 1261568     |
| train/                  |             |
|    approx_kl            | 0.053828273 |
|    clip_fraction        | 0.497       |
|    clip_range           | 0.2         |
|    entropy_loss         | 2.28        |
|    explained_variance   | 0.899       |
|    learning_rate        | 0.0003      |
|    loss                 | 0.115       |
|    n_updates            | 3070        |
|    policy_gradient_loss | 0.0124      |
|    std                  | 0.224       |
|    value_loss           | 0.0708      |
-----------------------------------------
----------------------------------------
| rollout/                |            |
|    ep_len_mean          | 82         |
|    ep_rew_mean          | 42.3       |
| time/                   |            |
|    fps                  | 47         |
|    iterations           | 309        |
|    time_elapsed         | 26840      |
|    total_timesteps      | 1265664    |
| train/                  |            |
|    approx_kl            | 0.06815708 |
|    clip_fraction        | 0.513      |
|    clip_range           | 0.2        |
|    entropy_loss         | 2.3        |
|    explained_variance   | 0.905      |
|    learning_rate        | 0.0003     |
|    loss                 | 0.0831     |
|    n_updates            | 3080       |
|    policy_gradient_loss | 0.00812    |
|    std                  | 0.224      |
|    value_loss           | 0.073      |
----------------------------------------
----------------------------------------
| rollout/                |            |
|    ep_len_mean          | 82         |
|    ep_rew_mean          | 42.4       |
| time/                   |            |
|    fps                  | 47         |
|    iterations           | 310        |
|    time_elapsed         | 26926      |
|    total_timesteps      | 1269760    |
| train/                  |            |
|    approx_kl            | 0.06152049 |
|    clip_fraction        | 0.49       |
|    clip_range           | 0.2        |
|    entropy_loss         | 2.33       |
|    explained_variance   | 0.902      |
|    learning_rate        | 0.0003     |
|    loss                 | 0.0289     |
|    n_updates            | 3090       |
|    policy_gradient_loss | 0.00363    |
|    std                  | 0.223      |
|    value_loss           | 0.0675     |
----------------------------------------
----------------------------------------
| rollout/                |            |
|    ep_len_mean          | 82         |
|    ep_rew_mean          | 42.7       |
| time/                   |            |
|    fps                  | 47         |
|    iterations           | 311        |
|    time_elapsed         | 27014      |
|    total_timesteps      | 1273856    |
| train/                  |            |
|    approx_kl            | 0.06264046 |
|    clip_fraction        | 0.516      |
|    clip_range           | 0.2        |
|    entropy_loss         | 2.37       |
|    explained_variance   | 0.917      |
|    learning_rate        | 0.0003     |
|    loss                 | 0.076      |
|    n_updates            | 3100       |
|    policy_gradient_loss | 0.00969    |
|    std                  | 0.223      |
|    value_loss           | 0.0592     |
----------------------------------------
-----------------------------------------
| rollout/                |             |
|    ep_len_mean          | 82          |
|    ep_rew_mean          | 42.8        |
| time/                   |             |
|    fps                  | 47          |
|    iterations           | 312         |
|    time_elapsed         | 27100       |
|    total_timesteps      | 1277952     |
| train/                  |             |
|    approx_kl            | 0.059900746 |
|    clip_fraction        | 0.514       |
|    clip_range           | 0.2         |
|    entropy_loss         | 2.38        |
|    explained_variance   | 0.894       |
|    learning_rate        | 0.0003      |
|    loss                 | 0.0321      |
|    n_updates            | 3110        |
|    policy_gradient_loss | 0.0132      |
|    std                  | 0.223       |
|    value_loss           | 0.0726      |
-----------------------------------------
-----------------------------------------
| rollout/                |             |
|    ep_len_mean          | 82          |
|    ep_rew_mean          | 42.8        |
| time/                   |             |
|    fps                  | 47          |
|    iterations           | 313         |
|    time_elapsed         | 27186       |
|    total_timesteps      | 1282048     |
| train/                  |             |
|    approx_kl            | 0.075217895 |
|    clip_fraction        | 0.531       |
|    clip_range           | 0.2         |
|    entropy_loss         | 2.38        |
|    explained_variance   | 0.906       |
|    learning_rate        | 0.0003      |
|    loss                 | 0.0514      |
|    n_updates            | 3120        |
|    policy_gradient_loss | 0.0113      |
|    std                  | 0.223       |
|    value_loss           | 0.0656      |
-----------------------------------------
-----------------------------------------
| rollout/                |             |
|    ep_len_mean          | 82          |
|    ep_rew_mean          | 42.8        |
| time/                   |             |
|    fps                  | 47          |
|    iterations           | 314         |
|    time_elapsed         | 27271       |
|    total_timesteps      | 1286144     |
| train/                  |             |
|    approx_kl            | 0.066377245 |
|    clip_fraction        | 0.526       |
|    clip_range           | 0.2         |
|    entropy_loss         | 2.41        |
|    explained_variance   | 0.903       |
|    learning_rate        | 0.0003      |
|    loss                 | 0.0785      |
|    n_updates            | 3130        |
|    policy_gradient_loss | 0.00928     |
|    std                  | 0.222       |
|    value_loss           | 0.0648      |
-----------------------------------------
-----------------------------------------
| rollout/                |             |
|    ep_len_mean          | 82          |
|    ep_rew_mean          | 42.8        |
| time/                   |             |
|    fps                  | 47          |
|    iterations           | 315         |
|    time_elapsed         | 27360       |
|    total_timesteps      | 1290240     |
| train/                  |             |
|    approx_kl            | 0.064704694 |
|    clip_fraction        | 0.542       |
|    clip_range           | 0.2         |
|    entropy_loss         | 2.43        |
|    explained_variance   | 0.904       |
|    learning_rate        | 0.0003      |
|    loss                 | 0.044       |
|    n_updates            | 3140        |
|    policy_gradient_loss | 0.012       |
|    std                  | 0.222       |
|    value_loss           | 0.0704      |
-----------------------------------------
---------------------------------------
| rollout/                |           |
|    ep_len_mean          | 82        |
|    ep_rew_mean          | 42.7      |
| time/                   |           |
|    fps                  | 47        |
|    iterations           | 316       |
|    time_elapsed         | 27448     |
|    total_timesteps      | 1294336   |
| train/                  |           |
|    approx_kl            | 0.0739083 |
|    clip_fraction        | 0.529     |
|    clip_range           | 0.2       |
|    entropy_loss         | 2.42      |
|    explained_variance   | 0.906     |
|    learning_rate        | 0.0003    |
|    loss                 | 0.0465    |
|    n_updates            | 3150      |
|    policy_gradient_loss | 0.00964   |
|    std                  | 0.222     |
|    value_loss           | 0.0662    |
---------------------------------------
----------------------------------------
| rollout/                |            |
|    ep_len_mean          | 82         |
|    ep_rew_mean          | 42.5       |
| time/                   |            |
|    fps                  | 47         |
|    iterations           | 317        |
|    time_elapsed         | 27537      |
|    total_timesteps      | 1298432    |
| train/                  |            |
|    approx_kl            | 0.06948084 |
|    clip_fraction        | 0.545      |
|    clip_range           | 0.2        |
|    entropy_loss         | 2.43       |
|    explained_variance   | 0.864      |
|    learning_rate        | 0.0003     |
|    loss                 | 0.0594     |
|    n_updates            | 3160       |
|    policy_gradient_loss | 0.0127     |
|    std                  | 0.223      |
|    value_loss           | 0.108      |
----------------------------------------
----------------------------------------
| rollout/                |            |
|    ep_len_mean          | 82         |
|    ep_rew_mean          | 42.8       |
| time/                   |            |
|    fps                  | 47         |
|    iterations           | 318        |
|    time_elapsed         | 27624      |
|    total_timesteps      | 1302528    |
| train/                  |            |
|    approx_kl            | 0.06650834 |
|    clip_fraction        | 0.511      |
|    clip_range           | 0.2        |
|    entropy_loss         | 2.45       |
|    explained_variance   | 0.895      |
|    learning_rate        | 0.0003     |
|    loss                 | 0.0989     |
|    n_updates            | 3170       |
|    policy_gradient_loss | 0.00803    |
|    std                  | 0.222      |
|    value_loss           | 0.0801     |
----------------------------------------
----------------------------------------
| rollout/                |            |
|    ep_len_mean          | 82         |
|    ep_rew_mean          | 43.1       |
| time/                   |            |
|    fps                  | 47         |
|    iterations           | 319        |
|    time_elapsed         | 27713      |
|    total_timesteps      | 1306624    |
| train/                  |            |
|    approx_kl            | 0.07152887 |
|    clip_fraction        | 0.516      |
|    clip_range           | 0.2        |
|    entropy_loss         | 2.5        |
|    explained_variance   | 0.911      |
|    learning_rate        | 0.0003     |
|    loss                 | 0.0525     |
|    n_updates            | 3180       |
|    policy_gradient_loss | 0.00968    |
|    std                  | 0.221      |
|    value_loss           | 0.066      |
----------------------------------------
----------------------------------------
| rollout/                |            |
|    ep_len_mean          | 82         |
|    ep_rew_mean          | 43.1       |
| time/                   |            |
|    fps                  | 47         |
|    iterations           | 320        |
|    time_elapsed         | 27803      |
|    total_timesteps      | 1310720    |
| train/                  |            |
|    approx_kl            | 0.06660327 |
|    clip_fraction        | 0.53       |
|    clip_range           | 0.2        |
|    entropy_loss         | 2.51       |
|    explained_variance   | 0.909      |
|    learning_rate        | 0.0003     |
|    loss                 | 0.0314     |
|    n_updates            | 3190       |
|    policy_gradient_loss | 0.0103     |
|    std                  | 0.221      |
|    value_loss           | 0.0596     |
----------------------------------------
----------------------------------------
| rollout/                |            |
|    ep_len_mean          | 82         |
|    ep_rew_mean          | 43.1       |
| time/                   |            |
|    fps                  | 47         |
|    iterations           | 321        |
|    time_elapsed         | 27891      |
|    total_timesteps      | 1314816    |
| train/                  |            |
|    approx_kl            | 0.06394823 |
|    clip_fraction        | 0.514      |
|    clip_range           | 0.2        |
|    entropy_loss         | 2.52       |
|    explained_variance   | 0.909      |
|    learning_rate        | 0.0003     |
|    loss                 | 0.0533     |
|    n_updates            | 3200       |
|    policy_gradient_loss | 0.00498    |
|    std                  | 0.221      |
|    value_loss           | 0.073      |
----------------------------------------
-----------------------------------------
| rollout/                |             |
|    ep_len_mean          | 82          |
|    ep_rew_mean          | 43.2        |
| time/                   |             |
|    fps                  | 47          |
|    iterations           | 322         |
|    time_elapsed         | 27978       |
|    total_timesteps      | 1318912     |
| train/                  |             |
|    approx_kl            | 0.087163605 |
|    clip_fraction        | 0.524       |
|    clip_range           | 0.2         |
|    entropy_loss         | 2.55        |
|    explained_variance   | 0.904       |
|    learning_rate        | 0.0003      |
|    loss                 | 0.0529      |
|    n_updates            | 3210        |
|    policy_gradient_loss | 0.011       |
|    std                  | 0.22        |
|    value_loss           | 0.0683      |
-----------------------------------------
----------------------------------------
| rollout/                |            |
|    ep_len_mean          | 82         |
|    ep_rew_mean          | 43.3       |
| time/                   |            |
|    fps                  | 47         |
|    iterations           | 323        |
|    time_elapsed         | 28065      |
|    total_timesteps      | 1323008    |
| train/                  |            |
|    approx_kl            | 0.06905346 |
|    clip_fraction        | 0.526      |
|    clip_range           | 0.2        |
|    entropy_loss         | 2.6        |
|    explained_variance   | 0.907      |
|    learning_rate        | 0.0003     |
|    loss                 | 0.0614     |
|    n_updates            | 3220       |
|    policy_gradient_loss | 0.00633    |
|    std                  | 0.219      |
|    value_loss           | 0.0722     |
----------------------------------------
-----------------------------------------
| rollout/                |             |
|    ep_len_mean          | 82          |
|    ep_rew_mean          | 43.3        |
| time/                   |             |
|    fps                  | 47          |
|    iterations           | 324         |
|    time_elapsed         | 28151       |
|    total_timesteps      | 1327104     |
| train/                  |             |
|    approx_kl            | 0.087622665 |
|    clip_fraction        | 0.547       |
|    clip_range           | 0.2         |
|    entropy_loss         | 2.63        |
|    explained_variance   | 0.918       |
|    learning_rate        | 0.0003      |
|    loss                 | 0.0674      |
|    n_updates            | 3230        |
|    policy_gradient_loss | 0.015       |
|    std                  | 0.22        |
|    value_loss           | 0.0599      |
-----------------------------------------
-----------------------------------------
| rollout/                |             |
|    ep_len_mean          | 82          |
|    ep_rew_mean          | 43.3        |
| time/                   |             |
|    fps                  | 47          |
|    iterations           | 325         |
|    time_elapsed         | 28237       |
|    total_timesteps      | 1331200     |
| train/                  |             |
|    approx_kl            | 0.049380958 |
|    clip_fraction        | 0.522       |
|    clip_range           | 0.2         |
|    entropy_loss         | 2.66        |
|    explained_variance   | 0.929       |
|    learning_rate        | 0.0003      |
|    loss                 | 0.0384      |
|    n_updates            | 3240        |
|    policy_gradient_loss | 0.011       |
|    std                  | 0.219       |
|    value_loss           | 0.0557      |
-----------------------------------------
-----------------------------------------
| rollout/                |             |
|    ep_len_mean          | 82          |
|    ep_rew_mean          | 43.4        |
| time/                   |             |
|    fps                  | 47          |
|    iterations           | 326         |
|    time_elapsed         | 28324       |
|    total_timesteps      | 1335296     |
| train/                  |             |
|    approx_kl            | 0.073357865 |
|    clip_fraction        | 0.545       |
|    clip_range           | 0.2         |
|    entropy_loss         | 2.7         |
|    explained_variance   | 0.913       |
|    learning_rate        | 0.0003      |
|    loss                 | 0.0719      |
|    n_updates            | 3250        |
|    policy_gradient_loss | 0.0113      |
|    std                  | 0.218       |
|    value_loss           | 0.0613      |
-----------------------------------------
-----------------------------------------
| rollout/                |             |
|    ep_len_mean          | 82          |
|    ep_rew_mean          | 43.5        |
| time/                   |             |
|    fps                  | 47          |
|    iterations           | 327         |
|    time_elapsed         | 28412       |
|    total_timesteps      | 1339392     |
| train/                  |             |
|    approx_kl            | 0.059334427 |
|    clip_fraction        | 0.533       |
|    clip_range           | 0.2         |
|    entropy_loss         | 2.74        |
|    explained_variance   | 0.916       |
|    learning_rate        | 0.0003      |
|    loss                 | 0.0251      |
|    n_updates            | 3260        |
|    policy_gradient_loss | 0.0129      |
|    std                  | 0.218       |
|    value_loss           | 0.0579      |
-----------------------------------------
----------------------------------------
| rollout/                |            |
|    ep_len_mean          | 82         |
|    ep_rew_mean          | 43.6       |
| time/                   |            |
|    fps                  | 47         |
|    iterations           | 328        |
|    time_elapsed         | 28500      |
|    total_timesteps      | 1343488    |
| train/                  |            |
|    approx_kl            | 0.07572412 |
|    clip_fraction        | 0.535      |
|    clip_range           | 0.2        |
|    entropy_loss         | 2.74       |
|    explained_variance   | 0.915      |
|    learning_rate        | 0.0003     |
|    loss                 | 0.0671     |
|    n_updates            | 3270       |
|    policy_gradient_loss | 0.0104     |
|    std                  | 0.218      |
|    value_loss           | 0.0604     |
----------------------------------------
-----------------------------------------
| rollout/                |             |
|    ep_len_mean          | 82          |
|    ep_rew_mean          | 43.8        |
| time/                   |             |
|    fps                  | 47          |
|    iterations           | 329         |
|    time_elapsed         | 28588       |
|    total_timesteps      | 1347584     |
| train/                  |             |
|    approx_kl            | 0.068024635 |
|    clip_fraction        | 0.523       |
|    clip_range           | 0.2         |
|    entropy_loss         | 2.79        |
|    explained_variance   | 0.903       |
|    learning_rate        | 0.0003      |
|    loss                 | 0.0622      |
|    n_updates            | 3280        |
|    policy_gradient_loss | 0.00928     |
|    std                  | 0.217       |
|    value_loss           | 0.07        |
-----------------------------------------
----------------------------------------
| rollout/                |            |
|    ep_len_mean          | 82         |
|    ep_rew_mean          | 43.8       |
| time/                   |            |
|    fps                  | 47         |
|    iterations           | 330        |
|    time_elapsed         | 28676      |
|    total_timesteps      | 1351680    |
| train/                  |            |
|    approx_kl            | 0.06628966 |
|    clip_fraction        | 0.511      |
|    clip_range           | 0.2        |
|    entropy_loss         | 2.84       |
|    explained_variance   | 0.925      |
|    learning_rate        | 0.0003     |
|    loss                 | 0.0694     |
|    n_updates            | 3290       |
|    policy_gradient_loss | 0.0096     |
|    std                  | 0.216      |
|    value_loss           | 0.0573     |
----------------------------------------
----------------------------------------
| rollout/                |            |
|    ep_len_mean          | 82         |
|    ep_rew_mean          | 43.8       |
| time/                   |            |
|    fps                  | 47         |
|    iterations           | 331        |
|    time_elapsed         | 28764      |
|    total_timesteps      | 1355776    |
| train/                  |            |
|    approx_kl            | 0.07215702 |
|    clip_fraction        | 0.518      |
|    clip_range           | 0.2        |
|    entropy_loss         | 2.86       |
|    explained_variance   | 0.928      |
|    learning_rate        | 0.0003     |
|    loss                 | 0.0192     |
|    n_updates            | 3300       |
|    policy_gradient_loss | 0.00715    |
|    std                  | 0.216      |
|    value_loss           | 0.0545     |
----------------------------------------
-----------------------------------------
| rollout/                |             |
|    ep_len_mean          | 82          |
|    ep_rew_mean          | 43.9        |
| time/                   |             |
|    fps                  | 47          |
|    iterations           | 332         |
|    time_elapsed         | 28851       |
|    total_timesteps      | 1359872     |
| train/                  |             |
|    approx_kl            | 0.063351825 |
|    clip_fraction        | 0.551       |
|    clip_range           | 0.2         |
|    entropy_loss         | 2.86        |
|    explained_variance   | 0.904       |
|    learning_rate        | 0.0003      |
|    loss                 | 0.0563      |
|    n_updates            | 3310        |
|    policy_gradient_loss | 0.0123      |
|    std                  | 0.216       |
|    value_loss           | 0.0699      |
-----------------------------------------
-----------------------------------------
| rollout/                |             |
|    ep_len_mean          | 82          |
|    ep_rew_mean          | 43.9        |
| time/                   |             |
|    fps                  | 47          |
|    iterations           | 333         |
|    time_elapsed         | 28938       |
|    total_timesteps      | 1363968     |
| train/                  |             |
|    approx_kl            | 0.062992066 |
|    clip_fraction        | 0.52        |
|    clip_range           | 0.2         |
|    entropy_loss         | 2.89        |
|    explained_variance   | 0.918       |
|    learning_rate        | 0.0003      |
|    loss                 | 0.0519      |
|    n_updates            | 3320        |
|    policy_gradient_loss | 0.0128      |
|    std                  | 0.216       |
|    value_loss           | 0.0548      |
-----------------------------------------
----------------------------------------
| rollout/                |            |
|    ep_len_mean          | 82         |
|    ep_rew_mean          | 43.9       |
| time/                   |            |
|    fps                  | 47         |
|    iterations           | 334        |
|    time_elapsed         | 29024      |
|    total_timesteps      | 1368064    |
| train/                  |            |
|    approx_kl            | 0.07478429 |
|    clip_fraction        | 0.507      |
|    clip_range           | 0.2        |
|    entropy_loss         | 2.96       |
|    explained_variance   | 0.933      |
|    learning_rate        | 0.0003     |
|    loss                 | 0.0705     |
|    n_updates            | 3330       |
|    policy_gradient_loss | 0.00461    |
|    std                  | 0.215      |
|    value_loss           | 0.0524     |
----------------------------------------
---------------------------------------
| rollout/                |           |
|    ep_len_mean          | 82        |
|    ep_rew_mean          | 43.8      |
| time/                   |           |
|    fps                  | 47        |
|    iterations           | 335       |
|    time_elapsed         | 29110     |
|    total_timesteps      | 1372160   |
| train/                  |           |
|    approx_kl            | 0.0646227 |
|    clip_fraction        | 0.516     |
|    clip_range           | 0.2       |
|    entropy_loss         | 2.98      |
|    explained_variance   | 0.92      |
|    learning_rate        | 0.0003    |
|    loss                 | 0.0769    |
|    n_updates            | 3340      |
|    policy_gradient_loss | 0.00687   |
|    std                  | 0.215     |
|    value_loss           | 0.0591    |
---------------------------------------
----------------------------------------
| rollout/                |            |
|    ep_len_mean          | 82         |
|    ep_rew_mean          | 43.8       |
| time/                   |            |
|    fps                  | 47         |
|    iterations           | 336        |
|    time_elapsed         | 29196      |
|    total_timesteps      | 1376256    |
| train/                  |            |
|    approx_kl            | 0.07414936 |
|    clip_fraction        | 0.562      |
|    clip_range           | 0.2        |
|    entropy_loss         | 3          |
|    explained_variance   | 0.928      |
|    learning_rate        | 0.0003     |
|    loss                 | 0.0511     |
|    n_updates            | 3350       |
|    policy_gradient_loss | 0.0107     |
|    std                  | 0.214      |
|    value_loss           | 0.0535     |
----------------------------------------
----------------------------------------
| rollout/                |            |
|    ep_len_mean          | 82         |
|    ep_rew_mean          | 44         |
| time/                   |            |
|    fps                  | 47         |
|    iterations           | 337        |
|    time_elapsed         | 29281      |
|    total_timesteps      | 1380352    |
| train/                  |            |
|    approx_kl            | 0.07789306 |
|    clip_fraction        | 0.532      |
|    clip_range           | 0.2        |
|    entropy_loss         | 3.04       |
|    explained_variance   | 0.928      |
|    learning_rate        | 0.0003     |
|    loss                 | 0.0589     |
|    n_updates            | 3360       |
|    policy_gradient_loss | 0.00843    |
|    std                  | 0.215      |
|    value_loss           | 0.0541     |
----------------------------------------
-----------------------------------------
| rollout/                |             |
|    ep_len_mean          | 82          |
|    ep_rew_mean          | 44.2        |
| time/                   |             |
|    fps                  | 47          |
|    iterations           | 338         |
|    time_elapsed         | 29367       |
|    total_timesteps      | 1384448     |
| train/                  |             |
|    approx_kl            | 0.064848825 |
|    clip_fraction        | 0.537       |
|    clip_range           | 0.2         |
|    entropy_loss         | 3.05        |
|    explained_variance   | 0.933       |
|    learning_rate        | 0.0003      |
|    loss                 | 0.0555      |
|    n_updates            | 3370        |
|    policy_gradient_loss | 0.0151      |
|    std                  | 0.214       |
|    value_loss           | 0.0555      |
-----------------------------------------
----------------------------------------
| rollout/                |            |
|    ep_len_mean          | 82         |
|    ep_rew_mean          | 44.1       |
| time/                   |            |
|    fps                  | 47         |
|    iterations           | 339        |
|    time_elapsed         | 29453      |
|    total_timesteps      | 1388544    |
| train/                  |            |
|    approx_kl            | 0.07011079 |
|    clip_fraction        | 0.532      |
|    clip_range           | 0.2        |
|    entropy_loss         | 3.09       |
|    explained_variance   | 0.927      |
|    learning_rate        | 0.0003     |
|    loss                 | 0.0383     |
|    n_updates            | 3380       |
|    policy_gradient_loss | 0.00906    |
|    std                  | 0.213      |
|    value_loss           | 0.0515     |
----------------------------------------
----------------------------------------
| rollout/                |            |
|    ep_len_mean          | 82         |
|    ep_rew_mean          | 44.1       |
| time/                   |            |
|    fps                  | 47         |
|    iterations           | 340        |
|    time_elapsed         | 29539      |
|    total_timesteps      | 1392640    |
| train/                  |            |
|    approx_kl            | 0.08941074 |
|    clip_fraction        | 0.542      |
|    clip_range           | 0.2        |
|    entropy_loss         | 3.15       |
|    explained_variance   | 0.911      |
|    learning_rate        | 0.0003     |
|    loss                 | 0.105      |
|    n_updates            | 3390       |
|    policy_gradient_loss | 0.0119     |
|    std                  | 0.212      |
|    value_loss           | 0.072      |
----------------------------------------
-----------------------------------------
| rollout/                |             |
|    ep_len_mean          | 82          |
|    ep_rew_mean          | 44.2        |
| time/                   |             |
|    fps                  | 47          |
|    iterations           | 341         |
|    time_elapsed         | 29625       |
|    total_timesteps      | 1396736     |
| train/                  |             |
|    approx_kl            | 0.074434265 |
|    clip_fraction        | 0.544       |
|    clip_range           | 0.2         |
|    entropy_loss         | 3.2         |
|    explained_variance   | 0.923       |
|    learning_rate        | 0.0003      |
|    loss                 | 0.065       |
|    n_updates            | 3400        |
|    policy_gradient_loss | 0.0148      |
|    std                  | 0.211       |
|    value_loss           | 0.0574      |
-----------------------------------------
----------------------------------------
| rollout/                |            |
|    ep_len_mean          | 82         |
|    ep_rew_mean          | 44.3       |
| time/                   |            |
|    fps                  | 47         |
|    iterations           | 342        |
|    time_elapsed         | 29711      |
|    total_timesteps      | 1400832    |
| train/                  |            |
|    approx_kl            | 0.08578933 |
|    clip_fraction        | 0.566      |
|    clip_range           | 0.2        |
|    entropy_loss         | 3.21       |
|    explained_variance   | 0.928      |
|    learning_rate        | 0.0003     |
|    loss                 | 0.0928     |
|    n_updates            | 3410       |
|    policy_gradient_loss | 0.00962    |
|    std                  | 0.212      |
|    value_loss           | 0.0562     |
----------------------------------------
----------------------------------------
| rollout/                |            |
|    ep_len_mean          | 82         |
|    ep_rew_mean          | 44.2       |
| time/                   |            |
|    fps                  | 47         |
|    iterations           | 343        |
|    time_elapsed         | 29796      |
|    total_timesteps      | 1404928    |
| train/                  |            |
|    approx_kl            | 0.08141057 |
|    clip_fraction        | 0.552      |
|    clip_range           | 0.2        |
|    entropy_loss         | 3.22       |
|    explained_variance   | 0.926      |
|    learning_rate        | 0.0003     |
|    loss                 | 0.0858     |
|    n_updates            | 3420       |
|    policy_gradient_loss | 0.0131     |
|    std                  | 0.211      |
|    value_loss           | 0.0544     |
----------------------------------------
----------------------------------------
| rollout/                |            |
|    ep_len_mean          | 82         |
|    ep_rew_mean          | 44.3       |
| time/                   |            |
|    fps                  | 47         |
|    iterations           | 344        |
|    time_elapsed         | 29882      |
|    total_timesteps      | 1409024    |
| train/                  |            |
|    approx_kl            | 0.09239465 |
|    clip_fraction        | 0.553      |
|    clip_range           | 0.2        |
|    entropy_loss         | 3.24       |
|    explained_variance   | 0.923      |
|    learning_rate        | 0.0003     |
|    loss                 | 0.0582     |
|    n_updates            | 3430       |
|    policy_gradient_loss | 0.0183     |
|    std                  | 0.211      |
|    value_loss           | 0.06       |
----------------------------------------
----------------------------------------
| rollout/                |            |
|    ep_len_mean          | 82         |
|    ep_rew_mean          | 44.4       |
| time/                   |            |
|    fps                  | 47         |
|    iterations           | 345        |
|    time_elapsed         | 29969      |
|    total_timesteps      | 1413120    |
| train/                  |            |
|    approx_kl            | 0.08286098 |
|    clip_fraction        | 0.524      |
|    clip_range           | 0.2        |
|    entropy_loss         | 3.27       |
|    explained_variance   | 0.911      |
|    learning_rate        | 0.0003     |
|    loss                 | 0.0793     |
|    n_updates            | 3440       |
|    policy_gradient_loss | 0.00707    |
|    std                  | 0.211      |
|    value_loss           | 0.0668     |
----------------------------------------
----------------------------------------
| rollout/                |            |
|    ep_len_mean          | 82         |
|    ep_rew_mean          | 44.2       |
| time/                   |            |
|    fps                  | 47         |
|    iterations           | 346        |
|    time_elapsed         | 30056      |
|    total_timesteps      | 1417216    |
| train/                  |            |
|    approx_kl            | 0.08722587 |
|    clip_fraction        | 0.545      |
|    clip_range           | 0.2        |
|    entropy_loss         | 3.3        |
|    explained_variance   | 0.933      |
|    learning_rate        | 0.0003     |
|    loss                 | 0.0816     |
|    n_updates            | 3450       |
|    policy_gradient_loss | 0.00596    |
|    std                  | 0.211      |
|    value_loss           | 0.0524     |
----------------------------------------
---------------------------------------
| rollout/                |           |
|    ep_len_mean          | 82        |
|    ep_rew_mean          | 44.1      |
| time/                   |           |
|    fps                  | 47        |
|    iterations           | 347       |
|    time_elapsed         | 30142     |
|    total_timesteps      | 1421312   |
| train/                  |           |
|    approx_kl            | 0.0776207 |
|    clip_fraction        | 0.555     |
|    clip_range           | 0.2       |
|    entropy_loss         | 3.33      |
|    explained_variance   | 0.925     |
|    learning_rate        | 0.0003    |
|    loss                 | 0.0659    |
|    n_updates            | 3460      |
|    policy_gradient_loss | 0.0135    |
|    std                  | 0.21      |
|    value_loss           | 0.0588    |
---------------------------------------
----------------------------------------
| rollout/                |            |
|    ep_len_mean          | 82         |
|    ep_rew_mean          | 44.2       |
| time/                   |            |
|    fps                  | 47         |
|    iterations           | 348        |
|    time_elapsed         | 30228      |
|    total_timesteps      | 1425408    |
| train/                  |            |
|    approx_kl            | 0.07310799 |
|    clip_fraction        | 0.545      |
|    clip_range           | 0.2        |
|    entropy_loss         | 3.33       |
|    explained_variance   | 0.941      |
|    learning_rate        | 0.0003     |
|    loss                 | 0.0705     |
|    n_updates            | 3470       |
|    policy_gradient_loss | 0.0121     |
|    std                  | 0.211      |
|    value_loss           | 0.0477     |
----------------------------------------
-----------------------------------------
| rollout/                |             |
|    ep_len_mean          | 82          |
|    ep_rew_mean          | 44.2        |
| time/                   |             |
|    fps                  | 47          |
|    iterations           | 349         |
|    time_elapsed         | 30314       |
|    total_timesteps      | 1429504     |
| train/                  |             |
|    approx_kl            | 0.071806505 |
|    clip_fraction        | 0.543       |
|    clip_range           | 0.2         |
|    entropy_loss         | 3.34        |
|    explained_variance   | 0.935       |
|    learning_rate        | 0.0003      |
|    loss                 | 0.03        |
|    n_updates            | 3480        |
|    policy_gradient_loss | 0.0108      |
|    std                  | 0.211       |
|    value_loss           | 0.0514      |
-----------------------------------------
----------------------------------------
| rollout/                |            |
|    ep_len_mean          | 82         |
|    ep_rew_mean          | 44.4       |
| time/                   |            |
|    fps                  | 47         |
|    iterations           | 350        |
|    time_elapsed         | 30400      |
|    total_timesteps      | 1433600    |
| train/                  |            |
|    approx_kl            | 0.07904239 |
|    clip_fraction        | 0.541      |
|    clip_range           | 0.2        |
|    entropy_loss         | 3.38       |
|    explained_variance   | 0.94       |
|    learning_rate        | 0.0003     |
|    loss                 | 0.0919     |
|    n_updates            | 3490       |
|    policy_gradient_loss | 0.00951    |
|    std                  | 0.21       |
|    value_loss           | 0.0503     |
----------------------------------------
----------------------------------------
| rollout/                |            |
|    ep_len_mean          | 82         |
|    ep_rew_mean          | 44.3       |
| time/                   |            |
|    fps                  | 47         |
|    iterations           | 351        |
|    time_elapsed         | 30486      |
|    total_timesteps      | 1437696    |
| train/                  |            |
|    approx_kl            | 0.07558406 |
|    clip_fraction        | 0.548      |
|    clip_range           | 0.2        |
|    entropy_loss         | 3.39       |
|    explained_variance   | 0.918      |
|    learning_rate        | 0.0003     |
|    loss                 | 0.0456     |
|    n_updates            | 3500       |
|    policy_gradient_loss | 0.0125     |
|    std                  | 0.209      |
|    value_loss           | 0.0592     |
----------------------------------------
----------------------------------------
| rollout/                |            |
|    ep_len_mean          | 82         |
|    ep_rew_mean          | 44.3       |
| time/                   |            |
|    fps                  | 47         |
|    iterations           | 352        |
|    time_elapsed         | 30572      |
|    total_timesteps      | 1441792    |
| train/                  |            |
|    approx_kl            | 0.08308134 |
|    clip_fraction        | 0.557      |
|    clip_range           | 0.2        |
|    entropy_loss         | 3.42       |
|    explained_variance   | 0.925      |
|    learning_rate        | 0.0003     |
|    loss                 | 0.0797     |
|    n_updates            | 3510       |
|    policy_gradient_loss | 0.016      |
|    std                  | 0.209      |
|    value_loss           | 0.0631     |
----------------------------------------
----------------------------------------
| rollout/                |            |
|    ep_len_mean          | 82         |
|    ep_rew_mean          | 44.5       |
| time/                   |            |
|    fps                  | 47         |
|    iterations           | 353        |
|    time_elapsed         | 30658      |
|    total_timesteps      | 1445888    |
| train/                  |            |
|    approx_kl            | 0.06827229 |
|    clip_fraction        | 0.538      |
|    clip_range           | 0.2        |
|    entropy_loss         | 3.46       |
|    explained_variance   | 0.93       |
|    learning_rate        | 0.0003     |
|    loss                 | 0.0215     |
|    n_updates            | 3520       |
|    policy_gradient_loss | 0.00747    |
|    std                  | 0.208      |
|    value_loss           | 0.0503     |
----------------------------------------
----------------------------------------
| rollout/                |            |
|    ep_len_mean          | 82         |
|    ep_rew_mean          | 44.6       |
| time/                   |            |
|    fps                  | 47         |
|    iterations           | 354        |
|    time_elapsed         | 30744      |
|    total_timesteps      | 1449984    |
| train/                  |            |
|    approx_kl            | 0.08148937 |
|    clip_fraction        | 0.571      |
|    clip_range           | 0.2        |
|    entropy_loss         | 3.49       |
|    explained_variance   | 0.924      |
|    learning_rate        | 0.0003     |
|    loss                 | 0.0602     |
|    n_updates            | 3530       |
|    policy_gradient_loss | 0.0107     |
|    std                  | 0.208      |
|    value_loss           | 0.0619     |
----------------------------------------
----------------------------------------
| rollout/                |            |
|    ep_len_mean          | 82         |
|    ep_rew_mean          | 44.9       |
| time/                   |            |
|    fps                  | 47         |
|    iterations           | 355        |
|    time_elapsed         | 30832      |
|    total_timesteps      | 1454080    |
| train/                  |            |
|    approx_kl            | 0.06552838 |
|    clip_fraction        | 0.549      |
|    clip_range           | 0.2        |
|    entropy_loss         | 3.51       |
|    explained_variance   | 0.934      |
|    learning_rate        | 0.0003     |
|    loss                 | 0.043      |
|    n_updates            | 3540       |
|    policy_gradient_loss | 0.0138     |
|    std                  | 0.208      |
|    value_loss           | 0.0455     |
----------------------------------------
----------------------------------------
| rollout/                |            |
|    ep_len_mean          | 82         |
|    ep_rew_mean          | 44.6       |
| time/                   |            |
|    fps                  | 47         |
|    iterations           | 356        |
|    time_elapsed         | 30919      |
|    total_timesteps      | 1458176    |
| train/                  |            |
|    approx_kl            | 0.07918247 |
|    clip_fraction        | 0.567      |
|    clip_range           | 0.2        |
|    entropy_loss         | 3.51       |
|    explained_variance   | 0.934      |
|    learning_rate        | 0.0003     |
|    loss                 | 0.109      |
|    n_updates            | 3550       |
|    policy_gradient_loss | 0.0162     |
|    std                  | 0.208      |
|    value_loss           | 0.0504     |
----------------------------------------
----------------------------------------
| rollout/                |            |
|    ep_len_mean          | 82         |
|    ep_rew_mean          | 44.3       |
| time/                   |            |
|    fps                  | 47         |
|    iterations           | 357        |
|    time_elapsed         | 31005      |
|    total_timesteps      | 1462272    |
| train/                  |            |
|    approx_kl            | 0.08063493 |
|    clip_fraction        | 0.555      |
|    clip_range           | 0.2        |
|    entropy_loss         | 3.52       |
|    explained_variance   | 0.898      |
|    learning_rate        | 0.0003     |
|    loss                 | 0.0874     |
|    n_updates            | 3560       |
|    policy_gradient_loss | 0.0151     |
|    std                  | 0.208      |
|    value_loss           | 0.0844     |
----------------------------------------
----------------------------------------
| rollout/                |            |
|    ep_len_mean          | 82         |
|    ep_rew_mean          | 44.5       |
| time/                   |            |
|    fps                  | 47         |
|    iterations           | 358        |
|    time_elapsed         | 31091      |
|    total_timesteps      | 1466368    |
| train/                  |            |
|    approx_kl            | 0.06875323 |
|    clip_fraction        | 0.566      |
|    clip_range           | 0.2        |
|    entropy_loss         | 3.52       |
|    explained_variance   | 0.915      |
|    learning_rate        | 0.0003     |
|    loss                 | 0.0511     |
|    n_updates            | 3570       |
|    policy_gradient_loss | 0.0175     |
|    std                  | 0.208      |
|    value_loss           | 0.063      |
----------------------------------------
----------------------------------------
| rollout/                |            |
|    ep_len_mean          | 82         |
|    ep_rew_mean          | 44.7       |
| time/                   |            |
|    fps                  | 47         |
|    iterations           | 359        |
|    time_elapsed         | 31177      |
|    total_timesteps      | 1470464    |
| train/                  |            |
|    approx_kl            | 0.09600735 |
|    clip_fraction        | 0.567      |
|    clip_range           | 0.2        |
|    entropy_loss         | 3.53       |
|    explained_variance   | 0.923      |
|    learning_rate        | 0.0003     |
|    loss                 | 0.0768     |
|    n_updates            | 3580       |
|    policy_gradient_loss | 0.0159     |
|    std                  | 0.208      |
|    value_loss           | 0.0542     |
----------------------------------------
-----------------------------------------
| rollout/                |             |
|    ep_len_mean          | 82          |
|    ep_rew_mean          | 44.8        |
| time/                   |             |
|    fps                  | 47          |
|    iterations           | 360         |
|    time_elapsed         | 31263       |
|    total_timesteps      | 1474560     |
| train/                  |             |
|    approx_kl            | 0.066923246 |
|    clip_fraction        | 0.538       |
|    clip_range           | 0.2         |
|    entropy_loss         | 3.55        |
|    explained_variance   | 0.936       |
|    learning_rate        | 0.0003      |
|    loss                 | 0.0638      |
|    n_updates            | 3590        |
|    policy_gradient_loss | 0.0161      |
|    std                  | 0.207       |
|    value_loss           | 0.0473      |
-----------------------------------------
---------------------------------------
| rollout/                |           |
|    ep_len_mean          | 82        |
|    ep_rew_mean          | 44.6      |
| time/                   |           |
|    fps                  | 47        |
|    iterations           | 361       |
|    time_elapsed         | 31350     |
|    total_timesteps      | 1478656   |
| train/                  |           |
|    approx_kl            | 0.1024259 |
|    clip_fraction        | 0.55      |
|    clip_range           | 0.2       |
|    entropy_loss         | 3.57      |
|    explained_variance   | 0.913     |
|    learning_rate        | 0.0003    |
|    loss                 | 0.0449    |
|    n_updates            | 3600      |
|    policy_gradient_loss | 0.011     |
|    std                  | 0.207     |
|    value_loss           | 0.0633    |
---------------------------------------
----------------------------------------
| rollout/                |            |
|    ep_len_mean          | 82         |
|    ep_rew_mean          | 44.7       |
| time/                   |            |
|    fps                  | 47         |
|    iterations           | 362        |
|    time_elapsed         | 31438      |
|    total_timesteps      | 1482752    |
| train/                  |            |
|    approx_kl            | 0.08213591 |
|    clip_fraction        | 0.572      |
|    clip_range           | 0.2        |
|    entropy_loss         | 3.55       |
|    explained_variance   | 0.909      |
|    learning_rate        | 0.0003     |
|    loss                 | 0.0634     |
|    n_updates            | 3610       |
|    policy_gradient_loss | 0.0176     |
|    std                  | 0.208      |
|    value_loss           | 0.0724     |
----------------------------------------
----------------------------------------
| rollout/                |            |
|    ep_len_mean          | 82         |
|    ep_rew_mean          | 44.7       |
| time/                   |            |
|    fps                  | 47         |
|    iterations           | 363        |
|    time_elapsed         | 31526      |
|    total_timesteps      | 1486848    |
| train/                  |            |
|    approx_kl            | 0.10038817 |
|    clip_fraction        | 0.586      |
|    clip_range           | 0.2        |
|    entropy_loss         | 3.53       |
|    explained_variance   | 0.921      |
|    learning_rate        | 0.0003     |
|    loss                 | 0.0497     |
|    n_updates            | 3620       |
|    policy_gradient_loss | 0.02       |
|    std                  | 0.208      |
|    value_loss           | 0.0569     |
----------------------------------------
----------------------------------------
| rollout/                |            |
|    ep_len_mean          | 82         |
|    ep_rew_mean          | 44.6       |
| time/                   |            |
|    fps                  | 47         |
|    iterations           | 364        |
|    time_elapsed         | 31614      |
|    total_timesteps      | 1490944    |
| train/                  |            |
|    approx_kl            | 0.10606179 |
|    clip_fraction        | 0.582      |
|    clip_range           | 0.2        |
|    entropy_loss         | 3.53       |
|    explained_variance   | 0.892      |
|    learning_rate        | 0.0003     |
|    loss                 | 0.0767     |
|    n_updates            | 3630       |
|    policy_gradient_loss | 0.00951    |
|    std                  | 0.208      |
|    value_loss           | 0.0909     |
----------------------------------------
----------------------------------------
| rollout/                |            |
|    ep_len_mean          | 82         |
|    ep_rew_mean          | 44.5       |
| time/                   |            |
|    fps                  | 47         |
|    iterations           | 365        |
|    time_elapsed         | 31702      |
|    total_timesteps      | 1495040    |
| train/                  |            |
|    approx_kl            | 0.08357954 |
|    clip_fraction        | 0.554      |
|    clip_range           | 0.2        |
|    entropy_loss         | 3.53       |
|    explained_variance   | 0.928      |
|    learning_rate        | 0.0003     |
|    loss                 | 0.037      |
|    n_updates            | 3640       |
|    policy_gradient_loss | 0.0106     |
|    std                  | 0.208      |
|    value_loss           | 0.0532     |
----------------------------------------
----------------------------------------
| rollout/                |            |
|    ep_len_mean          | 82         |
|    ep_rew_mean          | 44.5       |
| time/                   |            |
|    fps                  | 47         |
|    iterations           | 366        |
|    time_elapsed         | 31790      |
|    total_timesteps      | 1499136    |
| train/                  |            |
|    approx_kl            | 0.11137267 |
|    clip_fraction        | 0.562      |
|    clip_range           | 0.2        |
|    entropy_loss         | 3.55       |
|    explained_variance   | 0.926      |
|    learning_rate        | 0.0003     |
|    loss                 | 0.0456     |
|    n_updates            | 3650       |
|    policy_gradient_loss | 0.0125     |
|    std                  | 0.207      |
|    value_loss           | 0.0639     |
----------------------------------------
----------------------------------------
| rollout/                |            |
|    ep_len_mean          | 82         |
|    ep_rew_mean          | 44.6       |
| time/                   |            |
|    fps                  | 47         |
|    iterations           | 367        |
|    time_elapsed         | 31876      |
|    total_timesteps      | 1503232    |
| train/                  |            |
|    approx_kl            | 0.09141385 |
|    clip_fraction        | 0.561      |
|    clip_range           | 0.2        |
|    entropy_loss         | 3.59       |
|    explained_variance   | 0.927      |
|    learning_rate        | 0.0003     |
|    loss                 | 0.0563     |
|    n_updates            | 3660       |
|    policy_gradient_loss | 0.0105     |
|    std                  | 0.206      |
|    value_loss           | 0.0594     |
----------------------------------------
