/home/user/anaconda3/lib/python3.12/site-packages/stable_baselines3/common/on_policy_algorithm.py:150: UserWarning: You are trying to run PPO on the GPU, but it is primarily intended to run on the CPU when not using a CNN policy (you are using ActorCriticPolicy which should be a MlpPolicy). See https://github.com/DLR-RM/stable-baselines3/issues/1245 for more info. You can pass `device='cpu'` or `export CUDA_VISIBLE_DEVICES=` to force using the CPU.Note: The model will train, but the GPU utilization will be poor and the training might take longer than on CPU.
  warnings.warn(
[v3.1 env init] xvel_boost_multiplier = 5.0
[v3.1 env init] Ours reward weights = {'alpha_W_pos': 0.5, 'alpha_W_neg': 0.5, 'alpha_E_damp': 0.5, 'alpha_E_fric': 0.5, 'alpha_E_norm': 0.5}
[v3.1 env init] xvel_boost_multiplier = 5.0
[v3.1 env init] Ours reward weights = {'alpha_W_pos': 0.5, 'alpha_W_neg': 0.5, 'alpha_E_damp': 0.5, 'alpha_E_fric': 0.5, 'alpha_E_norm': 0.5}
[v3.1 env init] xvel_boost_multiplier = 5.0
[v3.1 env init] Ours reward weights = {'alpha_W_pos': 0.5, 'alpha_W_neg': 0.5, 'alpha_E_damp': 0.5, 'alpha_E_fric': 0.5, 'alpha_E_norm': 0.5}
[v3.1 env init] xvel_boost_multiplier = 5.0
[v3.1 env init] Ours reward weights = {'alpha_W_pos': 0.5, 'alpha_W_neg': 0.5, 'alpha_E_damp': 0.5, 'alpha_E_fric': 0.5, 'alpha_E_norm': 0.5}
Using cuda device
Logging to logs/w3_ours_v3.1_ablation_equal_weights/seed0/tb_logs/PPO_1
---------------------------------
| energy/            |          |
|    E_damp_J        | 0.141    |
|    E_fric_J        | 0.0261   |
|    E_norm_J        | 0.0126   |
|    W_neg_J         | 0.15     |
|    W_pos_J         | 0.311    |
| reward/            |          |
|    r_energy        | -0.32    |
|    r_pose          | -0.0379  |
|    r_vel           | 0.268    |
|    r_xvel          | -1.76    |
| rollout/           |          |
|    ep_len_mean     | 82       |
|    ep_rew_mean     | -186     |
| time/              |          |
|    fps             | 47       |
|    iterations      | 1        |
|    time_elapsed    | 86       |
|    total_timesteps | 4096     |
---------------------------------
------------------------------------------
| energy/                 |              |
|    E_damp_J             | 0.143        |
|    E_fric_J             | 0.027        |
|    E_norm_J             | 0.0116       |
|    W_neg_J              | 0.146        |
|    W_pos_J              | 0.312        |
| reward/                 |              |
|    r_energy             | -0.32        |
|    r_pose               | -0.0482      |
|    r_vel                | 0.31         |
|    r_xvel               | -1.45        |
| rollout/                |              |
|    ep_len_mean          | 82           |
|    ep_rew_mean          | -183         |
| time/                   |              |
|    fps                  | 47           |
|    iterations           | 2            |
|    time_elapsed         | 173          |
|    total_timesteps      | 8192         |
| train/                  |              |
|    approx_kl            | 0.0093841925 |
|    clip_fraction        | 0.105        |
|    clip_range           | 0.2          |
|    entropy_loss         | -14.2        |
|    explained_variance   | -0.00185     |
|    learning_rate        | 0.0003       |
|    loss                 | 215          |
|    n_updates            | 10           |
|    policy_gradient_loss | -0.0161      |
|    std                  | 1            |
|    value_loss           | 652          |
------------------------------------------
-----------------------------------------
| energy/                 |             |
|    E_damp_J             | 0.119       |
|    E_fric_J             | 0.0255      |
|    E_norm_J             | 0.0125      |
|    W_neg_J              | 0.136       |
|    W_pos_J              | 0.278       |
| reward/                 |             |
|    r_energy             | -0.286      |
|    r_pose               | -0.0516     |
|    r_vel                | 0.238       |
|    r_xvel               | -1.81       |
| rollout/                |             |
|    ep_len_mean          | 82          |
|    ep_rew_mean          | -181        |
| time/                   |             |
|    fps                  | 47          |
|    iterations           | 3           |
|    time_elapsed         | 259         |
|    total_timesteps      | 12288       |
| train/                  |             |
|    approx_kl            | 0.009585364 |
|    clip_fraction        | 0.0959      |
|    clip_range           | 0.2         |
|    entropy_loss         | -14.2       |
|    explained_variance   | -0.000284   |
|    learning_rate        | 0.0003      |
|    loss                 | 282         |
|    n_updates            | 20          |
|    policy_gradient_loss | -0.0151     |
|    std                  | 0.999       |
|    value_loss           | 693         |
-----------------------------------------
------------------------------------------
| energy/                 |              |
|    E_damp_J             | 0.143        |
|    E_fric_J             | 0.0243       |
|    E_norm_J             | 0.0111       |
|    W_neg_J              | 0.139        |
|    W_pos_J              | 0.349        |
| reward/                 |              |
|    r_energy             | -0.333       |
|    r_pose               | -0.0455      |
|    r_vel                | 0.247        |
|    r_xvel               | -1.29        |
| rollout/                |              |
|    ep_len_mean          | 82           |
|    ep_rew_mean          | -180         |
| time/                   |              |
|    fps                  | 47           |
|    iterations           | 4            |
|    time_elapsed         | 344          |
|    total_timesteps      | 16384        |
| train/                  |              |
|    approx_kl            | 0.0091114845 |
|    clip_fraction        | 0.0865       |
|    clip_range           | 0.2          |
|    entropy_loss         | -14.2        |
|    explained_variance   | -0.000222    |
|    learning_rate        | 0.0003       |
|    loss                 | 282          |
|    n_updates            | 30           |
|    policy_gradient_loss | -0.0151      |
|    std                  | 1            |
|    value_loss           | 702          |
------------------------------------------
-----------------------------------------
| energy/                 |             |
|    E_damp_J             | 0.128       |
|    E_fric_J             | 0.0229      |
|    E_norm_J             | 0.0114      |
|    W_neg_J              | 0.126       |
|    W_pos_J              | 0.306       |
| reward/                 |             |
|    r_energy             | -0.297      |
|    r_pose               | -0.0339     |
|    r_vel                | 0.265       |
|    r_xvel               | -1.64       |
| rollout/                |             |
|    ep_len_mean          | 82          |
|    ep_rew_mean          | -176        |
| time/                   |             |
|    fps                  | 47          |
|    iterations           | 5           |
|    time_elapsed         | 430         |
|    total_timesteps      | 20480       |
| train/                  |             |
|    approx_kl            | 0.009498101 |
|    clip_fraction        | 0.105       |
|    clip_range           | 0.2         |
|    entropy_loss         | -14.2       |
|    explained_variance   | -5.35e-05   |
|    learning_rate        | 0.0003      |
|    loss                 | 206         |
|    n_updates            | 40          |
|    policy_gradient_loss | -0.0163     |
|    std                  | 1.01        |
|    value_loss           | 602         |
-----------------------------------------
-----------------------------------------
| energy/                 |             |
|    E_damp_J             | 0.117       |
|    E_fric_J             | 0.0239      |
|    E_norm_J             | 0.0108      |
|    W_neg_J              | 0.136       |
|    W_pos_J              | 0.282       |
| reward/                 |             |
|    r_energy             | -0.285      |
|    r_pose               | -0.0352     |
|    r_vel                | 0.241       |
|    r_xvel               | -1.41       |
| rollout/                |             |
|    ep_len_mean          | 82          |
|    ep_rew_mean          | -174        |
| time/                   |             |
|    fps                  | 47          |
|    iterations           | 6           |
|    time_elapsed         | 515         |
|    total_timesteps      | 24576       |
| train/                  |             |
|    approx_kl            | 0.011905916 |
|    clip_fraction        | 0.126       |
|    clip_range           | 0.2         |
|    entropy_loss         | -14.2       |
|    explained_variance   | -6.41e-05   |
|    learning_rate        | 0.0003      |
|    loss                 | 221         |
|    n_updates            | 50          |
|    policy_gradient_loss | -0.0188     |
|    std                  | 1           |
|    value_loss           | 532         |
-----------------------------------------
-----------------------------------------
| energy/                 |             |
|    E_damp_J             | 0.141       |
|    E_fric_J             | 0.0253      |
|    E_norm_J             | 0.0138      |
|    W_neg_J              | 0.156       |
|    W_pos_J              | 0.309       |
| reward/                 |             |
|    r_energy             | -0.322      |
|    r_pose               | -0.0373     |
|    r_vel                | 0.179       |
|    r_xvel               | -1.45       |
| rollout/                |             |
|    ep_len_mean          | 82          |
|    ep_rew_mean          | -169        |
| time/                   |             |
|    fps                  | 47          |
|    iterations           | 7           |
|    time_elapsed         | 599         |
|    total_timesteps      | 28672       |
| train/                  |             |
|    approx_kl            | 0.009846974 |
|    clip_fraction        | 0.126       |
|    clip_range           | 0.2         |
|    entropy_loss         | -14.2       |
|    explained_variance   | -8.4e-05    |
|    learning_rate        | 0.0003      |
|    loss                 | 205         |
|    n_updates            | 60          |
|    policy_gradient_loss | -0.0188     |
|    std                  | 1           |
|    value_loss           | 487         |
-----------------------------------------
-----------------------------------------
| energy/                 |             |
|    E_damp_J             | 0.113       |
|    E_fric_J             | 0.0237      |
|    E_norm_J             | 0.0106      |
|    W_neg_J              | 0.124       |
|    W_pos_J              | 0.261       |
| reward/                 |             |
|    r_energy             | -0.266      |
|    r_pose               | -0.0352     |
|    r_vel                | 0.226       |
|    r_xvel               | -1.58       |
| rollout/                |             |
|    ep_len_mean          | 82          |
|    ep_rew_mean          | -165        |
| time/                   |             |
|    fps                  | 47          |
|    iterations           | 8           |
|    time_elapsed         | 684         |
|    total_timesteps      | 32768       |
| train/                  |             |
|    approx_kl            | 0.010983437 |
|    clip_fraction        | 0.124       |
|    clip_range           | 0.2         |
|    entropy_loss         | -14.2       |
|    explained_variance   | -4.84e-05   |
|    learning_rate        | 0.0003      |
|    loss                 | 154         |
|    n_updates            | 70          |
|    policy_gradient_loss | -0.02       |
|    std                  | 1           |
|    value_loss           | 404         |
-----------------------------------------
-----------------------------------------
| energy/                 |             |
|    E_damp_J             | 0.112       |
|    E_fric_J             | 0.0227      |
|    E_norm_J             | 0.0107      |
|    W_neg_J              | 0.107       |
|    W_pos_J              | 0.283       |
| reward/                 |             |
|    r_energy             | -0.267      |
|    r_pose               | -0.0432     |
|    r_vel                | 0.251       |
|    r_xvel               | -1.35       |
| rollout/                |             |
|    ep_len_mean          | 82          |
|    ep_rew_mean          | -159        |
| time/                   |             |
|    fps                  | 47          |
|    iterations           | 9           |
|    time_elapsed         | 770         |
|    total_timesteps      | 36864       |
| train/                  |             |
|    approx_kl            | 0.012512062 |
|    clip_fraction        | 0.146       |
|    clip_range           | 0.2         |
|    entropy_loss         | -14.2       |
|    explained_variance   | -4.71e-05   |
|    learning_rate        | 0.0003      |
|    loss                 | 124         |
|    n_updates            | 80          |
|    policy_gradient_loss | -0.0193     |
|    std                  | 1           |
|    value_loss           | 358         |
-----------------------------------------
-----------------------------------------
| energy/                 |             |
|    E_damp_J             | 0.11        |
|    E_fric_J             | 0.0219      |
|    E_norm_J             | 0.0101      |
|    W_neg_J              | 0.102       |
|    W_pos_J              | 0.273       |
| reward/                 |             |
|    r_energy             | -0.258      |
|    r_pose               | -0.0408     |
|    r_vel                | 0.293       |
|    r_xvel               | -1.43       |
| rollout/                |             |
|    ep_len_mean          | 82          |
|    ep_rew_mean          | -153        |
| time/                   |             |
|    fps                  | 47          |
|    iterations           | 10          |
|    time_elapsed         | 855         |
|    total_timesteps      | 40960       |
| train/                  |             |
|    approx_kl            | 0.011936141 |
|    clip_fraction        | 0.126       |
|    clip_range           | 0.2         |
|    entropy_loss         | -14.1       |
|    explained_variance   | -2.67e-05   |
|    learning_rate        | 0.0003      |
|    loss                 | 95.7        |
|    n_updates            | 90          |
|    policy_gradient_loss | -0.0206     |
|    std                  | 0.994       |
|    value_loss           | 256         |
-----------------------------------------
-----------------------------------------
| energy/                 |             |
|    E_damp_J             | 0.0896      |
|    E_fric_J             | 0.0205      |
|    E_norm_J             | 0.00946     |
|    W_neg_J              | 0.123       |
|    W_pos_J              | 0.217       |
| reward/                 |             |
|    r_energy             | -0.23       |
|    r_pose               | -0.0398     |
|    r_vel                | 0.27        |
|    r_xvel               | -1.26       |
| rollout/                |             |
|    ep_len_mean          | 82          |
|    ep_rew_mean          | -150        |
| time/                   |             |
|    fps                  | 47          |
|    iterations           | 11          |
|    time_elapsed         | 940         |
|    total_timesteps      | 45056       |
| train/                  |             |
|    approx_kl            | 0.012058875 |
|    clip_fraction        | 0.144       |
|    clip_range           | 0.2         |
|    entropy_loss         | -14.1       |
|    explained_variance   | -2.28e-05   |
|    learning_rate        | 0.0003      |
|    loss                 | 69.9        |
|    n_updates            | 100         |
|    policy_gradient_loss | -0.0217     |
|    std                  | 0.993       |
|    value_loss           | 228         |
-----------------------------------------
-----------------------------------------
| energy/                 |             |
|    E_damp_J             | 0.102       |
|    E_fric_J             | 0.0223      |
|    E_norm_J             | 0.00971     |
|    W_neg_J              | 0.127       |
|    W_pos_J              | 0.23        |
| reward/                 |             |
|    r_energy             | -0.245      |
|    r_pose               | -0.0413     |
|    r_vel                | 0.297       |
|    r_xvel               | -1.41       |
| rollout/                |             |
|    ep_len_mean          | 82          |
|    ep_rew_mean          | -147        |
| time/                   |             |
|    fps                  | 47          |
|    iterations           | 12          |
|    time_elapsed         | 1027        |
|    total_timesteps      | 49152       |
| train/                  |             |
|    approx_kl            | 0.012586285 |
|    clip_fraction        | 0.141       |
|    clip_range           | 0.2         |
|    entropy_loss         | -14.1       |
|    explained_variance   | -1.94e-05   |
|    learning_rate        | 0.0003      |
|    loss                 | 60.2        |
|    n_updates            | 110         |
|    policy_gradient_loss | -0.0219     |
|    std                  | 0.986       |
|    value_loss           | 192         |
-----------------------------------------
-----------------------------------------
| energy/                 |             |
|    E_damp_J             | 0.0818      |
|    E_fric_J             | 0.0202      |
|    E_norm_J             | 0.00894     |
|    W_neg_J              | 0.105       |
|    W_pos_J              | 0.206       |
| reward/                 |             |
|    r_energy             | -0.211      |
|    r_pose               | -0.0323     |
|    r_vel                | 0.265       |
|    r_xvel               | -1.14       |
| rollout/                |             |
|    ep_len_mean          | 82          |
|    ep_rew_mean          | -142        |
| time/                   |             |
|    fps                  | 47          |
|    iterations           | 13          |
|    time_elapsed         | 1113        |
|    total_timesteps      | 53248       |
| train/                  |             |
|    approx_kl            | 0.013426021 |
|    clip_fraction        | 0.15        |
|    clip_range           | 0.2         |
|    entropy_loss         | -14         |
|    explained_variance   | -1.92e-05   |
|    learning_rate        | 0.0003      |
|    loss                 | 48.2        |
|    n_updates            | 120         |
|    policy_gradient_loss | -0.0233     |
|    std                  | 0.98        |
|    value_loss           | 160         |
-----------------------------------------
-----------------------------------------
| energy/                 |             |
|    E_damp_J             | 0.0828      |
|    E_fric_J             | 0.019       |
|    E_norm_J             | 0.00968     |
|    W_neg_J              | 0.0929      |
|    W_pos_J              | 0.217       |
| reward/                 |             |
|    r_energy             | -0.211      |
|    r_pose               | -0.0242     |
|    r_vel                | 0.222       |
|    r_xvel               | -1.05       |
| rollout/                |             |
|    ep_len_mean          | 82          |
|    ep_rew_mean          | -134        |
| time/                   |             |
|    fps                  | 47          |
|    iterations           | 14          |
|    time_elapsed         | 1199        |
|    total_timesteps      | 57344       |
| train/                  |             |
|    approx_kl            | 0.014252275 |
|    clip_fraction        | 0.164       |
|    clip_range           | 0.2         |
|    entropy_loss         | -14         |
|    explained_variance   | -1.61e-05   |
|    learning_rate        | 0.0003      |
|    loss                 | 30.1        |
|    n_updates            | 130         |
|    policy_gradient_loss | -0.0223     |
|    std                  | 0.979       |
|    value_loss           | 108         |
-----------------------------------------
-----------------------------------------
| energy/                 |             |
|    E_damp_J             | 0.0772      |
|    E_fric_J             | 0.0185      |
|    E_norm_J             | 0.0243      |
|    W_neg_J              | 0.0774      |
|    W_pos_J              | 0.229       |
| reward/                 |             |
|    r_energy             | -0.213      |
|    r_pose               | -0.026      |
|    r_vel                | 0.23        |
|    r_xvel               | -0.979      |
| rollout/                |             |
|    ep_len_mean          | 82          |
|    ep_rew_mean          | -123        |
| time/                   |             |
|    fps                  | 47          |
|    iterations           | 15          |
|    time_elapsed         | 1285        |
|    total_timesteps      | 61440       |
| train/                  |             |
|    approx_kl            | 0.016063992 |
|    clip_fraction        | 0.173       |
|    clip_range           | 0.2         |
|    entropy_loss         | -13.9       |
|    explained_variance   | -8.34e-06   |
|    learning_rate        | 0.0003      |
|    loss                 | 17.9        |
|    n_updates            | 140         |
|    policy_gradient_loss | -0.0225     |
|    std                  | 0.974       |
|    value_loss           | 64.7        |
-----------------------------------------
-----------------------------------------
| energy/                 |             |
|    E_damp_J             | 0.0714      |
|    E_fric_J             | 0.0192      |
|    E_norm_J             | 0.00923     |
|    W_neg_J              | 0.0778      |
|    W_pos_J              | 0.218       |
| reward/                 |             |
|    r_energy             | -0.198      |
|    r_pose               | -0.0281     |
|    r_vel                | 0.241       |
|    r_xvel               | -1.18       |
| rollout/                |             |
|    ep_len_mean          | 82          |
|    ep_rew_mean          | -117        |
| time/                   |             |
|    fps                  | 47          |
|    iterations           | 16          |
|    time_elapsed         | 1370        |
|    total_timesteps      | 65536       |
| train/                  |             |
|    approx_kl            | 0.023386355 |
|    clip_fraction        | 0.227       |
|    clip_range           | 0.2         |
|    entropy_loss         | -13.9       |
|    explained_variance   | -8.34e-06   |
|    learning_rate        | 0.0003      |
|    loss                 | 9.48        |
|    n_updates            | 150         |
|    policy_gradient_loss | -0.0254     |
|    std                  | 0.97        |
|    value_loss           | 34.8        |
-----------------------------------------
-----------------------------------------
| energy/                 |             |
|    E_damp_J             | 0.0712      |
|    E_fric_J             | 0.0155      |
|    E_norm_J             | 0.0237      |
|    W_neg_J              | 0.0886      |
|    W_pos_J              | 0.179       |
| reward/                 |             |
|    r_energy             | -0.189      |
|    r_pose               | -0.0229     |
|    r_vel                | 0.185       |
|    r_xvel               | -0.921      |
| rollout/                |             |
|    ep_len_mean          | 82          |
|    ep_rew_mean          | -111        |
| time/                   |             |
|    fps                  | 47          |
|    iterations           | 17          |
|    time_elapsed         | 1457        |
|    total_timesteps      | 69632       |
| train/                  |             |
|    approx_kl            | 0.025488954 |
|    clip_fraction        | 0.227       |
|    clip_range           | 0.2         |
|    entropy_loss         | -13.8       |
|    explained_variance   | -1.08e-05   |
|    learning_rate        | 0.0003      |
|    loss                 | 6.25        |
|    n_updates            | 160         |
|    policy_gradient_loss | -0.021      |
|    std                  | 0.961       |
|    value_loss           | 23.7        |
-----------------------------------------
-----------------------------------------
| energy/                 |             |
|    E_damp_J             | 0.0632      |
|    E_fric_J             | 0.0163      |
|    E_norm_J             | 0.00696     |
|    W_neg_J              | 0.0714      |
|    W_pos_J              | 0.175       |
| reward/                 |             |
|    r_energy             | -0.166      |
|    r_pose               | -0.0329     |
|    r_vel                | 0.266       |
|    r_xvel               | -0.943      |
| rollout/                |             |
|    ep_len_mean          | 82          |
|    ep_rew_mean          | -102        |
| time/                   |             |
|    fps                  | 47          |
|    iterations           | 18          |
|    time_elapsed         | 1544        |
|    total_timesteps      | 73728       |
| train/                  |             |
|    approx_kl            | 0.019013047 |
|    clip_fraction        | 0.227       |
|    clip_range           | 0.2         |
|    entropy_loss         | -13.7       |
|    explained_variance   | -7.03e-06   |
|    learning_rate        | 0.0003      |
|    loss                 | 7.62        |
|    n_updates            | 170         |
|    policy_gradient_loss | -0.0232     |
|    std                  | 0.958       |
|    value_loss           | 17.9        |
-----------------------------------------
----------------------------------------
| energy/                 |            |
|    E_damp_J             | 0.0859     |
|    E_fric_J             | 0.0167     |
|    E_norm_J             | 0.024      |
|    W_neg_J              | 0.0903     |
|    W_pos_J              | 0.211      |
| reward/                 |            |
|    r_energy             | -0.214     |
|    r_pose               | -0.0255    |
|    r_vel                | 0.197      |
|    r_xvel               | -0.767     |
| rollout/                |            |
|    ep_len_mean          | 82         |
|    ep_rew_mean          | -94.6      |
| time/                   |            |
|    fps                  | 47         |
|    iterations           | 19         |
|    time_elapsed         | 1631       |
|    total_timesteps      | 77824      |
| train/                  |            |
|    approx_kl            | 0.01875193 |
|    clip_fraction        | 0.222      |
|    clip_range           | 0.2        |
|    entropy_loss         | -13.7      |
|    explained_variance   | -1e-05     |
|    learning_rate        | 0.0003     |
|    loss                 | 8.94       |
|    n_updates            | 180        |
|    policy_gradient_loss | -0.0282    |
|    std                  | 0.954      |
|    value_loss           | 15.6       |
----------------------------------------
-----------------------------------------
| energy/                 |             |
|    E_damp_J             | 0.048       |
|    E_fric_J             | 0.0146      |
|    E_norm_J             | 0.00697     |
|    W_neg_J              | 0.061       |
|    W_pos_J              | 0.144       |
| reward/                 |             |
|    r_energy             | -0.137      |
|    r_pose               | -0.0246     |
|    r_vel                | 0.186       |
|    r_xvel               | -0.872      |
| rollout/                |             |
|    ep_len_mean          | 82          |
|    ep_rew_mean          | -89.1       |
| time/                   |             |
|    fps                  | 47          |
|    iterations           | 20          |
|    time_elapsed         | 1718        |
|    total_timesteps      | 81920       |
| train/                  |             |
|    approx_kl            | 0.018765487 |
|    clip_fraction        | 0.22        |
|    clip_range           | 0.2         |
|    entropy_loss         | -13.6       |
|    explained_variance   | -6.56e-06   |
|    learning_rate        | 0.0003      |
|    loss                 | 5.9         |
|    n_updates            | 190         |
|    policy_gradient_loss | -0.0292     |
|    std                  | 0.946       |
|    value_loss           | 13.7        |
-----------------------------------------
----------------------------------------
| energy/                 |            |
|    E_damp_J             | 0.0733     |
|    E_fric_J             | 0.0159     |
|    E_norm_J             | 0.0226     |
|    W_neg_J              | 0.0811     |
|    W_pos_J              | 0.183      |
| reward/                 |            |
|    r_energy             | -0.188     |
|    r_pose               | -0.0274    |
|    r_vel                | 0.238      |
|    r_xvel               | -0.883     |
| rollout/                |            |
|    ep_len_mean          | 82         |
|    ep_rew_mean          | -84.1      |
| time/                   |            |
|    fps                  | 47         |
|    iterations           | 21         |
|    time_elapsed         | 1804       |
|    total_timesteps      | 86016      |
| train/                  |            |
|    approx_kl            | 0.01571127 |
|    clip_fraction        | 0.189      |
|    clip_range           | 0.2        |
|    entropy_loss         | -13.6      |
|    explained_variance   | 7.15e-07   |
|    learning_rate        | 0.0003     |
|    loss                 | 5.4        |
|    n_updates            | 200        |
|    policy_gradient_loss | -0.0252    |
|    std                  | 0.945      |
|    value_loss           | 10.5       |
----------------------------------------
-----------------------------------------
| energy/                 |             |
|    E_damp_J             | 0.0511      |
|    E_fric_J             | 0.0154      |
|    E_norm_J             | 0.00725     |
|    W_neg_J              | 0.0545      |
|    W_pos_J              | 0.14        |
| reward/                 |             |
|    r_energy             | -0.134      |
|    r_pose               | -0.0284     |
|    r_vel                | 0.161       |
|    r_xvel               | -0.869      |
| rollout/                |             |
|    ep_len_mean          | 82          |
|    ep_rew_mean          | -80.8       |
| time/                   |             |
|    fps                  | 47          |
|    iterations           | 22          |
|    time_elapsed         | 1891        |
|    total_timesteps      | 90112       |
| train/                  |             |
|    approx_kl            | 0.015360821 |
|    clip_fraction        | 0.164       |
|    clip_range           | 0.2         |
|    entropy_loss         | -13.5       |
|    explained_variance   | -8.46e-06   |
|    learning_rate        | 0.0003      |
|    loss                 | 4.92        |
|    n_updates            | 210         |
|    policy_gradient_loss | -0.0239     |
|    std                  | 0.942       |
|    value_loss           | 10.9        |
-----------------------------------------
-----------------------------------------
| energy/                 |             |
|    E_damp_J             | 0.0634      |
|    E_fric_J             | 0.015       |
|    E_norm_J             | 0.0231      |
|    W_neg_J              | 0.0758      |
|    W_pos_J              | 0.165       |
| reward/                 |             |
|    r_energy             | -0.171      |
|    r_pose               | -0.0173     |
|    r_vel                | 0.162       |
|    r_xvel               | -0.774      |
| rollout/                |             |
|    ep_len_mean          | 82          |
|    ep_rew_mean          | -74.8       |
| time/                   |             |
|    fps                  | 47          |
|    iterations           | 23          |
|    time_elapsed         | 1977        |
|    total_timesteps      | 94208       |
| train/                  |             |
|    approx_kl            | 0.015265014 |
|    clip_fraction        | 0.176       |
|    clip_range           | 0.2         |
|    entropy_loss         | -13.5       |
|    explained_variance   | -7.99e-06   |
|    learning_rate        | 0.0003      |
|    loss                 | 5.18        |
|    n_updates            | 220         |
|    policy_gradient_loss | -0.0231     |
|    std                  | 0.94        |
|    value_loss           | 10.6        |
-----------------------------------------
-----------------------------------------
| energy/                 |             |
|    E_damp_J             | 0.0449      |
|    E_fric_J             | 0.0149      |
|    E_norm_J             | 0.00682     |
|    W_neg_J              | 0.0583      |
|    W_pos_J              | 0.125       |
| reward/                 |             |
|    r_energy             | -0.125      |
|    r_pose               | -0.0232     |
|    r_vel                | 0.217       |
|    r_xvel               | -0.741      |
| rollout/                |             |
|    ep_len_mean          | 82          |
|    ep_rew_mean          | -68.6       |
| time/                   |             |
|    fps                  | 47          |
|    iterations           | 24          |
|    time_elapsed         | 2065        |
|    total_timesteps      | 98304       |
| train/                  |             |
|    approx_kl            | 0.013249805 |
|    clip_fraction        | 0.126       |
|    clip_range           | 0.2         |
|    entropy_loss         | -13.5       |
|    explained_variance   | -1.37e-05   |
|    learning_rate        | 0.0003      |
|    loss                 | 4.33        |
|    n_updates            | 230         |
|    policy_gradient_loss | -0.0174     |
|    std                  | 0.934       |
|    value_loss           | 10.6        |
-----------------------------------------
-----------------------------------------
| energy/                 |             |
|    E_damp_J             | 0.0534      |
|    E_fric_J             | 0.0124      |
|    E_norm_J             | 0.0225      |
|    W_neg_J              | 0.0714      |
|    W_pos_J              | 0.132       |
| reward/                 |             |
|    r_energy             | -0.146      |
|    r_pose               | -0.0117     |
|    r_vel                | 0.146       |
|    r_xvel               | -0.555      |
| rollout/                |             |
|    ep_len_mean          | 82          |
|    ep_rew_mean          | -63.7       |
| time/                   |             |
|    fps                  | 47          |
|    iterations           | 25          |
|    time_elapsed         | 2152        |
|    total_timesteps      | 102400      |
| train/                  |             |
|    approx_kl            | 0.015630387 |
|    clip_fraction        | 0.151       |
|    clip_range           | 0.2         |
|    entropy_loss         | -13.4       |
|    explained_variance   | -3.22e-06   |
|    learning_rate        | 0.0003      |
|    loss                 | 4.91        |
|    n_updates            | 240         |
|    policy_gradient_loss | -0.0202     |
|    std                  | 0.929       |
|    value_loss           | 11.8        |
-----------------------------------------
-----------------------------------------
| energy/                 |             |
|    E_damp_J             | 0.0317      |
|    E_fric_J             | 0.0117      |
|    E_norm_J             | 0.00537     |
|    W_neg_J              | 0.039       |
|    W_pos_J              | 0.104       |
| reward/                 |             |
|    r_energy             | -0.0958     |
|    r_pose               | -0.0142     |
|    r_vel                | 0.214       |
|    r_xvel               | -0.498      |
| rollout/                |             |
|    ep_len_mean          | 82          |
|    ep_rew_mean          | -60.3       |
| time/                   |             |
|    fps                  | 47          |
|    iterations           | 26          |
|    time_elapsed         | 2238        |
|    total_timesteps      | 106496      |
| train/                  |             |
|    approx_kl            | 0.015640099 |
|    clip_fraction        | 0.143       |
|    clip_range           | 0.2         |
|    entropy_loss         | -13.3       |
|    explained_variance   | -5.13e-06   |
|    learning_rate        | 0.0003      |
|    loss                 | 4.48        |
|    n_updates            | 250         |
|    policy_gradient_loss | -0.0174     |
|    std                  | 0.926       |
|    value_loss           | 12.9        |
-----------------------------------------
-----------------------------------------
| energy/                 |             |
|    E_damp_J             | 0.0606      |
|    E_fric_J             | 0.0132      |
|    E_norm_J             | 0.0225      |
|    W_neg_J              | 0.0786      |
|    W_pos_J              | 0.146       |
| reward/                 |             |
|    r_energy             | -0.16       |
|    r_pose               | -0.0171     |
|    r_vel                | 0.198       |
|    r_xvel               | -0.656      |
| rollout/                |             |
|    ep_len_mean          | 82          |
|    ep_rew_mean          | -57.3       |
| time/                   |             |
|    fps                  | 47          |
|    iterations           | 27          |
|    time_elapsed         | 2325        |
|    total_timesteps      | 110592      |
| train/                  |             |
|    approx_kl            | 0.012733177 |
|    clip_fraction        | 0.141       |
|    clip_range           | 0.2         |
|    entropy_loss         | -13.3       |
|    explained_variance   | -5.48e-06   |
|    learning_rate        | 0.0003      |
|    loss                 | 4.69        |
|    n_updates            | 260         |
|    policy_gradient_loss | -0.0178     |
|    std                  | 0.921       |
|    value_loss           | 11          |
-----------------------------------------
-----------------------------------------
| energy/                 |             |
|    E_damp_J             | 0.0366      |
|    E_fric_J             | 0.0125      |
|    E_norm_J             | 0.00601     |
|    W_neg_J              | 0.0497      |
|    W_pos_J              | 0.096       |
| reward/                 |             |
|    r_energy             | -0.1        |
|    r_pose               | -0.0158     |
|    r_vel                | 0.176       |
|    r_xvel               | -0.597      |
| rollout/                |             |
|    ep_len_mean          | 82          |
|    ep_rew_mean          | -54.6       |
| time/                   |             |
|    fps                  | 47          |
|    iterations           | 28          |
|    time_elapsed         | 2412        |
|    total_timesteps      | 114688      |
| train/                  |             |
|    approx_kl            | 0.014580524 |
|    clip_fraction        | 0.165       |
|    clip_range           | 0.2         |
|    entropy_loss         | -13.2       |
|    explained_variance   | 0.0159      |
|    learning_rate        | 0.0003      |
|    loss                 | 3.74        |
|    n_updates            | 270         |
|    policy_gradient_loss | -0.0218     |
|    std                  | 0.915       |
|    value_loss           | 9           |
-----------------------------------------
-----------------------------------------
| energy/                 |             |
|    E_damp_J             | 0.0578      |
|    E_fric_J             | 0.0114      |
|    E_norm_J             | 0.0213      |
|    W_neg_J              | 0.0595      |
|    W_pos_J              | 0.141       |
| reward/                 |             |
|    r_energy             | -0.146      |
|    r_pose               | -0.0127     |
|    r_vel                | 0.161       |
|    r_xvel               | -0.436      |
| rollout/                |             |
|    ep_len_mean          | 82          |
|    ep_rew_mean          | -51.5       |
| time/                   |             |
|    fps                  | 47          |
|    iterations           | 29          |
|    time_elapsed         | 2499        |
|    total_timesteps      | 118784      |
| train/                  |             |
|    approx_kl            | 0.015353452 |
|    clip_fraction        | 0.169       |
|    clip_range           | 0.2         |
|    entropy_loss         | -13.1       |
|    explained_variance   | 0.00929     |
|    learning_rate        | 0.0003      |
|    loss                 | 2.6         |
|    n_updates            | 280         |
|    policy_gradient_loss | -0.0227     |
|    std                  | 0.911       |
|    value_loss           | 6.78        |
-----------------------------------------
------------------------------------------
| energy/                 |              |
|    E_damp_J             | 0.0274       |
|    E_fric_J             | 0.0107       |
|    E_norm_J             | 0.00463      |
|    W_neg_J              | 0.044        |
|    W_pos_J              | 0.0711       |
| reward/                 |              |
|    r_energy             | -0.0789      |
|    r_pose               | -0.0104      |
|    r_vel                | 0.189        |
|    r_xvel               | -0.391       |
| rollout/                |              |
|    ep_len_mean          | 82           |
|    ep_rew_mean          | -48.4        |
| time/                   |              |
|    fps                  | 47           |
|    iterations           | 30           |
|    time_elapsed         | 2586         |
|    total_timesteps      | 122880       |
| train/                  |              |
|    approx_kl            | 0.0137119815 |
|    clip_fraction        | 0.167        |
|    clip_range           | 0.2          |
|    entropy_loss         | -13.1        |
|    explained_variance   | 0.0201       |
|    learning_rate        | 0.0003       |
|    loss                 | 2.6          |
|    n_updates            | 290          |
|    policy_gradient_loss | -0.0219      |
|    std                  | 0.905        |
|    value_loss           | 8.01         |
------------------------------------------
-----------------------------------------
| energy/                 |             |
|    E_damp_J             | 0.048       |
|    E_fric_J             | 0.0105      |
|    E_norm_J             | 0.0221      |
|    W_neg_J              | 0.0564      |
|    W_pos_J              | 0.116       |
| reward/                 |             |
|    r_energy             | -0.127      |
|    r_pose               | -0.01       |
|    r_vel                | 0.133       |
|    r_xvel               | -0.406      |
| rollout/                |             |
|    ep_len_mean          | 82          |
|    ep_rew_mean          | -43.6       |
| time/                   |             |
|    fps                  | 47          |
|    iterations           | 31          |
|    time_elapsed         | 2674        |
|    total_timesteps      | 126976      |
| train/                  |             |
|    approx_kl            | 0.014823966 |
|    clip_fraction        | 0.169       |
|    clip_range           | 0.2         |
|    entropy_loss         | -13         |
|    explained_variance   | 0.0113      |
|    learning_rate        | 0.0003      |
|    loss                 | 3.08        |
|    n_updates            | 300         |
|    policy_gradient_loss | -0.0215     |
|    std                  | 0.903       |
|    value_loss           | 7.22        |
-----------------------------------------
-----------------------------------------
| energy/                 |             |
|    E_damp_J             | 0.0244      |
|    E_fric_J             | 0.0105      |
|    E_norm_J             | 0.00489     |
|    W_neg_J              | 0.0249      |
|    W_pos_J              | 0.0731      |
| reward/                 |             |
|    r_energy             | -0.0688     |
|    r_pose               | -0.00726    |
|    r_vel                | 0.148       |
|    r_xvel               | -0.427      |
| rollout/                |             |
|    ep_len_mean          | 82          |
|    ep_rew_mean          | -40.1       |
| time/                   |             |
|    fps                  | 47          |
|    iterations           | 32          |
|    time_elapsed         | 2761        |
|    total_timesteps      | 131072      |
| train/                  |             |
|    approx_kl            | 0.015481615 |
|    clip_fraction        | 0.174       |
|    clip_range           | 0.2         |
|    entropy_loss         | -13         |
|    explained_variance   | 0.0216      |
|    learning_rate        | 0.0003      |
|    loss                 | 3.8         |
|    n_updates            | 310         |
|    policy_gradient_loss | -0.0185     |
|    std                  | 0.901       |
|    value_loss           | 8.29        |
-----------------------------------------
-----------------------------------------
| energy/                 |             |
|    E_damp_J             | 0.0487      |
|    E_fric_J             | 0.0106      |
|    E_norm_J             | 0.0219      |
|    W_neg_J              | 0.0593      |
|    W_pos_J              | 0.111       |
| reward/                 |             |
|    r_energy             | -0.126      |
|    r_pose               | -0.00999    |
|    r_vel                | 0.139       |
|    r_xvel               | -0.38       |
| rollout/                |             |
|    ep_len_mean          | 82          |
|    ep_rew_mean          | -37.8       |
| time/                   |             |
|    fps                  | 47          |
|    iterations           | 33          |
|    time_elapsed         | 2849        |
|    total_timesteps      | 135168      |
| train/                  |             |
|    approx_kl            | 0.013416486 |
|    clip_fraction        | 0.164       |
|    clip_range           | 0.2         |
|    entropy_loss         | -12.9       |
|    explained_variance   | 0.0277      |
|    learning_rate        | 0.0003      |
|    loss                 | 2.85        |
|    n_updates            | 320         |
|    policy_gradient_loss | -0.0207     |
|    std                  | 0.896       |
|    value_loss           | 6.63        |
-----------------------------------------
-----------------------------------------
| energy/                 |             |
|    E_damp_J             | 0.0275      |
|    E_fric_J             | 0.0111      |
|    E_norm_J             | 0.00501     |
|    W_neg_J              | 0.0352      |
|    W_pos_J              | 0.0721      |
| reward/                 |             |
|    r_energy             | -0.0754     |
|    r_pose               | -0.00937    |
|    r_vel                | 0.158       |
|    r_xvel               | -0.381      |
| rollout/                |             |
|    ep_len_mean          | 82          |
|    ep_rew_mean          | -35.8       |
| time/                   |             |
|    fps                  | 47          |
|    iterations           | 34          |
|    time_elapsed         | 2937        |
|    total_timesteps      | 139264      |
| train/                  |             |
|    approx_kl            | 0.014508832 |
|    clip_fraction        | 0.167       |
|    clip_range           | 0.2         |
|    entropy_loss         | -12.9       |
|    explained_variance   | 0.0434      |
|    learning_rate        | 0.0003      |
|    loss                 | 2           |
|    n_updates            | 330         |
|    policy_gradient_loss | -0.0216     |
|    std                  | 0.893       |
|    value_loss           | 5.5         |
-----------------------------------------
-----------------------------------------
| energy/                 |             |
|    E_damp_J             | 0.0517      |
|    E_fric_J             | 0.0116      |
|    E_norm_J             | 0.0214      |
|    W_neg_J              | 0.0649      |
|    W_pos_J              | 0.119       |
| reward/                 |             |
|    r_energy             | -0.134      |
|    r_pose               | -0.00857    |
|    r_vel                | 0.169       |
|    r_xvel               | -0.336      |
| rollout/                |             |
|    ep_len_mean          | 82          |
|    ep_rew_mean          | -34.1       |
| time/                   |             |
|    fps                  | 47          |
|    iterations           | 35          |
|    time_elapsed         | 3025        |
|    total_timesteps      | 143360      |
| train/                  |             |
|    approx_kl            | 0.014920341 |
|    clip_fraction        | 0.175       |
|    clip_range           | 0.2         |
|    entropy_loss         | -12.8       |
|    explained_variance   | 0.0357      |
|    learning_rate        | 0.0003      |
|    loss                 | 2.71        |
|    n_updates            | 340         |
|    policy_gradient_loss | -0.0209     |
|    std                  | 0.887       |
|    value_loss           | 5.51        |
-----------------------------------------
-----------------------------------------
| energy/                 |             |
|    E_damp_J             | 0.0289      |
|    E_fric_J             | 0.00969     |
|    E_norm_J             | 0.0043      |
|    W_neg_J              | 0.0351      |
|    W_pos_J              | 0.0712      |
| reward/                 |             |
|    r_energy             | -0.0746     |
|    r_pose               | -0.00638    |
|    r_vel                | 0.144       |
|    r_xvel               | -0.254      |
| rollout/                |             |
|    ep_len_mean          | 82          |
|    ep_rew_mean          | -33.2       |
| time/                   |             |
|    fps                  | 47          |
|    iterations           | 36          |
|    time_elapsed         | 3115        |
|    total_timesteps      | 147456      |
| train/                  |             |
|    approx_kl            | 0.014152285 |
|    clip_fraction        | 0.159       |
|    clip_range           | 0.2         |
|    entropy_loss         | -12.8       |
|    explained_variance   | 0.0393      |
|    learning_rate        | 0.0003      |
|    loss                 | 2.22        |
|    n_updates            | 350         |
|    policy_gradient_loss | -0.0202     |
|    std                  | 0.882       |
|    value_loss           | 4.91        |
-----------------------------------------
-----------------------------------------
| energy/                 |             |
|    E_damp_J             | 0.0501      |
|    E_fric_J             | 0.00972     |
|    E_norm_J             | 0.021       |
|    W_neg_J              | 0.0514      |
|    W_pos_J              | 0.119       |
| reward/                 |             |
|    r_energy             | -0.125      |
|    r_pose               | -0.00512    |
|    r_vel                | 0.136       |
|    r_xvel               | -0.303      |
| rollout/                |             |
|    ep_len_mean          | 82          |
|    ep_rew_mean          | -31         |
| time/                   |             |
|    fps                  | 47          |
|    iterations           | 37          |
|    time_elapsed         | 3206        |
|    total_timesteps      | 151552      |
| train/                  |             |
|    approx_kl            | 0.014373254 |
|    clip_fraction        | 0.191       |
|    clip_range           | 0.2         |
|    entropy_loss         | -12.7       |
|    explained_variance   | 0.0357      |
|    learning_rate        | 0.0003      |
|    loss                 | 2.28        |
|    n_updates            | 360         |
|    policy_gradient_loss | -0.0253     |
|    std                  | 0.879       |
|    value_loss           | 4.87        |
-----------------------------------------
-----------------------------------------
| energy/                 |             |
|    E_damp_J             | 0.0233      |
|    E_fric_J             | 0.00928     |
|    E_norm_J             | 0.00393     |
|    W_neg_J              | 0.0252      |
|    W_pos_J              | 0.0631      |
| reward/                 |             |
|    r_energy             | -0.0624     |
|    r_pose               | -0.00516    |
|    r_vel                | 0.147       |
|    r_xvel               | -0.179      |
| rollout/                |             |
|    ep_len_mean          | 82          |
|    ep_rew_mean          | -28.7       |
| time/                   |             |
|    fps                  | 47          |
|    iterations           | 38          |
|    time_elapsed         | 3296        |
|    total_timesteps      | 155648      |
| train/                  |             |
|    approx_kl            | 0.014210731 |
|    clip_fraction        | 0.153       |
|    clip_range           | 0.2         |
|    entropy_loss         | -12.6       |
|    explained_variance   | 0.0658      |
|    learning_rate        | 0.0003      |
|    loss                 | 1.31        |
|    n_updates            | 370         |
|    policy_gradient_loss | -0.0196     |
|    std                  | 0.874       |
|    value_loss           | 3.57        |
-----------------------------------------
-----------------------------------------
| energy/                 |             |
|    E_damp_J             | 0.0398      |
|    E_fric_J             | 0.00965     |
|    E_norm_J             | 0.021       |
|    W_neg_J              | 0.0457      |
|    W_pos_J              | 0.0887      |
| reward/                 |             |
|    r_energy             | -0.102      |
|    r_pose               | -0.00606    |
|    r_vel                | 0.115       |
|    r_xvel               | -0.216      |
| rollout/                |             |
|    ep_len_mean          | 82          |
|    ep_rew_mean          | -27.7       |
| time/                   |             |
|    fps                  | 47          |
|    iterations           | 39          |
|    time_elapsed         | 3388        |
|    total_timesteps      | 159744      |
| train/                  |             |
|    approx_kl            | 0.015457576 |
|    clip_fraction        | 0.176       |
|    clip_range           | 0.2         |
|    entropy_loss         | -12.6       |
|    explained_variance   | 0.0737      |
|    learning_rate        | 0.0003      |
|    loss                 | 0.909       |
|    n_updates            | 380         |
|    policy_gradient_loss | -0.0198     |
|    std                  | 0.87        |
|    value_loss           | 2.52        |
-----------------------------------------
-----------------------------------------
| energy/                 |             |
|    E_damp_J             | 0.0195      |
|    E_fric_J             | 0.00884     |
|    E_norm_J             | 0.00395     |
|    W_neg_J              | 0.0278      |
|    W_pos_J              | 0.0564      |
| reward/                 |             |
|    r_energy             | -0.0582     |
|    r_pose               | -0.00561    |
|    r_vel                | 0.139       |
|    r_xvel               | -0.279      |
| rollout/                |             |
|    ep_len_mean          | 82          |
|    ep_rew_mean          | -26         |
| time/                   |             |
|    fps                  | 47          |
|    iterations           | 40          |
|    time_elapsed         | 3479        |
|    total_timesteps      | 163840      |
| train/                  |             |
|    approx_kl            | 0.014068421 |
|    clip_fraction        | 0.176       |
|    clip_range           | 0.2         |
|    entropy_loss         | -12.5       |
|    explained_variance   | 0.0863      |
|    learning_rate        | 0.0003      |
|    loss                 | 0.69        |
|    n_updates            | 390         |
|    policy_gradient_loss | -0.0214     |
|    std                  | 0.866       |
|    value_loss           | 2.89        |
-----------------------------------------
-----------------------------------------
| energy/                 |             |
|    E_damp_J             | 0.0186      |
|    E_fric_J             | 0.0082      |
|    E_norm_J             | 0.0038      |
|    W_neg_J              | 0.022       |
|    W_pos_J              | 0.0474      |
| reward/                 |             |
|    r_energy             | -0.05       |
|    r_pose               | -0.00395    |
|    r_vel                | 0.0924      |
|    r_xvel               | -0.16       |
| rollout/                |             |
|    ep_len_mean          | 82          |
|    ep_rew_mean          | -24.5       |
| time/                   |             |
|    fps                  | 47          |
|    iterations           | 41          |
|    time_elapsed         | 3571        |
|    total_timesteps      | 167936      |
| train/                  |             |
|    approx_kl            | 0.014399146 |
|    clip_fraction        | 0.171       |
|    clip_range           | 0.2         |
|    entropy_loss         | -12.5       |
|    explained_variance   | 0.0797      |
|    learning_rate        | 0.0003      |
|    loss                 | 1.32        |
|    n_updates            | 400         |
|    policy_gradient_loss | -0.0207     |
|    std                  | 0.862       |
|    value_loss           | 3.06        |
-----------------------------------------
------------------------------------------
| energy/                 |              |
|    E_damp_J             | 0.0181       |
|    E_fric_J             | 0.00837      |
|    E_norm_J             | 0.00386      |
|    W_neg_J              | 0.0241       |
|    W_pos_J              | 0.0473       |
| reward/                 |              |
|    r_energy             | -0.0508      |
|    r_pose               | -0.00489     |
|    r_vel                | 0.0831       |
|    r_xvel               | -0.155       |
| rollout/                |              |
|    ep_len_mean          | 82           |
|    ep_rew_mean          | -23.9        |
| time/                   |              |
|    fps                  | 46           |
|    iterations           | 42           |
|    time_elapsed         | 3662         |
|    total_timesteps      | 172032       |
| train/                  |              |
|    approx_kl            | 0.0155215245 |
|    clip_fraction        | 0.171        |
|    clip_range           | 0.2          |
|    entropy_loss         | -12.4        |
|    explained_variance   | 0.084        |
|    learning_rate        | 0.0003       |
|    loss                 | 0.815        |
|    n_updates            | 410          |
|    policy_gradient_loss | -0.0208      |
|    std                  | 0.854        |
|    value_loss           | 2.28         |
------------------------------------------
----------------------------------------
| energy/                 |            |
|    E_damp_J             | 0.0187     |
|    E_fric_J             | 0.0086     |
|    E_norm_J             | 0.0037     |
|    W_neg_J              | 0.0263     |
|    W_pos_J              | 0.0455     |
| reward/                 |            |
|    r_energy             | -0.0514    |
|    r_pose               | -0.00459   |
|    r_vel                | 0.104      |
|    r_xvel               | -0.227     |
| rollout/                |            |
|    ep_len_mean          | 82         |
|    ep_rew_mean          | -22.4      |
| time/                   |            |
|    fps                  | 46         |
|    iterations           | 43         |
|    time_elapsed         | 3753       |
|    total_timesteps      | 176128     |
| train/                  |            |
|    approx_kl            | 0.01600647 |
|    clip_fraction        | 0.196      |
|    clip_range           | 0.2        |
|    entropy_loss         | -12.3      |
|    explained_variance   | 0.118      |
|    learning_rate        | 0.0003     |
|    loss                 | 0.699      |
|    n_updates            | 420        |
|    policy_gradient_loss | -0.0235    |
|    std                  | 0.846      |
|    value_loss           | 2.09       |
----------------------------------------
----------------------------------------
| energy/                 |            |
|    E_damp_J             | 0.0157     |
|    E_fric_J             | 0.00788    |
|    E_norm_J             | 0.00319    |
|    W_neg_J              | 0.0235     |
|    W_pos_J              | 0.0359     |
| reward/                 |            |
|    r_energy             | -0.0431    |
|    r_pose               | -0.00452   |
|    r_vel                | 0.128      |
|    r_xvel               | -0.148     |
| rollout/                |            |
|    ep_len_mean          | 82         |
|    ep_rew_mean          | -21        |
| time/                   |            |
|    fps                  | 46         |
|    iterations           | 44         |
|    time_elapsed         | 3844       |
|    total_timesteps      | 180224     |
| train/                  |            |
|    approx_kl            | 0.01494718 |
|    clip_fraction        | 0.175      |
|    clip_range           | 0.2        |
|    entropy_loss         | -12.2      |
|    explained_variance   | 0.143      |
|    learning_rate        | 0.0003     |
|    loss                 | 0.566      |
|    n_updates            | 430        |
|    policy_gradient_loss | -0.0206    |
|    std                  | 0.838      |
|    value_loss           | 1.75       |
----------------------------------------
----------------------------------------
| energy/                 |            |
|    E_damp_J             | 0.0156     |
|    E_fric_J             | 0.00836    |
|    E_norm_J             | 0.00378    |
|    W_neg_J              | 0.023      |
|    W_pos_J              | 0.0416     |
| reward/                 |            |
|    r_energy             | -0.0462    |
|    r_pose               | -0.00599   |
|    r_vel                | 0.103      |
|    r_xvel               | -0.204     |
| rollout/                |            |
|    ep_len_mean          | 82         |
|    ep_rew_mean          | -20.6      |
| time/                   |            |
|    fps                  | 46         |
|    iterations           | 45         |
|    time_elapsed         | 3934       |
|    total_timesteps      | 184320     |
| train/                  |            |
|    approx_kl            | 0.01640923 |
|    clip_fraction        | 0.186      |
|    clip_range           | 0.2        |
|    entropy_loss         | -12.1      |
|    explained_variance   | 0.111      |
|    learning_rate        | 0.0003     |
|    loss                 | 0.458      |
|    n_updates            | 440        |
|    policy_gradient_loss | -0.0203    |
|    std                  | 0.834      |
|    value_loss           | 1.46       |
----------------------------------------
-----------------------------------------
| energy/                 |             |
|    E_damp_J             | 0.0146      |
|    E_fric_J             | 0.00757     |
|    E_norm_J             | 0.00298     |
|    W_neg_J              | 0.019       |
|    W_pos_J              | 0.0359      |
| reward/                 |             |
|    r_energy             | -0.04       |
|    r_pose               | -0.00408    |
|    r_vel                | 0.124       |
|    r_xvel               | -0.132      |
| rollout/                |             |
|    ep_len_mean          | 82          |
|    ep_rew_mean          | -20.1       |
| time/                   |             |
|    fps                  | 46          |
|    iterations           | 46          |
|    time_elapsed         | 4025        |
|    total_timesteps      | 188416      |
| train/                  |             |
|    approx_kl            | 0.017091086 |
|    clip_fraction        | 0.193       |
|    clip_range           | 0.2         |
|    entropy_loss         | -12         |
|    explained_variance   | 0.167       |
|    learning_rate        | 0.0003      |
|    loss                 | 0.645       |
|    n_updates            | 450         |
|    policy_gradient_loss | -0.0224     |
|    std                  | 0.826       |
|    value_loss           | 1.61        |
-----------------------------------------
-----------------------------------------
| energy/                 |             |
|    E_damp_J             | 0.0153      |
|    E_fric_J             | 0.00773     |
|    E_norm_J             | 0.00345     |
|    W_neg_J              | 0.0198      |
|    W_pos_J              | 0.0452      |
| reward/                 |             |
|    r_energy             | -0.0457     |
|    r_pose               | -0.00436    |
|    r_vel                | 0.114       |
|    r_xvel               | -0.167      |
| rollout/                |             |
|    ep_len_mean          | 82          |
|    ep_rew_mean          | -19         |
| time/                   |             |
|    fps                  | 46          |
|    iterations           | 47          |
|    time_elapsed         | 4116        |
|    total_timesteps      | 192512      |
| train/                  |             |
|    approx_kl            | 0.016901912 |
|    clip_fraction        | 0.188       |
|    clip_range           | 0.2         |
|    entropy_loss         | -12         |
|    explained_variance   | 0.185       |
|    learning_rate        | 0.0003      |
|    loss                 | 0.31        |
|    n_updates            | 460         |
|    policy_gradient_loss | -0.0235     |
|    std                  | 0.822       |
|    value_loss           | 1.14        |
-----------------------------------------
------------------------------------------
| energy/                 |              |
|    E_damp_J             | 0.0173       |
|    E_fric_J             | 0.00829      |
|    E_norm_J             | 0.00355      |
|    W_neg_J              | 0.024        |
|    W_pos_J              | 0.0466       |
| reward/                 |              |
|    r_energy             | -0.0499      |
|    r_pose               | -0.00382     |
|    r_vel                | 0.106        |
|    r_xvel               | -0.14        |
| rollout/                |              |
|    ep_len_mean          | 82           |
|    ep_rew_mean          | -18.5        |
| time/                   |              |
|    fps                  | 46           |
|    iterations           | 48           |
|    time_elapsed         | 4205         |
|    total_timesteps      | 196608       |
| train/                  |              |
|    approx_kl            | 0.0148326205 |
|    clip_fraction        | 0.175        |
|    clip_range           | 0.2          |
|    entropy_loss         | -11.9        |
|    explained_variance   | 0.16         |
|    learning_rate        | 0.0003       |
|    loss                 | 0.46         |
|    n_updates            | 470          |
|    policy_gradient_loss | -0.0204      |
|    std                  | 0.816        |
|    value_loss           | 1.46         |
------------------------------------------
-----------------------------------------
| energy/                 |             |
|    E_damp_J             | 0.014       |
|    E_fric_J             | 0.00768     |
|    E_norm_J             | 0.00318     |
|    W_neg_J              | 0.0192      |
|    W_pos_J              | 0.0364      |
| reward/                 |             |
|    r_energy             | -0.0402     |
|    r_pose               | -0.00326    |
|    r_vel                | 0.0973      |
|    r_xvel               | -0.157      |
| rollout/                |             |
|    ep_len_mean          | 82          |
|    ep_rew_mean          | -18         |
| time/                   |             |
|    fps                  | 46          |
|    iterations           | 49          |
|    time_elapsed         | 4295        |
|    total_timesteps      | 200704      |
| train/                  |             |
|    approx_kl            | 0.016183112 |
|    clip_fraction        | 0.199       |
|    clip_range           | 0.2         |
|    entropy_loss         | -11.8       |
|    explained_variance   | 0.2         |
|    learning_rate        | 0.0003      |
|    loss                 | 0.577       |
|    n_updates            | 480         |
|    policy_gradient_loss | -0.0232     |
|    std                  | 0.811       |
|    value_loss           | 1.54        |
-----------------------------------------
-----------------------------------------
| energy/                 |             |
|    E_damp_J             | 0.0144      |
|    E_fric_J             | 0.00758     |
|    E_norm_J             | 0.00318     |
|    W_neg_J              | 0.0174      |
|    W_pos_J              | 0.0417      |
| reward/                 |             |
|    r_energy             | -0.0421     |
|    r_pose               | -0.00373    |
|    r_vel                | 0.103       |
|    r_xvel               | -0.117      |
| rollout/                |             |
|    ep_len_mean          | 82          |
|    ep_rew_mean          | -16.7       |
| time/                   |             |
|    fps                  | 46          |
|    iterations           | 50          |
|    time_elapsed         | 4386        |
|    total_timesteps      | 204800      |
| train/                  |             |
|    approx_kl            | 0.015169269 |
|    clip_fraction        | 0.195       |
|    clip_range           | 0.2         |
|    entropy_loss         | -11.8       |
|    explained_variance   | 0.218       |
|    learning_rate        | 0.0003      |
|    loss                 | 0.297       |
|    n_updates            | 490         |
|    policy_gradient_loss | -0.02       |
|    std                  | 0.806       |
|    value_loss           | 1.04        |
-----------------------------------------
-----------------------------------------
| energy/                 |             |
|    E_damp_J             | 0.0132      |
|    E_fric_J             | 0.00701     |
|    E_norm_J             | 0.00291     |
|    W_neg_J              | 0.0188      |
|    W_pos_J              | 0.0302      |
| reward/                 |             |
|    r_energy             | -0.0361     |
|    r_pose               | -0.0036     |
|    r_vel                | 0.126       |
|    r_xvel               | -0.13       |
| rollout/                |             |
|    ep_len_mean          | 82          |
|    ep_rew_mean          | -15.6       |
| time/                   |             |
|    fps                  | 46          |
|    iterations           | 51          |
|    time_elapsed         | 4478        |
|    total_timesteps      | 208896      |
| train/                  |             |
|    approx_kl            | 0.016939316 |
|    clip_fraction        | 0.196       |
|    clip_range           | 0.2         |
|    entropy_loss         | -11.7       |
|    explained_variance   | 0.26        |
|    learning_rate        | 0.0003      |
|    loss                 | 0.369       |
|    n_updates            | 500         |
|    policy_gradient_loss | -0.0198     |
|    std                  | 0.8         |
|    value_loss           | 1.01        |
-----------------------------------------
-----------------------------------------
| energy/                 |             |
|    E_damp_J             | 0.0148      |
|    E_fric_J             | 0.0074      |
|    E_norm_J             | 0.0032      |
|    W_neg_J              | 0.0164      |
|    W_pos_J              | 0.0394      |
| reward/                 |             |
|    r_energy             | -0.0406     |
|    r_pose               | -0.00313    |
|    r_vel                | 0.11        |
|    r_xvel               | -0.0954     |
| rollout/                |             |
|    ep_len_mean          | 82          |
|    ep_rew_mean          | -14.9       |
| time/                   |             |
|    fps                  | 46          |
|    iterations           | 52          |
|    time_elapsed         | 4571        |
|    total_timesteps      | 212992      |
| train/                  |             |
|    approx_kl            | 0.017978247 |
|    clip_fraction        | 0.208       |
|    clip_range           | 0.2         |
|    entropy_loss         | -11.6       |
|    explained_variance   | 0.243       |
|    learning_rate        | 0.0003      |
|    loss                 | 0.307       |
|    n_updates            | 510         |
|    policy_gradient_loss | -0.0228     |
|    std                  | 0.793       |
|    value_loss           | 0.873       |
-----------------------------------------
-----------------------------------------
| energy/                 |             |
|    E_damp_J             | 0.0117      |
|    E_fric_J             | 0.00731     |
|    E_norm_J             | 0.00289     |
|    W_neg_J              | 0.0173      |
|    W_pos_J              | 0.0271      |
| reward/                 |             |
|    r_energy             | -0.0332     |
|    r_pose               | -0.00354    |
|    r_vel                | 0.127       |
|    r_xvel               | -0.124      |
| rollout/                |             |
|    ep_len_mean          | 82          |
|    ep_rew_mean          | -14.4       |
| time/                   |             |
|    fps                  | 46          |
|    iterations           | 53          |
|    time_elapsed         | 4663        |
|    total_timesteps      | 217088      |
| train/                  |             |
|    approx_kl            | 0.014588723 |
|    clip_fraction        | 0.185       |
|    clip_range           | 0.2         |
|    entropy_loss         | -11.5       |
|    explained_variance   | 0.314       |
|    learning_rate        | 0.0003      |
|    loss                 | 0.273       |
|    n_updates            | 520         |
|    policy_gradient_loss | -0.0222     |
|    std                  | 0.786       |
|    value_loss           | 0.925       |
-----------------------------------------
-----------------------------------------
| energy/                 |             |
|    E_damp_J             | 0.0135      |
|    E_fric_J             | 0.00731     |
|    E_norm_J             | 0.00323     |
|    W_neg_J              | 0.0197      |
|    W_pos_J              | 0.0381      |
| reward/                 |             |
|    r_energy             | -0.0409     |
|    r_pose               | -0.00331    |
|    r_vel                | 0.11        |
|    r_xvel               | -0.12       |
| rollout/                |             |
|    ep_len_mean          | 82          |
|    ep_rew_mean          | -14.1       |
| time/                   |             |
|    fps                  | 46          |
|    iterations           | 54          |
|    time_elapsed         | 4755        |
|    total_timesteps      | 221184      |
| train/                  |             |
|    approx_kl            | 0.015410023 |
|    clip_fraction        | 0.19        |
|    clip_range           | 0.2         |
|    entropy_loss         | -11.4       |
|    explained_variance   | 0.344       |
|    learning_rate        | 0.0003      |
|    loss                 | 0.223       |
|    n_updates            | 530         |
|    policy_gradient_loss | -0.0205     |
|    std                  | 0.782       |
|    value_loss           | 0.763       |
-----------------------------------------
----------------------------------------
| energy/                 |            |
|    E_damp_J             | 0.0103     |
|    E_fric_J             | 0.00616    |
|    E_norm_J             | 0.00244    |
|    W_neg_J              | 0.0144     |
|    W_pos_J              | 0.0244     |
| reward/                 |            |
|    r_energy             | -0.0288    |
|    r_pose               | -0.0031    |
|    r_vel                | 0.108      |
|    r_xvel               | -0.0849    |
| rollout/                |            |
|    ep_len_mean          | 82         |
|    ep_rew_mean          | -13.6      |
| time/                   |            |
|    fps                  | 46         |
|    iterations           | 55         |
|    time_elapsed         | 4848       |
|    total_timesteps      | 225280     |
| train/                  |            |
|    approx_kl            | 0.01660618 |
|    clip_fraction        | 0.203      |
|    clip_range           | 0.2        |
|    entropy_loss         | -11.3      |
|    explained_variance   | 0.383      |
|    learning_rate        | 0.0003     |
|    loss                 | 0.188      |
|    n_updates            | 540        |
|    policy_gradient_loss | -0.0212    |
|    std                  | 0.776      |
|    value_loss           | 0.691      |
----------------------------------------
-----------------------------------------
| energy/                 |             |
|    E_damp_J             | 0.0233      |
|    E_fric_J             | 0.00795     |
|    E_norm_J             | 0.0203      |
|    W_neg_J              | 0.0237      |
|    W_pos_J              | 0.0682      |
| reward/                 |             |
|    r_energy             | -0.0717     |
|    r_pose               | -0.00277    |
|    r_vel                | 0.0737      |
|    r_xvel               | -0.192      |
| rollout/                |             |
|    ep_len_mean          | 82          |
|    ep_rew_mean          | -12.6       |
| time/                   |             |
|    fps                  | 46          |
|    iterations           | 56          |
|    time_elapsed         | 4940        |
|    total_timesteps      | 229376      |
| train/                  |             |
|    approx_kl            | 0.017315067 |
|    clip_fraction        | 0.201       |
|    clip_range           | 0.2         |
|    entropy_loss         | -11.3       |
|    explained_variance   | 0.344       |
|    learning_rate        | 0.0003      |
|    loss                 | 0.201       |
|    n_updates            | 550         |
|    policy_gradient_loss | -0.023      |
|    std                  | 0.77        |
|    value_loss           | 0.727       |
-----------------------------------------
-----------------------------------------
| energy/                 |             |
|    E_damp_J             | 0.0141      |
|    E_fric_J             | 0.00731     |
|    E_norm_J             | 0.00295     |
|    W_neg_J              | 0.0153      |
|    W_pos_J              | 0.0381      |
| reward/                 |             |
|    r_energy             | -0.0389     |
|    r_pose               | -0.00265    |
|    r_vel                | 0.103       |
|    r_xvel               | -0.108      |
| rollout/                |             |
|    ep_len_mean          | 82          |
|    ep_rew_mean          | -12.2       |
| time/                   |             |
|    fps                  | 46          |
|    iterations           | 57          |
|    time_elapsed         | 5033        |
|    total_timesteps      | 233472      |
| train/                  |             |
|    approx_kl            | 0.015458088 |
|    clip_fraction        | 0.189       |
|    clip_range           | 0.2         |
|    entropy_loss         | -11.2       |
|    explained_variance   | 0.433       |
|    learning_rate        | 0.0003      |
|    loss                 | 0.0682      |
|    n_updates            | 560         |
|    policy_gradient_loss | -0.0197     |
|    std                  | 0.765       |
|    value_loss           | 0.576       |
-----------------------------------------
-----------------------------------------
| energy/                 |             |
|    E_damp_J             | 0.0377      |
|    E_fric_J             | 0.00734     |
|    E_norm_J             | 0.0205      |
|    W_neg_J              | 0.0508      |
|    W_pos_J              | 0.0723      |
| reward/                 |             |
|    r_energy             | -0.0943     |
|    r_pose               | -0.00227    |
|    r_vel                | 0.0943      |
|    r_xvel               | -0.117      |
| rollout/                |             |
|    ep_len_mean          | 82          |
|    ep_rew_mean          | -11.9       |
| time/                   |             |
|    fps                  | 46          |
|    iterations           | 58          |
|    time_elapsed         | 5125        |
|    total_timesteps      | 237568      |
| train/                  |             |
|    approx_kl            | 0.017369892 |
|    clip_fraction        | 0.195       |
|    clip_range           | 0.2         |
|    entropy_loss         | -11.1       |
|    explained_variance   | 0.384       |
|    learning_rate        | 0.0003      |
|    loss                 | 0.136       |
|    n_updates            | 570         |
|    policy_gradient_loss | -0.0226     |
|    std                  | 0.759       |
|    value_loss           | 0.57        |
-----------------------------------------
-----------------------------------------
| energy/                 |             |
|    E_damp_J             | 0.0115      |
|    E_fric_J             | 0.00646     |
|    E_norm_J             | 0.00254     |
|    W_neg_J              | 0.0137      |
|    W_pos_J              | 0.0289      |
| reward/                 |             |
|    r_energy             | -0.0315     |
|    r_pose               | -0.00255    |
|    r_vel                | 0.0874      |
|    r_xvel               | -0.0749     |
| rollout/                |             |
|    ep_len_mean          | 82          |
|    ep_rew_mean          | -11.4       |
| time/                   |             |
|    fps                  | 46          |
|    iterations           | 59          |
|    time_elapsed         | 5217        |
|    total_timesteps      | 241664      |
| train/                  |             |
|    approx_kl            | 0.017728478 |
|    clip_fraction        | 0.218       |
|    clip_range           | 0.2         |
|    entropy_loss         | -11         |
|    explained_variance   | 0.407       |
|    learning_rate        | 0.0003      |
|    loss                 | 0.11        |
|    n_updates            | 580         |
|    policy_gradient_loss | -0.0218     |
|    std                  | 0.754       |
|    value_loss           | 0.521       |
-----------------------------------------
-----------------------------------------
| energy/                 |             |
|    E_damp_J             | 0.037       |
|    E_fric_J             | 0.00774     |
|    E_norm_J             | 0.0202      |
|    W_neg_J              | 0.0449      |
|    W_pos_J              | 0.0772      |
| reward/                 |             |
|    r_energy             | -0.0935     |
|    r_pose               | -0.00277    |
|    r_vel                | 0.0856      |
|    r_xvel               | -0.163      |
| rollout/                |             |
|    ep_len_mean          | 82          |
|    ep_rew_mean          | -10.7       |
| time/                   |             |
|    fps                  | 46          |
|    iterations           | 60          |
|    time_elapsed         | 5310        |
|    total_timesteps      | 245760      |
| train/                  |             |
|    approx_kl            | 0.019934261 |
|    clip_fraction        | 0.225       |
|    clip_range           | 0.2         |
|    entropy_loss         | -10.9       |
|    explained_variance   | 0.432       |
|    learning_rate        | 0.0003      |
|    loss                 | 0.0464      |
|    n_updates            | 590         |
|    policy_gradient_loss | -0.0225     |
|    std                  | 0.748       |
|    value_loss           | 0.493       |
-----------------------------------------
-----------------------------------------
| energy/                 |             |
|    E_damp_J             | 0.00973     |
|    E_fric_J             | 0.00592     |
|    E_norm_J             | 0.00236     |
|    W_neg_J              | 0.0119      |
|    W_pos_J              | 0.0224      |
| reward/                 |             |
|    r_energy             | -0.0262     |
|    r_pose               | -0.00246    |
|    r_vel                | 0.0791      |
|    r_xvel               | -0.0595     |
| rollout/                |             |
|    ep_len_mean          | 82          |
|    ep_rew_mean          | -10.2       |
| time/                   |             |
|    fps                  | 46          |
|    iterations           | 61          |
|    time_elapsed         | 5401        |
|    total_timesteps      | 249856      |
| train/                  |             |
|    approx_kl            | 0.016115557 |
|    clip_fraction        | 0.196       |
|    clip_range           | 0.2         |
|    entropy_loss         | -10.9       |
|    explained_variance   | 0.495       |
|    learning_rate        | 0.0003      |
|    loss                 | 0.069       |
|    n_updates            | 600         |
|    policy_gradient_loss | -0.0197     |
|    std                  | 0.743       |
|    value_loss           | 0.456       |
-----------------------------------------
-----------------------------------------
| energy/                 |             |
|    E_damp_J             | 0.0352      |
|    E_fric_J             | 0.00751     |
|    E_norm_J             | 0.02        |
|    W_neg_J              | 0.045       |
|    W_pos_J              | 0.0747      |
| reward/                 |             |
|    r_energy             | -0.0912     |
|    r_pose               | -0.00272    |
|    r_vel                | 0.0786      |
|    r_xvel               | -0.113      |
| rollout/                |             |
|    ep_len_mean          | 82          |
|    ep_rew_mean          | -10.1       |
| time/                   |             |
|    fps                  | 46          |
|    iterations           | 62          |
|    time_elapsed         | 5492        |
|    total_timesteps      | 253952      |
| train/                  |             |
|    approx_kl            | 0.016781602 |
|    clip_fraction        | 0.204       |
|    clip_range           | 0.2         |
|    entropy_loss         | -10.8       |
|    explained_variance   | 0.506       |
|    learning_rate        | 0.0003      |
|    loss                 | 0.0363      |
|    n_updates            | 610         |
|    policy_gradient_loss | -0.0218     |
|    std                  | 0.739       |
|    value_loss           | 0.346       |
-----------------------------------------
-----------------------------------------
| energy/                 |             |
|    E_damp_J             | 0.0105      |
|    E_fric_J             | 0.0058      |
|    E_norm_J             | 0.00231     |
|    W_neg_J              | 0.0157      |
|    W_pos_J              | 0.025       |
| reward/                 |             |
|    r_energy             | -0.0297     |
|    r_pose               | -0.00232    |
|    r_vel                | 0.101       |
|    r_xvel               | -0.0492     |
| rollout/                |             |
|    ep_len_mean          | 82          |
|    ep_rew_mean          | -10         |
| time/                   |             |
|    fps                  | 46          |
|    iterations           | 63          |
|    time_elapsed         | 5583        |
|    total_timesteps      | 258048      |
| train/                  |             |
|    approx_kl            | 0.017168645 |
|    clip_fraction        | 0.202       |
|    clip_range           | 0.2         |
|    entropy_loss         | -10.7       |
|    explained_variance   | 0.513       |
|    learning_rate        | 0.0003      |
|    loss                 | 0.0696      |
|    n_updates            | 620         |
|    policy_gradient_loss | -0.0217     |
|    std                  | 0.732       |
|    value_loss           | 0.434       |
-----------------------------------------
-----------------------------------------
| energy/                 |             |
|    E_damp_J             | 0.0351      |
|    E_fric_J             | 0.00757     |
|    E_norm_J             | 0.0198      |
|    W_neg_J              | 0.0383      |
|    W_pos_J              | 0.0821      |
| reward/                 |             |
|    r_energy             | -0.0914     |
|    r_pose               | -0.00284    |
|    r_vel                | 0.103       |
|    r_xvel               | -0.108      |
| rollout/                |             |
|    ep_len_mean          | 82          |
|    ep_rew_mean          | -9.45       |
| time/                   |             |
|    fps                  | 46          |
|    iterations           | 64          |
|    time_elapsed         | 5674        |
|    total_timesteps      | 262144      |
| train/                  |             |
|    approx_kl            | 0.016277885 |
|    clip_fraction        | 0.193       |
|    clip_range           | 0.2         |
|    entropy_loss         | -10.7       |
|    explained_variance   | 0.491       |
|    learning_rate        | 0.0003      |
|    loss                 | 0.0844      |
|    n_updates            | 630         |
|    policy_gradient_loss | -0.0184     |
|    std                  | 0.727       |
|    value_loss           | 0.394       |
-----------------------------------------
-----------------------------------------
| energy/                 |             |
|    E_damp_J             | 0.00801     |
|    E_fric_J             | 0.00589     |
|    E_norm_J             | 0.00218     |
|    W_neg_J              | 0.0125      |
|    W_pos_J              | 0.0234      |
| reward/                 |             |
|    r_energy             | -0.026      |
|    r_pose               | -0.00225    |
|    r_vel                | 0.12        |
|    r_xvel               | -0.07       |
| rollout/                |             |
|    ep_len_mean          | 82          |
|    ep_rew_mean          | -9.25       |
| time/                   |             |
|    fps                  | 46          |
|    iterations           | 65          |
|    time_elapsed         | 5765        |
|    total_timesteps      | 266240      |
| train/                  |             |
|    approx_kl            | 0.017771214 |
|    clip_fraction        | 0.223       |
|    clip_range           | 0.2         |
|    entropy_loss         | -10.6       |
|    explained_variance   | 0.563       |
|    learning_rate        | 0.0003      |
|    loss                 | 0.0461      |
|    n_updates            | 640         |
|    policy_gradient_loss | -0.0239     |
|    std                  | 0.722       |
|    value_loss           | 0.315       |
-----------------------------------------
-----------------------------------------
| energy/                 |             |
|    E_damp_J             | 0.0337      |
|    E_fric_J             | 0.00665     |
|    E_norm_J             | 0.0195      |
|    W_neg_J              | 0.0446      |
|    W_pos_J              | 0.0713      |
| reward/                 |             |
|    r_energy             | -0.0879     |
|    r_pose               | -0.00245    |
|    r_vel                | 0.0946      |
|    r_xvel               | -0.103      |
| rollout/                |             |
|    ep_len_mean          | 82          |
|    ep_rew_mean          | -9.01       |
| time/                   |             |
|    fps                  | 46          |
|    iterations           | 66          |
|    time_elapsed         | 5858        |
|    total_timesteps      | 270336      |
| train/                  |             |
|    approx_kl            | 0.020137623 |
|    clip_fraction        | 0.249       |
|    clip_range           | 0.2         |
|    entropy_loss         | -10.5       |
|    explained_variance   | 0.525       |
|    learning_rate        | 0.0003      |
|    loss                 | 0.022       |
|    n_updates            | 650         |
|    policy_gradient_loss | -0.0258     |
|    std                  | 0.716       |
|    value_loss           | 0.338       |
-----------------------------------------
----------------------------------------
| energy/                 |            |
|    E_damp_J             | 0.00836    |
|    E_fric_J             | 0.00569    |
|    E_norm_J             | 0.00222    |
|    W_neg_J              | 0.0107     |
|    W_pos_J              | 0.0207     |
| reward/                 |            |
|    r_energy             | -0.0238    |
|    r_pose               | -0.00241   |
|    r_vel                | 0.0826     |
|    r_xvel               | -0.0505    |
| rollout/                |            |
|    ep_len_mean          | 82         |
|    ep_rew_mean          | -8.31      |
| time/                   |            |
|    fps                  | 46         |
|    iterations           | 67         |
|    time_elapsed         | 5952       |
|    total_timesteps      | 274432     |
| train/                  |            |
|    approx_kl            | 0.01769065 |
|    clip_fraction        | 0.22       |
|    clip_range           | 0.2        |
|    entropy_loss         | -10.4      |
|    explained_variance   | 0.608      |
|    learning_rate        | 0.0003     |
|    loss                 | -0.0261    |
|    n_updates            | 660        |
|    policy_gradient_loss | -0.0235    |
|    std                  | 0.709      |
|    value_loss           | 0.278      |
----------------------------------------
----------------------------------------
| energy/                 |            |
|    E_damp_J             | 0.0358     |
|    E_fric_J             | 0.00691    |
|    E_norm_J             | 0.0191     |
|    W_neg_J              | 0.045      |
|    W_pos_J              | 0.0714     |
| reward/                 |            |
|    r_energy             | -0.0891    |
|    r_pose               | -0.00229   |
|    r_vel                | 0.098      |
|    r_xvel               | -0.0798    |
| rollout/                |            |
|    ep_len_mean          | 82         |
|    ep_rew_mean          | -8.12      |
| time/                   |            |
|    fps                  | 46         |
|    iterations           | 68         |
|    time_elapsed         | 6045       |
|    total_timesteps      | 278528     |
| train/                  |            |
|    approx_kl            | 0.01869516 |
|    clip_fraction        | 0.216      |
|    clip_range           | 0.2        |
|    entropy_loss         | -10.3      |
|    explained_variance   | 0.569      |
|    learning_rate        | 0.0003     |
|    loss                 | -0.0228    |
|    n_updates            | 670        |
|    policy_gradient_loss | -0.0211    |
|    std                  | 0.703      |
|    value_loss           | 0.279      |
----------------------------------------
-----------------------------------------
| energy/                 |             |
|    E_damp_J             | 0.00939     |
|    E_fric_J             | 0.00536     |
|    E_norm_J             | 0.00218     |
|    W_neg_J              | 0.0152      |
|    W_pos_J              | 0.0223      |
| reward/                 |             |
|    r_energy             | -0.0272     |
|    r_pose               | -0.00238    |
|    r_vel                | 0.0695      |
|    r_xvel               | -0.0745     |
| rollout/                |             |
|    ep_len_mean          | 82          |
|    ep_rew_mean          | -7.98       |
| time/                   |             |
|    fps                  | 46          |
|    iterations           | 69          |
|    time_elapsed         | 6138        |
|    total_timesteps      | 282624      |
| train/                  |             |
|    approx_kl            | 0.017395673 |
|    clip_fraction        | 0.219       |
|    clip_range           | 0.2         |
|    entropy_loss         | -10.2       |
|    explained_variance   | 0.577       |
|    learning_rate        | 0.0003      |
|    loss                 | 0.0163      |
|    n_updates            | 680         |
|    policy_gradient_loss | -0.0225     |
|    std                  | 0.696       |
|    value_loss           | 0.33        |
-----------------------------------------
-----------------------------------------
| energy/                 |             |
|    E_damp_J             | 0.0371      |
|    E_fric_J             | 0.00696     |
|    E_norm_J             | 0.0199      |
|    W_neg_J              | 0.0481      |
|    W_pos_J              | 0.0796      |
| reward/                 |             |
|    r_energy             | -0.0959     |
|    r_pose               | -0.00241    |
|    r_vel                | 0.105       |
|    r_xvel               | -0.0742     |
| rollout/                |             |
|    ep_len_mean          | 82          |
|    ep_rew_mean          | -7.61       |
| time/                   |             |
|    fps                  | 46          |
|    iterations           | 70          |
|    time_elapsed         | 6231        |
|    total_timesteps      | 286720      |
| train/                  |             |
|    approx_kl            | 0.016989661 |
|    clip_fraction        | 0.224       |
|    clip_range           | 0.2         |
|    entropy_loss         | -10.1       |
|    explained_variance   | 0.603       |
|    learning_rate        | 0.0003      |
|    loss                 | -0.0272     |
|    n_updates            | 690         |
|    policy_gradient_loss | -0.023      |
|    std                  | 0.689       |
|    value_loss           | 0.263       |
-----------------------------------------
-----------------------------------------
| energy/                 |             |
|    E_damp_J             | 0.00692     |
|    E_fric_J             | 0.00519     |
|    E_norm_J             | 0.00184     |
|    W_neg_J              | 0.0108      |
|    W_pos_J              | 0.0194      |
| reward/                 |             |
|    r_energy             | -0.0221     |
|    r_pose               | -0.00214    |
|    r_vel                | 0.11        |
|    r_xvel               | -0.0648     |
| rollout/                |             |
|    ep_len_mean          | 82          |
|    ep_rew_mean          | -7.19       |
| time/                   |             |
|    fps                  | 45          |
|    iterations           | 71          |
|    time_elapsed         | 6323        |
|    total_timesteps      | 290816      |
| train/                  |             |
|    approx_kl            | 0.019619225 |
|    clip_fraction        | 0.235       |
|    clip_range           | 0.2         |
|    entropy_loss         | -10         |
|    explained_variance   | 0.656       |
|    learning_rate        | 0.0003      |
|    loss                 | -0.0239     |
|    n_updates            | 700         |
|    policy_gradient_loss | -0.0212     |
|    std                  | 0.684       |
|    value_loss           | 0.221       |
-----------------------------------------
-----------------------------------------
| energy/                 |             |
|    E_damp_J             | 0.036       |
|    E_fric_J             | 0.00707     |
|    E_norm_J             | 0.0196      |
|    W_neg_J              | 0.0429      |
|    W_pos_J              | 0.0716      |
| reward/                 |             |
|    r_energy             | -0.0886     |
|    r_pose               | -0.00239    |
|    r_vel                | 0.0915      |
|    r_xvel               | -0.133      |
| rollout/                |             |
|    ep_len_mean          | 82          |
|    ep_rew_mean          | -6.54       |
| time/                   |             |
|    fps                  | 45          |
|    iterations           | 72          |
|    time_elapsed         | 6417        |
|    total_timesteps      | 294912      |
| train/                  |             |
|    approx_kl            | 0.019135583 |
|    clip_fraction        | 0.231       |
|    clip_range           | 0.2         |
|    entropy_loss         | -9.94       |
|    explained_variance   | 0.661       |
|    learning_rate        | 0.0003      |
|    loss                 | 0.0152      |
|    n_updates            | 710         |
|    policy_gradient_loss | -0.026      |
|    std                  | 0.676       |
|    value_loss           | 0.217       |
-----------------------------------------
-----------------------------------------
| energy/                 |             |
|    E_damp_J             | 0.00598     |
|    E_fric_J             | 0.00512     |
|    E_norm_J             | 0.00182     |
|    W_neg_J              | 0.00822     |
|    W_pos_J              | 0.02        |
| reward/                 |             |
|    r_energy             | -0.0206     |
|    r_pose               | -0.00232    |
|    r_vel                | 0.0997      |
|    r_xvel               | -0.0453     |
| rollout/                |             |
|    ep_len_mean          | 82          |
|    ep_rew_mean          | -6.55       |
| time/                   |             |
|    fps                  | 45          |
|    iterations           | 73          |
|    time_elapsed         | 6508        |
|    total_timesteps      | 299008      |
| train/                  |             |
|    approx_kl            | 0.018789127 |
|    clip_fraction        | 0.224       |
|    clip_range           | 0.2         |
|    entropy_loss         | -9.82       |
|    explained_variance   | 0.665       |
|    learning_rate        | 0.0003      |
|    loss                 | -0.0421     |
|    n_updates            | 720         |
|    policy_gradient_loss | -0.0233     |
|    std                  | 0.668       |
|    value_loss           | 0.211       |
-----------------------------------------
-----------------------------------------
| energy/                 |             |
|    E_damp_J             | 0.0333      |
|    E_fric_J             | 0.00724     |
|    E_norm_J             | 0.0198      |
|    W_neg_J              | 0.043       |
|    W_pos_J              | 0.0725      |
| reward/                 |             |
|    r_energy             | -0.0879     |
|    r_pose               | -0.00221    |
|    r_vel                | 0.102       |
|    r_xvel               | -0.081      |
| rollout/                |             |
|    ep_len_mean          | 82          |
|    ep_rew_mean          | -6.39       |
| time/                   |             |
|    fps                  | 45          |
|    iterations           | 74          |
|    time_elapsed         | 6600        |
|    total_timesteps      | 303104      |
| train/                  |             |
|    approx_kl            | 0.018221904 |
|    clip_fraction        | 0.236       |
|    clip_range           | 0.2         |
|    entropy_loss         | -9.75       |
|    explained_variance   | 0.636       |
|    learning_rate        | 0.0003      |
|    loss                 | -0.0159     |
|    n_updates            | 730         |
|    policy_gradient_loss | -0.0192     |
|    std                  | 0.665       |
|    value_loss           | 0.227       |
-----------------------------------------
----------------------------------------
| energy/                 |            |
|    E_damp_J             | 0.00629    |
|    E_fric_J             | 0.0046     |
|    E_norm_J             | 0.00174    |
|    W_neg_J              | 0.01       |
|    W_pos_J              | 0.0149     |
| reward/                 |            |
|    r_energy             | -0.0188    |
|    r_pose               | -0.00232   |
|    r_vel                | 0.0904     |
|    r_xvel               | -0.0429    |
| rollout/                |            |
|    ep_len_mean          | 82         |
|    ep_rew_mean          | -6.01      |
| time/                   |            |
|    fps                  | 45         |
|    iterations           | 75         |
|    time_elapsed         | 6692       |
|    total_timesteps      | 307200     |
| train/                  |            |
|    approx_kl            | 0.02124657 |
|    clip_fraction        | 0.244      |
|    clip_range           | 0.2        |
|    entropy_loss         | -9.68      |
|    explained_variance   | 0.685      |
|    learning_rate        | 0.0003     |
|    loss                 | -0.0286    |
|    n_updates            | 740        |
|    policy_gradient_loss | -0.0222    |
|    std                  | 0.661      |
|    value_loss           | 0.206      |
----------------------------------------
-----------------------------------------
| energy/                 |             |
|    E_damp_J             | 0.0326      |
|    E_fric_J             | 0.00681     |
|    E_norm_J             | 0.0196      |
|    W_neg_J              | 0.0374      |
|    W_pos_J              | 0.0762      |
| reward/                 |             |
|    r_energy             | -0.0863     |
|    r_pose               | -0.00278    |
|    r_vel                | 0.102       |
|    r_xvel               | -0.0766     |
| rollout/                |             |
|    ep_len_mean          | 82          |
|    ep_rew_mean          | -5.88       |
| time/                   |             |
|    fps                  | 45          |
|    iterations           | 76          |
|    time_elapsed         | 6784        |
|    total_timesteps      | 311296      |
| train/                  |             |
|    approx_kl            | 0.018430058 |
|    clip_fraction        | 0.248       |
|    clip_range           | 0.2         |
|    entropy_loss         | -9.62       |
|    explained_variance   | 0.668       |
|    learning_rate        | 0.0003      |
|    loss                 | -0.0407     |
|    n_updates            | 750         |
|    policy_gradient_loss | -0.0208     |
|    std                  | 0.655       |
|    value_loss           | 0.218       |
-----------------------------------------
-----------------------------------------
| energy/                 |             |
|    E_damp_J             | 0.00763     |
|    E_fric_J             | 0.00537     |
|    E_norm_J             | 0.00201     |
|    W_neg_J              | 0.0106      |
|    W_pos_J              | 0.0198      |
| reward/                 |             |
|    r_energy             | -0.0227     |
|    r_pose               | -0.00223    |
|    r_vel                | 0.0929      |
|    r_xvel               | -0.048      |
| rollout/                |             |
|    ep_len_mean          | 82          |
|    ep_rew_mean          | -5.46       |
| time/                   |             |
|    fps                  | 45          |
|    iterations           | 77          |
|    time_elapsed         | 6875        |
|    total_timesteps      | 315392      |
| train/                  |             |
|    approx_kl            | 0.019099321 |
|    clip_fraction        | 0.243       |
|    clip_range           | 0.2         |
|    entropy_loss         | -9.53       |
|    explained_variance   | 0.703       |
|    learning_rate        | 0.0003      |
|    loss                 | 0.0181      |
|    n_updates            | 760         |
|    policy_gradient_loss | -0.0233     |
|    std                  | 0.65        |
|    value_loss           | 0.201       |
-----------------------------------------
-----------------------------------------
| energy/                 |             |
|    E_damp_J             | 0.0352      |
|    E_fric_J             | 0.00707     |
|    E_norm_J             | 0.0196      |
|    W_neg_J              | 0.0467      |
|    W_pos_J              | 0.0701      |
| reward/                 |             |
|    r_energy             | -0.0893     |
|    r_pose               | -0.00242    |
|    r_vel                | 0.156       |
|    r_xvel               | -0.0927     |
| rollout/                |             |
|    ep_len_mean          | 82          |
|    ep_rew_mean          | -5.36       |
| time/                   |             |
|    fps                  | 45          |
|    iterations           | 78          |
|    time_elapsed         | 6966        |
|    total_timesteps      | 319488      |
| train/                  |             |
|    approx_kl            | 0.019113522 |
|    clip_fraction        | 0.229       |
|    clip_range           | 0.2         |
|    entropy_loss         | -9.46       |
|    explained_variance   | 0.641       |
|    learning_rate        | 0.0003      |
|    loss                 | -0.0316     |
|    n_updates            | 770         |
|    policy_gradient_loss | -0.0189     |
|    std                  | 0.645       |
|    value_loss           | 0.207       |
-----------------------------------------
-----------------------------------------
| energy/                 |             |
|    E_damp_J             | 0.00853     |
|    E_fric_J             | 0.00521     |
|    E_norm_J             | 0.00195     |
|    W_neg_J              | 0.012       |
|    W_pos_J              | 0.0209      |
| reward/                 |             |
|    r_energy             | -0.0243     |
|    r_pose               | -0.00244    |
|    r_vel                | 0.119       |
|    r_xvel               | -0.0514     |
| rollout/                |             |
|    ep_len_mean          | 82          |
|    ep_rew_mean          | -5.37       |
| time/                   |             |
|    fps                  | 45          |
|    iterations           | 79          |
|    time_elapsed         | 7057        |
|    total_timesteps      | 323584      |
| train/                  |             |
|    approx_kl            | 0.019807348 |
|    clip_fraction        | 0.259       |
|    clip_range           | 0.2         |
|    entropy_loss         | -9.41       |
|    explained_variance   | 0.667       |
|    learning_rate        | 0.0003      |
|    loss                 | -0.00766    |
|    n_updates            | 780         |
|    policy_gradient_loss | -0.0214     |
|    std                  | 0.643       |
|    value_loss           | 0.227       |
-----------------------------------------
-----------------------------------------
| energy/                 |             |
|    E_damp_J             | 0.0258      |
|    E_fric_J             | 0.0059      |
|    E_norm_J             | 0.0182      |
|    W_neg_J              | 0.0311      |
|    W_pos_J              | 0.0547      |
| reward/                 |             |
|    r_energy             | -0.0678     |
|    r_pose               | -0.0022     |
|    r_vel                | 0.119       |
|    r_xvel               | -0.0568     |
| rollout/                |             |
|    ep_len_mean          | 82          |
|    ep_rew_mean          | -5.23       |
| time/                   |             |
|    fps                  | 45          |
|    iterations           | 80          |
|    time_elapsed         | 7149        |
|    total_timesteps      | 327680      |
| train/                  |             |
|    approx_kl            | 0.020148546 |
|    clip_fraction        | 0.229       |
|    clip_range           | 0.2         |
|    entropy_loss         | -9.34       |
|    explained_variance   | 0.696       |
|    learning_rate        | 0.0003      |
|    loss                 | -0.0342     |
|    n_updates            | 790         |
|    policy_gradient_loss | -0.0214     |
|    std                  | 0.637       |
|    value_loss           | 0.197       |
-----------------------------------------
-----------------------------------------
| energy/                 |             |
|    E_damp_J             | 0.00603     |
|    E_fric_J             | 0.0045      |
|    E_norm_J             | 0.00165     |
|    W_neg_J              | 0.00795     |
|    W_pos_J              | 0.0144      |
| reward/                 |             |
|    r_energy             | -0.0173     |
|    r_pose               | -0.00228    |
|    r_vel                | 0.0868      |
|    r_xvel               | -0.04       |
| rollout/                |             |
|    ep_len_mean          | 82          |
|    ep_rew_mean          | -5.05       |
| time/                   |             |
|    fps                  | 45          |
|    iterations           | 81          |
|    time_elapsed         | 7241        |
|    total_timesteps      | 331776      |
| train/                  |             |
|    approx_kl            | 0.022413198 |
|    clip_fraction        | 0.237       |
|    clip_range           | 0.2         |
|    entropy_loss         | -9.24       |
|    explained_variance   | 0.689       |
|    learning_rate        | 0.0003      |
|    loss                 | -0.00324    |
|    n_updates            | 800         |
|    policy_gradient_loss | -0.0224     |
|    std                  | 0.631       |
|    value_loss           | 0.226       |
-----------------------------------------
-----------------------------------------
| energy/                 |             |
|    E_damp_J             | 0.00653     |
|    E_fric_J             | 0.00472     |
|    E_norm_J             | 0.00165     |
|    W_neg_J              | 0.00884     |
|    W_pos_J              | 0.0158      |
| reward/                 |             |
|    r_energy             | -0.0188     |
|    r_pose               | -0.0022     |
|    r_vel                | 0.108       |
|    r_xvel               | -0.0413     |
| rollout/                |             |
|    ep_len_mean          | 82          |
|    ep_rew_mean          | -4.63       |
| time/                   |             |
|    fps                  | 45          |
|    iterations           | 82          |
|    time_elapsed         | 7333        |
|    total_timesteps      | 335872      |
| train/                  |             |
|    approx_kl            | 0.020876752 |
|    clip_fraction        | 0.244       |
|    clip_range           | 0.2         |
|    entropy_loss         | -9.18       |
|    explained_variance   | 0.611       |
|    learning_rate        | 0.0003      |
|    loss                 | 0.0303      |
|    n_updates            | 810         |
|    policy_gradient_loss | -0.0176     |
|    std                  | 0.629       |
|    value_loss           | 0.242       |
-----------------------------------------
--------------------------------------
| energy/                 |          |
|    E_damp_J             | 0.00664  |
|    E_fric_J             | 0.00523  |
|    E_norm_J             | 0.00172  |
|    W_neg_J              | 0.0106   |
|    W_pos_J              | 0.0164   |
| reward/                 |          |
|    r_energy             | -0.0203  |
|    r_pose               | -0.00222 |
|    r_vel                | 0.134    |
|    r_xvel               | -0.0496  |
| rollout/                |          |
|    ep_len_mean          | 82       |
|    ep_rew_mean          | -4.22    |
| time/                   |          |
|    fps                  | 45       |
|    iterations           | 83       |
|    time_elapsed         | 7426     |
|    total_timesteps      | 339968   |
| train/                  |          |
|    approx_kl            | 0.023483 |
|    clip_fraction        | 0.253    |
|    clip_range           | 0.2      |
|    entropy_loss         | -9.13    |
|    explained_variance   | 0.714    |
|    learning_rate        | 0.0003   |
|    loss                 | -0.0546  |
|    n_updates            | 820      |
|    policy_gradient_loss | -0.0205  |
|    std                  | 0.626    |
|    value_loss           | 0.164    |
--------------------------------------
-----------------------------------------
| energy/                 |             |
|    E_damp_J             | 0.00626     |
|    E_fric_J             | 0.00504     |
|    E_norm_J             | 0.00175     |
|    W_neg_J              | 0.00994     |
|    W_pos_J              | 0.0141      |
| reward/                 |             |
|    r_energy             | -0.0186     |
|    r_pose               | -0.00236    |
|    r_vel                | 0.12        |
|    r_xvel               | -0.0597     |
| rollout/                |             |
|    ep_len_mean          | 82          |
|    ep_rew_mean          | -4.08       |
| time/                   |             |
|    fps                  | 45          |
|    iterations           | 84          |
|    time_elapsed         | 7520        |
|    total_timesteps      | 344064      |
| train/                  |             |
|    approx_kl            | 0.020147992 |
|    clip_fraction        | 0.251       |
|    clip_range           | 0.2         |
|    entropy_loss         | -9.08       |
|    explained_variance   | 0.708       |
|    learning_rate        | 0.0003      |
|    loss                 | -0.0495     |
|    n_updates            | 830         |
|    policy_gradient_loss | -0.0227     |
|    std                  | 0.621       |
|    value_loss           | 0.168       |
-----------------------------------------
----------------------------------------
| energy/                 |            |
|    E_damp_J             | 0.00791    |
|    E_fric_J             | 0.00506    |
|    E_norm_J             | 0.00173    |
|    W_neg_J              | 0.0115     |
|    W_pos_J              | 0.0174     |
| reward/                 |            |
|    r_energy             | -0.0218    |
|    r_pose               | -0.00227   |
|    r_vel                | 0.137      |
|    r_xvel               | -0.0302    |
| rollout/                |            |
|    ep_len_mean          | 82         |
|    ep_rew_mean          | -4.02      |
| time/                   |            |
|    fps                  | 45         |
|    iterations           | 85         |
|    time_elapsed         | 7614       |
|    total_timesteps      | 348160     |
| train/                  |            |
|    approx_kl            | 0.02401621 |
|    clip_fraction        | 0.252      |
|    clip_range           | 0.2        |
|    entropy_loss         | -9         |
|    explained_variance   | 0.703      |
|    learning_rate        | 0.0003     |
|    loss                 | -0.0103    |
|    n_updates            | 840        |
|    policy_gradient_loss | -0.0203    |
|    std                  | 0.616      |
|    value_loss           | 0.189      |
----------------------------------------
-----------------------------------------
| energy/                 |             |
|    E_damp_J             | 0.00622     |
|    E_fric_J             | 0.00512     |
|    E_norm_J             | 0.00185     |
|    W_neg_J              | 0.00992     |
|    W_pos_J              | 0.0164      |
| reward/                 |             |
|    r_energy             | -0.0198     |
|    r_pose               | -0.00236    |
|    r_vel                | 0.108       |
|    r_xvel               | -0.0332     |
| rollout/                |             |
|    ep_len_mean          | 82          |
|    ep_rew_mean          | -3.88       |
| time/                   |             |
|    fps                  | 45          |
|    iterations           | 86          |
|    time_elapsed         | 7707        |
|    total_timesteps      | 352256      |
| train/                  |             |
|    approx_kl            | 0.018392574 |
|    clip_fraction        | 0.236       |
|    clip_range           | 0.2         |
|    entropy_loss         | -8.93       |
|    explained_variance   | 0.727       |
|    learning_rate        | 0.0003      |
|    loss                 | -0.0567     |
|    n_updates            | 850         |
|    policy_gradient_loss | -0.0203     |
|    std                  | 0.613       |
|    value_loss           | 0.172       |
-----------------------------------------
-----------------------------------------
| energy/                 |             |
|    E_damp_J             | 0.00781     |
|    E_fric_J             | 0.00491     |
|    E_norm_J             | 0.00163     |
|    W_neg_J              | 0.0104      |
|    W_pos_J              | 0.0181      |
| reward/                 |             |
|    r_energy             | -0.0214     |
|    r_pose               | -0.0023     |
|    r_vel                | 0.127       |
|    r_xvel               | -0.0433     |
| rollout/                |             |
|    ep_len_mean          | 82          |
|    ep_rew_mean          | -3.65       |
| time/                   |             |
|    fps                  | 45          |
|    iterations           | 87          |
|    time_elapsed         | 7799        |
|    total_timesteps      | 356352      |
| train/                  |             |
|    approx_kl            | 0.022850227 |
|    clip_fraction        | 0.251       |
|    clip_range           | 0.2         |
|    entropy_loss         | -8.87       |
|    explained_variance   | 0.714       |
|    learning_rate        | 0.0003      |
|    loss                 | 0.00575     |
|    n_updates            | 860         |
|    policy_gradient_loss | -0.0187     |
|    std                  | 0.608       |
|    value_loss           | 0.193       |
-----------------------------------------
-----------------------------------------
| energy/                 |             |
|    E_damp_J             | 0.00625     |
|    E_fric_J             | 0.00457     |
|    E_norm_J             | 0.00148     |
|    W_neg_J              | 0.00774     |
|    W_pos_J              | 0.0161      |
| reward/                 |             |
|    r_energy             | -0.018      |
|    r_pose               | -0.00231    |
|    r_vel                | 0.12        |
|    r_xvel               | -0.0362     |
| rollout/                |             |
|    ep_len_mean          | 82          |
|    ep_rew_mean          | -3.56       |
| time/                   |             |
|    fps                  | 45          |
|    iterations           | 88          |
|    time_elapsed         | 7890        |
|    total_timesteps      | 360448      |
| train/                  |             |
|    approx_kl            | 0.020369047 |
|    clip_fraction        | 0.275       |
|    clip_range           | 0.2         |
|    entropy_loss         | -8.79       |
|    explained_variance   | 0.74        |
|    learning_rate        | 0.0003      |
|    loss                 | -0.0766     |
|    n_updates            | 870         |
|    policy_gradient_loss | -0.022      |
|    std                  | 0.605       |
|    value_loss           | 0.159       |
-----------------------------------------
-----------------------------------------
| energy/                 |             |
|    E_damp_J             | 0.00948     |
|    E_fric_J             | 0.00581     |
|    E_norm_J             | 0.00217     |
|    W_neg_J              | 0.0136      |
|    W_pos_J              | 0.0227      |
| reward/                 |             |
|    r_energy             | -0.0269     |
|    r_pose               | -0.00258    |
|    r_vel                | 0.138       |
|    r_xvel               | -0.0575     |
| rollout/                |             |
|    ep_len_mean          | 82          |
|    ep_rew_mean          | -3.16       |
| time/                   |             |
|    fps                  | 45          |
|    iterations           | 89          |
|    time_elapsed         | 7982        |
|    total_timesteps      | 364544      |
| train/                  |             |
|    approx_kl            | 0.020998683 |
|    clip_fraction        | 0.268       |
|    clip_range           | 0.2         |
|    entropy_loss         | -8.74       |
|    explained_variance   | 0.728       |
|    learning_rate        | 0.0003      |
|    loss                 | -0.0654     |
|    n_updates            | 880         |
|    policy_gradient_loss | -0.0212     |
|    std                  | 0.602       |
|    value_loss           | 0.181       |
-----------------------------------------
-----------------------------------------
| energy/                 |             |
|    E_damp_J             | 0.00737     |
|    E_fric_J             | 0.00528     |
|    E_norm_J             | 0.00174     |
|    W_neg_J              | 0.0104      |
|    W_pos_J              | 0.0191      |
| reward/                 |             |
|    r_energy             | -0.0219     |
|    r_pose               | -0.00236    |
|    r_vel                | 0.148       |
|    r_xvel               | -0.0391     |
| rollout/                |             |
|    ep_len_mean          | 82          |
|    ep_rew_mean          | -2.87       |
| time/                   |             |
|    fps                  | 45          |
|    iterations           | 90          |
|    time_elapsed         | 8074        |
|    total_timesteps      | 368640      |
| train/                  |             |
|    approx_kl            | 0.021127064 |
|    clip_fraction        | 0.254       |
|    clip_range           | 0.2         |
|    entropy_loss         | -8.66       |
|    explained_variance   | 0.682       |
|    learning_rate        | 0.0003      |
|    loss                 | -0.0252     |
|    n_updates            | 890         |
|    policy_gradient_loss | -0.022      |
|    std                  | 0.598       |
|    value_loss           | 0.182       |
-----------------------------------------
-----------------------------------------
| energy/                 |             |
|    E_damp_J             | 0.00655     |
|    E_fric_J             | 0.00501     |
|    E_norm_J             | 0.00172     |
|    W_neg_J              | 0.0101      |
|    W_pos_J              | 0.0176      |
| reward/                 |             |
|    r_energy             | -0.0205     |
|    r_pose               | -0.00239    |
|    r_vel                | 0.137       |
|    r_xvel               | -0.0331     |
| rollout/                |             |
|    ep_len_mean          | 82          |
|    ep_rew_mean          | -2.81       |
| time/                   |             |
|    fps                  | 45          |
|    iterations           | 91          |
|    time_elapsed         | 8166        |
|    total_timesteps      | 372736      |
| train/                  |             |
|    approx_kl            | 0.021932751 |
|    clip_fraction        | 0.261       |
|    clip_range           | 0.2         |
|    entropy_loss         | -8.61       |
|    explained_variance   | 0.715       |
|    learning_rate        | 0.0003      |
|    loss                 | -0.0541     |
|    n_updates            | 900         |
|    policy_gradient_loss | -0.0244     |
|    std                  | 0.597       |
|    value_loss           | 0.192       |
-----------------------------------------
-----------------------------------------
| energy/                 |             |
|    E_damp_J             | 0.00589     |
|    E_fric_J             | 0.00485     |
|    E_norm_J             | 0.00158     |
|    W_neg_J              | 0.0108      |
|    W_pos_J              | 0.0155      |
| reward/                 |             |
|    r_energy             | -0.0193     |
|    r_pose               | -0.00257    |
|    r_vel                | 0.12        |
|    r_xvel               | -0.0533     |
| rollout/                |             |
|    ep_len_mean          | 82          |
|    ep_rew_mean          | -2.44       |
| time/                   |             |
|    fps                  | 45          |
|    iterations           | 92          |
|    time_elapsed         | 8258        |
|    total_timesteps      | 376832      |
| train/                  |             |
|    approx_kl            | 0.019682102 |
|    clip_fraction        | 0.255       |
|    clip_range           | 0.2         |
|    entropy_loss         | -8.59       |
|    explained_variance   | 0.68        |
|    learning_rate        | 0.0003      |
|    loss                 | -0.0137     |
|    n_updates            | 910         |
|    policy_gradient_loss | -0.019      |
|    std                  | 0.597       |
|    value_loss           | 0.185       |
-----------------------------------------
-----------------------------------------
| energy/                 |             |
|    E_damp_J             | 0.00888     |
|    E_fric_J             | 0.00515     |
|    E_norm_J             | 0.00181     |
|    W_neg_J              | 0.0134      |
|    W_pos_J              | 0.019       |
| reward/                 |             |
|    r_energy             | -0.0241     |
|    r_pose               | -0.00266    |
|    r_vel                | 0.147       |
|    r_xvel               | -0.0585     |
| rollout/                |             |
|    ep_len_mean          | 82          |
|    ep_rew_mean          | -2.61       |
| time/                   |             |
|    fps                  | 45          |
|    iterations           | 93          |
|    time_elapsed         | 8350        |
|    total_timesteps      | 380928      |
| train/                  |             |
|    approx_kl            | 0.021267515 |
|    clip_fraction        | 0.269       |
|    clip_range           | 0.2         |
|    entropy_loss         | -8.54       |
|    explained_variance   | 0.71        |
|    learning_rate        | 0.0003      |
|    loss                 | -0.0288     |
|    n_updates            | 920         |
|    policy_gradient_loss | -0.0207     |
|    std                  | 0.593       |
|    value_loss           | 0.155       |
-----------------------------------------
-----------------------------------------
| energy/                 |             |
|    E_damp_J             | 0.00844     |
|    E_fric_J             | 0.00524     |
|    E_norm_J             | 0.00164     |
|    W_neg_J              | 0.0125      |
|    W_pos_J              | 0.019       |
| reward/                 |             |
|    r_energy             | -0.0234     |
|    r_pose               | -0.00247    |
|    r_vel                | 0.149       |
|    r_xvel               | -0.0517     |
| rollout/                |             |
|    ep_len_mean          | 82          |
|    ep_rew_mean          | -2.75       |
| time/                   |             |
|    fps                  | 45          |
|    iterations           | 94          |
|    time_elapsed         | 8442        |
|    total_timesteps      | 385024      |
| train/                  |             |
|    approx_kl            | 0.020879172 |
|    clip_fraction        | 0.257       |
|    clip_range           | 0.2         |
|    entropy_loss         | -8.47       |
|    explained_variance   | 0.716       |
|    learning_rate        | 0.0003      |
|    loss                 | -0.0318     |
|    n_updates            | 930         |
|    policy_gradient_loss | -0.0186     |
|    std                  | 0.589       |
|    value_loss           | 0.197       |
-----------------------------------------
-----------------------------------------
| energy/                 |             |
|    E_damp_J             | 0.0126      |
|    E_fric_J             | 0.00659     |
|    E_norm_J             | 0.00267     |
|    W_neg_J              | 0.0182      |
|    W_pos_J              | 0.031       |
| reward/                 |             |
|    r_energy             | -0.0355     |
|    r_pose               | -0.00252    |
|    r_vel                | 0.141       |
|    r_xvel               | -0.0764     |
| rollout/                |             |
|    ep_len_mean          | 82          |
|    ep_rew_mean          | -2.5        |
| time/                   |             |
|    fps                  | 45          |
|    iterations           | 95          |
|    time_elapsed         | 8536        |
|    total_timesteps      | 389120      |
| train/                  |             |
|    approx_kl            | 0.022101488 |
|    clip_fraction        | 0.264       |
|    clip_range           | 0.2         |
|    entropy_loss         | -8.41       |
|    explained_variance   | 0.713       |
|    learning_rate        | 0.0003      |
|    loss                 | -0.00635    |
|    n_updates            | 940         |
|    policy_gradient_loss | -0.0218     |
|    std                  | 0.587       |
|    value_loss           | 0.178       |
-----------------------------------------
-----------------------------------------
| energy/                 |             |
|    E_damp_J             | 0.00952     |
|    E_fric_J             | 0.00542     |
|    E_norm_J             | 0.00166     |
|    W_neg_J              | 0.0125      |
|    W_pos_J              | 0.0236      |
| reward/                 |             |
|    r_energy             | -0.0264     |
|    r_pose               | -0.00236    |
|    r_vel                | 0.165       |
|    r_xvel               | -0.0511     |
| rollout/                |             |
|    ep_len_mean          | 82          |
|    ep_rew_mean          | -2.2        |
| time/                   |             |
|    fps                  | 45          |
|    iterations           | 96          |
|    time_elapsed         | 8629        |
|    total_timesteps      | 393216      |
| train/                  |             |
|    approx_kl            | 0.021994777 |
|    clip_fraction        | 0.26        |
|    clip_range           | 0.2         |
|    entropy_loss         | -8.36       |
|    explained_variance   | 0.697       |
|    learning_rate        | 0.0003      |
|    loss                 | -0.0247     |
|    n_updates            | 950         |
|    policy_gradient_loss | -0.0213     |
|    std                  | 0.583       |
|    value_loss           | 0.194       |
-----------------------------------------
-----------------------------------------
| energy/                 |             |
|    E_damp_J             | 0.0188      |
|    E_fric_J             | 0.00739     |
|    E_norm_J             | 0.0193      |
|    W_neg_J              | 0.0223      |
|    W_pos_J              | 0.0529      |
| reward/                 |             |
|    r_energy             | -0.0603     |
|    r_pose               | -0.0023     |
|    r_vel                | 0.138       |
|    r_xvel               | -0.125      |
| rollout/                |             |
|    ep_len_mean          | 82          |
|    ep_rew_mean          | -1.8        |
| time/                   |             |
|    fps                  | 45          |
|    iterations           | 97          |
|    time_elapsed         | 8721        |
|    total_timesteps      | 397312      |
| train/                  |             |
|    approx_kl            | 0.021142017 |
|    clip_fraction        | 0.272       |
|    clip_range           | 0.2         |
|    entropy_loss         | -8.29       |
|    explained_variance   | 0.675       |
|    learning_rate        | 0.0003      |
|    loss                 | -0.0253     |
|    n_updates            | 960         |
|    policy_gradient_loss | -0.0211     |
|    std                  | 0.58        |
|    value_loss           | 0.191       |
-----------------------------------------
-----------------------------------------
| energy/                 |             |
|    E_damp_J             | 0.00787     |
|    E_fric_J             | 0.00551     |
|    E_norm_J             | 0.00178     |
|    W_neg_J              | 0.0107      |
|    W_pos_J              | 0.0186      |
| reward/                 |             |
|    r_energy             | -0.0222     |
|    r_pose               | -0.0024     |
|    r_vel                | 0.144       |
|    r_xvel               | -0.0485     |
| rollout/                |             |
|    ep_len_mean          | 82          |
|    ep_rew_mean          | -1.38       |
| time/                   |             |
|    fps                  | 45          |
|    iterations           | 98          |
|    time_elapsed         | 8813        |
|    total_timesteps      | 401408      |
| train/                  |             |
|    approx_kl            | 0.020472046 |
|    clip_fraction        | 0.267       |
|    clip_range           | 0.2         |
|    entropy_loss         | -8.24       |
|    explained_variance   | 0.73        |
|    learning_rate        | 0.0003      |
|    loss                 | -0.0424     |
|    n_updates            | 970         |
|    policy_gradient_loss | -0.0213     |
|    std                  | 0.577       |
|    value_loss           | 0.17        |
-----------------------------------------
----------------------------------------
| energy/                 |            |
|    E_damp_J             | 0.0348     |
|    E_fric_J             | 0.00712    |
|    E_norm_J             | 0.0194     |
|    W_neg_J              | 0.0432     |
|    W_pos_J              | 0.0779     |
| reward/                 |            |
|    r_energy             | -0.0912    |
|    r_pose               | -0.00253   |
|    r_vel                | 0.141      |
|    r_xvel               | -0.0993    |
| rollout/                |            |
|    ep_len_mean          | 82         |
|    ep_rew_mean          | -1.25      |
| time/                   |            |
|    fps                  | 45         |
|    iterations           | 99         |
|    time_elapsed         | 8905       |
|    total_timesteps      | 405504     |
| train/                  |            |
|    approx_kl            | 0.02413731 |
|    clip_fraction        | 0.292      |
|    clip_range           | 0.2        |
|    entropy_loss         | -8.18      |
|    explained_variance   | 0.715      |
|    learning_rate        | 0.0003     |
|    loss                 | -0.0361    |
|    n_updates            | 980        |
|    policy_gradient_loss | -0.0215    |
|    std                  | 0.573      |
|    value_loss           | 0.148      |
----------------------------------------
----------------------------------------
| energy/                 |            |
|    E_damp_J             | 0.00995    |
|    E_fric_J             | 0.00614    |
|    E_norm_J             | 0.00196    |
|    W_neg_J              | 0.013      |
|    W_pos_J              | 0.0233     |
| reward/                 |            |
|    r_energy             | -0.0271    |
|    r_pose               | -0.00272   |
|    r_vel                | 0.186      |
|    r_xvel               | -0.0461    |
| rollout/                |            |
|    ep_len_mean          | 82         |
|    ep_rew_mean          | -1.03      |
| time/                   |            |
|    fps                  | 45         |
|    iterations           | 100        |
|    time_elapsed         | 8998       |
|    total_timesteps      | 409600     |
| train/                  |            |
|    approx_kl            | 0.02310665 |
|    clip_fraction        | 0.283      |
|    clip_range           | 0.2        |
|    entropy_loss         | -8.1       |
|    explained_variance   | 0.729      |
|    learning_rate        | 0.0003     |
|    loss                 | -0.0164    |
|    n_updates            | 990        |
|    policy_gradient_loss | -0.0214    |
|    std                  | 0.569      |
|    value_loss           | 0.179      |
----------------------------------------
-----------------------------------------
| energy/                 |             |
|    E_damp_J             | 0.0386      |
|    E_fric_J             | 0.00715     |
|    E_norm_J             | 0.0197      |
|    W_neg_J              | 0.0443      |
|    W_pos_J              | 0.0842      |
| reward/                 |             |
|    r_energy             | -0.097      |
|    r_pose               | -0.00293    |
|    r_vel                | 0.156       |
|    r_xvel               | -0.0934     |
| rollout/                |             |
|    ep_len_mean          | 82          |
|    ep_rew_mean          | -0.7        |
| time/                   |             |
|    fps                  | 45          |
|    iterations           | 101         |
|    time_elapsed         | 9089        |
|    total_timesteps      | 413696      |
| train/                  |             |
|    approx_kl            | 0.020882152 |
|    clip_fraction        | 0.285       |
|    clip_range           | 0.2         |
|    entropy_loss         | -8.03       |
|    explained_variance   | 0.697       |
|    learning_rate        | 0.0003      |
|    loss                 | -0.0267     |
|    n_updates            | 1000        |
|    policy_gradient_loss | -0.0199     |
|    std                  | 0.566       |
|    value_loss           | 0.21        |
-----------------------------------------
-----------------------------------------
| energy/                 |             |
|    E_damp_J             | 0.00997     |
|    E_fric_J             | 0.00559     |
|    E_norm_J             | 0.00181     |
|    W_neg_J              | 0.0138      |
|    W_pos_J              | 0.0221      |
| reward/                 |             |
|    r_energy             | -0.0266     |
|    r_pose               | -0.00257    |
|    r_vel                | 0.168       |
|    r_xvel               | -0.0468     |
| rollout/                |             |
|    ep_len_mean          | 82          |
|    ep_rew_mean          | -0.622      |
| time/                   |             |
|    fps                  | 45          |
|    iterations           | 102         |
|    time_elapsed         | 9180        |
|    total_timesteps      | 417792      |
| train/                  |             |
|    approx_kl            | 0.020705463 |
|    clip_fraction        | 0.264       |
|    clip_range           | 0.2         |
|    entropy_loss         | -7.96       |
|    explained_variance   | 0.714       |
|    learning_rate        | 0.0003      |
|    loss                 | 0.00386     |
|    n_updates            | 1010        |
|    policy_gradient_loss | -0.0191     |
|    std                  | 0.561       |
|    value_loss           | 0.202       |
-----------------------------------------
-----------------------------------------
| energy/                 |             |
|    E_damp_J             | 0.0388      |
|    E_fric_J             | 0.00772     |
|    E_norm_J             | 0.0196      |
|    W_neg_J              | 0.0474      |
|    W_pos_J              | 0.0823      |
| reward/                 |             |
|    r_energy             | -0.0979     |
|    r_pose               | -0.00309    |
|    r_vel                | 0.18        |
|    r_xvel               | -0.0764     |
| rollout/                |             |
|    ep_len_mean          | 82          |
|    ep_rew_mean          | -0.537      |
| time/                   |             |
|    fps                  | 45          |
|    iterations           | 103         |
|    time_elapsed         | 9273        |
|    total_timesteps      | 421888      |
| train/                  |             |
|    approx_kl            | 0.024787381 |
|    clip_fraction        | 0.289       |
|    clip_range           | 0.2         |
|    entropy_loss         | -7.9        |
|    explained_variance   | 0.653       |
|    learning_rate        | 0.0003      |
|    loss                 | -0.0195     |
|    n_updates            | 1020        |
|    policy_gradient_loss | -0.0185     |
|    std                  | 0.559       |
|    value_loss           | 0.211       |
-----------------------------------------
-----------------------------------------
| energy/                 |             |
|    E_damp_J             | 0.0111      |
|    E_fric_J             | 0.00619     |
|    E_norm_J             | 0.00193     |
|    W_neg_J              | 0.0147      |
|    W_pos_J              | 0.0247      |
| reward/                 |             |
|    r_energy             | -0.0293     |
|    r_pose               | -0.00322    |
|    r_vel                | 0.197       |
|    r_xvel               | -0.0641     |
| rollout/                |             |
|    ep_len_mean          | 82          |
|    ep_rew_mean          | -0.432      |
| time/                   |             |
|    fps                  | 45          |
|    iterations           | 104         |
|    time_elapsed         | 9366        |
|    total_timesteps      | 425984      |
| train/                  |             |
|    approx_kl            | 0.023847528 |
|    clip_fraction        | 0.276       |
|    clip_range           | 0.2         |
|    entropy_loss         | -7.82       |
|    explained_variance   | 0.691       |
|    learning_rate        | 0.0003      |
|    loss                 | -0.00298    |
|    n_updates            | 1030        |
|    policy_gradient_loss | -0.0222     |
|    std                  | 0.555       |
|    value_loss           | 0.233       |
-----------------------------------------
-----------------------------------------
| energy/                 |             |
|    E_damp_J             | 0.0371      |
|    E_fric_J             | 0.00713     |
|    E_norm_J             | 0.0191      |
|    W_neg_J              | 0.0436      |
|    W_pos_J              | 0.082       |
| reward/                 |             |
|    r_energy             | -0.0944     |
|    r_pose               | -0.00266    |
|    r_vel                | 0.178       |
|    r_xvel               | -0.071      |
| rollout/                |             |
|    ep_len_mean          | 82          |
|    ep_rew_mean          | -0.206      |
| time/                   |             |
|    fps                  | 45          |
|    iterations           | 105         |
|    time_elapsed         | 9459        |
|    total_timesteps      | 430080      |
| train/                  |             |
|    approx_kl            | 0.027983673 |
|    clip_fraction        | 0.306       |
|    clip_range           | 0.2         |
|    entropy_loss         | -7.75       |
|    explained_variance   | 0.572       |
|    learning_rate        | 0.0003      |
|    loss                 | 0.0239      |
|    n_updates            | 1040        |
|    policy_gradient_loss | -0.0203     |
|    std                  | 0.551       |
|    value_loss           | 0.332       |
-----------------------------------------
-----------------------------------------
| energy/                 |             |
|    E_damp_J             | 0.00775     |
|    E_fric_J             | 0.00597     |
|    E_norm_J             | 0.00173     |
|    W_neg_J              | 0.0111      |
|    W_pos_J              | 0.0184      |
| reward/                 |             |
|    r_energy             | -0.0225     |
|    r_pose               | -0.00255    |
|    r_vel                | 0.202       |
|    r_xvel               | -0.0488     |
| rollout/                |             |
|    ep_len_mean          | 82          |
|    ep_rew_mean          | 0.0561      |
| time/                   |             |
|    fps                  | 45          |
|    iterations           | 106         |
|    time_elapsed         | 9553        |
|    total_timesteps      | 434176      |
| train/                  |             |
|    approx_kl            | 0.024846654 |
|    clip_fraction        | 0.28        |
|    clip_range           | 0.2         |
|    entropy_loss         | -7.67       |
|    explained_variance   | 0.714       |
|    learning_rate        | 0.0003      |
|    loss                 | -0.0343     |
|    n_updates            | 1050        |
|    policy_gradient_loss | -0.0211     |
|    std                  | 0.547       |
|    value_loss           | 0.219       |
-----------------------------------------
-----------------------------------------
| energy/                 |             |
|    E_damp_J             | 0.032       |
|    E_fric_J             | 0.00696     |
|    E_norm_J             | 0.0193      |
|    W_neg_J              | 0.0371      |
|    W_pos_J              | 0.0681      |
| reward/                 |             |
|    r_energy             | -0.0817     |
|    r_pose               | -0.00286    |
|    r_vel                | 0.145       |
|    r_xvel               | -0.066      |
| rollout/                |             |
|    ep_len_mean          | 82          |
|    ep_rew_mean          | 0.609       |
| time/                   |             |
|    fps                  | 45          |
|    iterations           | 107         |
|    time_elapsed         | 9647        |
|    total_timesteps      | 438272      |
| train/                  |             |
|    approx_kl            | 0.024160884 |
|    clip_fraction        | 0.3         |
|    clip_range           | 0.2         |
|    entropy_loss         | -7.59       |
|    explained_variance   | 0.687       |
|    learning_rate        | 0.0003      |
|    loss                 | -0.0212     |
|    n_updates            | 1060        |
|    policy_gradient_loss | -0.0204     |
|    std                  | 0.542       |
|    value_loss           | 0.183       |
-----------------------------------------
-----------------------------------------
| energy/                 |             |
|    E_damp_J             | 0.00709     |
|    E_fric_J             | 0.00549     |
|    E_norm_J             | 0.00158     |
|    W_neg_J              | 0.00937     |
|    W_pos_J              | 0.0189      |
| reward/                 |             |
|    r_energy             | -0.0212     |
|    r_pose               | -0.00259    |
|    r_vel                | 0.18        |
|    r_xvel               | -0.0475     |
| rollout/                |             |
|    ep_len_mean          | 82          |
|    ep_rew_mean          | 1.01        |
| time/                   |             |
|    fps                  | 45          |
|    iterations           | 108         |
|    time_elapsed         | 9740        |
|    total_timesteps      | 442368      |
| train/                  |             |
|    approx_kl            | 0.025971966 |
|    clip_fraction        | 0.294       |
|    clip_range           | 0.2         |
|    entropy_loss         | -7.51       |
|    explained_variance   | 0.744       |
|    learning_rate        | 0.0003      |
|    loss                 | -0.0156     |
|    n_updates            | 1070        |
|    policy_gradient_loss | -0.0187     |
|    std                  | 0.539       |
|    value_loss           | 0.161       |
-----------------------------------------
-----------------------------------------
| energy/                 |             |
|    E_damp_J             | 0.0361      |
|    E_fric_J             | 0.008       |
|    E_norm_J             | 0.0192      |
|    W_neg_J              | 0.0445      |
|    W_pos_J              | 0.0754      |
| reward/                 |             |
|    r_energy             | -0.0916     |
|    r_pose               | -0.00271    |
|    r_vel                | 0.192       |
|    r_xvel               | -0.105      |
| rollout/                |             |
|    ep_len_mean          | 82          |
|    ep_rew_mean          | 0.963       |
| time/                   |             |
|    fps                  | 45          |
|    iterations           | 109         |
|    time_elapsed         | 9833        |
|    total_timesteps      | 446464      |
| train/                  |             |
|    approx_kl            | 0.023902204 |
|    clip_fraction        | 0.303       |
|    clip_range           | 0.2         |
|    entropy_loss         | -7.47       |
|    explained_variance   | 0.679       |
|    learning_rate        | 0.0003      |
|    loss                 | -0.00917    |
|    n_updates            | 1080        |
|    policy_gradient_loss | -0.0217     |
|    std                  | 0.537       |
|    value_loss           | 0.201       |
-----------------------------------------
-----------------------------------------
| energy/                 |             |
|    E_damp_J             | 0.0109      |
|    E_fric_J             | 0.0064      |
|    E_norm_J             | 0.00194     |
|    W_neg_J              | 0.0146      |
|    W_pos_J              | 0.0274      |
| reward/                 |             |
|    r_energy             | -0.0306     |
|    r_pose               | -0.00286    |
|    r_vel                | 0.222       |
|    r_xvel               | -0.0532     |
| rollout/                |             |
|    ep_len_mean          | 82          |
|    ep_rew_mean          | 1.16        |
| time/                   |             |
|    fps                  | 45          |
|    iterations           | 110         |
|    time_elapsed         | 9925        |
|    total_timesteps      | 450560      |
| train/                  |             |
|    approx_kl            | 0.022620143 |
|    clip_fraction        | 0.288       |
|    clip_range           | 0.2         |
|    entropy_loss         | -7.43       |
|    explained_variance   | 0.734       |
|    learning_rate        | 0.0003      |
|    loss                 | -0.00109    |
|    n_updates            | 1090        |
|    policy_gradient_loss | -0.0215     |
|    std                  | 0.535       |
|    value_loss           | 0.163       |
-----------------------------------------
---------------------------------------
| energy/                 |           |
|    E_damp_J             | 0.0342    |
|    E_fric_J             | 0.00727   |
|    E_norm_J             | 0.0196    |
|    W_neg_J              | 0.0447    |
|    W_pos_J              | 0.0732    |
| reward/                 |           |
|    r_energy             | -0.0895   |
|    r_pose               | -0.00285  |
|    r_vel                | 0.188     |
|    r_xvel               | -0.118    |
| rollout/                |           |
|    ep_len_mean          | 82        |
|    ep_rew_mean          | 1.7       |
| time/                   |           |
|    fps                  | 45        |
|    iterations           | 111       |
|    time_elapsed         | 10016     |
|    total_timesteps      | 454656    |
| train/                  |           |
|    approx_kl            | 0.0263373 |
|    clip_fraction        | 0.306     |
|    clip_range           | 0.2       |
|    entropy_loss         | -7.36     |
|    explained_variance   | 0.699     |
|    learning_rate        | 0.0003    |
|    loss                 | -0.0337   |
|    n_updates            | 1100      |
|    policy_gradient_loss | -0.0225   |
|    std                  | 0.529     |
|    value_loss           | 0.193     |
---------------------------------------
-----------------------------------------
| energy/                 |             |
|    E_damp_J             | 0.013       |
|    E_fric_J             | 0.00701     |
|    E_norm_J             | 0.00202     |
|    W_neg_J              | 0.0159      |
|    W_pos_J              | 0.0287      |
| reward/                 |             |
|    r_energy             | -0.0333     |
|    r_pose               | -0.00294    |
|    r_vel                | 0.265       |
|    r_xvel               | -0.0952     |
| rollout/                |             |
|    ep_len_mean          | 82          |
|    ep_rew_mean          | 1.6         |
| time/                   |             |
|    fps                  | 45          |
|    iterations           | 112         |
|    time_elapsed         | 10106       |
|    total_timesteps      | 458752      |
| train/                  |             |
|    approx_kl            | 0.024271429 |
|    clip_fraction        | 0.287       |
|    clip_range           | 0.2         |
|    entropy_loss         | -7.28       |
|    explained_variance   | 0.616       |
|    learning_rate        | 0.0003      |
|    loss                 | 0.0649      |
|    n_updates            | 1110        |
|    policy_gradient_loss | -0.0159     |
|    std                  | 0.526       |
|    value_loss           | 0.281       |
-----------------------------------------
----------------------------------------
| energy/                 |            |
|    E_damp_J             | 0.0347     |
|    E_fric_J             | 0.0069     |
|    E_norm_J             | 0.0195     |
|    W_neg_J              | 0.0474     |
|    W_pos_J              | 0.0682     |
| reward/                 |            |
|    r_energy             | -0.0883    |
|    r_pose               | -0.00297   |
|    r_vel                | 0.171      |
|    r_xvel               | -0.0928    |
| rollout/                |            |
|    ep_len_mean          | 82         |
|    ep_rew_mean          | 1.88       |
| time/                   |            |
|    fps                  | 45         |
|    iterations           | 113        |
|    time_elapsed         | 10197      |
|    total_timesteps      | 462848     |
| train/                  |            |
|    approx_kl            | 0.02843153 |
|    clip_fraction        | 0.306      |
|    clip_range           | 0.2        |
|    entropy_loss         | -7.23      |
|    explained_variance   | 0.656      |
|    learning_rate        | 0.0003     |
|    loss                 | 0.0426     |
|    n_updates            | 1120       |
|    policy_gradient_loss | -0.0202    |
|    std                  | 0.523      |
|    value_loss           | 0.249      |
----------------------------------------
-----------------------------------------
| energy/                 |             |
|    E_damp_J             | 0.0136      |
|    E_fric_J             | 0.00645     |
|    E_norm_J             | 0.00182     |
|    W_neg_J              | 0.0169      |
|    W_pos_J              | 0.0291      |
| reward/                 |             |
|    r_energy             | -0.0339     |
|    r_pose               | -0.00282    |
|    r_vel                | 0.242       |
|    r_xvel               | -0.0651     |
| rollout/                |             |
|    ep_len_mean          | 82          |
|    ep_rew_mean          | 2.15        |
| time/                   |             |
|    fps                  | 45          |
|    iterations           | 114         |
|    time_elapsed         | 10287       |
|    total_timesteps      | 466944      |
| train/                  |             |
|    approx_kl            | 0.025245804 |
|    clip_fraction        | 0.291       |
|    clip_range           | 0.2         |
|    entropy_loss         | -7.19       |
|    explained_variance   | 0.692       |
|    learning_rate        | 0.0003      |
|    loss                 | -5.93e-05   |
|    n_updates            | 1130        |
|    policy_gradient_loss | -0.0201     |
|    std                  | 0.521       |
|    value_loss           | 0.219       |
-----------------------------------------
----------------------------------------
| energy/                 |            |
|    E_damp_J             | 0.0372     |
|    E_fric_J             | 0.00774    |
|    E_norm_J             | 0.0194     |
|    W_neg_J              | 0.0458     |
|    W_pos_J              | 0.086      |
| reward/                 |            |
|    r_energy             | -0.0981    |
|    r_pose               | -0.0028    |
|    r_vel                | 0.201      |
|    r_xvel               | -0.132     |
| rollout/                |            |
|    ep_len_mean          | 82         |
|    ep_rew_mean          | 2.32       |
| time/                   |            |
|    fps                  | 45         |
|    iterations           | 115        |
|    time_elapsed         | 10378      |
|    total_timesteps      | 471040     |
| train/                  |            |
|    approx_kl            | 0.02562819 |
|    clip_fraction        | 0.308      |
|    clip_range           | 0.2        |
|    entropy_loss         | -7.12      |
|    explained_variance   | 0.598      |
|    learning_rate        | 0.0003     |
|    loss                 | 0.0371     |
|    n_updates            | 1140       |
|    policy_gradient_loss | -0.0219    |
|    std                  | 0.517      |
|    value_loss           | 0.266      |
----------------------------------------
-----------------------------------------
| energy/                 |             |
|    E_damp_J             | 0.0113      |
|    E_fric_J             | 0.0068      |
|    E_norm_J             | 0.00203     |
|    W_neg_J              | 0.0149      |
|    W_pos_J              | 0.0253      |
| reward/                 |             |
|    r_energy             | -0.0302     |
|    r_pose               | -0.00291    |
|    r_vel                | 0.241       |
|    r_xvel               | -0.0554     |
| rollout/                |             |
|    ep_len_mean          | 82          |
|    ep_rew_mean          | 2.77        |
| time/                   |             |
|    fps                  | 45          |
|    iterations           | 116         |
|    time_elapsed         | 10469       |
|    total_timesteps      | 475136      |
| train/                  |             |
|    approx_kl            | 0.024329718 |
|    clip_fraction        | 0.294       |
|    clip_range           | 0.2         |
|    entropy_loss         | -7.05       |
|    explained_variance   | 0.644       |
|    learning_rate        | 0.0003      |
|    loss                 | 0.0474      |
|    n_updates            | 1150        |
|    policy_gradient_loss | -0.0179     |
|    std                  | 0.514       |
|    value_loss           | 0.265       |
-----------------------------------------
-----------------------------------------
| energy/                 |             |
|    E_damp_J             | 0.0407      |
|    E_fric_J             | 0.00835     |
|    E_norm_J             | 0.0201      |
|    W_neg_J              | 0.0518      |
|    W_pos_J              | 0.0787      |
| reward/                 |             |
|    r_energy             | -0.0999     |
|    r_pose               | -0.00278    |
|    r_vel                | 0.249       |
|    r_xvel               | -0.0956     |
| rollout/                |             |
|    ep_len_mean          | 82          |
|    ep_rew_mean          | 3.09        |
| time/                   |             |
|    fps                  | 45          |
|    iterations           | 117         |
|    time_elapsed         | 10560       |
|    total_timesteps      | 479232      |
| train/                  |             |
|    approx_kl            | 0.024032902 |
|    clip_fraction        | 0.3         |
|    clip_range           | 0.2         |
|    entropy_loss         | -6.97       |
|    explained_variance   | 0.622       |
|    learning_rate        | 0.0003      |
|    loss                 | 0.0355      |
|    n_updates            | 1160        |
|    policy_gradient_loss | -0.0212     |
|    std                  | 0.511       |
|    value_loss           | 0.257       |
-----------------------------------------
-----------------------------------------
| energy/                 |             |
|    E_damp_J             | 0.0115      |
|    E_fric_J             | 0.0066      |
|    E_norm_J             | 0.00188     |
|    W_neg_J              | 0.0165      |
|    W_pos_J              | 0.0248      |
| reward/                 |             |
|    r_energy             | -0.0306     |
|    r_pose               | -0.00257    |
|    r_vel                | 0.257       |
|    r_xvel               | -0.0626     |
| rollout/                |             |
|    ep_len_mean          | 82          |
|    ep_rew_mean          | 3.57        |
| time/                   |             |
|    fps                  | 45          |
|    iterations           | 118         |
|    time_elapsed         | 10651       |
|    total_timesteps      | 483328      |
| train/                  |             |
|    approx_kl            | 0.025788544 |
|    clip_fraction        | 0.294       |
|    clip_range           | 0.2         |
|    entropy_loss         | -6.91       |
|    explained_variance   | 0.6         |
|    learning_rate        | 0.0003      |
|    loss                 | 0.0685      |
|    n_updates            | 1170        |
|    policy_gradient_loss | -0.0169     |
|    std                  | 0.508       |
|    value_loss           | 0.311       |
-----------------------------------------
-----------------------------------------
| energy/                 |             |
|    E_damp_J             | 0.0389      |
|    E_fric_J             | 0.00755     |
|    E_norm_J             | 0.0195      |
|    W_neg_J              | 0.0462      |
|    W_pos_J              | 0.0802      |
| reward/                 |             |
|    r_energy             | -0.0962     |
|    r_pose               | -0.00271    |
|    r_vel                | 0.213       |
|    r_xvel               | -0.0798     |
| rollout/                |             |
|    ep_len_mean          | 82          |
|    ep_rew_mean          | 3.64        |
| time/                   |             |
|    fps                  | 45          |
|    iterations           | 119         |
|    time_elapsed         | 10742       |
|    total_timesteps      | 487424      |
| train/                  |             |
|    approx_kl            | 0.025436617 |
|    clip_fraction        | 0.298       |
|    clip_range           | 0.2         |
|    entropy_loss         | -6.84       |
|    explained_variance   | 0.637       |
|    learning_rate        | 0.0003      |
|    loss                 | 0.0171      |
|    n_updates            | 1180        |
|    policy_gradient_loss | -0.0168     |
|    std                  | 0.505       |
|    value_loss           | 0.257       |
-----------------------------------------
----------------------------------------
| energy/                 |            |
|    E_damp_J             | 0.0142     |
|    E_fric_J             | 0.00759    |
|    E_norm_J             | 0.00203    |
|    W_neg_J              | 0.0197     |
|    W_pos_J              | 0.0342     |
| reward/                 |            |
|    r_energy             | -0.0389    |
|    r_pose               | -0.00342   |
|    r_vel                | 0.311      |
|    r_xvel               | -0.0683    |
| rollout/                |            |
|    ep_len_mean          | 82         |
|    ep_rew_mean          | 3.64       |
| time/                   |            |
|    fps                  | 45         |
|    iterations           | 120        |
|    time_elapsed         | 10833      |
|    total_timesteps      | 491520     |
| train/                  |            |
|    approx_kl            | 0.02469704 |
|    clip_fraction        | 0.308      |
|    clip_range           | 0.2        |
|    entropy_loss         | -6.78      |
|    explained_variance   | 0.593      |
|    learning_rate        | 0.0003     |
|    loss                 | 0.0792     |
|    n_updates            | 1190       |
|    policy_gradient_loss | -0.0169    |
|    std                  | 0.503      |
|    value_loss           | 0.324      |
----------------------------------------
-----------------------------------------
| energy/                 |             |
|    E_damp_J             | 0.0332      |
|    E_fric_J             | 0.00667     |
|    E_norm_J             | 0.0187      |
|    W_neg_J              | 0.0401      |
|    W_pos_J              | 0.0644      |
| reward/                 |             |
|    r_energy             | -0.0816     |
|    r_pose               | -0.00303    |
|    r_vel                | 0.229       |
|    r_xvel               | -0.107      |
| rollout/                |             |
|    ep_len_mean          | 82          |
|    ep_rew_mean          | 4.09        |
| time/                   |             |
|    fps                  | 45          |
|    iterations           | 121         |
|    time_elapsed         | 10924       |
|    total_timesteps      | 495616      |
| train/                  |             |
|    approx_kl            | 0.025547646 |
|    clip_fraction        | 0.312       |
|    clip_range           | 0.2         |
|    entropy_loss         | -6.72       |
|    explained_variance   | 0.566       |
|    learning_rate        | 0.0003      |
|    loss                 | 0.087       |
|    n_updates            | 1200        |
|    policy_gradient_loss | -0.019      |
|    std                  | 0.5         |
|    value_loss           | 0.331       |
-----------------------------------------
----------------------------------------
| energy/                 |            |
|    E_damp_J             | 0.0113     |
|    E_fric_J             | 0.00735    |
|    E_norm_J             | 0.00193    |
|    W_neg_J              | 0.0138     |
|    W_pos_J              | 0.0282     |
| reward/                 |            |
|    r_energy             | -0.0313    |
|    r_pose               | -0.00282   |
|    r_vel                | 0.297      |
|    r_xvel               | -0.0667    |
| rollout/                |            |
|    ep_len_mean          | 82         |
|    ep_rew_mean          | 4.53       |
| time/                   |            |
|    fps                  | 45         |
|    iterations           | 122        |
|    time_elapsed         | 11014      |
|    total_timesteps      | 499712     |
| train/                  |            |
|    approx_kl            | 0.02378467 |
|    clip_fraction        | 0.297      |
|    clip_range           | 0.2        |
|    entropy_loss         | -6.66      |
|    explained_variance   | 0.579      |
|    learning_rate        | 0.0003     |
|    loss                 | 0.0805     |
|    n_updates            | 1210       |
|    policy_gradient_loss | -0.0176    |
|    std                  | 0.497      |
|    value_loss           | 0.344      |
----------------------------------------
-----------------------------------------
| energy/                 |             |
|    E_damp_J             | 0.0158      |
|    E_fric_J             | 0.00797     |
|    E_norm_J             | 0.00198     |
|    W_neg_J              | 0.021       |
|    W_pos_J              | 0.0316      |
| reward/                 |             |
|    r_energy             | -0.0392     |
|    r_pose               | -0.00267    |
|    r_vel                | 0.336       |
|    r_xvel               | -0.114      |
| rollout/                |             |
|    ep_len_mean          | 82          |
|    ep_rew_mean          | 5.48        |
| time/                   |             |
|    fps                  | 45          |
|    iterations           | 123         |
|    time_elapsed         | 11106       |
|    total_timesteps      | 503808      |
| train/                  |             |
|    approx_kl            | 0.028230792 |
|    clip_fraction        | 0.302       |
|    clip_range           | 0.2         |
|    entropy_loss         | -6.61       |
|    explained_variance   | 0.582       |
|    learning_rate        | 0.0003      |
|    loss                 | 0.072       |
|    n_updates            | 1220        |
|    policy_gradient_loss | -0.0193     |
|    std                  | 0.495       |
|    value_loss           | 0.328       |
-----------------------------------------
----------------------------------------
| energy/                 |            |
|    E_damp_J             | 0.0139     |
|    E_fric_J             | 0.00739    |
|    E_norm_J             | 0.00201    |
|    W_neg_J              | 0.0167     |
|    W_pos_J              | 0.0289     |
| reward/                 |            |
|    r_energy             | -0.0345    |
|    r_pose               | -0.00329   |
|    r_vel                | 0.287      |
|    r_xvel               | -0.06      |
| rollout/                |            |
|    ep_len_mean          | 82         |
|    ep_rew_mean          | 5.89       |
| time/                   |            |
|    fps                  | 45         |
|    iterations           | 124        |
|    time_elapsed         | 11197      |
|    total_timesteps      | 507904     |
| train/                  |            |
|    approx_kl            | 0.02412821 |
|    clip_fraction        | 0.299      |
|    clip_range           | 0.2        |
|    entropy_loss         | -6.53      |
|    explained_variance   | 0.601      |
|    learning_rate        | 0.0003     |
|    loss                 | 0.0625     |
|    n_updates            | 1230       |
|    policy_gradient_loss | -0.0157    |
|    std                  | 0.49       |
|    value_loss           | 0.28       |
----------------------------------------
---------------------------------------
| energy/                 |           |
|    E_damp_J             | 0.0167    |
|    E_fric_J             | 0.00818   |
|    E_norm_J             | 0.00211   |
|    W_neg_J              | 0.0178    |
|    W_pos_J              | 0.0371    |
| reward/                 |           |
|    r_energy             | -0.041    |
|    r_pose               | -0.00326  |
|    r_vel                | 0.342     |
|    r_xvel               | -0.0774   |
| rollout/                |           |
|    ep_len_mean          | 82        |
|    ep_rew_mean          | 5.7       |
| time/                   |           |
|    fps                  | 45        |
|    iterations           | 125       |
|    time_elapsed         | 11288     |
|    total_timesteps      | 512000    |
| train/                  |           |
|    approx_kl            | 0.0272432 |
|    clip_fraction        | 0.315     |
|    clip_range           | 0.2       |
|    entropy_loss         | -6.45     |
|    explained_variance   | 0.613     |
|    learning_rate        | 0.0003    |
|    loss                 | 0.0692    |
|    n_updates            | 1240      |
|    policy_gradient_loss | -0.0194   |
|    std                  | 0.486     |
|    value_loss           | 0.315     |
---------------------------------------
-----------------------------------------
| energy/                 |             |
|    E_damp_J             | 0.0147      |
|    E_fric_J             | 0.00787     |
|    E_norm_J             | 0.00207     |
|    W_neg_J              | 0.0183      |
|    W_pos_J              | 0.0332      |
| reward/                 |             |
|    r_energy             | -0.038      |
|    r_pose               | -0.00282    |
|    r_vel                | 0.297       |
|    r_xvel               | -0.0637     |
| rollout/                |             |
|    ep_len_mean          | 82          |
|    ep_rew_mean          | 6.14        |
| time/                   |             |
|    fps                  | 45          |
|    iterations           | 126         |
|    time_elapsed         | 11379       |
|    total_timesteps      | 516096      |
| train/                  |             |
|    approx_kl            | 0.027039696 |
|    clip_fraction        | 0.293       |
|    clip_range           | 0.2         |
|    entropy_loss         | -6.37       |
|    explained_variance   | 0.553       |
|    learning_rate        | 0.0003      |
|    loss                 | 0.0949      |
|    n_updates            | 1250        |
|    policy_gradient_loss | -0.0151     |
|    std                  | 0.481       |
|    value_loss           | 0.358       |
-----------------------------------------
-----------------------------------------
| energy/                 |             |
|    E_damp_J             | 0.0134      |
|    E_fric_J             | 0.00764     |
|    E_norm_J             | 0.00185     |
|    W_neg_J              | 0.0204      |
|    W_pos_J              | 0.0295      |
| reward/                 |             |
|    r_energy             | -0.0364     |
|    r_pose               | -0.00305    |
|    r_vel                | 0.334       |
|    r_xvel               | -0.0683     |
| rollout/                |             |
|    ep_len_mean          | 82          |
|    ep_rew_mean          | 6.4         |
| time/                   |             |
|    fps                  | 45          |
|    iterations           | 127         |
|    time_elapsed         | 11470       |
|    total_timesteps      | 520192      |
| train/                  |             |
|    approx_kl            | 0.025032489 |
|    clip_fraction        | 0.318       |
|    clip_range           | 0.2         |
|    entropy_loss         | -6.31       |
|    explained_variance   | 0.618       |
|    learning_rate        | 0.0003      |
|    loss                 | 0.0767      |
|    n_updates            | 1260        |
|    policy_gradient_loss | -0.0178     |
|    std                  | 0.479       |
|    value_loss           | 0.344       |
-----------------------------------------
-----------------------------------------
| energy/                 |             |
|    E_damp_J             | 0.0136      |
|    E_fric_J             | 0.00819     |
|    E_norm_J             | 0.00199     |
|    W_neg_J              | 0.0195      |
|    W_pos_J              | 0.0331      |
| reward/                 |             |
|    r_energy             | -0.0381     |
|    r_pose               | -0.00307    |
|    r_vel                | 0.376       |
|    r_xvel               | -0.0657     |
| rollout/                |             |
|    ep_len_mean          | 82          |
|    ep_rew_mean          | 6.83        |
| time/                   |             |
|    fps                  | 45          |
|    iterations           | 128         |
|    time_elapsed         | 11562       |
|    total_timesteps      | 524288      |
| train/                  |             |
|    approx_kl            | 0.025614306 |
|    clip_fraction        | 0.29        |
|    clip_range           | 0.2         |
|    entropy_loss         | -6.22       |
|    explained_variance   | 0.631       |
|    learning_rate        | 0.0003      |
|    loss                 | 0.0573      |
|    n_updates            | 1270        |
|    policy_gradient_loss | -0.0179     |
|    std                  | 0.474       |
|    value_loss           | 0.291       |
-----------------------------------------
-----------------------------------------
| energy/                 |             |
|    E_damp_J             | 0.0161      |
|    E_fric_J             | 0.00859     |
|    E_norm_J             | 0.00211     |
|    W_neg_J              | 0.0174      |
|    W_pos_J              | 0.0414      |
| reward/                 |             |
|    r_energy             | -0.0428     |
|    r_pose               | -0.00307    |
|    r_vel                | 0.376       |
|    r_xvel               | -0.0801     |
| rollout/                |             |
|    ep_len_mean          | 82          |
|    ep_rew_mean          | 7.33        |
| time/                   |             |
|    fps                  | 45          |
|    iterations           | 129         |
|    time_elapsed         | 11655       |
|    total_timesteps      | 528384      |
| train/                  |             |
|    approx_kl            | 0.026441395 |
|    clip_fraction        | 0.329       |
|    clip_range           | 0.2         |
|    entropy_loss         | -6.15       |
|    explained_variance   | 0.622       |
|    learning_rate        | 0.0003      |
|    loss                 | 0.0436      |
|    n_updates            | 1280        |
|    policy_gradient_loss | -0.0182     |
|    std                  | 0.471       |
|    value_loss           | 0.293       |
-----------------------------------------
----------------------------------------
| energy/                 |            |
|    E_damp_J             | 0.0156     |
|    E_fric_J             | 0.00841    |
|    E_norm_J             | 0.00221    |
|    W_neg_J              | 0.0178     |
|    W_pos_J              | 0.0399     |
| reward/                 |            |
|    r_energy             | -0.042     |
|    r_pose               | -0.003     |
|    r_vel                | 0.363      |
|    r_xvel               | -0.0708    |
| rollout/                |            |
|    ep_len_mean          | 82         |
|    ep_rew_mean          | 7.38       |
| time/                   |            |
|    fps                  | 45         |
|    iterations           | 130        |
|    time_elapsed         | 11746      |
|    total_timesteps      | 532480     |
| train/                  |            |
|    approx_kl            | 0.02806772 |
|    clip_fraction        | 0.318      |
|    clip_range           | 0.2        |
|    entropy_loss         | -6.06      |
|    explained_variance   | 0.597      |
|    learning_rate        | 0.0003     |
|    loss                 | 0.0404     |
|    n_updates            | 1290       |
|    policy_gradient_loss | -0.0189    |
|    std                  | 0.466      |
|    value_loss           | 0.341      |
----------------------------------------
-----------------------------------------
| energy/                 |             |
|    E_damp_J             | 0.0169      |
|    E_fric_J             | 0.00853     |
|    E_norm_J             | 0.00217     |
|    W_neg_J              | 0.0215      |
|    W_pos_J              | 0.037       |
| reward/                 |             |
|    r_energy             | -0.0431     |
|    r_pose               | -0.00299    |
|    r_vel                | 0.348       |
|    r_xvel               | -0.0895     |
| rollout/                |             |
|    ep_len_mean          | 82          |
|    ep_rew_mean          | 7.85        |
| time/                   |             |
|    fps                  | 45          |
|    iterations           | 131         |
|    time_elapsed         | 11837       |
|    total_timesteps      | 536576      |
| train/                  |             |
|    approx_kl            | 0.027543645 |
|    clip_fraction        | 0.319       |
|    clip_range           | 0.2         |
|    entropy_loss         | -5.97       |
|    explained_variance   | 0.658       |
|    learning_rate        | 0.0003      |
|    loss                 | 0.0702      |
|    n_updates            | 1300        |
|    policy_gradient_loss | -0.0176     |
|    std                  | 0.463       |
|    value_loss           | 0.294       |
-----------------------------------------
----------------------------------------
| energy/                 |            |
|    E_damp_J             | 0.0166     |
|    E_fric_J             | 0.00864    |
|    E_norm_J             | 0.00216    |
|    W_neg_J              | 0.0195     |
|    W_pos_J              | 0.0382     |
| reward/                 |            |
|    r_energy             | -0.0425    |
|    r_pose               | -0.00326   |
|    r_vel                | 0.359      |
|    r_xvel               | -0.0637    |
| rollout/                |            |
|    ep_len_mean          | 82         |
|    ep_rew_mean          | 8.32       |
| time/                   |            |
|    fps                  | 45         |
|    iterations           | 132        |
|    time_elapsed         | 11928      |
|    total_timesteps      | 540672     |
| train/                  |            |
|    approx_kl            | 0.02525856 |
|    clip_fraction        | 0.297      |
|    clip_range           | 0.2        |
|    entropy_loss         | -5.9       |
|    explained_variance   | 0.61       |
|    learning_rate        | 0.0003     |
|    loss                 | 0.111      |
|    n_updates            | 1310       |
|    policy_gradient_loss | -0.0159    |
|    std                  | 0.46       |
|    value_loss           | 0.328      |
----------------------------------------
----------------------------------------
| energy/                 |            |
|    E_damp_J             | 0.0161     |
|    E_fric_J             | 0.00853    |
|    E_norm_J             | 0.00206    |
|    W_neg_J              | 0.02       |
|    W_pos_J              | 0.035      |
| reward/                 |            |
|    r_energy             | -0.0408    |
|    r_pose               | -0.00315   |
|    r_vel                | 0.368      |
|    r_xvel               | -0.0941    |
| rollout/                |            |
|    ep_len_mean          | 82         |
|    ep_rew_mean          | 8.7        |
| time/                   |            |
|    fps                  | 45         |
|    iterations           | 133        |
|    time_elapsed         | 12018      |
|    total_timesteps      | 544768     |
| train/                  |            |
|    approx_kl            | 0.02779101 |
|    clip_fraction        | 0.304      |
|    clip_range           | 0.2        |
|    entropy_loss         | -5.8       |
|    explained_variance   | 0.586      |
|    learning_rate        | 0.0003     |
|    loss                 | 0.0841     |
|    n_updates            | 1320       |
|    policy_gradient_loss | -0.0179    |
|    std                  | 0.455      |
|    value_loss           | 0.372      |
----------------------------------------
-----------------------------------------
| energy/                 |             |
|    E_damp_J             | 0.0175      |
|    E_fric_J             | 0.00837     |
|    E_norm_J             | 0.00213     |
|    W_neg_J              | 0.0226      |
|    W_pos_J              | 0.0376      |
| reward/                 |             |
|    r_energy             | -0.0441     |
|    r_pose               | -0.00366    |
|    r_vel                | 0.37        |
|    r_xvel               | -0.0594     |
| rollout/                |             |
|    ep_len_mean          | 82          |
|    ep_rew_mean          | 8.96        |
| time/                   |             |
|    fps                  | 45          |
|    iterations           | 134         |
|    time_elapsed         | 12109       |
|    total_timesteps      | 548864      |
| train/                  |             |
|    approx_kl            | 0.029222347 |
|    clip_fraction        | 0.302       |
|    clip_range           | 0.2         |
|    entropy_loss         | -5.69       |
|    explained_variance   | 0.544       |
|    learning_rate        | 0.0003      |
|    loss                 | 0.117       |
|    n_updates            | 1330        |
|    policy_gradient_loss | -0.0169     |
|    std                  | 0.449       |
|    value_loss           | 0.375       |
-----------------------------------------
-----------------------------------------
| energy/                 |             |
|    E_damp_J             | 0.0182      |
|    E_fric_J             | 0.00858     |
|    E_norm_J             | 0.00212     |
|    W_neg_J              | 0.0235      |
|    W_pos_J              | 0.036       |
| reward/                 |             |
|    r_energy             | -0.0442     |
|    r_pose               | -0.00331    |
|    r_vel                | 0.388       |
|    r_xvel               | -0.0996     |
| rollout/                |             |
|    ep_len_mean          | 82          |
|    ep_rew_mean          | 8.92        |
| time/                   |             |
|    fps                  | 45          |
|    iterations           | 135         |
|    time_elapsed         | 12200       |
|    total_timesteps      | 552960      |
| train/                  |             |
|    approx_kl            | 0.024624975 |
|    clip_fraction        | 0.306       |
|    clip_range           | 0.2         |
|    entropy_loss         | -5.61       |
|    explained_variance   | 0.625       |
|    learning_rate        | 0.0003      |
|    loss                 | 0.079       |
|    n_updates            | 1340        |
|    policy_gradient_loss | -0.0149     |
|    std                  | 0.447       |
|    value_loss           | 0.319       |
-----------------------------------------
-----------------------------------------
| energy/                 |             |
|    E_damp_J             | 0.0192      |
|    E_fric_J             | 0.00883     |
|    E_norm_J             | 0.00271     |
|    W_neg_J              | 0.025       |
|    W_pos_J              | 0.0414      |
| reward/                 |             |
|    r_energy             | -0.0486     |
|    r_pose               | -0.00311    |
|    r_vel                | 0.354       |
|    r_xvel               | -0.0627     |
| rollout/                |             |
|    ep_len_mean          | 82          |
|    ep_rew_mean          | 9.02        |
| time/                   |             |
|    fps                  | 45          |
|    iterations           | 136         |
|    time_elapsed         | 12290       |
|    total_timesteps      | 557056      |
| train/                  |             |
|    approx_kl            | 0.028678637 |
|    clip_fraction        | 0.325       |
|    clip_range           | 0.2         |
|    entropy_loss         | -5.56       |
|    explained_variance   | 0.593       |
|    learning_rate        | 0.0003      |
|    loss                 | 0.0731      |
|    n_updates            | 1350        |
|    policy_gradient_loss | -0.0166     |
|    std                  | 0.444       |
|    value_loss           | 0.387       |
-----------------------------------------
-----------------------------------------
| energy/                 |             |
|    E_damp_J             | 0.0166      |
|    E_fric_J             | 0.00865     |
|    E_norm_J             | 0.00202     |
|    W_neg_J              | 0.0215      |
|    W_pos_J              | 0.04        |
| reward/                 |             |
|    r_energy             | -0.0444     |
|    r_pose               | -0.00329    |
|    r_vel                | 0.381       |
|    r_xvel               | -0.0834     |
| rollout/                |             |
|    ep_len_mean          | 82          |
|    ep_rew_mean          | 9.15        |
| time/                   |             |
|    fps                  | 45          |
|    iterations           | 137         |
|    time_elapsed         | 12380       |
|    total_timesteps      | 561152      |
| train/                  |             |
|    approx_kl            | 0.025231717 |
|    clip_fraction        | 0.325       |
|    clip_range           | 0.2         |
|    entropy_loss         | -5.49       |
|    explained_variance   | 0.561       |
|    learning_rate        | 0.0003      |
|    loss                 | 0.124       |
|    n_updates            | 1360        |
|    policy_gradient_loss | -0.0132     |
|    std                  | 0.442       |
|    value_loss           | 0.379       |
-----------------------------------------
-----------------------------------------
| energy/                 |             |
|    E_damp_J             | 0.0254      |
|    E_fric_J             | 0.00902     |
|    E_norm_J             | 0.0197      |
|    W_neg_J              | 0.0318      |
|    W_pos_J              | 0.0602      |
| reward/                 |             |
|    r_energy             | -0.0731     |
|    r_pose               | -0.00278    |
|    r_vel                | 0.319       |
|    r_xvel               | -0.0814     |
| rollout/                |             |
|    ep_len_mean          | 82          |
|    ep_rew_mean          | 9.91        |
| time/                   |             |
|    fps                  | 45          |
|    iterations           | 138         |
|    time_elapsed         | 12471       |
|    total_timesteps      | 565248      |
| train/                  |             |
|    approx_kl            | 0.024517134 |
|    clip_fraction        | 0.338       |
|    clip_range           | 0.2         |
|    entropy_loss         | -5.42       |
|    explained_variance   | 0.531       |
|    learning_rate        | 0.0003      |
|    loss                 | 0.126       |
|    n_updates            | 1370        |
|    policy_gradient_loss | -0.0148     |
|    std                  | 0.438       |
|    value_loss           | 0.409       |
-----------------------------------------
-----------------------------------------
| energy/                 |             |
|    E_damp_J             | 0.0185      |
|    E_fric_J             | 0.00888     |
|    E_norm_J             | 0.00229     |
|    W_neg_J              | 0.021       |
|    W_pos_J              | 0.0395      |
| reward/                 |             |
|    r_energy             | -0.0451     |
|    r_pose               | -0.00319    |
|    r_vel                | 0.369       |
|    r_xvel               | -0.0798     |
| rollout/                |             |
|    ep_len_mean          | 82          |
|    ep_rew_mean          | 10.5        |
| time/                   |             |
|    fps                  | 45          |
|    iterations           | 139         |
|    time_elapsed         | 12561       |
|    total_timesteps      | 569344      |
| train/                  |             |
|    approx_kl            | 0.034569964 |
|    clip_fraction        | 0.337       |
|    clip_range           | 0.2         |
|    entropy_loss         | -5.36       |
|    explained_variance   | 0.623       |
|    learning_rate        | 0.0003      |
|    loss                 | 0.0481      |
|    n_updates            | 1380        |
|    policy_gradient_loss | -0.0162     |
|    std                  | 0.435       |
|    value_loss           | 0.294       |
-----------------------------------------
-----------------------------------------
| energy/                 |             |
|    E_damp_J             | 0.0449      |
|    E_fric_J             | 0.00968     |
|    E_norm_J             | 0.0195      |
|    W_neg_J              | 0.0539      |
|    W_pos_J              | 0.094       |
| reward/                 |             |
|    r_energy             | -0.111      |
|    r_pose               | -0.00296    |
|    r_vel                | 0.335       |
|    r_xvel               | -0.0678     |
| rollout/                |             |
|    ep_len_mean          | 82          |
|    ep_rew_mean          | 10.1        |
| time/                   |             |
|    fps                  | 45          |
|    iterations           | 140         |
|    time_elapsed         | 12651       |
|    total_timesteps      | 573440      |
| train/                  |             |
|    approx_kl            | 0.028330082 |
|    clip_fraction        | 0.317       |
|    clip_range           | 0.2         |
|    entropy_loss         | -5.3        |
|    explained_variance   | 0.565       |
|    learning_rate        | 0.0003      |
|    loss                 | 0.171       |
|    n_updates            | 1390        |
|    policy_gradient_loss | -0.0141     |
|    std                  | 0.433       |
|    value_loss           | 0.391       |
-----------------------------------------
-----------------------------------------
| energy/                 |             |
|    E_damp_J             | 0.0198      |
|    E_fric_J             | 0.00918     |
|    E_norm_J             | 0.00221     |
|    W_neg_J              | 0.0248      |
|    W_pos_J              | 0.039       |
| reward/                 |             |
|    r_energy             | -0.0475     |
|    r_pose               | -0.00315    |
|    r_vel                | 0.404       |
|    r_xvel               | -0.113      |
| rollout/                |             |
|    ep_len_mean          | 82          |
|    ep_rew_mean          | 10.4        |
| time/                   |             |
|    fps                  | 45          |
|    iterations           | 141         |
|    time_elapsed         | 12741       |
|    total_timesteps      | 577536      |
| train/                  |             |
|    approx_kl            | 0.027612135 |
|    clip_fraction        | 0.33        |
|    clip_range           | 0.2         |
|    entropy_loss         | -5.22       |
|    explained_variance   | 0.6         |
|    learning_rate        | 0.0003      |
|    loss                 | 0.118       |
|    n_updates            | 1400        |
|    policy_gradient_loss | -0.0134     |
|    std                  | 0.429       |
|    value_loss           | 0.379       |
-----------------------------------------
-----------------------------------------
| energy/                 |             |
|    E_damp_J             | 0.0443      |
|    E_fric_J             | 0.00968     |
|    E_norm_J             | 0.0195      |
|    W_neg_J              | 0.057       |
|    W_pos_J              | 0.0868      |
| reward/                 |             |
|    r_energy             | -0.109      |
|    r_pose               | -0.0028     |
|    r_vel                | 0.365       |
|    r_xvel               | -0.0942     |
| rollout/                |             |
|    ep_len_mean          | 82          |
|    ep_rew_mean          | 11.1        |
| time/                   |             |
|    fps                  | 45          |
|    iterations           | 142         |
|    time_elapsed         | 12830       |
|    total_timesteps      | 581632      |
| train/                  |             |
|    approx_kl            | 0.031094244 |
|    clip_fraction        | 0.328       |
|    clip_range           | 0.2         |
|    entropy_loss         | -5.12       |
|    explained_variance   | 0.597       |
|    learning_rate        | 0.0003      |
|    loss                 | 0.141       |
|    n_updates            | 1410        |
|    policy_gradient_loss | -0.0157     |
|    std                  | 0.426       |
|    value_loss           | 0.349       |
-----------------------------------------
----------------------------------------
| energy/                 |            |
|    E_damp_J             | 0.0188     |
|    E_fric_J             | 0.00933    |
|    E_norm_J             | 0.0022     |
|    W_neg_J              | 0.0226     |
|    W_pos_J              | 0.0444     |
| reward/                 |            |
|    r_energy             | -0.0487    |
|    r_pose               | -0.00299   |
|    r_vel                | 0.436      |
|    r_xvel               | -0.104     |
| rollout/                |            |
|    ep_len_mean          | 82         |
|    ep_rew_mean          | 11.2       |
| time/                   |            |
|    fps                  | 45         |
|    iterations           | 143        |
|    time_elapsed         | 12921      |
|    total_timesteps      | 585728     |
| train/                  |            |
|    approx_kl            | 0.03164526 |
|    clip_fraction        | 0.342      |
|    clip_range           | 0.2        |
|    entropy_loss         | -5.04      |
|    explained_variance   | 0.629      |
|    learning_rate        | 0.0003     |
|    loss                 | 0.0843     |
|    n_updates            | 1420       |
|    policy_gradient_loss | -0.0169    |
|    std                  | 0.422      |
|    value_loss           | 0.306      |
----------------------------------------
-----------------------------------------
| energy/                 |             |
|    E_damp_J             | 0.0439      |
|    E_fric_J             | 0.00995     |
|    E_norm_J             | 0.0197      |
|    W_neg_J              | 0.0552      |
|    W_pos_J              | 0.0895      |
| reward/                 |             |
|    r_energy             | -0.109      |
|    r_pose               | -0.00291    |
|    r_vel                | 0.363       |
|    r_xvel               | -0.0827     |
| rollout/                |             |
|    ep_len_mean          | 82          |
|    ep_rew_mean          | 11.4        |
| time/                   |             |
|    fps                  | 45          |
|    iterations           | 144         |
|    time_elapsed         | 13013       |
|    total_timesteps      | 589824      |
| train/                  |             |
|    approx_kl            | 0.030291565 |
|    clip_fraction        | 0.336       |
|    clip_range           | 0.2         |
|    entropy_loss         | -4.97       |
|    explained_variance   | 0.554       |
|    learning_rate        | 0.0003      |
|    loss                 | 0.233       |
|    n_updates            | 1430        |
|    policy_gradient_loss | -0.0149     |
|    std                  | 0.42        |
|    value_loss           | 0.389       |
-----------------------------------------
----------------------------------------
| energy/                 |            |
|    E_damp_J             | 0.0183     |
|    E_fric_J             | 0.0095     |
|    E_norm_J             | 0.00205    |
|    W_neg_J              | 0.0239     |
|    W_pos_J              | 0.0401     |
| reward/                 |            |
|    r_energy             | -0.0469    |
|    r_pose               | -0.00288   |
|    r_vel                | 0.439      |
|    r_xvel               | -0.0938    |
| rollout/                |            |
|    ep_len_mean          | 82         |
|    ep_rew_mean          | 11.5       |
| time/                   |            |
|    fps                  | 45         |
|    iterations           | 145        |
|    time_elapsed         | 13104      |
|    total_timesteps      | 593920     |
| train/                  |            |
|    approx_kl            | 0.03257639 |
|    clip_fraction        | 0.339      |
|    clip_range           | 0.2        |
|    entropy_loss         | -4.92      |
|    explained_variance   | 0.641      |
|    learning_rate        | 0.0003     |
|    loss                 | 0.0989     |
|    n_updates            | 1440       |
|    policy_gradient_loss | -0.0148    |
|    std                  | 0.418      |
|    value_loss           | 0.301      |
----------------------------------------
-----------------------------------------
| energy/                 |             |
|    E_damp_J             | 0.0447      |
|    E_fric_J             | 0.00984     |
|    E_norm_J             | 0.02        |
|    W_neg_J              | 0.057       |
|    W_pos_J              | 0.0924      |
| reward/                 |             |
|    r_energy             | -0.112      |
|    r_pose               | -0.00303    |
|    r_vel                | 0.385       |
|    r_xvel               | -0.0982     |
| rollout/                |             |
|    ep_len_mean          | 82          |
|    ep_rew_mean          | 11.4        |
| time/                   |             |
|    fps                  | 45          |
|    iterations           | 146         |
|    time_elapsed         | 13194       |
|    total_timesteps      | 598016      |
| train/                  |             |
|    approx_kl            | 0.029413909 |
|    clip_fraction        | 0.337       |
|    clip_range           | 0.2         |
|    entropy_loss         | -4.88       |
|    explained_variance   | 0.565       |
|    learning_rate        | 0.0003      |
|    loss                 | 0.132       |
|    n_updates            | 1450        |
|    policy_gradient_loss | -0.0131     |
|    std                  | 0.417       |
|    value_loss           | 0.413       |
-----------------------------------------
-----------------------------------------
| energy/                 |             |
|    E_damp_J             | 0.0199      |
|    E_fric_J             | 0.00943     |
|    E_norm_J             | 0.00222     |
|    W_neg_J              | 0.024       |
|    W_pos_J              | 0.0439      |
| reward/                 |             |
|    r_energy             | -0.0497     |
|    r_pose               | -0.00315    |
|    r_vel                | 0.426       |
|    r_xvel               | -0.0838     |
| rollout/                |             |
|    ep_len_mean          | 82          |
|    ep_rew_mean          | 12          |
| time/                   |             |
|    fps                  | 45          |
|    iterations           | 147         |
|    time_elapsed         | 13285       |
|    total_timesteps      | 602112      |
| train/                  |             |
|    approx_kl            | 0.025783766 |
|    clip_fraction        | 0.315       |
|    clip_range           | 0.2         |
|    entropy_loss         | -4.81       |
|    explained_variance   | 0.605       |
|    learning_rate        | 0.0003      |
|    loss                 | 0.112       |
|    n_updates            | 1460        |
|    policy_gradient_loss | -0.0126     |
|    std                  | 0.413       |
|    value_loss           | 0.329       |
-----------------------------------------
----------------------------------------
| energy/                 |            |
|    E_damp_J             | 0.0445     |
|    E_fric_J             | 0.00941    |
|    E_norm_J             | 0.019      |
|    W_neg_J              | 0.0503     |
|    W_pos_J              | 0.0921     |
| reward/                 |            |
|    r_energy             | -0.108     |
|    r_pose               | -0.00303   |
|    r_vel                | 0.345      |
|    r_xvel               | -0.0993    |
| rollout/                |            |
|    ep_len_mean          | 82         |
|    ep_rew_mean          | 12.3       |
| time/                   |            |
|    fps                  | 45         |
|    iterations           | 148        |
|    time_elapsed         | 13375      |
|    total_timesteps      | 606208     |
| train/                  |            |
|    approx_kl            | 0.02701576 |
|    clip_fraction        | 0.334      |
|    clip_range           | 0.2        |
|    entropy_loss         | -4.73      |
|    explained_variance   | 0.661      |
|    learning_rate        | 0.0003     |
|    loss                 | 0.0788     |
|    n_updates            | 1470       |
|    policy_gradient_loss | -0.0113    |
|    std                  | 0.41       |
|    value_loss           | 0.297      |
----------------------------------------
-----------------------------------------
| energy/                 |             |
|    E_damp_J             | 0.0187      |
|    E_fric_J             | 0.00909     |
|    E_norm_J             | 0.00217     |
|    W_neg_J              | 0.0241      |
|    W_pos_J              | 0.0387      |
| reward/                 |             |
|    r_energy             | -0.0464     |
|    r_pose               | -0.0031     |
|    r_vel                | 0.399       |
|    r_xvel               | -0.0692     |
| rollout/                |             |
|    ep_len_mean          | 82          |
|    ep_rew_mean          | 12.5        |
| time/                   |             |
|    fps                  | 45          |
|    iterations           | 149         |
|    time_elapsed         | 13467       |
|    total_timesteps      | 610304      |
| train/                  |             |
|    approx_kl            | 0.031929005 |
|    clip_fraction        | 0.345       |
|    clip_range           | 0.2         |
|    entropy_loss         | -4.68       |
|    explained_variance   | 0.581       |
|    learning_rate        | 0.0003      |
|    loss                 | 0.142       |
|    n_updates            | 1480        |
|    policy_gradient_loss | -0.0134     |
|    std                  | 0.409       |
|    value_loss           | 0.36        |
-----------------------------------------
-----------------------------------------
| energy/                 |             |
|    E_damp_J             | 0.0425      |
|    E_fric_J             | 0.00929     |
|    E_norm_J             | 0.0193      |
|    W_neg_J              | 0.0515      |
|    W_pos_J              | 0.0862      |
| reward/                 |             |
|    r_energy             | -0.104      |
|    r_pose               | -0.00304    |
|    r_vel                | 0.338       |
|    r_xvel               | -0.108      |
| rollout/                |             |
|    ep_len_mean          | 82          |
|    ep_rew_mean          | 12.5        |
| time/                   |             |
|    fps                  | 45          |
|    iterations           | 150         |
|    time_elapsed         | 13559       |
|    total_timesteps      | 614400      |
| train/                  |             |
|    approx_kl            | 0.031719014 |
|    clip_fraction        | 0.337       |
|    clip_range           | 0.2         |
|    entropy_loss         | -4.62       |
|    explained_variance   | 0.609       |
|    learning_rate        | 0.0003      |
|    loss                 | 0.0737      |
|    n_updates            | 1490        |
|    policy_gradient_loss | -0.0116     |
|    std                  | 0.406       |
|    value_loss           | 0.341       |
-----------------------------------------
-----------------------------------------
| energy/                 |             |
|    E_damp_J             | 0.0191      |
|    E_fric_J             | 0.00901     |
|    E_norm_J             | 0.00205     |
|    W_neg_J              | 0.0229      |
|    W_pos_J              | 0.0392      |
| reward/                 |             |
|    r_energy             | -0.0461     |
|    r_pose               | -0.00316    |
|    r_vel                | 0.423       |
|    r_xvel               | -0.0645     |
| rollout/                |             |
|    ep_len_mean          | 82          |
|    ep_rew_mean          | 12.9        |
| time/                   |             |
|    fps                  | 45          |
|    iterations           | 151         |
|    time_elapsed         | 13652       |
|    total_timesteps      | 618496      |
| train/                  |             |
|    approx_kl            | 0.027653877 |
|    clip_fraction        | 0.347       |
|    clip_range           | 0.2         |
|    entropy_loss         | -4.54       |
|    explained_variance   | 0.67        |
|    learning_rate        | 0.0003      |
|    loss                 | 0.0786      |
|    n_updates            | 1500        |
|    policy_gradient_loss | -0.0135     |
|    std                  | 0.402       |
|    value_loss           | 0.301       |
-----------------------------------------
-----------------------------------------
| energy/                 |             |
|    E_damp_J             | 0.0498      |
|    E_fric_J             | 0.00962     |
|    E_norm_J             | 0.0199      |
|    W_neg_J              | 0.063       |
|    W_pos_J              | 0.093       |
| reward/                 |             |
|    r_energy             | -0.118      |
|    r_pose               | -0.00269    |
|    r_vel                | 0.4         |
|    r_xvel               | -0.0922     |
| rollout/                |             |
|    ep_len_mean          | 82          |
|    ep_rew_mean          | 13.2        |
| time/                   |             |
|    fps                  | 45          |
|    iterations           | 152         |
|    time_elapsed         | 13744       |
|    total_timesteps      | 622592      |
| train/                  |             |
|    approx_kl            | 0.034018867 |
|    clip_fraction        | 0.335       |
|    clip_range           | 0.2         |
|    entropy_loss         | -4.46       |
|    explained_variance   | 0.658       |
|    learning_rate        | 0.0003      |
|    loss                 | 0.0525      |
|    n_updates            | 1510        |
|    policy_gradient_loss | -0.0141     |
|    std                  | 0.4         |
|    value_loss           | 0.276       |
-----------------------------------------
-----------------------------------------
| energy/                 |             |
|    E_damp_J             | 0.0204      |
|    E_fric_J             | 0.00926     |
|    E_norm_J             | 0.00221     |
|    W_neg_J              | 0.0232      |
|    W_pos_J              | 0.0408      |
| reward/                 |             |
|    r_energy             | -0.048      |
|    r_pose               | -0.00313    |
|    r_vel                | 0.427       |
|    r_xvel               | -0.0746     |
| rollout/                |             |
|    ep_len_mean          | 82          |
|    ep_rew_mean          | 13.5        |
| time/                   |             |
|    fps                  | 45          |
|    iterations           | 153         |
|    time_elapsed         | 13835       |
|    total_timesteps      | 626688      |
| train/                  |             |
|    approx_kl            | 0.030533724 |
|    clip_fraction        | 0.359       |
|    clip_range           | 0.2         |
|    entropy_loss         | -4.4        |
|    explained_variance   | 0.585       |
|    learning_rate        | 0.0003      |
|    loss                 | 0.124       |
|    n_updates            | 1520        |
|    policy_gradient_loss | -0.0148     |
|    std                  | 0.397       |
|    value_loss           | 0.417       |
-----------------------------------------
-----------------------------------------
| energy/                 |             |
|    E_damp_J             | 0.0442      |
|    E_fric_J             | 0.0096      |
|    E_norm_J             | 0.0197      |
|    W_neg_J              | 0.0544      |
|    W_pos_J              | 0.0877      |
| reward/                 |             |
|    r_energy             | -0.108      |
|    r_pose               | -0.00289    |
|    r_vel                | 0.357       |
|    r_xvel               | -0.0955     |
| rollout/                |             |
|    ep_len_mean          | 82          |
|    ep_rew_mean          | 13.6        |
| time/                   |             |
|    fps                  | 45          |
|    iterations           | 154         |
|    time_elapsed         | 13924       |
|    total_timesteps      | 630784      |
| train/                  |             |
|    approx_kl            | 0.029129459 |
|    clip_fraction        | 0.338       |
|    clip_range           | 0.2         |
|    entropy_loss         | -4.32       |
|    explained_variance   | 0.681       |
|    learning_rate        | 0.0003      |
|    loss                 | 0.0695      |
|    n_updates            | 1530        |
|    policy_gradient_loss | -0.0145     |
|    std                  | 0.395       |
|    value_loss           | 0.26        |
-----------------------------------------
-----------------------------------------
| energy/                 |             |
|    E_damp_J             | 0.0182      |
|    E_fric_J             | 0.00914     |
|    E_norm_J             | 0.00201     |
|    W_neg_J              | 0.0232      |
|    W_pos_J              | 0.0384      |
| reward/                 |             |
|    r_energy             | -0.0455     |
|    r_pose               | -0.00306    |
|    r_vel                | 0.442       |
|    r_xvel               | -0.08       |
| rollout/                |             |
|    ep_len_mean          | 82          |
|    ep_rew_mean          | 13.7        |
| time/                   |             |
|    fps                  | 45          |
|    iterations           | 155         |
|    time_elapsed         | 14015       |
|    total_timesteps      | 634880      |
| train/                  |             |
|    approx_kl            | 0.031443045 |
|    clip_fraction        | 0.354       |
|    clip_range           | 0.2         |
|    entropy_loss         | -4.24       |
|    explained_variance   | 0.66        |
|    learning_rate        | 0.0003      |
|    loss                 | 0.0641      |
|    n_updates            | 1540        |
|    policy_gradient_loss | -0.0129     |
|    std                  | 0.392       |
|    value_loss           | 0.294       |
-----------------------------------------
-----------------------------------------
| energy/                 |             |
|    E_damp_J             | 0.0465      |
|    E_fric_J             | 0.00984     |
|    E_norm_J             | 0.0197      |
|    W_neg_J              | 0.0578      |
|    W_pos_J              | 0.0889      |
| reward/                 |             |
|    r_energy             | -0.111      |
|    r_pose               | -0.00319    |
|    r_vel                | 0.377       |
|    r_xvel               | -0.0942     |
| rollout/                |             |
|    ep_len_mean          | 82          |
|    ep_rew_mean          | 14.1        |
| time/                   |             |
|    fps                  | 45          |
|    iterations           | 156         |
|    time_elapsed         | 14105       |
|    total_timesteps      | 638976      |
| train/                  |             |
|    approx_kl            | 0.025015216 |
|    clip_fraction        | 0.321       |
|    clip_range           | 0.2         |
|    entropy_loss         | -4.17       |
|    explained_variance   | 0.704       |
|    learning_rate        | 0.0003      |
|    loss                 | 0.0544      |
|    n_updates            | 1550        |
|    policy_gradient_loss | -0.0103     |
|    std                  | 0.389       |
|    value_loss           | 0.241       |
-----------------------------------------
-----------------------------------------
| energy/                 |             |
|    E_damp_J             | 0.0187      |
|    E_fric_J             | 0.00958     |
|    E_norm_J             | 0.00205     |
|    W_neg_J              | 0.0233      |
|    W_pos_J              | 0.0442      |
| reward/                 |             |
|    r_energy             | -0.0489     |
|    r_pose               | -0.00299    |
|    r_vel                | 0.448       |
|    r_xvel               | -0.0466     |
| rollout/                |             |
|    ep_len_mean          | 82          |
|    ep_rew_mean          | 14.2        |
| time/                   |             |
|    fps                  | 45          |
|    iterations           | 157         |
|    time_elapsed         | 14196       |
|    total_timesteps      | 643072      |
| train/                  |             |
|    approx_kl            | 0.032381594 |
|    clip_fraction        | 0.341       |
|    clip_range           | 0.2         |
|    entropy_loss         | -4.09       |
|    explained_variance   | 0.682       |
|    learning_rate        | 0.0003      |
|    loss                 | 0.0979      |
|    n_updates            | 1560        |
|    policy_gradient_loss | -0.0162     |
|    std                  | 0.386       |
|    value_loss           | 0.27        |
-----------------------------------------
-----------------------------------------
| energy/                 |             |
|    E_damp_J             | 0.0497      |
|    E_fric_J             | 0.0102      |
|    E_norm_J             | 0.0197      |
|    W_neg_J              | 0.0671      |
|    W_pos_J              | 0.0935      |
| reward/                 |             |
|    r_energy             | -0.12       |
|    r_pose               | -0.00298    |
|    r_vel                | 0.427       |
|    r_xvel               | -0.0836     |
| rollout/                |             |
|    ep_len_mean          | 82          |
|    ep_rew_mean          | 14.8        |
| time/                   |             |
|    fps                  | 45          |
|    iterations           | 158         |
|    time_elapsed         | 14286       |
|    total_timesteps      | 647168      |
| train/                  |             |
|    approx_kl            | 0.029323488 |
|    clip_fraction        | 0.34        |
|    clip_range           | 0.2         |
|    entropy_loss         | -4.02       |
|    explained_variance   | 0.707       |
|    learning_rate        | 0.0003      |
|    loss                 | 0.0761      |
|    n_updates            | 1570        |
|    policy_gradient_loss | -0.0125     |
|    std                  | 0.383       |
|    value_loss           | 0.237       |
-----------------------------------------
----------------------------------------
| energy/                 |            |
|    E_damp_J             | 0.0182     |
|    E_fric_J             | 0.00885    |
|    E_norm_J             | 0.00211    |
|    W_neg_J              | 0.023      |
|    W_pos_J              | 0.0395     |
| reward/                 |            |
|    r_energy             | -0.0458    |
|    r_pose               | -0.00324   |
|    r_vel                | 0.417      |
|    r_xvel               | -0.0869    |
| rollout/                |            |
|    ep_len_mean          | 82         |
|    ep_rew_mean          | 14.9       |
| time/                   |            |
|    fps                  | 45         |
|    iterations           | 159        |
|    time_elapsed         | 14376      |
|    total_timesteps      | 651264     |
| train/                  |            |
|    approx_kl            | 0.03464824 |
|    clip_fraction        | 0.364      |
|    clip_range           | 0.2        |
|    entropy_loss         | -3.93      |
|    explained_variance   | 0.711      |
|    learning_rate        | 0.0003     |
|    loss                 | 0.0352     |
|    n_updates            | 1580       |
|    policy_gradient_loss | -0.0124    |
|    std                  | 0.38       |
|    value_loss           | 0.233      |
----------------------------------------
-----------------------------------------
| energy/                 |             |
|    E_damp_J             | 0.041       |
|    E_fric_J             | 0.00946     |
|    E_norm_J             | 0.0192      |
|    W_neg_J              | 0.0553      |
|    W_pos_J              | 0.0774      |
| reward/                 |             |
|    r_energy             | -0.101      |
|    r_pose               | -0.00293    |
|    r_vel                | 0.4         |
|    r_xvel               | -0.0991     |
| rollout/                |             |
|    ep_len_mean          | 82          |
|    ep_rew_mean          | 14.6        |
| time/                   |             |
|    fps                  | 45          |
|    iterations           | 160         |
|    time_elapsed         | 14466       |
|    total_timesteps      | 655360      |
| train/                  |             |
|    approx_kl            | 0.028359275 |
|    clip_fraction        | 0.353       |
|    clip_range           | 0.2         |
|    entropy_loss         | -3.87       |
|    explained_variance   | 0.683       |
|    learning_rate        | 0.0003      |
|    loss                 | 0.0734      |
|    n_updates            | 1590        |
|    policy_gradient_loss | -0.00797    |
|    std                  | 0.378       |
|    value_loss           | 0.285       |
-----------------------------------------
-----------------------------------------
| energy/                 |             |
|    E_damp_J             | 0.0202      |
|    E_fric_J             | 0.00929     |
|    E_norm_J             | 0.00214     |
|    W_neg_J              | 0.0232      |
|    W_pos_J              | 0.0427      |
| reward/                 |             |
|    r_energy             | -0.0488     |
|    r_pose               | -0.00301    |
|    r_vel                | 0.437       |
|    r_xvel               | -0.0632     |
| rollout/                |             |
|    ep_len_mean          | 82          |
|    ep_rew_mean          | 15          |
| time/                   |             |
|    fps                  | 45          |
|    iterations           | 161         |
|    time_elapsed         | 14555       |
|    total_timesteps      | 659456      |
| train/                  |             |
|    approx_kl            | 0.032551028 |
|    clip_fraction        | 0.362       |
|    clip_range           | 0.2         |
|    entropy_loss         | -3.8        |
|    explained_variance   | 0.706       |
|    learning_rate        | 0.0003      |
|    loss                 | 0.117       |
|    n_updates            | 1600        |
|    policy_gradient_loss | -0.0101     |
|    std                  | 0.376       |
|    value_loss           | 0.29        |
-----------------------------------------
-----------------------------------------
| energy/                 |             |
|    E_damp_J             | 0.036       |
|    E_fric_J             | 0.00917     |
|    E_norm_J             | 0.0186      |
|    W_neg_J              | 0.0464      |
|    W_pos_J              | 0.073       |
| reward/                 |             |
|    r_energy             | -0.0916     |
|    r_pose               | -0.00307    |
|    r_vel                | 0.446       |
|    r_xvel               | -0.0677     |
| rollout/                |             |
|    ep_len_mean          | 82          |
|    ep_rew_mean          | 15.7        |
| time/                   |             |
|    fps                  | 45          |
|    iterations           | 162         |
|    time_elapsed         | 14647       |
|    total_timesteps      | 663552      |
| train/                  |             |
|    approx_kl            | 0.029608577 |
|    clip_fraction        | 0.361       |
|    clip_range           | 0.2         |
|    entropy_loss         | -3.73       |
|    explained_variance   | 0.721       |
|    learning_rate        | 0.0003      |
|    loss                 | 0.0712      |
|    n_updates            | 1610        |
|    policy_gradient_loss | -0.0115     |
|    std                  | 0.373       |
|    value_loss           | 0.229       |
-----------------------------------------
-----------------------------------------
| energy/                 |             |
|    E_damp_J             | 0.0187      |
|    E_fric_J             | 0.00909     |
|    E_norm_J             | 0.00201     |
|    W_neg_J              | 0.0219      |
|    W_pos_J              | 0.0403      |
| reward/                 |             |
|    r_energy             | -0.046      |
|    r_pose               | -0.00335    |
|    r_vel                | 0.455       |
|    r_xvel               | -0.0723     |
| rollout/                |             |
|    ep_len_mean          | 82          |
|    ep_rew_mean          | 15.5        |
| time/                   |             |
|    fps                  | 45          |
|    iterations           | 163         |
|    time_elapsed         | 14740       |
|    total_timesteps      | 667648      |
| train/                  |             |
|    approx_kl            | 0.033600993 |
|    clip_fraction        | 0.375       |
|    clip_range           | 0.2         |
|    entropy_loss         | -3.66       |
|    explained_variance   | 0.693       |
|    learning_rate        | 0.0003      |
|    loss                 | 0.0568      |
|    n_updates            | 1620        |
|    policy_gradient_loss | -0.00899    |
|    std                  | 0.371       |
|    value_loss           | 0.266       |
-----------------------------------------
-----------------------------------------
| energy/                 |             |
|    E_damp_J             | 0.0203      |
|    E_fric_J             | 0.00958     |
|    E_norm_J             | 0.00211     |
|    W_neg_J              | 0.0239      |
|    W_pos_J              | 0.0455      |
| reward/                 |             |
|    r_energy             | -0.0507     |
|    r_pose               | -0.00314    |
|    r_vel                | 0.465       |
|    r_xvel               | -0.0654     |
| rollout/                |             |
|    ep_len_mean          | 82          |
|    ep_rew_mean          | 15.6        |
| time/                   |             |
|    fps                  | 45          |
|    iterations           | 164         |
|    time_elapsed         | 14829       |
|    total_timesteps      | 671744      |
| train/                  |             |
|    approx_kl            | 0.034797445 |
|    clip_fraction        | 0.363       |
|    clip_range           | 0.2         |
|    entropy_loss         | -3.6        |
|    explained_variance   | 0.708       |
|    learning_rate        | 0.0003      |
|    loss                 | 0.114       |
|    n_updates            | 1630        |
|    policy_gradient_loss | -0.0129     |
|    std                  | 0.369       |
|    value_loss           | 0.257       |
-----------------------------------------
-----------------------------------------
| energy/                 |             |
|    E_damp_J             | 0.0184      |
|    E_fric_J             | 0.00955     |
|    E_norm_J             | 0.00212     |
|    W_neg_J              | 0.0222      |
|    W_pos_J              | 0.0438      |
| reward/                 |             |
|    r_energy             | -0.048      |
|    r_pose               | -0.00311    |
|    r_vel                | 0.472       |
|    r_xvel               | -0.0737     |
| rollout/                |             |
|    ep_len_mean          | 82          |
|    ep_rew_mean          | 16.2        |
| time/                   |             |
|    fps                  | 45          |
|    iterations           | 165         |
|    time_elapsed         | 14920       |
|    total_timesteps      | 675840      |
| train/                  |             |
|    approx_kl            | 0.034349307 |
|    clip_fraction        | 0.361       |
|    clip_range           | 0.2         |
|    entropy_loss         | -3.53       |
|    explained_variance   | 0.696       |
|    learning_rate        | 0.0003      |
|    loss                 | 0.0201      |
|    n_updates            | 1640        |
|    policy_gradient_loss | -0.0119     |
|    std                  | 0.367       |
|    value_loss           | 0.237       |
-----------------------------------------
----------------------------------------
| energy/                 |            |
|    E_damp_J             | 0.0184     |
|    E_fric_J             | 0.00904    |
|    E_norm_J             | 0.002      |
|    W_neg_J              | 0.0223     |
|    W_pos_J              | 0.0424     |
| reward/                 |            |
|    r_energy             | -0.0471    |
|    r_pose               | -0.00313   |
|    r_vel                | 0.445      |
|    r_xvel               | -0.0827    |
| rollout/                |            |
|    ep_len_mean          | 82         |
|    ep_rew_mean          | 16.6       |
| time/                   |            |
|    fps                  | 45         |
|    iterations           | 166        |
|    time_elapsed         | 15011      |
|    total_timesteps      | 679936     |
| train/                  |            |
|    approx_kl            | 0.03182543 |
|    clip_fraction        | 0.358      |
|    clip_range           | 0.2        |
|    entropy_loss         | -3.47      |
|    explained_variance   | 0.684      |
|    learning_rate        | 0.0003     |
|    loss                 | 0.0683     |
|    n_updates            | 1650       |
|    policy_gradient_loss | -0.0116    |
|    std                  | 0.365      |
|    value_loss           | 0.27       |
----------------------------------------
-----------------------------------------
| energy/                 |             |
|    E_damp_J             | 0.0197      |
|    E_fric_J             | 0.00932     |
|    E_norm_J             | 0.00195     |
|    W_neg_J              | 0.0233      |
|    W_pos_J              | 0.0464      |
| reward/                 |             |
|    r_energy             | -0.0503     |
|    r_pose               | -0.00316    |
|    r_vel                | 0.466       |
|    r_xvel               | -0.0519     |
| rollout/                |             |
|    ep_len_mean          | 82          |
|    ep_rew_mean          | 16.7        |
| time/                   |             |
|    fps                  | 45          |
|    iterations           | 167         |
|    time_elapsed         | 15102       |
|    total_timesteps      | 684032      |
| train/                  |             |
|    approx_kl            | 0.033155493 |
|    clip_fraction        | 0.341       |
|    clip_range           | 0.2         |
|    entropy_loss         | -3.44       |
|    explained_variance   | 0.743       |
|    learning_rate        | 0.0003      |
|    loss                 | 0.0645      |
|    n_updates            | 1660        |
|    policy_gradient_loss | -0.00807    |
|    std                  | 0.365       |
|    value_loss           | 0.204       |
-----------------------------------------
-----------------------------------------
| energy/                 |             |
|    E_damp_J             | 0.0226      |
|    E_fric_J             | 0.00973     |
|    E_norm_J             | 0.00206     |
|    W_neg_J              | 0.0233      |
|    W_pos_J              | 0.0484      |
| reward/                 |             |
|    r_energy             | -0.053      |
|    r_pose               | -0.00332    |
|    r_vel                | 0.492       |
|    r_xvel               | -0.0866     |
| rollout/                |             |
|    ep_len_mean          | 82          |
|    ep_rew_mean          | 16.9        |
| time/                   |             |
|    fps                  | 45          |
|    iterations           | 168         |
|    time_elapsed         | 15193       |
|    total_timesteps      | 688128      |
| train/                  |             |
|    approx_kl            | 0.034660175 |
|    clip_fraction        | 0.379       |
|    clip_range           | 0.2         |
|    entropy_loss         | -3.38       |
|    explained_variance   | 0.727       |
|    learning_rate        | 0.0003      |
|    loss                 | 0.0444      |
|    n_updates            | 1670        |
|    policy_gradient_loss | -0.012      |
|    std                  | 0.362       |
|    value_loss           | 0.228       |
-----------------------------------------
-----------------------------------------
| energy/                 |             |
|    E_damp_J             | 0.0208      |
|    E_fric_J             | 0.00963     |
|    E_norm_J             | 0.002       |
|    W_neg_J              | 0.0236      |
|    W_pos_J              | 0.0424      |
| reward/                 |             |
|    r_energy             | -0.0492     |
|    r_pose               | -0.00307    |
|    r_vel                | 0.49        |
|    r_xvel               | -0.0475     |
| rollout/                |             |
|    ep_len_mean          | 82          |
|    ep_rew_mean          | 17.2        |
| time/                   |             |
|    fps                  | 45          |
|    iterations           | 169         |
|    time_elapsed         | 15283       |
|    total_timesteps      | 692224      |
| train/                  |             |
|    approx_kl            | 0.033199966 |
|    clip_fraction        | 0.357       |
|    clip_range           | 0.2         |
|    entropy_loss         | -3.31       |
|    explained_variance   | 0.729       |
|    learning_rate        | 0.0003      |
|    loss                 | 0.0443      |
|    n_updates            | 1680        |
|    policy_gradient_loss | -0.00999    |
|    std                  | 0.359       |
|    value_loss           | 0.215       |
-----------------------------------------
-----------------------------------------
| energy/                 |             |
|    E_damp_J             | 0.0208      |
|    E_fric_J             | 0.00979     |
|    E_norm_J             | 0.00215     |
|    W_neg_J              | 0.022       |
|    W_pos_J              | 0.0442      |
| reward/                 |             |
|    r_energy             | -0.0495     |
|    r_pose               | -0.00303    |
|    r_vel                | 0.475       |
|    r_xvel               | -0.123      |
| rollout/                |             |
|    ep_len_mean          | 82          |
|    ep_rew_mean          | 17.1        |
| time/                   |             |
|    fps                  | 45          |
|    iterations           | 170         |
|    time_elapsed         | 15375       |
|    total_timesteps      | 696320      |
| train/                  |             |
|    approx_kl            | 0.027588604 |
|    clip_fraction        | 0.35        |
|    clip_range           | 0.2         |
|    entropy_loss         | -3.27       |
|    explained_variance   | 0.702       |
|    learning_rate        | 0.0003      |
|    loss                 | 0.0526      |
|    n_updates            | 1690        |
|    policy_gradient_loss | -0.00984    |
|    std                  | 0.358       |
|    value_loss           | 0.27        |
-----------------------------------------
-----------------------------------------
| energy/                 |             |
|    E_damp_J             | 0.0205      |
|    E_fric_J             | 0.0095      |
|    E_norm_J             | 0.00202     |
|    W_neg_J              | 0.0237      |
|    W_pos_J              | 0.0435      |
| reward/                 |             |
|    r_energy             | -0.0496     |
|    r_pose               | -0.00316    |
|    r_vel                | 0.487       |
|    r_xvel               | -0.0576     |
| rollout/                |             |
|    ep_len_mean          | 82          |
|    ep_rew_mean          | 17.4        |
| time/                   |             |
|    fps                  | 45          |
|    iterations           | 171         |
|    time_elapsed         | 15466       |
|    total_timesteps      | 700416      |
| train/                  |             |
|    approx_kl            | 0.029322932 |
|    clip_fraction        | 0.374       |
|    clip_range           | 0.2         |
|    entropy_loss         | -3.21       |
|    explained_variance   | 0.662       |
|    learning_rate        | 0.0003      |
|    loss                 | 0.0524      |
|    n_updates            | 1700        |
|    policy_gradient_loss | -0.0111     |
|    std                  | 0.355       |
|    value_loss           | 0.29        |
-----------------------------------------
----------------------------------------
| energy/                 |            |
|    E_damp_J             | 0.0219     |
|    E_fric_J             | 0.01       |
|    E_norm_J             | 0.002      |
|    W_neg_J              | 0.0226     |
|    W_pos_J              | 0.0493     |
| reward/                 |            |
|    r_energy             | -0.053     |
|    r_pose               | -0.00306   |
|    r_vel                | 0.526      |
|    r_xvel               | -0.0591    |
| rollout/                |            |
|    ep_len_mean          | 82         |
|    ep_rew_mean          | 18         |
| time/                   |            |
|    fps                  | 45         |
|    iterations           | 172        |
|    time_elapsed         | 15556      |
|    total_timesteps      | 704512     |
| train/                  |            |
|    approx_kl            | 0.03103239 |
|    clip_fraction        | 0.38       |
|    clip_range           | 0.2        |
|    entropy_loss         | -3.1       |
|    explained_variance   | 0.726      |
|    learning_rate        | 0.0003     |
|    loss                 | 0.0973     |
|    n_updates            | 1710       |
|    policy_gradient_loss | -0.00917   |
|    std                  | 0.352      |
|    value_loss           | 0.23       |
----------------------------------------
-----------------------------------------
| energy/                 |             |
|    E_damp_J             | 0.0215      |
|    E_fric_J             | 0.00967     |
|    E_norm_J             | 0.00194     |
|    W_neg_J              | 0.0211      |
|    W_pos_J              | 0.0471      |
| reward/                 |             |
|    r_energy             | -0.0507     |
|    r_pose               | -0.00326    |
|    r_vel                | 0.499       |
|    r_xvel               | -0.0573     |
| rollout/                |             |
|    ep_len_mean          | 82          |
|    ep_rew_mean          | 18.3        |
| time/                   |             |
|    fps                  | 45          |
|    iterations           | 173         |
|    time_elapsed         | 15647       |
|    total_timesteps      | 708608      |
| train/                  |             |
|    approx_kl            | 0.037795253 |
|    clip_fraction        | 0.369       |
|    clip_range           | 0.2         |
|    entropy_loss         | -3          |
|    explained_variance   | 0.709       |
|    learning_rate        | 0.0003      |
|    loss                 | 0.1         |
|    n_updates            | 1720        |
|    policy_gradient_loss | -0.0126     |
|    std                  | 0.349       |
|    value_loss           | 0.244       |
-----------------------------------------
-----------------------------------------
| energy/                 |             |
|    E_damp_J             | 0.0237      |
|    E_fric_J             | 0.0102      |
|    E_norm_J             | 0.00218     |
|    W_neg_J              | 0.023       |
|    W_pos_J              | 0.0541      |
| reward/                 |             |
|    r_energy             | -0.0566     |
|    r_pose               | -0.00339    |
|    r_vel                | 0.527       |
|    r_xvel               | -0.059      |
| rollout/                |             |
|    ep_len_mean          | 82          |
|    ep_rew_mean          | 18.2        |
| time/                   |             |
|    fps                  | 45          |
|    iterations           | 174         |
|    time_elapsed         | 15739       |
|    total_timesteps      | 712704      |
| train/                  |             |
|    approx_kl            | 0.035681732 |
|    clip_fraction        | 0.386       |
|    clip_range           | 0.2         |
|    entropy_loss         | -2.94       |
|    explained_variance   | 0.688       |
|    learning_rate        | 0.0003      |
|    loss                 | 0.0714      |
|    n_updates            | 1730        |
|    policy_gradient_loss | -0.00779    |
|    std                  | 0.348       |
|    value_loss           | 0.25        |
-----------------------------------------
----------------------------------------
| energy/                 |            |
|    E_damp_J             | 0.0204     |
|    E_fric_J             | 0.00919    |
|    E_norm_J             | 0.00219    |
|    W_neg_J              | 0.0224     |
|    W_pos_J              | 0.0447     |
| reward/                 |            |
|    r_energy             | -0.0495    |
|    r_pose               | -0.0031    |
|    r_vel                | 0.44       |
|    r_xvel               | -0.055     |
| rollout/                |            |
|    ep_len_mean          | 82         |
|    ep_rew_mean          | 18.3       |
| time/                   |            |
|    fps                  | 45         |
|    iterations           | 175        |
|    time_elapsed         | 15830      |
|    total_timesteps      | 716800     |
| train/                  |            |
|    approx_kl            | 0.03168455 |
|    clip_fraction        | 0.361      |
|    clip_range           | 0.2        |
|    entropy_loss         | -2.87      |
|    explained_variance   | 0.731      |
|    learning_rate        | 0.0003     |
|    loss                 | 0.032      |
|    n_updates            | 1740       |
|    policy_gradient_loss | -0.0122    |
|    std                  | 0.345      |
|    value_loss           | 0.23       |
----------------------------------------
-----------------------------------------
| energy/                 |             |
|    E_damp_J             | 0.0216      |
|    E_fric_J             | 0.00958     |
|    E_norm_J             | 0.00216     |
|    W_neg_J              | 0.0233      |
|    W_pos_J              | 0.0491      |
| reward/                 |             |
|    r_energy             | -0.0529     |
|    r_pose               | -0.0032     |
|    r_vel                | 0.487       |
|    r_xvel               | -0.106      |
| rollout/                |             |
|    ep_len_mean          | 82          |
|    ep_rew_mean          | 18.6        |
| time/                   |             |
|    fps                  | 45          |
|    iterations           | 176         |
|    time_elapsed         | 15921       |
|    total_timesteps      | 720896      |
| train/                  |             |
|    approx_kl            | 0.038649388 |
|    clip_fraction        | 0.381       |
|    clip_range           | 0.2         |
|    entropy_loss         | -2.79       |
|    explained_variance   | 0.729       |
|    learning_rate        | 0.0003      |
|    loss                 | 0.11        |
|    n_updates            | 1750        |
|    policy_gradient_loss | -0.00908    |
|    std                  | 0.343       |
|    value_loss           | 0.231       |
-----------------------------------------
----------------------------------------
| energy/                 |            |
|    E_damp_J             | 0.0238     |
|    E_fric_J             | 0.00991    |
|    E_norm_J             | 0.00262    |
|    W_neg_J              | 0.026      |
|    W_pos_J              | 0.0524     |
| reward/                 |            |
|    r_energy             | -0.0573    |
|    r_pose               | -0.0035    |
|    r_vel                | 0.49       |
|    r_xvel               | -0.081     |
| rollout/                |            |
|    ep_len_mean          | 82         |
|    ep_rew_mean          | 18.5       |
| time/                   |            |
|    fps                  | 45         |
|    iterations           | 177        |
|    time_elapsed         | 16012      |
|    total_timesteps      | 724992     |
| train/                  |            |
|    approx_kl            | 0.03789974 |
|    clip_fraction        | 0.384      |
|    clip_range           | 0.2        |
|    entropy_loss         | -2.72      |
|    explained_variance   | 0.705      |
|    learning_rate        | 0.0003     |
|    loss                 | 0.0853     |
|    n_updates            | 1760       |
|    policy_gradient_loss | -0.0102    |
|    std                  | 0.341      |
|    value_loss           | 0.251      |
----------------------------------------
-----------------------------------------
| energy/                 |             |
|    E_damp_J             | 0.021       |
|    E_fric_J             | 0.00933     |
|    E_norm_J             | 0.00176     |
|    W_neg_J              | 0.024       |
|    W_pos_J              | 0.042       |
| reward/                 |             |
|    r_energy             | -0.049      |
|    r_pose               | -0.00309    |
|    r_vel                | 0.519       |
|    r_xvel               | -0.0842     |
| rollout/                |             |
|    ep_len_mean          | 82          |
|    ep_rew_mean          | 18.9        |
| time/                   |             |
|    fps                  | 45          |
|    iterations           | 178         |
|    time_elapsed         | 16104       |
|    total_timesteps      | 729088      |
| train/                  |             |
|    approx_kl            | 0.040373303 |
|    clip_fraction        | 0.372       |
|    clip_range           | 0.2         |
|    entropy_loss         | -2.69       |
|    explained_variance   | 0.689       |
|    learning_rate        | 0.0003      |
|    loss                 | 0.117       |
|    n_updates            | 1770        |
|    policy_gradient_loss | -0.00972    |
|    std                  | 0.34        |
|    value_loss           | 0.288       |
-----------------------------------------
----------------------------------------
| energy/                 |            |
|    E_damp_J             | 0.0255     |
|    E_fric_J             | 0.0106     |
|    E_norm_J             | 0.0188     |
|    W_neg_J              | 0.0291     |
|    W_pos_J              | 0.0645     |
| reward/                 |            |
|    r_energy             | -0.0743    |
|    r_pose               | -0.00314   |
|    r_vel                | 0.443      |
|    r_xvel               | -0.0841    |
| rollout/                |            |
|    ep_len_mean          | 82         |
|    ep_rew_mean          | 19.3       |
| time/                   |            |
|    fps                  | 45         |
|    iterations           | 179        |
|    time_elapsed         | 16195      |
|    total_timesteps      | 733184     |
| train/                  |            |
|    approx_kl            | 0.03426243 |
|    clip_fraction        | 0.39       |
|    clip_range           | 0.2        |
|    entropy_loss         | -2.65      |
|    explained_variance   | 0.736      |
|    learning_rate        | 0.0003     |
|    loss                 | 0.058      |
|    n_updates            | 1780       |
|    policy_gradient_loss | -0.00849   |
|    std                  | 0.339      |
|    value_loss           | 0.214      |
----------------------------------------
----------------------------------------
| energy/                 |            |
|    E_damp_J             | 0.0229     |
|    E_fric_J             | 0.00969    |
|    E_norm_J             | 0.00197    |
|    W_neg_J              | 0.026      |
|    W_pos_J              | 0.0485     |
| reward/                 |            |
|    r_energy             | -0.0546    |
|    r_pose               | -0.00337   |
|    r_vel                | 0.517      |
|    r_xvel               | -0.0667    |
| rollout/                |            |
|    ep_len_mean          | 82         |
|    ep_rew_mean          | 19.4       |
| time/                   |            |
|    fps                  | 45         |
|    iterations           | 180        |
|    time_elapsed         | 16286      |
|    total_timesteps      | 737280     |
| train/                  |            |
|    approx_kl            | 0.03665884 |
|    clip_fraction        | 0.365      |
|    clip_range           | 0.2        |
|    entropy_loss         | -2.58      |
|    explained_variance   | 0.73       |
|    learning_rate        | 0.0003     |
|    loss                 | 0.0466     |
|    n_updates            | 1790       |
|    policy_gradient_loss | -0.00489   |
|    std                  | 0.337      |
|    value_loss           | 0.243      |
----------------------------------------
-----------------------------------------
| energy/                 |             |
|    E_damp_J             | 0.051       |
|    E_fric_J             | 0.0103      |
|    E_norm_J             | 0.0199      |
|    W_neg_J              | 0.0607      |
|    W_pos_J              | 0.0967      |
| reward/                 |             |
|    r_energy             | -0.119      |
|    r_pose               | -0.00285    |
|    r_vel                | 0.452       |
|    r_xvel               | -0.0663     |
| rollout/                |             |
|    ep_len_mean          | 82          |
|    ep_rew_mean          | 19.8        |
| time/                   |             |
|    fps                  | 45          |
|    iterations           | 181         |
|    time_elapsed         | 16375       |
|    total_timesteps      | 741376      |
| train/                  |             |
|    approx_kl            | 0.030140834 |
|    clip_fraction        | 0.382       |
|    clip_range           | 0.2         |
|    entropy_loss         | -2.5        |
|    explained_variance   | 0.687       |
|    learning_rate        | 0.0003      |
|    loss                 | 0.0833      |
|    n_updates            | 1800        |
|    policy_gradient_loss | -0.00744    |
|    std                  | 0.334       |
|    value_loss           | 0.286       |
-----------------------------------------
----------------------------------------
| energy/                 |            |
|    E_damp_J             | 0.0212     |
|    E_fric_J             | 0.00938    |
|    E_norm_J             | 0.00182    |
|    W_neg_J              | 0.0229     |
|    W_pos_J              | 0.0442     |
| reward/                 |            |
|    r_energy             | -0.0497    |
|    r_pose               | -0.00315   |
|    r_vel                | 0.512      |
|    r_xvel               | -0.0783    |
| rollout/                |            |
|    ep_len_mean          | 82         |
|    ep_rew_mean          | 19.9       |
| time/                   |            |
|    fps                  | 45         |
|    iterations           | 182        |
|    time_elapsed         | 16465      |
|    total_timesteps      | 745472     |
| train/                  |            |
|    approx_kl            | 0.03246714 |
|    clip_fraction        | 0.39       |
|    clip_range           | 0.2        |
|    entropy_loss         | -2.42      |
|    explained_variance   | 0.731      |
|    learning_rate        | 0.0003     |
|    loss                 | 0.0739     |
|    n_updates            | 1810       |
|    policy_gradient_loss | -0.0111    |
|    std                  | 0.331      |
|    value_loss           | 0.234      |
----------------------------------------
----------------------------------------
| energy/                 |            |
|    E_damp_J             | 0.0419     |
|    E_fric_J             | 0.0105     |
|    E_norm_J             | 0.0188     |
|    W_neg_J              | 0.0486     |
|    W_pos_J              | 0.0859     |
| reward/                 |            |
|    r_energy             | -0.103     |
|    r_pose               | -0.00313   |
|    r_vel                | 0.423      |
|    r_xvel               | -0.0959    |
| rollout/                |            |
|    ep_len_mean          | 82         |
|    ep_rew_mean          | 20.2       |
| time/                   |            |
|    fps                  | 45         |
|    iterations           | 183        |
|    time_elapsed         | 16556      |
|    total_timesteps      | 749568     |
| train/                  |            |
|    approx_kl            | 0.03697494 |
|    clip_fraction        | 0.375      |
|    clip_range           | 0.2        |
|    entropy_loss         | -2.37      |
|    explained_variance   | 0.73       |
|    learning_rate        | 0.0003     |
|    loss                 | 0.088      |
|    n_updates            | 1820       |
|    policy_gradient_loss | -0.00638   |
|    std                  | 0.33       |
|    value_loss           | 0.227      |
----------------------------------------
----------------------------------------
| energy/                 |            |
|    E_damp_J             | 0.024      |
|    E_fric_J             | 0.0103     |
|    E_norm_J             | 0.00196    |
|    W_neg_J              | 0.0223     |
|    W_pos_J              | 0.0519     |
| reward/                 |            |
|    r_energy             | -0.0552    |
|    r_pose               | -0.00346   |
|    r_vel                | 0.568      |
|    r_xvel               | -0.0685    |
| rollout/                |            |
|    ep_len_mean          | 82         |
|    ep_rew_mean          | 20.2       |
| time/                   |            |
|    fps                  | 45         |
|    iterations           | 184        |
|    time_elapsed         | 16646      |
|    total_timesteps      | 753664     |
| train/                  |            |
|    approx_kl            | 0.03680725 |
|    clip_fraction        | 0.381      |
|    clip_range           | 0.2        |
|    entropy_loss         | -2.31      |
|    explained_variance   | 0.729      |
|    learning_rate        | 0.0003     |
|    loss                 | 0.0498     |
|    n_updates            | 1830       |
|    policy_gradient_loss | -0.0075    |
|    std                  | 0.328      |
|    value_loss           | 0.241      |
----------------------------------------
-----------------------------------------
| energy/                 |             |
|    E_damp_J             | 0.043       |
|    E_fric_J             | 0.00952     |
|    E_norm_J             | 0.0196      |
|    W_neg_J              | 0.0573      |
|    W_pos_J              | 0.084       |
| reward/                 |             |
|    r_energy             | -0.107      |
|    r_pose               | -0.00288    |
|    r_vel                | 0.421       |
|    r_xvel               | -0.103      |
| rollout/                |             |
|    ep_len_mean          | 82          |
|    ep_rew_mean          | 20.2        |
| time/                   |             |
|    fps                  | 45          |
|    iterations           | 185         |
|    time_elapsed         | 16736       |
|    total_timesteps      | 757760      |
| train/                  |             |
|    approx_kl            | 0.042205974 |
|    clip_fraction        | 0.397       |
|    clip_range           | 0.2         |
|    entropy_loss         | -2.25       |
|    explained_variance   | 0.734       |
|    learning_rate        | 0.0003      |
|    loss                 | 0.0679      |
|    n_updates            | 1840        |
|    policy_gradient_loss | -0.012      |
|    std                  | 0.327       |
|    value_loss           | 0.226       |
-----------------------------------------
-----------------------------------------
| energy/                 |             |
|    E_damp_J             | 0.0235      |
|    E_fric_J             | 0.00985     |
|    E_norm_J             | 0.00189     |
|    W_neg_J              | 0.0245      |
|    W_pos_J              | 0.0511      |
| reward/                 |             |
|    r_energy             | -0.0554     |
|    r_pose               | -0.00327    |
|    r_vel                | 0.542       |
|    r_xvel               | -0.0758     |
| rollout/                |             |
|    ep_len_mean          | 82          |
|    ep_rew_mean          | 20.8        |
| time/                   |             |
|    fps                  | 45          |
|    iterations           | 186         |
|    time_elapsed         | 16828       |
|    total_timesteps      | 761856      |
| train/                  |             |
|    approx_kl            | 0.043517873 |
|    clip_fraction        | 0.405       |
|    clip_range           | 0.2         |
|    entropy_loss         | -2.22       |
|    explained_variance   | 0.655       |
|    learning_rate        | 0.0003      |
|    loss                 | 0.132       |
|    n_updates            | 1850        |
|    policy_gradient_loss | -0.00928    |
|    std                  | 0.326       |
|    value_loss           | 0.345       |
-----------------------------------------
-----------------------------------------
| energy/                 |             |
|    E_damp_J             | 0.0398      |
|    E_fric_J             | 0.0102      |
|    E_norm_J             | 0.019       |
|    W_neg_J              | 0.0507      |
|    W_pos_J              | 0.0763      |
| reward/                 |             |
|    r_energy             | -0.098      |
|    r_pose               | -0.00312    |
|    r_vel                | 0.448       |
|    r_xvel               | -0.1        |
| rollout/                |             |
|    ep_len_mean          | 82          |
|    ep_rew_mean          | 21.2        |
| time/                   |             |
|    fps                  | 45          |
|    iterations           | 187         |
|    time_elapsed         | 16918       |
|    total_timesteps      | 765952      |
| train/                  |             |
|    approx_kl            | 0.036505863 |
|    clip_fraction        | 0.394       |
|    clip_range           | 0.2         |
|    entropy_loss         | -2.17       |
|    explained_variance   | 0.725       |
|    learning_rate        | 0.0003      |
|    loss                 | 0.0941      |
|    n_updates            | 1860        |
|    policy_gradient_loss | -0.0092     |
|    std                  | 0.324       |
|    value_loss           | 0.238       |
-----------------------------------------
-----------------------------------------
| energy/                 |             |
|    E_damp_J             | 0.0219      |
|    E_fric_J             | 0.00992     |
|    E_norm_J             | 0.00199     |
|    W_neg_J              | 0.0234      |
|    W_pos_J              | 0.0484      |
| reward/                 |             |
|    r_energy             | -0.0528     |
|    r_pose               | -0.00329    |
|    r_vel                | 0.539       |
|    r_xvel               | -0.0777     |
| rollout/                |             |
|    ep_len_mean          | 82          |
|    ep_rew_mean          | 21.2        |
| time/                   |             |
|    fps                  | 45          |
|    iterations           | 188         |
|    time_elapsed         | 17007       |
|    total_timesteps      | 770048      |
| train/                  |             |
|    approx_kl            | 0.037876707 |
|    clip_fraction        | 0.392       |
|    clip_range           | 0.2         |
|    entropy_loss         | -2.12       |
|    explained_variance   | 0.734       |
|    learning_rate        | 0.0003      |
|    loss                 | 0.0856      |
|    n_updates            | 1870        |
|    policy_gradient_loss | -0.0075     |
|    std                  | 0.322       |
|    value_loss           | 0.234       |
-----------------------------------------
-----------------------------------------
| energy/                 |             |
|    E_damp_J             | 0.0433      |
|    E_fric_J             | 0.00994     |
|    E_norm_J             | 0.0193      |
|    W_neg_J              | 0.0521      |
|    W_pos_J              | 0.0915      |
| reward/                 |             |
|    r_energy             | -0.108      |
|    r_pose               | -0.00316    |
|    r_vel                | 0.424       |
|    r_xvel               | -0.102      |
| rollout/                |             |
|    ep_len_mean          | 82          |
|    ep_rew_mean          | 21.3        |
| time/                   |             |
|    fps                  | 45          |
|    iterations           | 189         |
|    time_elapsed         | 17097       |
|    total_timesteps      | 774144      |
| train/                  |             |
|    approx_kl            | 0.030113518 |
|    clip_fraction        | 0.394       |
|    clip_range           | 0.2         |
|    entropy_loss         | -2.08       |
|    explained_variance   | 0.714       |
|    learning_rate        | 0.0003      |
|    loss                 | 0.0753      |
|    n_updates            | 1880        |
|    policy_gradient_loss | -0.00426    |
|    std                  | 0.321       |
|    value_loss           | 0.249       |
-----------------------------------------
-----------------------------------------
| energy/                 |             |
|    E_damp_J             | 0.0212      |
|    E_fric_J             | 0.00928     |
|    E_norm_J             | 0.00181     |
|    W_neg_J              | 0.0214      |
|    W_pos_J              | 0.049       |
| reward/                 |             |
|    r_energy             | -0.0513     |
|    r_pose               | -0.0032     |
|    r_vel                | 0.506       |
|    r_xvel               | -0.0862     |
| rollout/                |             |
|    ep_len_mean          | 82          |
|    ep_rew_mean          | 21.4        |
| time/                   |             |
|    fps                  | 45          |
|    iterations           | 190         |
|    time_elapsed         | 17189       |
|    total_timesteps      | 778240      |
| train/                  |             |
|    approx_kl            | 0.043563843 |
|    clip_fraction        | 0.396       |
|    clip_range           | 0.2         |
|    entropy_loss         | -2.02       |
|    explained_variance   | 0.743       |
|    learning_rate        | 0.0003      |
|    loss                 | 0.12        |
|    n_updates            | 1890        |
|    policy_gradient_loss | -0.00905    |
|    std                  | 0.319       |
|    value_loss           | 0.245       |
-----------------------------------------
-----------------------------------------
| energy/                 |             |
|    E_damp_J             | 0.0441      |
|    E_fric_J             | 0.0105      |
|    E_norm_J             | 0.0185      |
|    W_neg_J              | 0.0527      |
|    W_pos_J              | 0.085       |
| reward/                 |             |
|    r_energy             | -0.105      |
|    r_pose               | -0.0031     |
|    r_vel                | 0.46        |
|    r_xvel               | -0.0934     |
| rollout/                |             |
|    ep_len_mean          | 82          |
|    ep_rew_mean          | 21.4        |
| time/                   |             |
|    fps                  | 45          |
|    iterations           | 191         |
|    time_elapsed         | 17280       |
|    total_timesteps      | 782336      |
| train/                  |             |
|    approx_kl            | 0.038163494 |
|    clip_fraction        | 0.39        |
|    clip_range           | 0.2         |
|    entropy_loss         | -1.98       |
|    explained_variance   | 0.719       |
|    learning_rate        | 0.0003      |
|    loss                 | 0.0827      |
|    n_updates            | 1900        |
|    policy_gradient_loss | -0.00989    |
|    std                  | 0.318       |
|    value_loss           | 0.227       |
-----------------------------------------
----------------------------------------
| energy/                 |            |
|    E_damp_J             | 0.0221     |
|    E_fric_J             | 0.0102     |
|    E_norm_J             | 0.00199    |
|    W_neg_J              | 0.0211     |
|    W_pos_J              | 0.0506     |
| reward/                 |            |
|    r_energy             | -0.053     |
|    r_pose               | -0.00317   |
|    r_vel                | 0.565      |
|    r_xvel               | -0.0658    |
| rollout/                |            |
|    ep_len_mean          | 82         |
|    ep_rew_mean          | 21.2       |
| time/                   |            |
|    fps                  | 45         |
|    iterations           | 192        |
|    time_elapsed         | 17371      |
|    total_timesteps      | 786432     |
| train/                  |            |
|    approx_kl            | 0.04319486 |
|    clip_fraction        | 0.404      |
|    clip_range           | 0.2        |
|    entropy_loss         | -1.95      |
|    explained_variance   | 0.738      |
|    learning_rate        | 0.0003     |
|    loss                 | 0.0923     |
|    n_updates            | 1910       |
|    policy_gradient_loss | -0.00901   |
|    std                  | 0.317      |
|    value_loss           | 0.223      |
----------------------------------------
-----------------------------------------
| energy/                 |             |
|    E_damp_J             | 0.0469      |
|    E_fric_J             | 0.0111      |
|    E_norm_J             | 0.0202      |
|    W_neg_J              | 0.0574      |
|    W_pos_J              | 0.0927      |
| reward/                 |             |
|    r_energy             | -0.114      |
|    r_pose               | -0.00292    |
|    r_vel                | 0.468       |
|    r_xvel               | -0.0858     |
| rollout/                |             |
|    ep_len_mean          | 82          |
|    ep_rew_mean          | 21.6        |
| time/                   |             |
|    fps                  | 45          |
|    iterations           | 193         |
|    time_elapsed         | 17462       |
|    total_timesteps      | 790528      |
| train/                  |             |
|    approx_kl            | 0.035050683 |
|    clip_fraction        | 0.393       |
|    clip_range           | 0.2         |
|    entropy_loss         | -1.9        |
|    explained_variance   | 0.693       |
|    learning_rate        | 0.0003      |
|    loss                 | 0.117       |
|    n_updates            | 1920        |
|    policy_gradient_loss | -0.0084     |
|    std                  | 0.315       |
|    value_loss           | 0.29        |
-----------------------------------------
----------------------------------------
| energy/                 |            |
|    E_damp_J             | 0.0234     |
|    E_fric_J             | 0.0103     |
|    E_norm_J             | 0.00189    |
|    W_neg_J              | 0.0215     |
|    W_pos_J              | 0.0548     |
| reward/                 |            |
|    r_energy             | -0.0559    |
|    r_pose               | -0.00317   |
|    r_vel                | 0.589      |
|    r_xvel               | -0.0663    |
| rollout/                |            |
|    ep_len_mean          | 82         |
|    ep_rew_mean          | 22         |
| time/                   |            |
|    fps                  | 45         |
|    iterations           | 194        |
|    time_elapsed         | 17553      |
|    total_timesteps      | 794624     |
| train/                  |            |
|    approx_kl            | 0.03470696 |
|    clip_fraction        | 0.389      |
|    clip_range           | 0.2        |
|    entropy_loss         | -1.86      |
|    explained_variance   | 0.753      |
|    learning_rate        | 0.0003     |
|    loss                 | 0.105      |
|    n_updates            | 1930       |
|    policy_gradient_loss | -0.00705   |
|    std                  | 0.314      |
|    value_loss           | 0.239      |
----------------------------------------
----------------------------------------
| energy/                 |            |
|    E_damp_J             | 0.0426     |
|    E_fric_J             | 0.0107     |
|    E_norm_J             | 0.0193     |
|    W_neg_J              | 0.0485     |
|    W_pos_J              | 0.0897     |
| reward/                 |            |
|    r_energy             | -0.105     |
|    r_pose               | -0.00314   |
|    r_vel                | 0.488      |
|    r_xvel               | -0.0739    |
| rollout/                |            |
|    ep_len_mean          | 82         |
|    ep_rew_mean          | 22.4       |
| time/                   |            |
|    fps                  | 45         |
|    iterations           | 195        |
|    time_elapsed         | 17645      |
|    total_timesteps      | 798720     |
| train/                  |            |
|    approx_kl            | 0.03949441 |
|    clip_fraction        | 0.409      |
|    clip_range           | 0.2        |
|    entropy_loss         | -1.82      |
|    explained_variance   | 0.735      |
|    learning_rate        | 0.0003     |
|    loss                 | 0.0831     |
|    n_updates            | 1940       |
|    policy_gradient_loss | -0.00518   |
|    std                  | 0.313      |
|    value_loss           | 0.237      |
----------------------------------------
-----------------------------------------
| energy/                 |             |
|    E_damp_J             | 0.0246      |
|    E_fric_J             | 0.01        |
|    E_norm_J             | 0.00181     |
|    W_neg_J              | 0.0223      |
|    W_pos_J              | 0.0536      |
| reward/                 |             |
|    r_energy             | -0.0562     |
|    r_pose               | -0.00323    |
|    r_vel                | 0.596       |
|    r_xvel               | -0.0742     |
| rollout/                |             |
|    ep_len_mean          | 82          |
|    ep_rew_mean          | 22.8        |
| time/                   |             |
|    fps                  | 45          |
|    iterations           | 196         |
|    time_elapsed         | 17736       |
|    total_timesteps      | 802816      |
| train/                  |             |
|    approx_kl            | 0.039043337 |
|    clip_fraction        | 0.402       |
|    clip_range           | 0.2         |
|    entropy_loss         | -1.79       |
|    explained_variance   | 0.743       |
|    learning_rate        | 0.0003      |
|    loss                 | 0.0883      |
|    n_updates            | 1950        |
|    policy_gradient_loss | -0.00184    |
|    std                  | 0.312       |
|    value_loss           | 0.231       |
-----------------------------------------
-----------------------------------------
| energy/                 |             |
|    E_damp_J             | 0.0439      |
|    E_fric_J             | 0.0108      |
|    E_norm_J             | 0.0192      |
|    W_neg_J              | 0.0489      |
|    W_pos_J              | 0.093       |
| reward/                 |             |
|    r_energy             | -0.108      |
|    r_pose               | -0.00303    |
|    r_vel                | 0.491       |
|    r_xvel               | -0.0892     |
| rollout/                |             |
|    ep_len_mean          | 82          |
|    ep_rew_mean          | 22.9        |
| time/                   |             |
|    fps                  | 45          |
|    iterations           | 197         |
|    time_elapsed         | 17828       |
|    total_timesteps      | 806912      |
| train/                  |             |
|    approx_kl            | 0.030495549 |
|    clip_fraction        | 0.389       |
|    clip_range           | 0.2         |
|    entropy_loss         | -1.77       |
|    explained_variance   | 0.709       |
|    learning_rate        | 0.0003      |
|    loss                 | 0.0865      |
|    n_updates            | 1960        |
|    policy_gradient_loss | -0.00535    |
|    std                  | 0.312       |
|    value_loss           | 0.25        |
-----------------------------------------
-----------------------------------------
| energy/                 |             |
|    E_damp_J             | 0.0239      |
|    E_fric_J             | 0.0104      |
|    E_norm_J             | 0.00211     |
|    W_neg_J              | 0.0226      |
|    W_pos_J              | 0.054       |
| reward/                 |             |
|    r_energy             | -0.0565     |
|    r_pose               | -0.00323    |
|    r_vel                | 0.555       |
|    r_xvel               | -0.0575     |
| rollout/                |             |
|    ep_len_mean          | 82          |
|    ep_rew_mean          | 22.9        |
| time/                   |             |
|    fps                  | 45          |
|    iterations           | 198         |
|    time_elapsed         | 17918       |
|    total_timesteps      | 811008      |
| train/                  |             |
|    approx_kl            | 0.046069596 |
|    clip_fraction        | 0.396       |
|    clip_range           | 0.2         |
|    entropy_loss         | -1.7        |
|    explained_variance   | 0.749       |
|    learning_rate        | 0.0003      |
|    loss                 | 0.0979      |
|    n_updates            | 1970        |
|    policy_gradient_loss | -0.0102     |
|    std                  | 0.31        |
|    value_loss           | 0.233       |
-----------------------------------------
-----------------------------------------
| energy/                 |             |
|    E_damp_J             | 0.0469      |
|    E_fric_J             | 0.0106      |
|    E_norm_J             | 0.0196      |
|    W_neg_J              | 0.0569      |
|    W_pos_J              | 0.0905      |
| reward/                 |             |
|    r_energy             | -0.112      |
|    r_pose               | -0.00271    |
|    r_vel                | 0.505       |
|    r_xvel               | -0.0785     |
| rollout/                |             |
|    ep_len_mean          | 82          |
|    ep_rew_mean          | 23          |
| time/                   |             |
|    fps                  | 45          |
|    iterations           | 199         |
|    time_elapsed         | 18009       |
|    total_timesteps      | 815104      |
| train/                  |             |
|    approx_kl            | 0.036110476 |
|    clip_fraction        | 0.393       |
|    clip_range           | 0.2         |
|    entropy_loss         | -1.65       |
|    explained_variance   | 0.712       |
|    learning_rate        | 0.0003      |
|    loss                 | 0.0646      |
|    n_updates            | 1980        |
|    policy_gradient_loss | -0.00484    |
|    std                  | 0.309       |
|    value_loss           | 0.278       |
-----------------------------------------
----------------------------------------
| energy/                 |            |
|    E_damp_J             | 0.0236     |
|    E_fric_J             | 0.0108     |
|    E_norm_J             | 0.00213    |
|    W_neg_J              | 0.0211     |
|    W_pos_J              | 0.0541     |
| reward/                 |            |
|    r_energy             | -0.0559    |
|    r_pose               | -0.00303   |
|    r_vel                | 0.577      |
|    r_xvel               | -0.0664    |
| rollout/                |            |
|    ep_len_mean          | 82         |
|    ep_rew_mean          | 23.4       |
| time/                   |            |
|    fps                  | 45         |
|    iterations           | 200        |
|    time_elapsed         | 18100      |
|    total_timesteps      | 819200     |
| train/                  |            |
|    approx_kl            | 0.04300106 |
|    clip_fraction        | 0.411      |
|    clip_range           | 0.2        |
|    entropy_loss         | -1.61      |
|    explained_variance   | 0.71       |
|    learning_rate        | 0.0003     |
|    loss                 | 0.0335     |
|    n_updates            | 1990       |
|    policy_gradient_loss | -0.00748   |
|    std                  | 0.308      |
|    value_loss           | 0.274      |
----------------------------------------
----------------------------------------
| energy/                 |            |
|    E_damp_J             | 0.0446     |
|    E_fric_J             | 0.0106     |
|    E_norm_J             | 0.0195     |
|    W_neg_J              | 0.0516     |
|    W_pos_J              | 0.0943     |
| reward/                 |            |
|    r_energy             | -0.11      |
|    r_pose               | -0.00283   |
|    r_vel                | 0.5        |
|    r_xvel               | -0.0798    |
| rollout/                |            |
|    ep_len_mean          | 82         |
|    ep_rew_mean          | 23.6       |
| time/                   |            |
|    fps                  | 45         |
|    iterations           | 201        |
|    time_elapsed         | 18191      |
|    total_timesteps      | 823296     |
| train/                  |            |
|    approx_kl            | 0.03454329 |
|    clip_fraction        | 0.389      |
|    clip_range           | 0.2        |
|    entropy_loss         | -1.57      |
|    explained_variance   | 0.741      |
|    learning_rate        | 0.0003     |
|    loss                 | 0.0854     |
|    n_updates            | 2000       |
|    policy_gradient_loss | -0.00724   |
|    std                  | 0.306      |
|    value_loss           | 0.227      |
----------------------------------------
----------------------------------------
| energy/                 |            |
|    E_damp_J             | 0.0258     |
|    E_fric_J             | 0.0103     |
|    E_norm_J             | 0.00185    |
|    W_neg_J              | 0.0224     |
|    W_pos_J              | 0.0567     |
| reward/                 |            |
|    r_energy             | -0.0586    |
|    r_pose               | -0.00302   |
|    r_vel                | 0.613      |
|    r_xvel               | -0.0706    |
| rollout/                |            |
|    ep_len_mean          | 82         |
|    ep_rew_mean          | 23.9       |
| time/                   |            |
|    fps                  | 45         |
|    iterations           | 202        |
|    time_elapsed         | 18282      |
|    total_timesteps      | 827392     |
| train/                  |            |
|    approx_kl            | 0.04390437 |
|    clip_fraction        | 0.403      |
|    clip_range           | 0.2        |
|    entropy_loss         | -1.51      |
|    explained_variance   | 0.779      |
|    learning_rate        | 0.0003     |
|    loss                 | 0.109      |
|    n_updates            | 2010       |
|    policy_gradient_loss | -0.00422   |
|    std                  | 0.304      |
|    value_loss           | 0.214      |
----------------------------------------
-----------------------------------------
| energy/                 |             |
|    E_damp_J             | 0.0447      |
|    E_fric_J             | 0.01        |
|    E_norm_J             | 0.0189      |
|    W_neg_J              | 0.0505      |
|    W_pos_J              | 0.0832      |
| reward/                 |             |
|    r_energy             | -0.104      |
|    r_pose               | -0.00282    |
|    r_vel                | 0.537       |
|    r_xvel               | -0.0663     |
| rollout/                |             |
|    ep_len_mean          | 82          |
|    ep_rew_mean          | 24.1        |
| time/                   |             |
|    fps                  | 45          |
|    iterations           | 203         |
|    time_elapsed         | 18372       |
|    total_timesteps      | 831488      |
| train/                  |             |
|    approx_kl            | 0.043490086 |
|    clip_fraction        | 0.411       |
|    clip_range           | 0.2         |
|    entropy_loss         | -1.46       |
|    explained_variance   | 0.726       |
|    learning_rate        | 0.0003      |
|    loss                 | 0.134       |
|    n_updates            | 2020        |
|    policy_gradient_loss | -0.00264    |
|    std                  | 0.304       |
|    value_loss           | 0.263       |
-----------------------------------------
-----------------------------------------
| energy/                 |             |
|    E_damp_J             | 0.0239      |
|    E_fric_J             | 0.0101      |
|    E_norm_J             | 0.00187     |
|    W_neg_J              | 0.0244      |
|    W_pos_J              | 0.0532      |
| reward/                 |             |
|    r_energy             | -0.0568     |
|    r_pose               | -0.00297    |
|    r_vel                | 0.594       |
|    r_xvel               | -0.0613     |
| rollout/                |             |
|    ep_len_mean          | 82          |
|    ep_rew_mean          | 24.2        |
| time/                   |             |
|    fps                  | 45          |
|    iterations           | 204         |
|    time_elapsed         | 18463       |
|    total_timesteps      | 835584      |
| train/                  |             |
|    approx_kl            | 0.040454045 |
|    clip_fraction        | 0.409       |
|    clip_range           | 0.2         |
|    entropy_loss         | -1.4        |
|    explained_variance   | 0.779       |
|    learning_rate        | 0.0003      |
|    loss                 | 0.0623      |
|    n_updates            | 2030        |
|    policy_gradient_loss | -0.00342    |
|    std                  | 0.301       |
|    value_loss           | 0.209       |
-----------------------------------------
----------------------------------------
| energy/                 |            |
|    E_damp_J             | 0.025      |
|    E_fric_J             | 0.00998    |
|    E_norm_J             | 0.00173    |
|    W_neg_J              | 0.0215     |
|    W_pos_J              | 0.0504     |
| reward/                 |            |
|    r_energy             | -0.0543    |
|    r_pose               | -0.00285   |
|    r_vel                | 0.591      |
|    r_xvel               | -0.0841    |
| rollout/                |            |
|    ep_len_mean          | 82         |
|    ep_rew_mean          | 24.7       |
| time/                   |            |
|    fps                  | 45         |
|    iterations           | 205        |
|    time_elapsed         | 18554      |
|    total_timesteps      | 839680     |
| train/                  |            |
|    approx_kl            | 0.04032297 |
|    clip_fraction        | 0.406      |
|    clip_range           | 0.2        |
|    entropy_loss         | -1.35      |
|    explained_variance   | 0.741      |
|    learning_rate        | 0.0003     |
|    loss                 | 0.0655     |
|    n_updates            | 2040       |
|    policy_gradient_loss | -0.0018    |
|    std                  | 0.3        |
|    value_loss           | 0.238      |
----------------------------------------
-----------------------------------------
| energy/                 |             |
|    E_damp_J             | 0.0248      |
|    E_fric_J             | 0.0102      |
|    E_norm_J             | 0.00183     |
|    W_neg_J              | 0.0216      |
|    W_pos_J              | 0.0539      |
| reward/                 |             |
|    r_energy             | -0.0562     |
|    r_pose               | -0.00296    |
|    r_vel                | 0.61        |
|    r_xvel               | -0.063      |
| rollout/                |             |
|    ep_len_mean          | 82          |
|    ep_rew_mean          | 25          |
| time/                   |             |
|    fps                  | 45          |
|    iterations           | 206         |
|    time_elapsed         | 18643       |
|    total_timesteps      | 843776      |
| train/                  |             |
|    approx_kl            | 0.046513367 |
|    clip_fraction        | 0.421       |
|    clip_range           | 0.2         |
|    entropy_loss         | -1.33       |
|    explained_variance   | 0.721       |
|    learning_rate        | 0.0003      |
|    loss                 | 0.1         |
|    n_updates            | 2050        |
|    policy_gradient_loss | -0.00095    |
|    std                  | 0.3         |
|    value_loss           | 0.249       |
-----------------------------------------
----------------------------------------
| energy/                 |            |
|    E_damp_J             | 0.0248     |
|    E_fric_J             | 0.0101     |
|    E_norm_J             | 0.00188    |
|    W_neg_J              | 0.0213     |
|    W_pos_J              | 0.0532     |
| reward/                 |            |
|    r_energy             | -0.0556    |
|    r_pose               | -0.00285   |
|    r_vel                | 0.589      |
|    r_xvel               | -0.0619    |
| rollout/                |            |
|    ep_len_mean          | 82         |
|    ep_rew_mean          | 25.2       |
| time/                   |            |
|    fps                  | 45         |
|    iterations           | 207        |
|    time_elapsed         | 18733      |
|    total_timesteps      | 847872     |
| train/                  |            |
|    approx_kl            | 0.03775023 |
|    clip_fraction        | 0.403      |
|    clip_range           | 0.2        |
|    entropy_loss         | -1.3       |
|    explained_variance   | 0.701      |
|    learning_rate        | 0.0003     |
|    loss                 | 0.113      |
|    n_updates            | 2060       |
|    policy_gradient_loss | -0.00359   |
|    std                  | 0.298      |
|    value_loss           | 0.283      |
----------------------------------------
-----------------------------------------
| energy/                 |             |
|    E_damp_J             | 0.0249      |
|    E_fric_J             | 0.0104      |
|    E_norm_J             | 0.00182     |
|    W_neg_J              | 0.0216      |
|    W_pos_J              | 0.0563      |
| reward/                 |             |
|    r_energy             | -0.0575     |
|    r_pose               | -0.00292    |
|    r_vel                | 0.617       |
|    r_xvel               | -0.0579     |
| rollout/                |             |
|    ep_len_mean          | 82          |
|    ep_rew_mean          | 25.3        |
| time/                   |             |
|    fps                  | 45          |
|    iterations           | 208         |
|    time_elapsed         | 18823       |
|    total_timesteps      | 851968      |
| train/                  |             |
|    approx_kl            | 0.043440152 |
|    clip_fraction        | 0.41        |
|    clip_range           | 0.2         |
|    entropy_loss         | -1.24       |
|    explained_variance   | 0.738       |
|    learning_rate        | 0.0003      |
|    loss                 | 0.126       |
|    n_updates            | 2070        |
|    policy_gradient_loss | -0.005      |
|    std                  | 0.296       |
|    value_loss           | 0.251       |
-----------------------------------------
----------------------------------------
| energy/                 |            |
|    E_damp_J             | 0.0243     |
|    E_fric_J             | 0.0101     |
|    E_norm_J             | 0.00174    |
|    W_neg_J              | 0.0197     |
|    W_pos_J              | 0.0567     |
| reward/                 |            |
|    r_energy             | -0.0562    |
|    r_pose               | -0.00291   |
|    r_vel                | 0.617      |
|    r_xvel               | -0.0781    |
| rollout/                |            |
|    ep_len_mean          | 82         |
|    ep_rew_mean          | 25.4       |
| time/                   |            |
|    fps                  | 45         |
|    iterations           | 209        |
|    time_elapsed         | 18912      |
|    total_timesteps      | 856064     |
| train/                  |            |
|    approx_kl            | 0.04366792 |
|    clip_fraction        | 0.419      |
|    clip_range           | 0.2        |
|    entropy_loss         | -1.16      |
|    explained_variance   | 0.783      |
|    learning_rate        | 0.0003     |
|    loss                 | 0.0661     |
|    n_updates            | 2080       |
|    policy_gradient_loss | -0.00383   |
|    std                  | 0.293      |
|    value_loss           | 0.212      |
----------------------------------------
-----------------------------------------
| energy/                 |             |
|    E_damp_J             | 0.0253      |
|    E_fric_J             | 0.0104      |
|    E_norm_J             | 0.00184     |
|    W_neg_J              | 0.0235      |
|    W_pos_J              | 0.0516      |
| reward/                 |             |
|    r_energy             | -0.0563     |
|    r_pose               | -0.00283    |
|    r_vel                | 0.608       |
|    r_xvel               | -0.0467     |
| rollout/                |             |
|    ep_len_mean          | 82          |
|    ep_rew_mean          | 25.4        |
| time/                   |             |
|    fps                  | 45          |
|    iterations           | 210         |
|    time_elapsed         | 19001       |
|    total_timesteps      | 860160      |
| train/                  |             |
|    approx_kl            | 0.044932745 |
|    clip_fraction        | 0.432       |
|    clip_range           | 0.2         |
|    entropy_loss         | -1.11       |
|    explained_variance   | 0.776       |
|    learning_rate        | 0.0003      |
|    loss                 | 0.125       |
|    n_updates            | 2090        |
|    policy_gradient_loss | -0.000748   |
|    std                  | 0.293       |
|    value_loss           | 0.218       |
-----------------------------------------
-----------------------------------------
| energy/                 |             |
|    E_damp_J             | 0.0266      |
|    E_fric_J             | 0.01        |
|    E_norm_J             | 0.00182     |
|    W_neg_J              | 0.0227      |
|    W_pos_J              | 0.0563      |
| reward/                 |             |
|    r_energy             | -0.0587     |
|    r_pose               | -0.00286    |
|    r_vel                | 0.61        |
|    r_xvel               | -0.0505     |
| rollout/                |             |
|    ep_len_mean          | 82          |
|    ep_rew_mean          | 25.4        |
| time/                   |             |
|    fps                  | 45          |
|    iterations           | 211         |
|    time_elapsed         | 19092       |
|    total_timesteps      | 864256      |
| train/                  |             |
|    approx_kl            | 0.045020074 |
|    clip_fraction        | 0.418       |
|    clip_range           | 0.2         |
|    entropy_loss         | -1.07       |
|    explained_variance   | 0.743       |
|    learning_rate        | 0.0003      |
|    loss                 | 0.0971      |
|    n_updates            | 2100        |
|    policy_gradient_loss | -0.00647    |
|    std                  | 0.292       |
|    value_loss           | 0.267       |
-----------------------------------------
-----------------------------------------
| energy/                 |             |
|    E_damp_J             | 0.0235      |
|    E_fric_J             | 0.0101      |
|    E_norm_J             | 0.00169     |
|    W_neg_J              | 0.0215      |
|    W_pos_J              | 0.0521      |
| reward/                 |             |
|    r_energy             | -0.0545     |
|    r_pose               | -0.00301    |
|    r_vel                | 0.622       |
|    r_xvel               | -0.0543     |
| rollout/                |             |
|    ep_len_mean          | 82          |
|    ep_rew_mean          | 26          |
| time/                   |             |
|    fps                  | 45          |
|    iterations           | 212         |
|    time_elapsed         | 19183       |
|    total_timesteps      | 868352      |
| train/                  |             |
|    approx_kl            | 0.035720795 |
|    clip_fraction        | 0.409       |
|    clip_range           | 0.2         |
|    entropy_loss         | -1.01       |
|    explained_variance   | 0.772       |
|    learning_rate        | 0.0003      |
|    loss                 | 0.142       |
|    n_updates            | 2110        |
|    policy_gradient_loss | -0.005      |
|    std                  | 0.289       |
|    value_loss           | 0.23        |
-----------------------------------------
----------------------------------------
| energy/                 |            |
|    E_damp_J             | 0.0239     |
|    E_fric_J             | 0.0103     |
|    E_norm_J             | 0.00184    |
|    W_neg_J              | 0.0218     |
|    W_pos_J              | 0.0532     |
| reward/                 |            |
|    r_energy             | -0.0555    |
|    r_pose               | -0.00273   |
|    r_vel                | 0.615      |
|    r_xvel               | -0.0484    |
| rollout/                |            |
|    ep_len_mean          | 82         |
|    ep_rew_mean          | 26.3       |
| time/                   |            |
|    fps                  | 45         |
|    iterations           | 213        |
|    time_elapsed         | 19274      |
|    total_timesteps      | 872448     |
| train/                  |            |
|    approx_kl            | 0.04738208 |
|    clip_fraction        | 0.438      |
|    clip_range           | 0.2        |
|    entropy_loss         | -0.934     |
|    explained_variance   | 0.782      |
|    learning_rate        | 0.0003     |
|    loss                 | 0.0472     |
|    n_updates            | 2120       |
|    policy_gradient_loss | -0.00448   |
|    std                  | 0.288      |
|    value_loss           | 0.208      |
----------------------------------------
-----------------------------------------
| energy/                 |             |
|    E_damp_J             | 0.0254      |
|    E_fric_J             | 0.0106      |
|    E_norm_J             | 0.00188     |
|    W_neg_J              | 0.0211      |
|    W_pos_J              | 0.0586      |
| reward/                 |             |
|    r_energy             | -0.0588     |
|    r_pose               | -0.0026     |
|    r_vel                | 0.617       |
|    r_xvel               | -0.0476     |
| rollout/                |             |
|    ep_len_mean          | 82          |
|    ep_rew_mean          | 26.4        |
| time/                   |             |
|    fps                  | 45          |
|    iterations           | 214         |
|    time_elapsed         | 19366       |
|    total_timesteps      | 876544      |
| train/                  |             |
|    approx_kl            | 0.043701485 |
|    clip_fraction        | 0.413       |
|    clip_range           | 0.2         |
|    entropy_loss         | -0.857      |
|    explained_variance   | 0.764       |
|    learning_rate        | 0.0003      |
|    loss                 | 0.139       |
|    n_updates            | 2130        |
|    policy_gradient_loss | -0.00651    |
|    std                  | 0.285       |
|    value_loss           | 0.231       |
-----------------------------------------
-----------------------------------------
| energy/                 |             |
|    E_damp_J             | 0.0247      |
|    E_fric_J             | 0.00998     |
|    E_norm_J             | 0.00177     |
|    W_neg_J              | 0.0217      |
|    W_pos_J              | 0.0493      |
| reward/                 |             |
|    r_energy             | -0.0537     |
|    r_pose               | -0.00262    |
|    r_vel                | 0.611       |
|    r_xvel               | -0.0474     |
| rollout/                |             |
|    ep_len_mean          | 82          |
|    ep_rew_mean          | 26.6        |
| time/                   |             |
|    fps                  | 45          |
|    iterations           | 215         |
|    time_elapsed         | 19458       |
|    total_timesteps      | 880640      |
| train/                  |             |
|    approx_kl            | 0.046792343 |
|    clip_fraction        | 0.419       |
|    clip_range           | 0.2         |
|    entropy_loss         | -0.775      |
|    explained_variance   | 0.823       |
|    learning_rate        | 0.0003      |
|    loss                 | 0.0837      |
|    n_updates            | 2140        |
|    policy_gradient_loss | -0.0067     |
|    std                  | 0.283       |
|    value_loss           | 0.187       |
-----------------------------------------
-----------------------------------------
| energy/                 |             |
|    E_damp_J             | 0.024       |
|    E_fric_J             | 0.0103      |
|    E_norm_J             | 0.00171     |
|    W_neg_J              | 0.0225      |
|    W_pos_J              | 0.0502      |
| reward/                 |             |
|    r_energy             | -0.0544     |
|    r_pose               | -0.00259    |
|    r_vel                | 0.637       |
|    r_xvel               | -0.0475     |
| rollout/                |             |
|    ep_len_mean          | 82          |
|    ep_rew_mean          | 26.6        |
| time/                   |             |
|    fps                  | 45          |
|    iterations           | 216         |
|    time_elapsed         | 19550       |
|    total_timesteps      | 884736      |
| train/                  |             |
|    approx_kl            | 0.052912697 |
|    clip_fraction        | 0.431       |
|    clip_range           | 0.2         |
|    entropy_loss         | -0.697      |
|    explained_variance   | 0.78        |
|    learning_rate        | 0.0003      |
|    loss                 | 0.0466      |
|    n_updates            | 2150        |
|    policy_gradient_loss | -0.00227    |
|    std                  | 0.281       |
|    value_loss           | 0.197       |
-----------------------------------------
----------------------------------------
| energy/                 |            |
|    E_damp_J             | 0.0237     |
|    E_fric_J             | 0.0102     |
|    E_norm_J             | 0.00172    |
|    W_neg_J              | 0.023      |
|    W_pos_J              | 0.0507     |
| reward/                 |            |
|    r_energy             | -0.0547    |
|    r_pose               | -0.00252   |
|    r_vel                | 0.627      |
|    r_xvel               | -0.048     |
| rollout/                |            |
|    ep_len_mean          | 82         |
|    ep_rew_mean          | 26.8       |
| time/                   |            |
|    fps                  | 45         |
|    iterations           | 217        |
|    time_elapsed         | 19642      |
|    total_timesteps      | 888832     |
| train/                  |            |
|    approx_kl            | 0.04365363 |
|    clip_fraction        | 0.421      |
|    clip_range           | 0.2        |
|    entropy_loss         | -0.667     |
|    explained_variance   | 0.832      |
|    learning_rate        | 0.0003     |
|    loss                 | 0.0532     |
|    n_updates            | 2160       |
|    policy_gradient_loss | -0.00287   |
|    std                  | 0.281      |
|    value_loss           | 0.166      |
----------------------------------------
----------------------------------------
| energy/                 |            |
|    E_damp_J             | 0.0241     |
|    E_fric_J             | 0.0105     |
|    E_norm_J             | 0.00258    |
|    W_neg_J              | 0.0278     |
|    W_pos_J              | 0.0496     |
| reward/                 |            |
|    r_energy             | -0.0573    |
|    r_pose               | -0.00281   |
|    r_vel                | 0.559      |
|    r_xvel               | -0.0571    |
| rollout/                |            |
|    ep_len_mean          | 82         |
|    ep_rew_mean          | 27         |
| time/                   |            |
|    fps                  | 45         |
|    iterations           | 218        |
|    time_elapsed         | 19733      |
|    total_timesteps      | 892928     |
| train/                  |            |
|    approx_kl            | 0.03940573 |
|    clip_fraction        | 0.438      |
|    clip_range           | 0.2        |
|    entropy_loss         | -0.629     |
|    explained_variance   | 0.761      |
|    learning_rate        | 0.0003     |
|    loss                 | 0.0945     |
|    n_updates            | 2170       |
|    policy_gradient_loss | -0.00242   |
|    std                  | 0.28       |
|    value_loss           | 0.228      |
----------------------------------------
-----------------------------------------
| energy/                 |             |
|    E_damp_J             | 0.0244      |
|    E_fric_J             | 0.0101      |
|    E_norm_J             | 0.00181     |
|    W_neg_J              | 0.02        |
|    W_pos_J              | 0.0568      |
| reward/                 |             |
|    r_energy             | -0.0566     |
|    r_pose               | -0.00268    |
|    r_vel                | 0.629       |
|    r_xvel               | -0.0514     |
| rollout/                |             |
|    ep_len_mean          | 82          |
|    ep_rew_mean          | 27          |
| time/                   |             |
|    fps                  | 45          |
|    iterations           | 219         |
|    time_elapsed         | 19822       |
|    total_timesteps      | 897024      |
| train/                  |             |
|    approx_kl            | 0.041040562 |
|    clip_fraction        | 0.412       |
|    clip_range           | 0.2         |
|    entropy_loss         | -0.567      |
|    explained_variance   | 0.818       |
|    learning_rate        | 0.0003      |
|    loss                 | 0.0679      |
|    n_updates            | 2180        |
|    policy_gradient_loss | -0.00233    |
|    std                  | 0.278       |
|    value_loss           | 0.186       |
-----------------------------------------
-----------------------------------------
| energy/                 |             |
|    E_damp_J             | 0.0328      |
|    E_fric_J             | 0.0114      |
|    E_norm_J             | 0.0199      |
|    W_neg_J              | 0.0296      |
|    W_pos_J              | 0.0815      |
| reward/                 |             |
|    r_energy             | -0.0876     |
|    r_pose               | -0.00287    |
|    r_vel                | 0.531       |
|    r_xvel               | -0.0901     |
| rollout/                |             |
|    ep_len_mean          | 82          |
|    ep_rew_mean          | 27.4        |
| time/                   |             |
|    fps                  | 45          |
|    iterations           | 220         |
|    time_elapsed         | 19914       |
|    total_timesteps      | 901120      |
| train/                  |             |
|    approx_kl            | 0.049381725 |
|    clip_fraction        | 0.445       |
|    clip_range           | 0.2         |
|    entropy_loss         | -0.508      |
|    explained_variance   | 0.812       |
|    learning_rate        | 0.0003      |
|    loss                 | 0.0515      |
|    n_updates            | 2190        |
|    policy_gradient_loss | -0.00164    |
|    std                  | 0.276       |
|    value_loss           | 0.171       |
-----------------------------------------
-----------------------------------------
| energy/                 |             |
|    E_damp_J             | 0.0261      |
|    E_fric_J             | 0.0105      |
|    E_norm_J             | 0.002       |
|    W_neg_J              | 0.0214      |
|    W_pos_J              | 0.054       |
| reward/                 |             |
|    r_energy             | -0.057      |
|    r_pose               | -0.00258    |
|    r_vel                | 0.616       |
|    r_xvel               | -0.0558     |
| rollout/                |             |
|    ep_len_mean          | 82          |
|    ep_rew_mean          | 27.5        |
| time/                   |             |
|    fps                  | 45          |
|    iterations           | 221         |
|    time_elapsed         | 20004       |
|    total_timesteps      | 905216      |
| train/                  |             |
|    approx_kl            | 0.036422618 |
|    clip_fraction        | 0.419       |
|    clip_range           | 0.2         |
|    entropy_loss         | -0.47       |
|    explained_variance   | 0.857       |
|    learning_rate        | 0.0003      |
|    loss                 | 0.0468      |
|    n_updates            | 2200        |
|    policy_gradient_loss | -0.000938   |
|    std                  | 0.276       |
|    value_loss           | 0.136       |
-----------------------------------------
-----------------------------------------
| energy/                 |             |
|    E_damp_J             | 0.0451      |
|    E_fric_J             | 0.011       |
|    E_norm_J             | 0.0194      |
|    W_neg_J              | 0.0578      |
|    W_pos_J              | 0.0856      |
| reward/                 |             |
|    r_energy             | -0.109      |
|    r_pose               | -0.00267    |
|    r_vel                | 0.537       |
|    r_xvel               | -0.069      |
| rollout/                |             |
|    ep_len_mean          | 82          |
|    ep_rew_mean          | 27.6        |
| time/                   |             |
|    fps                  | 45          |
|    iterations           | 222         |
|    time_elapsed         | 20094       |
|    total_timesteps      | 909312      |
| train/                  |             |
|    approx_kl            | 0.041353084 |
|    clip_fraction        | 0.425       |
|    clip_range           | 0.2         |
|    entropy_loss         | -0.417      |
|    explained_variance   | 0.822       |
|    learning_rate        | 0.0003      |
|    loss                 | 0.0658      |
|    n_updates            | 2210        |
|    policy_gradient_loss | 6.38e-06    |
|    std                  | 0.274       |
|    value_loss           | 0.162       |
-----------------------------------------
-----------------------------------------
| energy/                 |             |
|    E_damp_J             | 0.0247      |
|    E_fric_J             | 0.0105      |
|    E_norm_J             | 0.00178     |
|    W_neg_J              | 0.0215      |
|    W_pos_J              | 0.0552      |
| reward/                 |             |
|    r_energy             | -0.0569     |
|    r_pose               | -0.00266    |
|    r_vel                | 0.631       |
|    r_xvel               | -0.0498     |
| rollout/                |             |
|    ep_len_mean          | 82          |
|    ep_rew_mean          | 28          |
| time/                   |             |
|    fps                  | 45          |
|    iterations           | 223         |
|    time_elapsed         | 20183       |
|    total_timesteps      | 913408      |
| train/                  |             |
|    approx_kl            | 0.042022277 |
|    clip_fraction        | 0.419       |
|    clip_range           | 0.2         |
|    entropy_loss         | -0.327      |
|    explained_variance   | 0.862       |
|    learning_rate        | 0.0003      |
|    loss                 | 0.0591      |
|    n_updates            | 2220        |
|    policy_gradient_loss | -0.00369    |
|    std                  | 0.272       |
|    value_loss           | 0.129       |
-----------------------------------------
-----------------------------------------
| energy/                 |             |
|    E_damp_J             | 0.0433      |
|    E_fric_J             | 0.0109      |
|    E_norm_J             | 0.0192      |
|    W_neg_J              | 0.0504      |
|    W_pos_J              | 0.0883      |
| reward/                 |             |
|    r_energy             | -0.106      |
|    r_pose               | -0.00258    |
|    r_vel                | 0.513       |
|    r_xvel               | -0.0664     |
| rollout/                |             |
|    ep_len_mean          | 82          |
|    ep_rew_mean          | 28.1        |
| time/                   |             |
|    fps                  | 45          |
|    iterations           | 224         |
|    time_elapsed         | 20275       |
|    total_timesteps      | 917504      |
| train/                  |             |
|    approx_kl            | 0.044837758 |
|    clip_fraction        | 0.46        |
|    clip_range           | 0.2         |
|    entropy_loss         | -0.246      |
|    explained_variance   | 0.757       |
|    learning_rate        | 0.0003      |
|    loss                 | 0.287       |
|    n_updates            | 2230        |
|    policy_gradient_loss | -0.00179    |
|    std                  | 0.27        |
|    value_loss           | 0.253       |
-----------------------------------------
----------------------------------------
| energy/                 |            |
|    E_damp_J             | 0.0249     |
|    E_fric_J             | 0.0101     |
|    E_norm_J             | 0.00171    |
|    W_neg_J              | 0.0207     |
|    W_pos_J              | 0.0516     |
| reward/                 |            |
|    r_energy             | -0.0545    |
|    r_pose               | -0.0024    |
|    r_vel                | 0.635      |
|    r_xvel               | -0.0422    |
| rollout/                |            |
|    ep_len_mean          | 82         |
|    ep_rew_mean          | 28.1       |
| time/                   |            |
|    fps                  | 45         |
|    iterations           | 225        |
|    time_elapsed         | 20365      |
|    total_timesteps      | 921600     |
| train/                  |            |
|    approx_kl            | 0.03902389 |
|    clip_fraction        | 0.427      |
|    clip_range           | 0.2        |
|    entropy_loss         | -0.177     |
|    explained_variance   | 0.801      |
|    learning_rate        | 0.0003     |
|    loss                 | 0.0585     |
|    n_updates            | 2240       |
|    policy_gradient_loss | -0.00129   |
|    std                  | 0.268      |
|    value_loss           | 0.195      |
----------------------------------------
----------------------------------------
| energy/                 |            |
|    E_damp_J             | 0.0426     |
|    E_fric_J             | 0.0111     |
|    E_norm_J             | 0.0189     |
|    W_neg_J              | 0.0495     |
|    W_pos_J              | 0.0828     |
| reward/                 |            |
|    r_energy             | -0.102     |
|    r_pose               | -0.00255   |
|    r_vel                | 0.513      |
|    r_xvel               | -0.0714    |
| rollout/                |            |
|    ep_len_mean          | 82         |
|    ep_rew_mean          | 28.3       |
| time/                   |            |
|    fps                  | 45         |
|    iterations           | 226        |
|    time_elapsed         | 20455      |
|    total_timesteps      | 925696     |
| train/                  |            |
|    approx_kl            | 0.04462979 |
|    clip_fraction        | 0.422      |
|    clip_range           | 0.2        |
|    entropy_loss         | -0.129     |
|    explained_variance   | 0.842      |
|    learning_rate        | 0.0003     |
|    loss                 | 0.066      |
|    n_updates            | 2250       |
|    policy_gradient_loss | -0.00229   |
|    std                  | 0.268      |
|    value_loss           | 0.15       |
----------------------------------------
-----------------------------------------
| energy/                 |             |
|    E_damp_J             | 0.0246      |
|    E_fric_J             | 0.0102      |
|    E_norm_J             | 0.00168     |
|    W_neg_J              | 0.0218      |
|    W_pos_J              | 0.0545      |
| reward/                 |             |
|    r_energy             | -0.0564     |
|    r_pose               | -0.00258    |
|    r_vel                | 0.647       |
|    r_xvel               | -0.0424     |
| rollout/                |             |
|    ep_len_mean          | 82          |
|    ep_rew_mean          | 28.3        |
| time/                   |             |
|    fps                  | 45          |
|    iterations           | 227         |
|    time_elapsed         | 20545       |
|    total_timesteps      | 929792      |
| train/                  |             |
|    approx_kl            | 0.051800054 |
|    clip_fraction        | 0.454       |
|    clip_range           | 0.2         |
|    entropy_loss         | -0.0999     |
|    explained_variance   | 0.874       |
|    learning_rate        | 0.0003      |
|    loss                 | 0.0712      |
|    n_updates            | 2260        |
|    policy_gradient_loss | -0.00061    |
|    std                  | 0.267       |
|    value_loss           | 0.126       |
-----------------------------------------
-----------------------------------------
| energy/                 |             |
|    E_damp_J             | 0.0492      |
|    E_fric_J             | 0.0116      |
|    E_norm_J             | 0.0197      |
|    W_neg_J              | 0.0591      |
|    W_pos_J              | 0.0958      |
| reward/                 |             |
|    r_energy             | -0.118      |
|    r_pose               | -0.00253    |
|    r_vel                | 0.547       |
|    r_xvel               | -0.0776     |
| rollout/                |             |
|    ep_len_mean          | 82          |
|    ep_rew_mean          | 28.5        |
| time/                   |             |
|    fps                  | 45          |
|    iterations           | 228         |
|    time_elapsed         | 20636       |
|    total_timesteps      | 933888      |
| train/                  |             |
|    approx_kl            | 0.056582995 |
|    clip_fraction        | 0.463       |
|    clip_range           | 0.2         |
|    entropy_loss         | -0.0357     |
|    explained_variance   | 0.778       |
|    learning_rate        | 0.0003      |
|    loss                 | 0.129       |
|    n_updates            | 2270        |
|    policy_gradient_loss | 0.0027      |
|    std                  | 0.264       |
|    value_loss           | 0.23        |
-----------------------------------------
----------------------------------------
| energy/                 |            |
|    E_damp_J             | 0.0248     |
|    E_fric_J             | 0.0104     |
|    E_norm_J             | 0.00173    |
|    W_neg_J              | 0.0225     |
|    W_pos_J              | 0.0518     |
| reward/                 |            |
|    r_energy             | -0.0556    |
|    r_pose               | -0.00255   |
|    r_vel                | 0.646      |
|    r_xvel               | -0.0464    |
| rollout/                |            |
|    ep_len_mean          | 82         |
|    ep_rew_mean          | 28.9       |
| time/                   |            |
|    fps                  | 45         |
|    iterations           | 229        |
|    time_elapsed         | 20726      |
|    total_timesteps      | 937984     |
| train/                  |            |
|    approx_kl            | 0.05163312 |
|    clip_fraction        | 0.426      |
|    clip_range           | 0.2        |
|    entropy_loss         | 0.0654     |
|    explained_variance   | 0.866      |
|    learning_rate        | 0.0003     |
|    loss                 | 0.0435     |
|    n_updates            | 2280       |
|    policy_gradient_loss | -0.000656  |
|    std                  | 0.262      |
|    value_loss           | 0.129      |
----------------------------------------
-----------------------------------------
| energy/                 |             |
|    E_damp_J             | 0.0505      |
|    E_fric_J             | 0.011       |
|    E_norm_J             | 0.019       |
|    W_neg_J              | 0.0573      |
|    W_pos_J              | 0.0971      |
| reward/                 |             |
|    r_energy             | -0.117      |
|    r_pose               | -0.00259    |
|    r_vel                | 0.551       |
|    r_xvel               | -0.0576     |
| rollout/                |             |
|    ep_len_mean          | 82          |
|    ep_rew_mean          | 28.9        |
| time/                   |             |
|    fps                  | 45          |
|    iterations           | 230         |
|    time_elapsed         | 20818       |
|    total_timesteps      | 942080      |
| train/                  |             |
|    approx_kl            | 0.045382608 |
|    clip_fraction        | 0.448       |
|    clip_range           | 0.2         |
|    entropy_loss         | 0.119       |
|    explained_variance   | 0.877       |
|    learning_rate        | 0.0003      |
|    loss                 | 0.0848      |
|    n_updates            | 2290        |
|    policy_gradient_loss | 0.00113     |
|    std                  | 0.262       |
|    value_loss           | 0.114       |
-----------------------------------------
-----------------------------------------
| energy/                 |             |
|    E_damp_J             | 0.0245      |
|    E_fric_J             | 0.0105      |
|    E_norm_J             | 0.00177     |
|    W_neg_J              | 0.0217      |
|    W_pos_J              | 0.0545      |
| reward/                 |             |
|    r_energy             | -0.0565     |
|    r_pose               | -0.00265    |
|    r_vel                | 0.648       |
|    r_xvel               | -0.0431     |
| rollout/                |             |
|    ep_len_mean          | 82          |
|    ep_rew_mean          | 29          |
| time/                   |             |
|    fps                  | 45          |
|    iterations           | 231         |
|    time_elapsed         | 20910       |
|    total_timesteps      | 946176      |
| train/                  |             |
|    approx_kl            | 0.043881305 |
|    clip_fraction        | 0.426       |
|    clip_range           | 0.2         |
|    entropy_loss         | 0.166       |
|    explained_variance   | 0.853       |
|    learning_rate        | 0.0003      |
|    loss                 | 0.0605      |
|    n_updates            | 2300        |
|    policy_gradient_loss | -0.000367   |
|    std                  | 0.26        |
|    value_loss           | 0.141       |
-----------------------------------------
----------------------------------------
| energy/                 |            |
|    E_damp_J             | 0.0487     |
|    E_fric_J             | 0.0108     |
|    E_norm_J             | 0.0192     |
|    W_neg_J              | 0.0627     |
|    W_pos_J              | 0.092      |
| reward/                 |            |
|    r_energy             | -0.117     |
|    r_pose               | -0.00254   |
|    r_vel                | 0.531      |
|    r_xvel               | -0.0681    |
| rollout/                |            |
|    ep_len_mean          | 82         |
|    ep_rew_mean          | 29         |
| time/                   |            |
|    fps                  | 45         |
|    iterations           | 232        |
|    time_elapsed         | 21001      |
|    total_timesteps      | 950272     |
| train/                  |            |
|    approx_kl            | 0.04633238 |
|    clip_fraction        | 0.46       |
|    clip_range           | 0.2        |
|    entropy_loss         | 0.2        |
|    explained_variance   | 0.814      |
|    learning_rate        | 0.0003     |
|    loss                 | 0.1        |
|    n_updates            | 2310       |
|    policy_gradient_loss | 0.00343    |
|    std                  | 0.26       |
|    value_loss           | 0.17       |
----------------------------------------
----------------------------------------
| energy/                 |            |
|    E_damp_J             | 0.0263     |
|    E_fric_J             | 0.0103     |
|    E_norm_J             | 0.00169    |
|    W_neg_J              | 0.0237     |
|    W_pos_J              | 0.051      |
| reward/                 |            |
|    r_energy             | -0.0565    |
|    r_pose               | -0.0026    |
|    r_vel                | 0.65       |
|    r_xvel               | -0.0514    |
| rollout/                |            |
|    ep_len_mean          | 82         |
|    ep_rew_mean          | 29.2       |
| time/                   |            |
|    fps                  | 45         |
|    iterations           | 233        |
|    time_elapsed         | 21092      |
|    total_timesteps      | 954368     |
| train/                  |            |
|    approx_kl            | 0.05411175 |
|    clip_fraction        | 0.47       |
|    clip_range           | 0.2        |
|    entropy_loss         | 0.255      |
|    explained_variance   | 0.854      |
|    learning_rate        | 0.0003     |
|    loss                 | 0.0385     |
|    n_updates            | 2320       |
|    policy_gradient_loss | -0.00359   |
|    std                  | 0.258      |
|    value_loss           | 0.157      |
----------------------------------------
-----------------------------------------
| energy/                 |             |
|    E_damp_J             | 0.0417      |
|    E_fric_J             | 0.0104      |
|    E_norm_J             | 0.0194      |
|    W_neg_J              | 0.0506      |
|    W_pos_J              | 0.0907      |
| reward/                 |             |
|    r_energy             | -0.106      |
|    r_pose               | -0.00257    |
|    r_vel                | 0.51        |
|    r_xvel               | -0.0669     |
| rollout/                |             |
|    ep_len_mean          | 82          |
|    ep_rew_mean          | 29.4        |
| time/                   |             |
|    fps                  | 45          |
|    iterations           | 234         |
|    time_elapsed         | 21183       |
|    total_timesteps      | 958464      |
| train/                  |             |
|    approx_kl            | 0.059952404 |
|    clip_fraction        | 0.448       |
|    clip_range           | 0.2         |
|    entropy_loss         | 0.307       |
|    explained_variance   | 0.874       |
|    learning_rate        | 0.0003      |
|    loss                 | 0.0725      |
|    n_updates            | 2330        |
|    policy_gradient_loss | -0.00157    |
|    std                  | 0.257       |
|    value_loss           | 0.114       |
-----------------------------------------
-----------------------------------------
| energy/                 |             |
|    E_damp_J             | 0.0264      |
|    E_fric_J             | 0.0105      |
|    E_norm_J             | 0.00175     |
|    W_neg_J              | 0.0233      |
|    W_pos_J              | 0.0541      |
| reward/                 |             |
|    r_energy             | -0.058      |
|    r_pose               | -0.00263    |
|    r_vel                | 0.657       |
|    r_xvel               | -0.0466     |
| rollout/                |             |
|    ep_len_mean          | 82          |
|    ep_rew_mean          | 29.5        |
| time/                   |             |
|    fps                  | 45          |
|    iterations           | 235         |
|    time_elapsed         | 21274       |
|    total_timesteps      | 962560      |
| train/                  |             |
|    approx_kl            | 0.054495938 |
|    clip_fraction        | 0.455       |
|    clip_range           | 0.2         |
|    entropy_loss         | 0.347       |
|    explained_variance   | 0.865       |
|    learning_rate        | 0.0003      |
|    loss                 | 0.0621      |
|    n_updates            | 2340        |
|    policy_gradient_loss | 0.0012      |
|    std                  | 0.257       |
|    value_loss           | 0.137       |
-----------------------------------------
-----------------------------------------
| energy/                 |             |
|    E_damp_J             | 0.046       |
|    E_fric_J             | 0.0105      |
|    E_norm_J             | 0.0193      |
|    W_neg_J              | 0.0595      |
|    W_pos_J              | 0.0858      |
| reward/                 |             |
|    r_energy             | -0.111      |
|    r_pose               | -0.00252    |
|    r_vel                | 0.535       |
|    r_xvel               | -0.077      |
| rollout/                |             |
|    ep_len_mean          | 82          |
|    ep_rew_mean          | 29.6        |
| time/                   |             |
|    fps                  | 45          |
|    iterations           | 236         |
|    time_elapsed         | 21367       |
|    total_timesteps      | 966656      |
| train/                  |             |
|    approx_kl            | 0.048744954 |
|    clip_fraction        | 0.445       |
|    clip_range           | 0.2         |
|    entropy_loss         | 0.401       |
|    explained_variance   | 0.862       |
|    learning_rate        | 0.0003      |
|    loss                 | 0.0304      |
|    n_updates            | 2350        |
|    policy_gradient_loss | 0.00357     |
|    std                  | 0.255       |
|    value_loss           | 0.128       |
-----------------------------------------
-----------------------------------------
| energy/                 |             |
|    E_damp_J             | 0.0247      |
|    E_fric_J             | 0.0102      |
|    E_norm_J             | 0.00162     |
|    W_neg_J              | 0.0223      |
|    W_pos_J              | 0.0476      |
| reward/                 |             |
|    r_energy             | -0.0532     |
|    r_pose               | -0.00242    |
|    r_vel                | 0.648       |
|    r_xvel               | -0.0352     |
| rollout/                |             |
|    ep_len_mean          | 82          |
|    ep_rew_mean          | 29.7        |
| time/                   |             |
|    fps                  | 45          |
|    iterations           | 237         |
|    time_elapsed         | 21457       |
|    total_timesteps      | 970752      |
| train/                  |             |
|    approx_kl            | 0.046502203 |
|    clip_fraction        | 0.457       |
|    clip_range           | 0.2         |
|    entropy_loss         | 0.476       |
|    explained_variance   | 0.852       |
|    learning_rate        | 0.0003      |
|    loss                 | 0.0733      |
|    n_updates            | 2360        |
|    policy_gradient_loss | 0.00681     |
|    std                  | 0.253       |
|    value_loss           | 0.15        |
-----------------------------------------
---------------------------------------
| energy/                 |           |
|    E_damp_J             | 0.0484    |
|    E_fric_J             | 0.011     |
|    E_norm_J             | 0.0188    |
|    W_neg_J              | 0.0552    |
|    W_pos_J              | 0.0921    |
| reward/                 |           |
|    r_energy             | -0.113    |
|    r_pose               | -0.00233  |
|    r_vel                | 0.56      |
|    r_xvel               | -0.0793   |
| rollout/                |           |
|    ep_len_mean          | 82        |
|    ep_rew_mean          | 30        |
| time/                   |           |
|    fps                  | 45        |
|    iterations           | 238       |
|    time_elapsed         | 21547     |
|    total_timesteps      | 974848    |
| train/                  |           |
|    approx_kl            | 0.0443937 |
|    clip_fraction        | 0.453     |
|    clip_range           | 0.2       |
|    entropy_loss         | 0.522     |
|    explained_variance   | 0.883     |
|    learning_rate        | 0.0003    |
|    loss                 | 0.0731    |
|    n_updates            | 2370      |
|    policy_gradient_loss | 0.000842  |
|    std                  | 0.253     |
|    value_loss           | 0.11      |
---------------------------------------
----------------------------------------
| energy/                 |            |
|    E_damp_J             | 0.0247     |
|    E_fric_J             | 0.0105     |
|    E_norm_J             | 0.00177    |
|    W_neg_J              | 0.0228     |
|    W_pos_J              | 0.0537     |
| reward/                 |            |
|    r_energy             | -0.0567    |
|    r_pose               | -0.00237   |
|    r_vel                | 0.644      |
|    r_xvel               | -0.0457    |
| rollout/                |            |
|    ep_len_mean          | 82         |
|    ep_rew_mean          | 30.1       |
| time/                   |            |
|    fps                  | 45         |
|    iterations           | 239        |
|    time_elapsed         | 21639      |
|    total_timesteps      | 978944     |
| train/                  |            |
|    approx_kl            | 0.04585769 |
|    clip_fraction        | 0.471      |
|    clip_range           | 0.2        |
|    entropy_loss         | 0.608      |
|    explained_variance   | 0.888      |
|    learning_rate        | 0.0003     |
|    loss                 | 0.0497     |
|    n_updates            | 2380       |
|    policy_gradient_loss | 0.00107    |
|    std                  | 0.251      |
|    value_loss           | 0.114      |
----------------------------------------
-----------------------------------------
| energy/                 |             |
|    E_damp_J             | 0.0429      |
|    E_fric_J             | 0.0106      |
|    E_norm_J             | 0.0193      |
|    W_neg_J              | 0.0498      |
|    W_pos_J              | 0.093       |
| reward/                 |             |
|    r_energy             | -0.108      |
|    r_pose               | -0.00228    |
|    r_vel                | 0.543       |
|    r_xvel               | -0.0616     |
| rollout/                |             |
|    ep_len_mean          | 82          |
|    ep_rew_mean          | 30          |
| time/                   |             |
|    fps                  | 45          |
|    iterations           | 240         |
|    time_elapsed         | 21730       |
|    total_timesteps      | 983040      |
| train/                  |             |
|    approx_kl            | 0.048198808 |
|    clip_fraction        | 0.472       |
|    clip_range           | 0.2         |
|    entropy_loss         | 0.676       |
|    explained_variance   | 0.851       |
|    learning_rate        | 0.0003      |
|    loss                 | 0.074       |
|    n_updates            | 2390        |
|    policy_gradient_loss | 0.00197     |
|    std                  | 0.25        |
|    value_loss           | 0.143       |
-----------------------------------------
-----------------------------------------
| energy/                 |             |
|    E_damp_J             | 0.0265      |
|    E_fric_J             | 0.0103      |
|    E_norm_J             | 0.0016      |
|    W_neg_J              | 0.0242      |
|    W_pos_J              | 0.0493      |
| reward/                 |             |
|    r_energy             | -0.0559     |
|    r_pose               | -0.00241    |
|    r_vel                | 0.657       |
|    r_xvel               | -0.0391     |
| rollout/                |             |
|    ep_len_mean          | 82          |
|    ep_rew_mean          | 30.2        |
| time/                   |             |
|    fps                  | 45          |
|    iterations           | 241         |
|    time_elapsed         | 21822       |
|    total_timesteps      | 987136      |
| train/                  |             |
|    approx_kl            | 0.053541206 |
|    clip_fraction        | 0.466       |
|    clip_range           | 0.2         |
|    entropy_loss         | 0.75        |
|    explained_variance   | 0.879       |
|    learning_rate        | 0.0003      |
|    loss                 | 0.0653      |
|    n_updates            | 2400        |
|    policy_gradient_loss | 0.00066     |
|    std                  | 0.248       |
|    value_loss           | 0.117       |
-----------------------------------------
----------------------------------------
| energy/                 |            |
|    E_damp_J             | 0.0426     |
|    E_fric_J             | 0.011      |
|    E_norm_J             | 0.0185     |
|    W_neg_J              | 0.0451     |
|    W_pos_J              | 0.0905     |
| reward/                 |            |
|    r_energy             | -0.104     |
|    r_pose               | -0.0022    |
|    r_vel                | 0.573      |
|    r_xvel               | -0.0752    |
| rollout/                |            |
|    ep_len_mean          | 82         |
|    ep_rew_mean          | 30.3       |
| time/                   |            |
|    fps                  | 45         |
|    iterations           | 242        |
|    time_elapsed         | 21911      |
|    total_timesteps      | 991232     |
| train/                  |            |
|    approx_kl            | 0.05215722 |
|    clip_fraction        | 0.441      |
|    clip_range           | 0.2        |
|    entropy_loss         | 0.791      |
|    explained_variance   | 0.897      |
|    learning_rate        | 0.0003     |
|    loss                 | 0.0502     |
|    n_updates            | 2410       |
|    policy_gradient_loss | 0.00104    |
|    std                  | 0.247      |
|    value_loss           | 0.0994     |
----------------------------------------
----------------------------------------
| energy/                 |            |
|    E_damp_J             | 0.0251     |
|    E_fric_J             | 0.0103     |
|    E_norm_J             | 0.0016     |
|    W_neg_J              | 0.025      |
|    W_pos_J              | 0.0461     |
| reward/                 |            |
|    r_energy             | -0.0541    |
|    r_pose               | -0.0024    |
|    r_vel                | 0.658      |
|    r_xvel               | -0.0383    |
| rollout/                |            |
|    ep_len_mean          | 82         |
|    ep_rew_mean          | 30.6       |
| time/                   |            |
|    fps                  | 45         |
|    iterations           | 243        |
|    time_elapsed         | 22001      |
|    total_timesteps      | 995328     |
| train/                  |            |
|    approx_kl            | 0.06697978 |
|    clip_fraction        | 0.504      |
|    clip_range           | 0.2        |
|    entropy_loss         | 0.828      |
|    explained_variance   | 0.823      |
|    learning_rate        | 0.0003     |
|    loss                 | 0.0953     |
|    n_updates            | 2420       |
|    policy_gradient_loss | 0.00673    |
|    std                  | 0.246      |
|    value_loss           | 0.199      |
----------------------------------------
----------------------------------------
| energy/                 |            |
|    E_damp_J             | 0.0421     |
|    E_fric_J             | 0.0105     |
|    E_norm_J             | 0.018      |
|    W_neg_J              | 0.0461     |
|    W_pos_J              | 0.0798     |
| reward/                 |            |
|    r_energy             | -0.0983    |
|    r_pose               | -0.00235   |
|    r_vel                | 0.62       |
|    r_xvel               | -0.0648    |
| rollout/                |            |
|    ep_len_mean          | 82         |
|    ep_rew_mean          | 30.9       |
| time/                   |            |
|    fps                  | 45         |
|    iterations           | 244        |
|    time_elapsed         | 22092      |
|    total_timesteps      | 999424     |
| train/                  |            |
|    approx_kl            | 0.05919989 |
|    clip_fraction        | 0.479      |
|    clip_range           | 0.2        |
|    entropy_loss         | 0.861      |
|    explained_variance   | 0.883      |
|    learning_rate        | 0.0003     |
|    loss                 | 0.0665     |
|    n_updates            | 2430       |
|    policy_gradient_loss | 0.00447    |
|    std                  | 0.246      |
|    value_loss           | 0.104      |
----------------------------------------
-----------------------------------------
| energy/                 |             |
|    E_damp_J             | 0.0252      |
|    E_fric_J             | 0.0103      |
|    E_norm_J             | 0.00159     |
|    W_neg_J              | 0.0251      |
|    W_pos_J              | 0.0492      |
| reward/                 |             |
|    r_energy             | -0.0557     |
|    r_pose               | -0.00241    |
|    r_vel                | 0.658       |
|    r_xvel               | -0.0235     |
| rollout/                |             |
|    ep_len_mean          | 82          |
|    ep_rew_mean          | 30.8        |
| time/                   |             |
|    fps                  | 45          |
|    iterations           | 245         |
|    time_elapsed         | 22182       |
|    total_timesteps      | 1003520     |
| train/                  |             |
|    approx_kl            | 0.057069376 |
|    clip_fraction        | 0.482       |
|    clip_range           | 0.2         |
|    entropy_loss         | 0.899       |
|    explained_variance   | 0.899       |
|    learning_rate        | 0.0003      |
|    loss                 | 0.0582      |
|    n_updates            | 2440        |
|    policy_gradient_loss | 0.000967    |
|    std                  | 0.245       |
|    value_loss           | 0.0979      |
-----------------------------------------
----------------------------------------
| energy/                 |            |
|    E_damp_J             | 0.026      |
|    E_fric_J             | 0.0103     |
|    E_norm_J             | 0.0017     |
|    W_neg_J              | 0.0232     |
|    W_pos_J              | 0.0505     |
| reward/                 |            |
|    r_energy             | -0.0558    |
|    r_pose               | -0.00242   |
|    r_vel                | 0.649      |
|    r_xvel               | -0.0299    |
| rollout/                |            |
|    ep_len_mean          | 82         |
|    ep_rew_mean          | 30.8       |
| time/                   |            |
|    fps                  | 45         |
|    iterations           | 246        |
|    time_elapsed         | 22273      |
|    total_timesteps      | 1007616    |
| train/                  |            |
|    approx_kl            | 0.06408866 |
|    clip_fraction        | 0.492      |
|    clip_range           | 0.2        |
|    entropy_loss         | 0.939      |
|    explained_variance   | 0.867      |
|    learning_rate        | 0.0003     |
|    loss                 | 0.0591     |
|    n_updates            | 2450       |
|    policy_gradient_loss | 0.00377    |
|    std                  | 0.245      |
|    value_loss           | 0.137      |
----------------------------------------
-----------------------------------------
| energy/                 |             |
|    E_damp_J             | 0.025       |
|    E_fric_J             | 0.0105      |
|    E_norm_J             | 0.0016      |
|    W_neg_J              | 0.0234      |
|    W_pos_J              | 0.0506      |
| reward/                 |             |
|    r_energy             | -0.0556     |
|    r_pose               | -0.00229    |
|    r_vel                | 0.666       |
|    r_xvel               | -0.0314     |
| rollout/                |             |
|    ep_len_mean          | 82          |
|    ep_rew_mean          | 31.2        |
| time/                   |             |
|    fps                  | 45          |
|    iterations           | 247         |
|    time_elapsed         | 22363       |
|    total_timesteps      | 1011712     |
| train/                  |             |
|    approx_kl            | 0.045266517 |
|    clip_fraction        | 0.451       |
|    clip_range           | 0.2         |
|    entropy_loss         | 0.957       |
|    explained_variance   | 0.891       |
|    learning_rate        | 0.0003      |
|    loss                 | 0.0263      |
|    n_updates            | 2460        |
|    policy_gradient_loss | -0.00203    |
|    std                  | 0.245       |
|    value_loss           | 0.107       |
-----------------------------------------
-----------------------------------------
| energy/                 |             |
|    E_damp_J             | 0.0261      |
|    E_fric_J             | 0.0105      |
|    E_norm_J             | 0.00161     |
|    W_neg_J              | 0.0252      |
|    W_pos_J              | 0.0483      |
| reward/                 |             |
|    r_energy             | -0.0558     |
|    r_pose               | -0.00239    |
|    r_vel                | 0.662       |
|    r_xvel               | -0.0298     |
| rollout/                |             |
|    ep_len_mean          | 82          |
|    ep_rew_mean          | 31.4        |
| time/                   |             |
|    fps                  | 45          |
|    iterations           | 248         |
|    time_elapsed         | 22452       |
|    total_timesteps      | 1015808     |
| train/                  |             |
|    approx_kl            | 0.052279636 |
|    clip_fraction        | 0.469       |
|    clip_range           | 0.2         |
|    entropy_loss         | 1.02        |
|    explained_variance   | 0.904       |
|    learning_rate        | 0.0003      |
|    loss                 | 0.0621      |
|    n_updates            | 2470        |
|    policy_gradient_loss | 0.00944     |
|    std                  | 0.243       |
|    value_loss           | 0.0829      |
-----------------------------------------
-----------------------------------------
| energy/                 |             |
|    E_damp_J             | 0.0257      |
|    E_fric_J             | 0.0106      |
|    E_norm_J             | 0.00163     |
|    W_neg_J              | 0.0234      |
|    W_pos_J              | 0.0524      |
| reward/                 |             |
|    r_energy             | -0.0568     |
|    r_pose               | -0.00229    |
|    r_vel                | 0.665       |
|    r_xvel               | -0.0448     |
| rollout/                |             |
|    ep_len_mean          | 82          |
|    ep_rew_mean          | 31.2        |
| time/                   |             |
|    fps                  | 45          |
|    iterations           | 249         |
|    time_elapsed         | 22543       |
|    total_timesteps      | 1019904     |
| train/                  |             |
|    approx_kl            | 0.057487376 |
|    clip_fraction        | 0.475       |
|    clip_range           | 0.2         |
|    entropy_loss         | 1.1         |
|    explained_variance   | 0.889       |
|    learning_rate        | 0.0003      |
|    loss                 | 0.0463      |
|    n_updates            | 2480        |
|    policy_gradient_loss | 0.00421     |
|    std                  | 0.242       |
|    value_loss           | 0.104       |
-----------------------------------------
----------------------------------------
| energy/                 |            |
|    E_damp_J             | 0.0249     |
|    E_fric_J             | 0.0105     |
|    E_norm_J             | 0.00156    |
|    W_neg_J              | 0.0238     |
|    W_pos_J              | 0.0472     |
| reward/                 |            |
|    r_energy             | -0.054     |
|    r_pose               | -0.00231   |
|    r_vel                | 0.657      |
|    r_xvel               | -0.034     |
| rollout/                |            |
|    ep_len_mean          | 82         |
|    ep_rew_mean          | 31.1       |
| time/                   |            |
|    fps                  | 45         |
|    iterations           | 250        |
|    time_elapsed         | 22633      |
|    total_timesteps      | 1024000    |
| train/                  |            |
|    approx_kl            | 0.05633518 |
|    clip_fraction        | 0.481      |
|    clip_range           | 0.2        |
|    entropy_loss         | 1.12       |
|    explained_variance   | 0.867      |
|    learning_rate        | 0.0003     |
|    loss                 | 0.0762     |
|    n_updates            | 2490       |
|    policy_gradient_loss | 0.0058     |
|    std                  | 0.242      |
|    value_loss           | 0.14       |
----------------------------------------
-----------------------------------------
| energy/                 |             |
|    E_damp_J             | 0.025       |
|    E_fric_J             | 0.0106      |
|    E_norm_J             | 0.00163     |
|    W_neg_J              | 0.0213      |
|    W_pos_J              | 0.0513      |
| reward/                 |             |
|    r_energy             | -0.0549     |
|    r_pose               | -0.00228    |
|    r_vel                | 0.66        |
|    r_xvel               | -0.029      |
| rollout/                |             |
|    ep_len_mean          | 82          |
|    ep_rew_mean          | 31.2        |
| time/                   |             |
|    fps                  | 45          |
|    iterations           | 251         |
|    time_elapsed         | 22722       |
|    total_timesteps      | 1028096     |
| train/                  |             |
|    approx_kl            | 0.061999153 |
|    clip_fraction        | 0.479       |
|    clip_range           | 0.2         |
|    entropy_loss         | 1.14        |
|    explained_variance   | 0.886       |
|    learning_rate        | 0.0003      |
|    loss                 | 0.0588      |
|    n_updates            | 2500        |
|    policy_gradient_loss | 0.00421     |
|    std                  | 0.242       |
|    value_loss           | 0.112       |
-----------------------------------------
----------------------------------------
| energy/                 |            |
|    E_damp_J             | 0.0242     |
|    E_fric_J             | 0.0106     |
|    E_norm_J             | 0.00164    |
|    W_neg_J              | 0.0242     |
|    W_pos_J              | 0.0492     |
| reward/                 |            |
|    r_energy             | -0.055     |
|    r_pose               | -0.00232   |
|    r_vel                | 0.663      |
|    r_xvel               | -0.0399    |
| rollout/                |            |
|    ep_len_mean          | 82         |
|    ep_rew_mean          | 31.3       |
| time/                   |            |
|    fps                  | 45         |
|    iterations           | 252        |
|    time_elapsed         | 22811      |
|    total_timesteps      | 1032192    |
| train/                  |            |
|    approx_kl            | 0.06385508 |
|    clip_fraction        | 0.522      |
|    clip_range           | 0.2        |
|    entropy_loss         | 1.17       |
|    explained_variance   | 0.862      |
|    learning_rate        | 0.0003     |
|    loss                 | 0.0244     |
|    n_updates            | 2510       |
|    policy_gradient_loss | 0.00721    |
|    std                  | 0.242      |
|    value_loss           | 0.146      |
----------------------------------------
-----------------------------------------
| energy/                 |             |
|    E_damp_J             | 0.0245      |
|    E_fric_J             | 0.0104      |
|    E_norm_J             | 0.00168     |
|    W_neg_J              | 0.0235      |
|    W_pos_J              | 0.0465      |
| reward/                 |             |
|    r_energy             | -0.0533     |
|    r_pose               | -0.00234    |
|    r_vel                | 0.646       |
|    r_xvel               | -0.0334     |
| rollout/                |             |
|    ep_len_mean          | 82          |
|    ep_rew_mean          | 31.4        |
| time/                   |             |
|    fps                  | 45          |
|    iterations           | 253         |
|    time_elapsed         | 22902       |
|    total_timesteps      | 1036288     |
| train/                  |             |
|    approx_kl            | 0.044333614 |
|    clip_fraction        | 0.464       |
|    clip_range           | 0.2         |
|    entropy_loss         | 1.17        |
|    explained_variance   | 0.883       |
|    learning_rate        | 0.0003      |
|    loss                 | 0.0795      |
|    n_updates            | 2520        |
|    policy_gradient_loss | 0.00397     |
|    std                  | 0.242       |
|    value_loss           | 0.111       |
-----------------------------------------
----------------------------------------
| energy/                 |            |
|    E_damp_J             | 0.0234     |
|    E_fric_J             | 0.0104     |
|    E_norm_J             | 0.00153    |
|    W_neg_J              | 0.022      |
|    W_pos_J              | 0.0484     |
| reward/                 |            |
|    r_energy             | -0.0529    |
|    r_pose               | -0.00231   |
|    r_vel                | 0.657      |
|    r_xvel               | -0.0429    |
| rollout/                |            |
|    ep_len_mean          | 82         |
|    ep_rew_mean          | 31.4       |
| time/                   |            |
|    fps                  | 45         |
|    iterations           | 254        |
|    time_elapsed         | 22993      |
|    total_timesteps      | 1040384    |
| train/                  |            |
|    approx_kl            | 0.06550405 |
|    clip_fraction        | 0.49       |
|    clip_range           | 0.2        |
|    entropy_loss         | 1.21       |
|    explained_variance   | 0.891      |
|    learning_rate        | 0.0003     |
|    loss                 | 0.0799     |
|    n_updates            | 2530       |
|    policy_gradient_loss | 0.00689    |
|    std                  | 0.241      |
|    value_loss           | 0.111      |
----------------------------------------
-----------------------------------------
| energy/                 |             |
|    E_damp_J             | 0.0249      |
|    E_fric_J             | 0.0107      |
|    E_norm_J             | 0.00174     |
|    W_neg_J              | 0.0226      |
|    W_pos_J              | 0.0495      |
| reward/                 |             |
|    r_energy             | -0.0547     |
|    r_pose               | -0.00234    |
|    r_vel                | 0.664       |
|    r_xvel               | -0.0351     |
| rollout/                |             |
|    ep_len_mean          | 82          |
|    ep_rew_mean          | 31.6        |
| time/                   |             |
|    fps                  | 45          |
|    iterations           | 255         |
|    time_elapsed         | 23084       |
|    total_timesteps      | 1044480     |
| train/                  |             |
|    approx_kl            | 0.056693193 |
|    clip_fraction        | 0.488       |
|    clip_range           | 0.2         |
|    entropy_loss         | 1.26        |
|    explained_variance   | 0.915       |
|    learning_rate        | 0.0003      |
|    loss                 | 0.0317      |
|    n_updates            | 2540        |
|    policy_gradient_loss | 0.00216     |
|    std                  | 0.24        |
|    value_loss           | 0.0828      |
-----------------------------------------
-----------------------------------------
| energy/                 |             |
|    E_damp_J             | 0.0249      |
|    E_fric_J             | 0.0107      |
|    E_norm_J             | 0.00165     |
|    W_neg_J              | 0.0223      |
|    W_pos_J              | 0.0531      |
| reward/                 |             |
|    r_energy             | -0.0563     |
|    r_pose               | -0.00229    |
|    r_vel                | 0.663       |
|    r_xvel               | -0.0518     |
| rollout/                |             |
|    ep_len_mean          | 82          |
|    ep_rew_mean          | 31.8        |
| time/                   |             |
|    fps                  | 45          |
|    iterations           | 256         |
|    time_elapsed         | 23175       |
|    total_timesteps      | 1048576     |
| train/                  |             |
|    approx_kl            | 0.059631288 |
|    clip_fraction        | 0.492       |
|    clip_range           | 0.2         |
|    entropy_loss         | 1.3         |
|    explained_variance   | 0.922       |
|    learning_rate        | 0.0003      |
|    loss                 | 0.0572      |
|    n_updates            | 2550        |
|    policy_gradient_loss | 0.00587     |
|    std                  | 0.239       |
|    value_loss           | 0.0817      |
-----------------------------------------
----------------------------------------
| energy/                 |            |
|    E_damp_J             | 0.0252     |
|    E_fric_J             | 0.0108     |
|    E_norm_J             | 0.00177    |
|    W_neg_J              | 0.0228     |
|    W_pos_J              | 0.0514     |
| reward/                 |            |
|    r_energy             | -0.056     |
|    r_pose               | -0.00236   |
|    r_vel                | 0.656      |
|    r_xvel               | -0.0324    |
| rollout/                |            |
|    ep_len_mean          | 82         |
|    ep_rew_mean          | 31.9       |
| time/                   |            |
|    fps                  | 45         |
|    iterations           | 257        |
|    time_elapsed         | 23267      |
|    total_timesteps      | 1052672    |
| train/                  |            |
|    approx_kl            | 0.05884733 |
|    clip_fraction        | 0.486      |
|    clip_range           | 0.2        |
|    entropy_loss         | 1.33       |
|    explained_variance   | 0.894      |
|    learning_rate        | 0.0003     |
|    loss                 | 0.0478     |
|    n_updates            | 2560       |
|    policy_gradient_loss | 0.00498    |
|    std                  | 0.239      |
|    value_loss           | 0.1        |
----------------------------------------
-----------------------------------------
| energy/                 |             |
|    E_damp_J             | 0.0253      |
|    E_fric_J             | 0.0107      |
|    E_norm_J             | 0.00158     |
|    W_neg_J              | 0.0251      |
|    W_pos_J              | 0.0488      |
| reward/                 |             |
|    r_energy             | -0.0557     |
|    r_pose               | -0.00218    |
|    r_vel                | 0.671       |
|    r_xvel               | -0.0428     |
| rollout/                |             |
|    ep_len_mean          | 82          |
|    ep_rew_mean          | 32.1        |
| time/                   |             |
|    fps                  | 45          |
|    iterations           | 258         |
|    time_elapsed         | 23356       |
|    total_timesteps      | 1056768     |
| train/                  |             |
|    approx_kl            | 0.062499512 |
|    clip_fraction        | 0.472       |
|    clip_range           | 0.2         |
|    entropy_loss         | 1.35        |
|    explained_variance   | 0.918       |
|    learning_rate        | 0.0003      |
|    loss                 | 0.0784      |
|    n_updates            | 2570        |
|    policy_gradient_loss | 0.00614     |
|    std                  | 0.239       |
|    value_loss           | 0.0795      |
-----------------------------------------
-----------------------------------------
| energy/                 |             |
|    E_damp_J             | 0.0273      |
|    E_fric_J             | 0.0109      |
|    E_norm_J             | 0.00213     |
|    W_neg_J              | 0.0286      |
|    W_pos_J              | 0.0547      |
| reward/                 |             |
|    r_energy             | -0.0618     |
|    r_pose               | -0.00255    |
|    r_vel                | 0.633       |
|    r_xvel               | -0.0685     |
| rollout/                |             |
|    ep_len_mean          | 82          |
|    ep_rew_mean          | 32.1        |
| time/                   |             |
|    fps                  | 45          |
|    iterations           | 259         |
|    time_elapsed         | 23446       |
|    total_timesteps      | 1060864     |
| train/                  |             |
|    approx_kl            | 0.059904687 |
|    clip_fraction        | 0.492       |
|    clip_range           | 0.2         |
|    entropy_loss         | 1.37        |
|    explained_variance   | 0.932       |
|    learning_rate        | 0.0003      |
|    loss                 | 0.017       |
|    n_updates            | 2580        |
|    policy_gradient_loss | 0.00749     |
|    std                  | 0.238       |
|    value_loss           | 0.0613      |
-----------------------------------------
-----------------------------------------
| energy/                 |             |
|    E_damp_J             | 0.0246      |
|    E_fric_J             | 0.0105      |
|    E_norm_J             | 0.00156     |
|    W_neg_J              | 0.0245      |
|    W_pos_J              | 0.047       |
| reward/                 |             |
|    r_energy             | -0.0541     |
|    r_pose               | -0.00224    |
|    r_vel                | 0.666       |
|    r_xvel               | -0.0304     |
| rollout/                |             |
|    ep_len_mean          | 82          |
|    ep_rew_mean          | 32.2        |
| time/                   |             |
|    fps                  | 45          |
|    iterations           | 260         |
|    time_elapsed         | 23536       |
|    total_timesteps      | 1064960     |
| train/                  |             |
|    approx_kl            | 0.051651284 |
|    clip_fraction        | 0.457       |
|    clip_range           | 0.2         |
|    entropy_loss         | 1.43        |
|    explained_variance   | 0.923       |
|    learning_rate        | 0.0003      |
|    loss                 | 0.0465      |
|    n_updates            | 2590        |
|    policy_gradient_loss | 0.000361    |
|    std                  | 0.237       |
|    value_loss           | 0.0757      |
-----------------------------------------
----------------------------------------
| energy/                 |            |
|    E_damp_J             | 0.0401     |
|    E_fric_J             | 0.0115     |
|    E_norm_J             | 0.0198     |
|    W_neg_J              | 0.0406     |
|    W_pos_J              | 0.0832     |
| reward/                 |            |
|    r_energy             | -0.0976    |
|    r_pose               | -0.00235   |
|    r_vel                | 0.594      |
|    r_xvel               | -0.0366    |
| rollout/                |            |
|    ep_len_mean          | 82         |
|    ep_rew_mean          | 32.2       |
| time/                   |            |
|    fps                  | 45         |
|    iterations           | 261        |
|    time_elapsed         | 23626      |
|    total_timesteps      | 1069056    |
| train/                  |            |
|    approx_kl            | 0.06190636 |
|    clip_fraction        | 0.492      |
|    clip_range           | 0.2        |
|    entropy_loss         | 1.49       |
|    explained_variance   | 0.918      |
|    learning_rate        | 0.0003     |
|    loss                 | 0.0857     |
|    n_updates            | 2600       |
|    policy_gradient_loss | 0.00818    |
|    std                  | 0.235      |
|    value_loss           | 0.0691     |
----------------------------------------
-----------------------------------------
| energy/                 |             |
|    E_damp_J             | 0.0246      |
|    E_fric_J             | 0.0105      |
|    E_norm_J             | 0.00151     |
|    W_neg_J              | 0.0248      |
|    W_pos_J              | 0.0488      |
| reward/                 |             |
|    r_energy             | -0.0551     |
|    r_pose               | -0.00222    |
|    r_vel                | 0.658       |
|    r_xvel               | -0.0301     |
| rollout/                |             |
|    ep_len_mean          | 82          |
|    ep_rew_mean          | 32.2        |
| time/                   |             |
|    fps                  | 45          |
|    iterations           | 262         |
|    time_elapsed         | 23716       |
|    total_timesteps      | 1073152     |
| train/                  |             |
|    approx_kl            | 0.066620246 |
|    clip_fraction        | 0.494       |
|    clip_range           | 0.2         |
|    entropy_loss         | 1.53        |
|    explained_variance   | 0.925       |
|    learning_rate        | 0.0003      |
|    loss                 | 0.0821      |
|    n_updates            | 2610        |
|    policy_gradient_loss | 0.00283     |
|    std                  | 0.235       |
|    value_loss           | 0.0739      |
-----------------------------------------
----------------------------------------
| energy/                 |            |
|    E_damp_J             | 0.0446     |
|    E_fric_J             | 0.0111     |
|    E_norm_J             | 0.0188     |
|    W_neg_J              | 0.0515     |
|    W_pos_J              | 0.0897     |
| reward/                 |            |
|    r_energy             | -0.108     |
|    r_pose               | -0.00212   |
|    r_vel                | 0.562      |
|    r_xvel               | -0.0621    |
| rollout/                |            |
|    ep_len_mean          | 82         |
|    ep_rew_mean          | 32.3       |
| time/                   |            |
|    fps                  | 45         |
|    iterations           | 263        |
|    time_elapsed         | 23806      |
|    total_timesteps      | 1077248    |
| train/                  |            |
|    approx_kl            | 0.06337769 |
|    clip_fraction        | 0.506      |
|    clip_range           | 0.2        |
|    entropy_loss         | 1.58       |
|    explained_variance   | 0.922      |
|    learning_rate        | 0.0003     |
|    loss                 | 0.0425     |
|    n_updates            | 2620       |
|    policy_gradient_loss | 0.00816    |
|    std                  | 0.234      |
|    value_loss           | 0.0704     |
----------------------------------------
-----------------------------------------
| energy/                 |             |
|    E_damp_J             | 0.0261      |
|    E_fric_J             | 0.0104      |
|    E_norm_J             | 0.00159     |
|    W_neg_J              | 0.0241      |
|    W_pos_J              | 0.0506      |
| reward/                 |             |
|    r_energy             | -0.0564     |
|    r_pose               | -0.00216    |
|    r_vel                | 0.67        |
|    r_xvel               | -0.0238     |
| rollout/                |             |
|    ep_len_mean          | 82          |
|    ep_rew_mean          | 32.4        |
| time/                   |             |
|    fps                  | 45          |
|    iterations           | 264         |
|    time_elapsed         | 23896       |
|    total_timesteps      | 1081344     |
| train/                  |             |
|    approx_kl            | 0.057934206 |
|    clip_fraction        | 0.532       |
|    clip_range           | 0.2         |
|    entropy_loss         | 1.61        |
|    explained_variance   | 0.916       |
|    learning_rate        | 0.0003      |
|    loss                 | 0.0443      |
|    n_updates            | 2630        |
|    policy_gradient_loss | 0.00492     |
|    std                  | 0.233       |
|    value_loss           | 0.0856      |
-----------------------------------------
----------------------------------------
| energy/                 |            |
|    E_damp_J             | 0.0408     |
|    E_fric_J             | 0.011      |
|    E_norm_J             | 0.0192     |
|    W_neg_J              | 0.0469     |
|    W_pos_J              | 0.0905     |
| reward/                 |            |
|    r_energy             | -0.104     |
|    r_pose               | -0.00236   |
|    r_vel                | 0.522      |
|    r_xvel               | -0.0881    |
| rollout/                |            |
|    ep_len_mean          | 82         |
|    ep_rew_mean          | 32.5       |
| time/                   |            |
|    fps                  | 45         |
|    iterations           | 265        |
|    time_elapsed         | 23987      |
|    total_timesteps      | 1085440    |
| train/                  |            |
|    approx_kl            | 0.05284069 |
|    clip_fraction        | 0.5        |
|    clip_range           | 0.2        |
|    entropy_loss         | 1.65       |
|    explained_variance   | 0.925      |
|    learning_rate        | 0.0003     |
|    loss                 | 0.0471     |
|    n_updates            | 2640       |
|    policy_gradient_loss | 0.00717    |
|    std                  | 0.233      |
|    value_loss           | 0.0691     |
----------------------------------------
-----------------------------------------
| energy/                 |             |
|    E_damp_J             | 0.0244      |
|    E_fric_J             | 0.0103      |
|    E_norm_J             | 0.00154     |
|    W_neg_J              | 0.025       |
|    W_pos_J              | 0.0483      |
| reward/                 |             |
|    r_energy             | -0.0548     |
|    r_pose               | -0.00224    |
|    r_vel                | 0.671       |
|    r_xvel               | -0.0276     |
| rollout/                |             |
|    ep_len_mean          | 82          |
|    ep_rew_mean          | 32.4        |
| time/                   |             |
|    fps                  | 45          |
|    iterations           | 266         |
|    time_elapsed         | 24079       |
|    total_timesteps      | 1089536     |
| train/                  |             |
|    approx_kl            | 0.066452146 |
|    clip_fraction        | 0.49        |
|    clip_range           | 0.2         |
|    entropy_loss         | 1.7         |
|    explained_variance   | 0.921       |
|    learning_rate        | 0.0003      |
|    loss                 | 0.0482      |
|    n_updates            | 2650        |
|    policy_gradient_loss | 0.00316     |
|    std                  | 0.232       |
|    value_loss           | 0.0802      |
-----------------------------------------
----------------------------------------
| energy/                 |            |
|    E_damp_J             | 0.0471     |
|    E_fric_J             | 0.011      |
|    E_norm_J             | 0.0192     |
|    W_neg_J              | 0.0574     |
|    W_pos_J              | 0.0867     |
| reward/                 |            |
|    r_energy             | -0.111     |
|    r_pose               | -0.00221   |
|    r_vel                | 0.559      |
|    r_xvel               | -0.0817    |
| rollout/                |            |
|    ep_len_mean          | 82         |
|    ep_rew_mean          | 32.5       |
| time/                   |            |
|    fps                  | 45         |
|    iterations           | 267        |
|    time_elapsed         | 24171      |
|    total_timesteps      | 1093632    |
| train/                  |            |
|    approx_kl            | 0.06876964 |
|    clip_fraction        | 0.514      |
|    clip_range           | 0.2        |
|    entropy_loss         | 1.74       |
|    explained_variance   | 0.909      |
|    learning_rate        | 0.0003     |
|    loss                 | 0.0426     |
|    n_updates            | 2660       |
|    policy_gradient_loss | 0.00731    |
|    std                  | 0.231      |
|    value_loss           | 0.0943     |
----------------------------------------
----------------------------------------
| energy/                 |            |
|    E_damp_J             | 0.0249     |
|    E_fric_J             | 0.0104     |
|    E_norm_J             | 0.00147    |
|    W_neg_J              | 0.0257     |
|    W_pos_J              | 0.0473     |
| reward/                 |            |
|    r_energy             | -0.0549    |
|    r_pose               | -0.00219   |
|    r_vel                | 0.677      |
|    r_xvel               | -0.0347    |
| rollout/                |            |
|    ep_len_mean          | 82         |
|    ep_rew_mean          | 32.9       |
| time/                   |            |
|    fps                  | 45         |
|    iterations           | 268        |
|    time_elapsed         | 24260      |
|    total_timesteps      | 1097728    |
| train/                  |            |
|    approx_kl            | 0.06836786 |
|    clip_fraction        | 0.477      |
|    clip_range           | 0.2        |
|    entropy_loss         | 1.78       |
|    explained_variance   | 0.927      |
|    learning_rate        | 0.0003     |
|    loss                 | 0.0604     |
|    n_updates            | 2670       |
|    policy_gradient_loss | 0.00337    |
|    std                  | 0.23       |
|    value_loss           | 0.0754     |
----------------------------------------
----------------------------------------
| energy/                 |            |
|    E_damp_J             | 0.0461     |
|    E_fric_J             | 0.0112     |
|    E_norm_J             | 0.019      |
|    W_neg_J              | 0.0496     |
|    W_pos_J              | 0.0893     |
| reward/                 |            |
|    r_energy             | -0.108     |
|    r_pose               | -0.00242   |
|    r_vel                | 0.577      |
|    r_xvel               | -0.041     |
| rollout/                |            |
|    ep_len_mean          | 82         |
|    ep_rew_mean          | 32.9       |
| time/                   |            |
|    fps                  | 45         |
|    iterations           | 269        |
|    time_elapsed         | 24349      |
|    total_timesteps      | 1101824    |
| train/                  |            |
|    approx_kl            | 0.06777074 |
|    clip_fraction        | 0.523      |
|    clip_range           | 0.2        |
|    entropy_loss         | 1.8        |
|    explained_variance   | 0.89       |
|    learning_rate        | 0.0003     |
|    loss                 | 0.0697     |
|    n_updates            | 2680       |
|    policy_gradient_loss | 0.0129     |
|    std                  | 0.231      |
|    value_loss           | 0.0988     |
----------------------------------------
-----------------------------------------
| energy/                 |             |
|    E_damp_J             | 0.0253      |
|    E_fric_J             | 0.0104      |
|    E_norm_J             | 0.00161     |
|    W_neg_J              | 0.0243      |
|    W_pos_J              | 0.0474      |
| reward/                 |             |
|    r_energy             | -0.0545     |
|    r_pose               | -0.00222    |
|    r_vel                | 0.669       |
|    r_xvel               | -0.0227     |
| rollout/                |             |
|    ep_len_mean          | 82          |
|    ep_rew_mean          | 33          |
| time/                   |             |
|    fps                  | 45          |
|    iterations           | 270         |
|    time_elapsed         | 24438       |
|    total_timesteps      | 1105920     |
| train/                  |             |
|    approx_kl            | 0.074002795 |
|    clip_fraction        | 0.501       |
|    clip_range           | 0.2         |
|    entropy_loss         | 1.83        |
|    explained_variance   | 0.92        |
|    learning_rate        | 0.0003      |
|    loss                 | 0.0737      |
|    n_updates            | 2690        |
|    policy_gradient_loss | 0.00774     |
|    std                  | 0.229       |
|    value_loss           | 0.0689      |
-----------------------------------------
----------------------------------------
| energy/                 |            |
|    E_damp_J             | 0.045      |
|    E_fric_J             | 0.0109     |
|    E_norm_J             | 0.0193     |
|    W_neg_J              | 0.0527     |
|    W_pos_J              | 0.0915     |
| reward/                 |            |
|    r_energy             | -0.11      |
|    r_pose               | -0.00245   |
|    r_vel                | 0.526      |
|    r_xvel               | -0.0675    |
| rollout/                |            |
|    ep_len_mean          | 82         |
|    ep_rew_mean          | 32.9       |
| time/                   |            |
|    fps                  | 45         |
|    iterations           | 271        |
|    time_elapsed         | 24529      |
|    total_timesteps      | 1110016    |
| train/                  |            |
|    approx_kl            | 0.06623534 |
|    clip_fraction        | 0.508      |
|    clip_range           | 0.2        |
|    entropy_loss         | 1.91       |
|    explained_variance   | 0.934      |
|    learning_rate        | 0.0003     |
|    loss                 | 0.0484     |
|    n_updates            | 2700       |
|    policy_gradient_loss | 0.00548    |
|    std                  | 0.227      |
|    value_loss           | 0.0592     |
----------------------------------------
----------------------------------------
| energy/                 |            |
|    E_damp_J             | 0.0259     |
|    E_fric_J             | 0.0103     |
|    E_norm_J             | 0.00152    |
|    W_neg_J              | 0.0245     |
|    W_pos_J              | 0.0479     |
| reward/                 |            |
|    r_energy             | -0.055     |
|    r_pose               | -0.00223   |
|    r_vel                | 0.671      |
|    r_xvel               | -0.0319    |
| rollout/                |            |
|    ep_len_mean          | 82         |
|    ep_rew_mean          | 32.7       |
| time/                   |            |
|    fps                  | 45         |
|    iterations           | 272        |
|    time_elapsed         | 24619      |
|    total_timesteps      | 1114112    |
| train/                  |            |
|    approx_kl            | 0.06621078 |
|    clip_fraction        | 0.507      |
|    clip_range           | 0.2        |
|    entropy_loss         | 1.95       |
|    explained_variance   | 0.92       |
|    learning_rate        | 0.0003     |
|    loss                 | 0.0565     |
|    n_updates            | 2710       |
|    policy_gradient_loss | 0.000675   |
|    std                  | 0.227      |
|    value_loss           | 0.0832     |
----------------------------------------
---------------------------------------
| energy/                 |           |
|    E_damp_J             | 0.0486    |
|    E_fric_J             | 0.0115    |
|    E_norm_J             | 0.0192    |
|    W_neg_J              | 0.0579    |
|    W_pos_J              | 0.0938    |
| reward/                 |           |
|    r_energy             | -0.115    |
|    r_pose               | -0.00232  |
|    r_vel                | 0.599     |
|    r_xvel               | -0.0518   |
| rollout/                |           |
|    ep_len_mean          | 82        |
|    ep_rew_mean          | 32.9      |
| time/                   |           |
|    fps                  | 45        |
|    iterations           | 273       |
|    time_elapsed         | 24709     |
|    total_timesteps      | 1118208   |
| train/                  |           |
|    approx_kl            | 0.0630126 |
|    clip_fraction        | 0.487     |
|    clip_range           | 0.2       |
|    entropy_loss         | 1.97      |
|    explained_variance   | 0.93      |
|    learning_rate        | 0.0003    |
|    loss                 | 0.0559    |
|    n_updates            | 2720      |
|    policy_gradient_loss | 0.0103    |
|    std                  | 0.227     |
|    value_loss           | 0.0634    |
---------------------------------------
-----------------------------------------
| energy/                 |             |
|    E_damp_J             | 0.0251      |
|    E_fric_J             | 0.0107      |
|    E_norm_J             | 0.0015      |
|    W_neg_J              | 0.0248      |
|    W_pos_J              | 0.0494      |
| reward/                 |             |
|    r_energy             | -0.0557     |
|    r_pose               | -0.00228    |
|    r_vel                | 0.678       |
|    r_xvel               | -0.0303     |
| rollout/                |             |
|    ep_len_mean          | 82          |
|    ep_rew_mean          | 33          |
| time/                   |             |
|    fps                  | 45          |
|    iterations           | 274         |
|    time_elapsed         | 24798       |
|    total_timesteps      | 1122304     |
| train/                  |             |
|    approx_kl            | 0.065282896 |
|    clip_fraction        | 0.525       |
|    clip_range           | 0.2         |
|    entropy_loss         | 2.02        |
|    explained_variance   | 0.92        |
|    learning_rate        | 0.0003      |
|    loss                 | 0.0357      |
|    n_updates            | 2730        |
|    policy_gradient_loss | 0.00809     |
|    std                  | 0.225       |
|    value_loss           | 0.0711      |
-----------------------------------------
----------------------------------------
| energy/                 |            |
|    E_damp_J             | 0.0453     |
|    E_fric_J             | 0.0109     |
|    E_norm_J             | 0.0191     |
|    W_neg_J              | 0.0575     |
|    W_pos_J              | 0.0852     |
| reward/                 |            |
|    r_energy             | -0.109     |
|    r_pose               | -0.00231   |
|    r_vel                | 0.563      |
|    r_xvel               | -0.0629    |
| rollout/                |            |
|    ep_len_mean          | 82         |
|    ep_rew_mean          | 33.1       |
| time/                   |            |
|    fps                  | 45         |
|    iterations           | 275        |
|    time_elapsed         | 24888      |
|    total_timesteps      | 1126400    |
| train/                  |            |
|    approx_kl            | 0.07378376 |
|    clip_fraction        | 0.536      |
|    clip_range           | 0.2        |
|    entropy_loss         | 2.05       |
|    explained_variance   | 0.904      |
|    learning_rate        | 0.0003     |
|    loss                 | 0.0493     |
|    n_updates            | 2740       |
|    policy_gradient_loss | 0.0129     |
|    std                  | 0.226      |
|    value_loss           | 0.0824     |
----------------------------------------
-----------------------------------------
| energy/                 |             |
|    E_damp_J             | 0.0248      |
|    E_fric_J             | 0.0104      |
|    E_norm_J             | 0.00139     |
|    W_neg_J              | 0.0256      |
|    W_pos_J              | 0.0476      |
| reward/                 |             |
|    r_energy             | -0.0549     |
|    r_pose               | -0.00214    |
|    r_vel                | 0.687       |
|    r_xvel               | -0.0259     |
| rollout/                |             |
|    ep_len_mean          | 82          |
|    ep_rew_mean          | 33.3        |
| time/                   |             |
|    fps                  | 45          |
|    iterations           | 276         |
|    time_elapsed         | 24977       |
|    total_timesteps      | 1130496     |
| train/                  |             |
|    approx_kl            | 0.061452366 |
|    clip_fraction        | 0.497       |
|    clip_range           | 0.2         |
|    entropy_loss         | 2.11        |
|    explained_variance   | 0.92        |
|    learning_rate        | 0.0003      |
|    loss                 | 0.0251      |
|    n_updates            | 2750        |
|    policy_gradient_loss | 0.00962     |
|    std                  | 0.224       |
|    value_loss           | 0.0746      |
-----------------------------------------
----------------------------------------
| energy/                 |            |
|    E_damp_J             | 0.0543     |
|    E_fric_J             | 0.0112     |
|    E_norm_J             | 0.0199     |
|    W_neg_J              | 0.0696     |
|    W_pos_J              | 0.0949     |
| reward/                 |            |
|    r_energy             | -0.125     |
|    r_pose               | -0.00209   |
|    r_vel                | 0.588      |
|    r_xvel               | -0.034     |
| rollout/                |            |
|    ep_len_mean          | 82         |
|    ep_rew_mean          | 33.4       |
| time/                   |            |
|    fps                  | 45         |
|    iterations           | 277        |
|    time_elapsed         | 25068      |
|    total_timesteps      | 1134592    |
| train/                  |            |
|    approx_kl            | 0.09419813 |
|    clip_fraction        | 0.512      |
|    clip_range           | 0.2        |
|    entropy_loss         | 2.16       |
|    explained_variance   | 0.94       |
|    learning_rate        | 0.0003     |
|    loss                 | 0.0309     |
|    n_updates            | 2760       |
|    policy_gradient_loss | 0.00992    |
|    std                  | 0.224      |
|    value_loss           | 0.0525     |
----------------------------------------
-----------------------------------------
| energy/                 |             |
|    E_damp_J             | 0.0259      |
|    E_fric_J             | 0.0103      |
|    E_norm_J             | 0.00152     |
|    W_neg_J              | 0.0255      |
|    W_pos_J              | 0.0479      |
| reward/                 |             |
|    r_energy             | -0.0556     |
|    r_pose               | -0.00219    |
|    r_vel                | 0.676       |
|    r_xvel               | -0.0239     |
| rollout/                |             |
|    ep_len_mean          | 82          |
|    ep_rew_mean          | 33.3        |
| time/                   |             |
|    fps                  | 45          |
|    iterations           | 278         |
|    time_elapsed         | 25160       |
|    total_timesteps      | 1138688     |
| train/                  |             |
|    approx_kl            | 0.059151366 |
|    clip_fraction        | 0.508       |
|    clip_range           | 0.2         |
|    entropy_loss         | 2.18        |
|    explained_variance   | 0.931       |
|    learning_rate        | 0.0003      |
|    loss                 | 0.0514      |
|    n_updates            | 2770        |
|    policy_gradient_loss | 0.00876     |
|    std                  | 0.223       |
|    value_loss           | 0.0643      |
-----------------------------------------
----------------------------------------
| energy/                 |            |
|    E_damp_J             | 0.0461     |
|    E_fric_J             | 0.011      |
|    E_norm_J             | 0.0193     |
|    W_neg_J              | 0.0532     |
|    W_pos_J              | 0.0921     |
| reward/                 |            |
|    r_energy             | -0.111     |
|    r_pose               | -0.00225   |
|    r_vel                | 0.55       |
|    r_xvel               | -0.0509    |
| rollout/                |            |
|    ep_len_mean          | 82         |
|    ep_rew_mean          | 33.3       |
| time/                   |            |
|    fps                  | 45         |
|    iterations           | 279        |
|    time_elapsed         | 25250      |
|    total_timesteps      | 1142784    |
| train/                  |            |
|    approx_kl            | 0.06474118 |
|    clip_fraction        | 0.514      |
|    clip_range           | 0.2        |
|    entropy_loss         | 2.23       |
|    explained_variance   | 0.927      |
|    learning_rate        | 0.0003     |
|    loss                 | 0.0629     |
|    n_updates            | 2780       |
|    policy_gradient_loss | 0.00855    |
|    std                  | 0.222      |
|    value_loss           | 0.0659     |
----------------------------------------
----------------------------------------
| energy/                 |            |
|    E_damp_J             | 0.0256     |
|    E_fric_J             | 0.0107     |
|    E_norm_J             | 0.00153    |
|    W_neg_J              | 0.0242     |
|    W_pos_J              | 0.05       |
| reward/                 |            |
|    r_energy             | -0.056     |
|    r_pose               | -0.00216   |
|    r_vel                | 0.683      |
|    r_xvel               | -0.0296    |
| rollout/                |            |
|    ep_len_mean          | 82         |
|    ep_rew_mean          | 33.4       |
| time/                   |            |
|    fps                  | 45         |
|    iterations           | 280        |
|    time_elapsed         | 25340      |
|    total_timesteps      | 1146880    |
| train/                  |            |
|    approx_kl            | 0.07865466 |
|    clip_fraction        | 0.517      |
|    clip_range           | 0.2        |
|    entropy_loss         | 2.28       |
|    explained_variance   | 0.934      |
|    learning_rate        | 0.0003     |
|    loss                 | 0.0339     |
|    n_updates            | 2790       |
|    policy_gradient_loss | 0.0182     |
|    std                  | 0.221      |
|    value_loss           | 0.0677     |
----------------------------------------
----------------------------------------
| energy/                 |            |
|    E_damp_J             | 0.0475     |
|    E_fric_J             | 0.0111     |
|    E_norm_J             | 0.019      |
|    W_neg_J              | 0.0585     |
|    W_pos_J              | 0.0889     |
| reward/                 |            |
|    r_energy             | -0.112     |
|    r_pose               | -0.00226   |
|    r_vel                | 0.567      |
|    r_xvel               | -0.0475    |
| rollout/                |            |
|    ep_len_mean          | 82         |
|    ep_rew_mean          | 33.5       |
| time/                   |            |
|    fps                  | 45         |
|    iterations           | 281        |
|    time_elapsed         | 25429      |
|    total_timesteps      | 1150976    |
| train/                  |            |
|    approx_kl            | 0.06871859 |
|    clip_fraction        | 0.538      |
|    clip_range           | 0.2        |
|    entropy_loss         | 2.36       |
|    explained_variance   | 0.926      |
|    learning_rate        | 0.0003     |
|    loss                 | 0.0353     |
|    n_updates            | 2800       |
|    policy_gradient_loss | 0.00998    |
|    std                  | 0.219      |
|    value_loss           | 0.0608     |
----------------------------------------
-----------------------------------------
| energy/                 |             |
|    E_damp_J             | 0.0249      |
|    E_fric_J             | 0.0107      |
|    E_norm_J             | 0.00153     |
|    W_neg_J              | 0.0251      |
|    W_pos_J              | 0.0492      |
| reward/                 |             |
|    r_energy             | -0.0557     |
|    r_pose               | -0.00224    |
|    r_vel                | 0.681       |
|    r_xvel               | -0.0286     |
| rollout/                |             |
|    ep_len_mean          | 82          |
|    ep_rew_mean          | 33.5        |
| time/                   |             |
|    fps                  | 45          |
|    iterations           | 282         |
|    time_elapsed         | 25518       |
|    total_timesteps      | 1155072     |
| train/                  |             |
|    approx_kl            | 0.059144296 |
|    clip_fraction        | 0.51        |
|    clip_range           | 0.2         |
|    entropy_loss         | 2.43        |
|    explained_variance   | 0.937       |
|    learning_rate        | 0.0003      |
|    loss                 | 0.0273      |
|    n_updates            | 2810        |
|    policy_gradient_loss | 0.0123      |
|    std                  | 0.218       |
|    value_loss           | 0.0574      |
-----------------------------------------
----------------------------------------
| energy/                 |            |
|    E_damp_J             | 0.0504     |
|    E_fric_J             | 0.0113     |
|    E_norm_J             | 0.0192     |
|    W_neg_J              | 0.062      |
|    W_pos_J              | 0.0903     |
| reward/                 |            |
|    r_energy             | -0.117     |
|    r_pose               | -0.002     |
|    r_vel                | 0.611      |
|    r_xvel               | -0.0327    |
| rollout/                |            |
|    ep_len_mean          | 82         |
|    ep_rew_mean          | 33.6       |
| time/                   |            |
|    fps                  | 45         |
|    iterations           | 283        |
|    time_elapsed         | 25608      |
|    total_timesteps      | 1159168    |
| train/                  |            |
|    approx_kl            | 0.05401037 |
|    clip_fraction        | 0.5        |
|    clip_range           | 0.2        |
|    entropy_loss         | 2.46       |
|    explained_variance   | 0.92       |
|    learning_rate        | 0.0003     |
|    loss                 | 0.104      |
|    n_updates            | 2820       |
|    policy_gradient_loss | 0.00621    |
|    std                  | 0.218      |
|    value_loss           | 0.0738     |
----------------------------------------
----------------------------------------
| energy/                 |            |
|    E_damp_J             | 0.0246     |
|    E_fric_J             | 0.0103     |
|    E_norm_J             | 0.00148    |
|    W_neg_J              | 0.0234     |
|    W_pos_J              | 0.0494     |
| reward/                 |            |
|    r_energy             | -0.0547    |
|    r_pose               | -0.00222   |
|    r_vel                | 0.674      |
|    r_xvel               | -0.0289    |
| rollout/                |            |
|    ep_len_mean          | 82         |
|    ep_rew_mean          | 33.7       |
| time/                   |            |
|    fps                  | 45         |
|    iterations           | 284        |
|    time_elapsed         | 25697      |
|    total_timesteps      | 1163264    |
| train/                  |            |
|    approx_kl            | 0.07157613 |
|    clip_fraction        | 0.514      |
|    clip_range           | 0.2        |
|    entropy_loss         | 2.47       |
|    explained_variance   | 0.927      |
|    learning_rate        | 0.0003     |
|    loss                 | 0.114      |
|    n_updates            | 2830       |
|    policy_gradient_loss | 0.0135     |
|    std                  | 0.218      |
|    value_loss           | 0.0672     |
----------------------------------------
-----------------------------------------
| energy/                 |             |
|    E_damp_J             | 0.0463      |
|    E_fric_J             | 0.0104      |
|    E_norm_J             | 0.0189      |
|    W_neg_J              | 0.0546      |
|    W_pos_J              | 0.0851      |
| reward/                 |             |
|    r_energy             | -0.108      |
|    r_pose               | -0.00201    |
|    r_vel                | 0.634       |
|    r_xvel               | -0.0184     |
| rollout/                |             |
|    ep_len_mean          | 82          |
|    ep_rew_mean          | 33.7        |
| time/                   |             |
|    fps                  | 45          |
|    iterations           | 285         |
|    time_elapsed         | 25788       |
|    total_timesteps      | 1167360     |
| train/                  |             |
|    approx_kl            | 0.059024613 |
|    clip_fraction        | 0.518       |
|    clip_range           | 0.2         |
|    entropy_loss         | 2.49        |
|    explained_variance   | 0.936       |
|    learning_rate        | 0.0003      |
|    loss                 | 0.0799      |
|    n_updates            | 2840        |
|    policy_gradient_loss | 0.0129      |
|    std                  | 0.218       |
|    value_loss           | 0.0571      |
-----------------------------------------
----------------------------------------
| energy/                 |            |
|    E_damp_J             | 0.0251     |
|    E_fric_J             | 0.0104     |
|    E_norm_J             | 0.00157    |
|    W_neg_J              | 0.0237     |
|    W_pos_J              | 0.0507     |
| reward/                 |            |
|    r_energy             | -0.0557    |
|    r_pose               | -0.00217   |
|    r_vel                | 0.679      |
|    r_xvel               | -0.0217    |
| rollout/                |            |
|    ep_len_mean          | 82         |
|    ep_rew_mean          | 33.8       |
| time/                   |            |
|    fps                  | 45         |
|    iterations           | 286        |
|    time_elapsed         | 25877      |
|    total_timesteps      | 1171456    |
| train/                  |            |
|    approx_kl            | 0.06578265 |
|    clip_fraction        | 0.515      |
|    clip_range           | 0.2        |
|    entropy_loss         | 2.55       |
|    explained_variance   | 0.933      |
|    learning_rate        | 0.0003     |
|    loss                 | 0.0443     |
|    n_updates            | 2850       |
|    policy_gradient_loss | 0.009      |
|    std                  | 0.216      |
|    value_loss           | 0.0611     |
----------------------------------------
-----------------------------------------
| energy/                 |             |
|    E_damp_J             | 0.0251      |
|    E_fric_J             | 0.0108      |
|    E_norm_J             | 0.00156     |
|    W_neg_J              | 0.0266      |
|    W_pos_J              | 0.0495      |
| reward/                 |             |
|    r_energy             | -0.0567     |
|    r_pose               | -0.00223    |
|    r_vel                | 0.681       |
|    r_xvel               | -0.0196     |
| rollout/                |             |
|    ep_len_mean          | 82          |
|    ep_rew_mean          | 33.9        |
| time/                   |             |
|    fps                  | 45          |
|    iterations           | 287         |
|    time_elapsed         | 25967       |
|    total_timesteps      | 1175552     |
| train/                  |             |
|    approx_kl            | 0.062337656 |
|    clip_fraction        | 0.534       |
|    clip_range           | 0.2         |
|    entropy_loss         | 2.59        |
|    explained_variance   | 0.929       |
|    learning_rate        | 0.0003      |
|    loss                 | 0.0308      |
|    n_updates            | 2860        |
|    policy_gradient_loss | 0.012       |
|    std                  | 0.217       |
|    value_loss           | 0.0584      |
-----------------------------------------
----------------------------------------
| energy/                 |            |
|    E_damp_J             | 0.026      |
|    E_fric_J             | 0.0106     |
|    E_norm_J             | 0.0016     |
|    W_neg_J              | 0.024      |
|    W_pos_J              | 0.0529     |
| reward/                 |            |
|    r_energy             | -0.0576    |
|    r_pose               | -0.00218   |
|    r_vel                | 0.68       |
|    r_xvel               | -0.0236    |
| rollout/                |            |
|    ep_len_mean          | 82         |
|    ep_rew_mean          | 33.7       |
| time/                   |            |
|    fps                  | 45         |
|    iterations           | 288        |
|    time_elapsed         | 26056      |
|    total_timesteps      | 1179648    |
| train/                  |            |
|    approx_kl            | 0.07985902 |
|    clip_fraction        | 0.492      |
|    clip_range           | 0.2        |
|    entropy_loss         | 2.6        |
|    explained_variance   | 0.933      |
|    learning_rate        | 0.0003     |
|    loss                 | 0.0621     |
|    n_updates            | 2870       |
|    policy_gradient_loss | 0.00583    |
|    std                  | 0.217      |
|    value_loss           | 0.0611     |
----------------------------------------
-----------------------------------------
| energy/                 |             |
|    E_damp_J             | 0.025       |
|    E_fric_J             | 0.0108      |
|    E_norm_J             | 0.00154     |
|    W_neg_J              | 0.0236      |
|    W_pos_J              | 0.0521      |
| reward/                 |             |
|    r_energy             | -0.0565     |
|    r_pose               | -0.00213    |
|    r_vel                | 0.682       |
|    r_xvel               | -0.0246     |
| rollout/                |             |
|    ep_len_mean          | 82          |
|    ep_rew_mean          | 33.8        |
| time/                   |             |
|    fps                  | 45          |
|    iterations           | 289         |
|    time_elapsed         | 26147       |
|    total_timesteps      | 1183744     |
| train/                  |             |
|    approx_kl            | 0.067326084 |
|    clip_fraction        | 0.526       |
|    clip_range           | 0.2         |
|    entropy_loss         | 2.61        |
|    explained_variance   | 0.934       |
|    learning_rate        | 0.0003      |
|    loss                 | 0.0695      |
|    n_updates            | 2880        |
|    policy_gradient_loss | 0.00962     |
|    std                  | 0.217       |
|    value_loss           | 0.0626      |
-----------------------------------------
----------------------------------------
| energy/                 |            |
|    E_damp_J             | 0.0245     |
|    E_fric_J             | 0.0108     |
|    E_norm_J             | 0.00158    |
|    W_neg_J              | 0.0239     |
|    W_pos_J              | 0.0505     |
| reward/                 |            |
|    r_energy             | -0.0556    |
|    r_pose               | -0.00215   |
|    r_vel                | 0.678      |
|    r_xvel               | -0.0251    |
| rollout/                |            |
|    ep_len_mean          | 82         |
|    ep_rew_mean          | 33.8       |
| time/                   |            |
|    fps                  | 45         |
|    iterations           | 290        |
|    time_elapsed         | 26237      |
|    total_timesteps      | 1187840    |
| train/                  |            |
|    approx_kl            | 0.07058326 |
|    clip_fraction        | 0.539      |
|    clip_range           | 0.2        |
|    entropy_loss         | 2.61       |
|    explained_variance   | 0.931      |
|    learning_rate        | 0.0003     |
|    loss                 | 0.038      |
|    n_updates            | 2890       |
|    policy_gradient_loss | 0.0107     |
|    std                  | 0.217      |
|    value_loss           | 0.0589     |
----------------------------------------
----------------------------------------
| energy/                 |            |
|    E_damp_J             | 0.0258     |
|    E_fric_J             | 0.0106     |
|    E_norm_J             | 0.00161    |
|    W_neg_J              | 0.0253     |
|    W_pos_J              | 0.049      |
| reward/                 |            |
|    r_energy             | -0.0562    |
|    r_pose               | -0.00212   |
|    r_vel                | 0.681      |
|    r_xvel               | -0.0247    |
| rollout/                |            |
|    ep_len_mean          | 82         |
|    ep_rew_mean          | 33.9       |
| time/                   |            |
|    fps                  | 45         |
|    iterations           | 291        |
|    time_elapsed         | 26326      |
|    total_timesteps      | 1191936    |
| train/                  |            |
|    approx_kl            | 0.08346093 |
|    clip_fraction        | 0.546      |
|    clip_range           | 0.2        |
|    entropy_loss         | 2.64       |
|    explained_variance   | 0.912      |
|    learning_rate        | 0.0003     |
|    loss                 | 0.0205     |
|    n_updates            | 2900       |
|    policy_gradient_loss | 0.0155     |
|    std                  | 0.215      |
|    value_loss           | 0.082      |
----------------------------------------
----------------------------------------
| energy/                 |            |
|    E_damp_J             | 0.0256     |
|    E_fric_J             | 0.0109     |
|    E_norm_J             | 0.00161    |
|    W_neg_J              | 0.0247     |
|    W_pos_J              | 0.0509     |
| reward/                 |            |
|    r_energy             | -0.0568    |
|    r_pose               | -0.00213   |
|    r_vel                | 0.684      |
|    r_xvel               | -0.0281    |
| rollout/                |            |
|    ep_len_mean          | 82         |
|    ep_rew_mean          | 34         |
| time/                   |            |
|    fps                  | 45         |
|    iterations           | 292        |
|    time_elapsed         | 26416      |
|    total_timesteps      | 1196032    |
| train/                  |            |
|    approx_kl            | 0.09015652 |
|    clip_fraction        | 0.566      |
|    clip_range           | 0.2        |
|    entropy_loss         | 2.62       |
|    explained_variance   | 0.887      |
|    learning_rate        | 0.0003     |
|    loss                 | 0.111      |
|    n_updates            | 2910       |
|    policy_gradient_loss | 0.0199     |
|    std                  | 0.217      |
|    value_loss           | 0.105      |
----------------------------------------
-----------------------------------------
| energy/                 |             |
|    E_damp_J             | 0.0247      |
|    E_fric_J             | 0.0105      |
|    E_norm_J             | 0.00148     |
|    W_neg_J              | 0.0242      |
|    W_pos_J              | 0.0502      |
| reward/                 |             |
|    r_energy             | -0.0555     |
|    r_pose               | -0.00218    |
|    r_vel                | 0.68        |
|    r_xvel               | -0.0379     |
| rollout/                |             |
|    ep_len_mean          | 82          |
|    ep_rew_mean          | 33.8        |
| time/                   |             |
|    fps                  | 45          |
|    iterations           | 293         |
|    time_elapsed         | 26505       |
|    total_timesteps      | 1200128     |
| train/                  |             |
|    approx_kl            | 0.059237726 |
|    clip_fraction        | 0.552       |
|    clip_range           | 0.2         |
|    entropy_loss         | 2.59        |
|    explained_variance   | 0.931       |
|    learning_rate        | 0.0003      |
|    loss                 | 0.0379      |
|    n_updates            | 2920        |
|    policy_gradient_loss | 0.0186      |
|    std                  | 0.217       |
|    value_loss           | 0.0634      |
-----------------------------------------
----------------------------------------
| energy/                 |            |
|    E_damp_J             | 0.0252     |
|    E_fric_J             | 0.0105     |
|    E_norm_J             | 0.00152    |
|    W_neg_J              | 0.0238     |
|    W_pos_J              | 0.0509     |
| reward/                 |            |
|    r_energy             | -0.056     |
|    r_pose               | -0.00223   |
|    r_vel                | 0.679      |
|    r_xvel               | -0.0275    |
| rollout/                |            |
|    ep_len_mean          | 82         |
|    ep_rew_mean          | 33.9       |
| time/                   |            |
|    fps                  | 45         |
|    iterations           | 294        |
|    time_elapsed         | 26596      |
|    total_timesteps      | 1204224    |
| train/                  |            |
|    approx_kl            | 0.09494309 |
|    clip_fraction        | 0.537      |
|    clip_range           | 0.2        |
|    entropy_loss         | 2.6        |
|    explained_variance   | 0.888      |
|    learning_rate        | 0.0003     |
|    loss                 | 0.0893     |
|    n_updates            | 2930       |
|    policy_gradient_loss | 0.0189     |
|    std                  | 0.217      |
|    value_loss           | 0.0964     |
----------------------------------------
-----------------------------------------
| energy/                 |             |
|    E_damp_J             | 0.0253      |
|    E_fric_J             | 0.0108      |
|    E_norm_J             | 0.00151     |
|    W_neg_J              | 0.0239      |
|    W_pos_J              | 0.0509      |
| reward/                 |             |
|    r_energy             | -0.0561     |
|    r_pose               | -0.00215    |
|    r_vel                | 0.686       |
|    r_xvel               | -0.0259     |
| rollout/                |             |
|    ep_len_mean          | 82          |
|    ep_rew_mean          | 34          |
| time/                   |             |
|    fps                  | 45          |
|    iterations           | 295         |
|    time_elapsed         | 26685       |
|    total_timesteps      | 1208320     |
| train/                  |             |
|    approx_kl            | 0.066092655 |
|    clip_fraction        | 0.533       |
|    clip_range           | 0.2         |
|    entropy_loss         | 2.61        |
|    explained_variance   | 0.923       |
|    learning_rate        | 0.0003      |
|    loss                 | 0.0721      |
|    n_updates            | 2940        |
|    policy_gradient_loss | 0.00268     |
|    std                  | 0.217       |
|    value_loss           | 0.0658      |
-----------------------------------------
----------------------------------------
| energy/                 |            |
|    E_damp_J             | 0.0238     |
|    E_fric_J             | 0.0108     |
|    E_norm_J             | 0.00153    |
|    W_neg_J              | 0.0238     |
|    W_pos_J              | 0.0489     |
| reward/                 |            |
|    r_energy             | -0.0544    |
|    r_pose               | -0.00216   |
|    r_vel                | 0.688      |
|    r_xvel               | -0.0192    |
| rollout/                |            |
|    ep_len_mean          | 82         |
|    ep_rew_mean          | 34         |
| time/                   |            |
|    fps                  | 45         |
|    iterations           | 296        |
|    time_elapsed         | 26775      |
|    total_timesteps      | 1212416    |
| train/                  |            |
|    approx_kl            | 0.06951484 |
|    clip_fraction        | 0.531      |
|    clip_range           | 0.2        |
|    entropy_loss         | 2.67       |
|    explained_variance   | 0.916      |
|    learning_rate        | 0.0003     |
|    loss                 | 0.0894     |
|    n_updates            | 2950       |
|    policy_gradient_loss | 0.0127     |
|    std                  | 0.216      |
|    value_loss           | 0.0641     |
----------------------------------------
----------------------------------------
| energy/                 |            |
|    E_damp_J             | 0.0253     |
|    E_fric_J             | 0.0109     |
|    E_norm_J             | 0.00153    |
|    W_neg_J              | 0.0232     |
|    W_pos_J              | 0.0524     |
| reward/                 |            |
|    r_energy             | -0.0566    |
|    r_pose               | -0.0022    |
|    r_vel                | 0.677      |
|    r_xvel               | -0.0237    |
| rollout/                |            |
|    ep_len_mean          | 82         |
|    ep_rew_mean          | 34.1       |
| time/                   |            |
|    fps                  | 45         |
|    iterations           | 297        |
|    time_elapsed         | 26865      |
|    total_timesteps      | 1216512    |
| train/                  |            |
|    approx_kl            | 0.07041766 |
|    clip_fraction        | 0.525      |
|    clip_range           | 0.2        |
|    entropy_loss         | 2.71       |
|    explained_variance   | 0.927      |
|    learning_rate        | 0.0003     |
|    loss                 | 0.0554     |
|    n_updates            | 2960       |
|    policy_gradient_loss | 0.0116     |
|    std                  | 0.216      |
|    value_loss           | 0.0651     |
----------------------------------------
----------------------------------------
| energy/                 |            |
|    E_damp_J             | 0.0241     |
|    E_fric_J             | 0.0108     |
|    E_norm_J             | 0.00159    |
|    W_neg_J              | 0.0229     |
|    W_pos_J              | 0.0515     |
| reward/                 |            |
|    r_energy             | -0.0554    |
|    r_pose               | -0.00229   |
|    r_vel                | 0.671      |
|    r_xvel               | -0.0249    |
| rollout/                |            |
|    ep_len_mean          | 82         |
|    ep_rew_mean          | 34.2       |
| time/                   |            |
|    fps                  | 45         |
|    iterations           | 298        |
|    time_elapsed         | 26955      |
|    total_timesteps      | 1220608    |
| train/                  |            |
|    approx_kl            | 0.07319333 |
|    clip_fraction        | 0.537      |
|    clip_range           | 0.2        |
|    entropy_loss         | 2.74       |
|    explained_variance   | 0.931      |
|    learning_rate        | 0.0003     |
|    loss                 | 0.0622     |
|    n_updates            | 2970       |
|    policy_gradient_loss | 0.0157     |
|    std                  | 0.215      |
|    value_loss           | 0.0542     |
----------------------------------------
----------------------------------------
| energy/                 |            |
|    E_damp_J             | 0.0246     |
|    E_fric_J             | 0.0109     |
|    E_norm_J             | 0.00154    |
|    W_neg_J              | 0.0237     |
|    W_pos_J              | 0.0513     |
| reward/                 |            |
|    r_energy             | -0.056     |
|    r_pose               | -0.00222   |
|    r_vel                | 0.685      |
|    r_xvel               | -0.0328    |
| rollout/                |            |
|    ep_len_mean          | 82         |
|    ep_rew_mean          | 34         |
| time/                   |            |
|    fps                  | 45         |
|    iterations           | 299        |
|    time_elapsed         | 27044      |
|    total_timesteps      | 1224704    |
| train/                  |            |
|    approx_kl            | 0.07626588 |
|    clip_fraction        | 0.51       |
|    clip_range           | 0.2        |
|    entropy_loss         | 2.79       |
|    explained_variance   | 0.943      |
|    learning_rate        | 0.0003     |
|    loss                 | 0.101      |
|    n_updates            | 2980       |
|    policy_gradient_loss | 0.0118     |
|    std                  | 0.215      |
|    value_loss           | 0.0525     |
----------------------------------------
-----------------------------------------
| energy/                 |             |
|    E_damp_J             | 0.0254      |
|    E_fric_J             | 0.011       |
|    E_norm_J             | 0.00229     |
|    W_neg_J              | 0.0265      |
|    W_pos_J              | 0.0524      |
| reward/                 |             |
|    r_energy             | -0.0588     |
|    r_pose               | -0.00234    |
|    r_vel                | 0.628       |
|    r_xvel               | -0.0408     |
| rollout/                |             |
|    ep_len_mean          | 82          |
|    ep_rew_mean          | 33.8        |
| time/                   |             |
|    fps                  | 45          |
|    iterations           | 300         |
|    time_elapsed         | 27133       |
|    total_timesteps      | 1228800     |
| train/                  |             |
|    approx_kl            | 0.066601045 |
|    clip_fraction        | 0.536       |
|    clip_range           | 0.2         |
|    entropy_loss         | 2.82        |
|    explained_variance   | 0.91        |
|    learning_rate        | 0.0003      |
|    loss                 | 0.0496      |
|    n_updates            | 2990        |
|    policy_gradient_loss | 0.0139      |
|    std                  | 0.215       |
|    value_loss           | 0.0794      |
-----------------------------------------
----------------------------------------
| energy/                 |            |
|    E_damp_J             | 0.0249     |
|    E_fric_J             | 0.0108     |
|    E_norm_J             | 0.00154    |
|    W_neg_J              | 0.0257     |
|    W_pos_J              | 0.048      |
| reward/                 |            |
|    r_energy             | -0.0555    |
|    r_pose               | -0.00216   |
|    r_vel                | 0.683      |
|    r_xvel               | -0.0317    |
| rollout/                |            |
|    ep_len_mean          | 82         |
|    ep_rew_mean          | 33.8       |
| time/                   |            |
|    fps                  | 45         |
|    iterations           | 301        |
|    time_elapsed         | 27223      |
|    total_timesteps      | 1232896    |
| train/                  |            |
|    approx_kl            | 0.06705104 |
|    clip_fraction        | 0.533      |
|    clip_range           | 0.2        |
|    entropy_loss         | 2.81       |
|    explained_variance   | 0.923      |
|    learning_rate        | 0.0003     |
|    loss                 | 0.0636     |
|    n_updates            | 3000       |
|    policy_gradient_loss | 0.0127     |
|    std                  | 0.215      |
|    value_loss           | 0.0757     |
----------------------------------------
----------------------------------------
| energy/                 |            |
|    E_damp_J             | 0.0314     |
|    E_fric_J             | 0.0117     |
|    E_norm_J             | 0.0187     |
|    W_neg_J              | 0.0314     |
|    W_pos_J              | 0.0712     |
| reward/                 |            |
|    r_energy             | -0.0821    |
|    r_pose               | -0.00227   |
|    r_vel                | 0.613      |
|    r_xvel               | -0.0644    |
| rollout/                |            |
|    ep_len_mean          | 82         |
|    ep_rew_mean          | 34         |
| time/                   |            |
|    fps                  | 45         |
|    iterations           | 302        |
|    time_elapsed         | 27315      |
|    total_timesteps      | 1236992    |
| train/                  |            |
|    approx_kl            | 0.08749221 |
|    clip_fraction        | 0.549      |
|    clip_range           | 0.2        |
|    entropy_loss         | 2.82       |
|    explained_variance   | 0.891      |
|    learning_rate        | 0.0003     |
|    loss                 | 0.097      |
|    n_updates            | 3010       |
|    policy_gradient_loss | 0.0158     |
|    std                  | 0.215      |
|    value_loss           | 0.105      |
----------------------------------------
----------------------------------------
| energy/                 |            |
|    E_damp_J             | 0.0253     |
|    E_fric_J             | 0.0107     |
|    E_norm_J             | 0.00156    |
|    W_neg_J              | 0.0255     |
|    W_pos_J              | 0.0469     |
| reward/                 |            |
|    r_energy             | -0.055     |
|    r_pose               | -0.00218   |
|    r_vel                | 0.68       |
|    r_xvel               | -0.0232    |
| rollout/                |            |
|    ep_len_mean          | 82         |
|    ep_rew_mean          | 34         |
| time/                   |            |
|    fps                  | 45         |
|    iterations           | 303        |
|    time_elapsed         | 27406      |
|    total_timesteps      | 1241088    |
| train/                  |            |
|    approx_kl            | 0.08575837 |
|    clip_fraction        | 0.544      |
|    clip_range           | 0.2        |
|    entropy_loss         | 2.83       |
|    explained_variance   | 0.926      |
|    learning_rate        | 0.0003     |
|    loss                 | 0.0443     |
|    n_updates            | 3020       |
|    policy_gradient_loss | 0.00853    |
|    std                  | 0.216      |
|    value_loss           | 0.0613     |
----------------------------------------
----------------------------------------
| energy/                 |            |
|    E_damp_J             | 0.0491     |
|    E_fric_J             | 0.0116     |
|    E_norm_J             | 0.0186     |
|    W_neg_J              | 0.0584     |
|    W_pos_J              | 0.0923     |
| reward/                 |            |
|    r_energy             | -0.115     |
|    r_pose               | -0.00239   |
|    r_vel                | 0.561      |
|    r_xvel               | -0.1       |
| rollout/                |            |
|    ep_len_mean          | 82         |
|    ep_rew_mean          | 34.2       |
| time/                   |            |
|    fps                  | 45         |
|    iterations           | 304        |
|    time_elapsed         | 27496      |
|    total_timesteps      | 1245184    |
| train/                  |            |
|    approx_kl            | 0.07573423 |
|    clip_fraction        | 0.546      |
|    clip_range           | 0.2        |
|    entropy_loss         | 2.84       |
|    explained_variance   | 0.925      |
|    learning_rate        | 0.0003     |
|    loss                 | 0.085      |
|    n_updates            | 3030       |
|    policy_gradient_loss | 0.0202     |
|    std                  | 0.215      |
|    value_loss           | 0.0719     |
----------------------------------------
----------------------------------------
| energy/                 |            |
|    E_damp_J             | 0.0243     |
|    E_fric_J             | 0.0107     |
|    E_norm_J             | 0.00158    |
|    W_neg_J              | 0.0243     |
|    W_pos_J              | 0.0514     |
| reward/                 |            |
|    r_energy             | -0.0561    |
|    r_pose               | -0.00219   |
|    r_vel                | 0.683      |
|    r_xvel               | -0.0201    |
| rollout/                |            |
|    ep_len_mean          | 82         |
|    ep_rew_mean          | 34.3       |
| time/                   |            |
|    fps                  | 45         |
|    iterations           | 305        |
|    time_elapsed         | 27585      |
|    total_timesteps      | 1249280    |
| train/                  |            |
|    approx_kl            | 0.06622301 |
|    clip_fraction        | 0.535      |
|    clip_range           | 0.2        |
|    entropy_loss         | 2.87       |
|    explained_variance   | 0.91       |
|    learning_rate        | 0.0003     |
|    loss                 | 0.0611     |
|    n_updates            | 3040       |
|    policy_gradient_loss | 0.0118     |
|    std                  | 0.215      |
|    value_loss           | 0.0828     |
----------------------------------------
-----------------------------------------
| energy/                 |             |
|    E_damp_J             | 0.0492      |
|    E_fric_J             | 0.0113      |
|    E_norm_J             | 0.019       |
|    W_neg_J              | 0.054       |
|    W_pos_J              | 0.101       |
| reward/                 |             |
|    r_energy             | -0.117      |
|    r_pose               | -0.00223    |
|    r_vel                | 0.598       |
|    r_xvel               | -0.0609     |
| rollout/                |             |
|    ep_len_mean          | 82          |
|    ep_rew_mean          | 34          |
| time/                   |             |
|    fps                  | 45          |
|    iterations           | 306         |
|    time_elapsed         | 27673       |
|    total_timesteps      | 1253376     |
| train/                  |             |
|    approx_kl            | 0.057555124 |
|    clip_fraction        | 0.533       |
|    clip_range           | 0.2         |
|    entropy_loss         | 2.87        |
|    explained_variance   | 0.916       |
|    learning_rate        | 0.0003      |
|    loss                 | 0.09        |
|    n_updates            | 3050        |
|    policy_gradient_loss | 0.0131      |
|    std                  | 0.215       |
|    value_loss           | 0.0738      |
-----------------------------------------
-----------------------------------------
| energy/                 |             |
|    E_damp_J             | 0.0247      |
|    E_fric_J             | 0.0104      |
|    E_norm_J             | 0.00155     |
|    W_neg_J              | 0.024       |
|    W_pos_J              | 0.049       |
| reward/                 |             |
|    r_energy             | -0.0549     |
|    r_pose               | -0.0022     |
|    r_vel                | 0.681       |
|    r_xvel               | -0.0289     |
| rollout/                |             |
|    ep_len_mean          | 82          |
|    ep_rew_mean          | 34          |
| time/                   |             |
|    fps                  | 45          |
|    iterations           | 307         |
|    time_elapsed         | 27763       |
|    total_timesteps      | 1257472     |
| train/                  |             |
|    approx_kl            | 0.075212084 |
|    clip_fraction        | 0.547       |
|    clip_range           | 0.2         |
|    entropy_loss         | 2.89        |
|    explained_variance   | 0.921       |
|    learning_rate        | 0.0003      |
|    loss                 | 0.0478      |
|    n_updates            | 3060        |
|    policy_gradient_loss | 0.0131      |
|    std                  | 0.215       |
|    value_loss           | 0.0754      |
-----------------------------------------
----------------------------------------
| energy/                 |            |
|    E_damp_J             | 0.0446     |
|    E_fric_J             | 0.0111     |
|    E_norm_J             | 0.0194     |
|    W_neg_J              | 0.0536     |
|    W_pos_J              | 0.0877     |
| reward/                 |            |
|    r_energy             | -0.108     |
|    r_pose               | -0.0023    |
|    r_vel                | 0.566      |
|    r_xvel               | -0.0501    |
| rollout/                |            |
|    ep_len_mean          | 82         |
|    ep_rew_mean          | 34.2       |
| time/                   |            |
|    fps                  | 45         |
|    iterations           | 308        |
|    time_elapsed         | 27851      |
|    total_timesteps      | 1261568    |
| train/                  |            |
|    approx_kl            | 0.07510327 |
|    clip_fraction        | 0.507      |
|    clip_range           | 0.2        |
|    entropy_loss         | 2.95       |
|    explained_variance   | 0.919      |
|    learning_rate        | 0.0003     |
|    loss                 | 0.0401     |
|    n_updates            | 3070       |
|    policy_gradient_loss | 0.0118     |
|    std                  | 0.213      |
|    value_loss           | 0.0765     |
----------------------------------------
----------------------------------------
| energy/                 |            |
|    E_damp_J             | 0.0249     |
|    E_fric_J             | 0.0105     |
|    E_norm_J             | 0.00147    |
|    W_neg_J              | 0.0237     |
|    W_pos_J              | 0.0506     |
| reward/                 |            |
|    r_energy             | -0.0556    |
|    r_pose               | -0.00213   |
|    r_vel                | 0.687      |
|    r_xvel               | -0.0224    |
| rollout/                |            |
|    ep_len_mean          | 82         |
|    ep_rew_mean          | 34.4       |
| time/                   |            |
|    fps                  | 45         |
|    iterations           | 309        |
|    time_elapsed         | 27942      |
|    total_timesteps      | 1265664    |
| train/                  |            |
|    approx_kl            | 0.06641348 |
|    clip_fraction        | 0.522      |
|    clip_range           | 0.2        |
|    entropy_loss         | 2.98       |
|    explained_variance   | 0.945      |
|    learning_rate        | 0.0003     |
|    loss                 | 0.0476     |
|    n_updates            | 3080       |
|    policy_gradient_loss | 0.0114     |
|    std                  | 0.214      |
|    value_loss           | 0.0516     |
----------------------------------------
----------------------------------------
| energy/                 |            |
|    E_damp_J             | 0.0404     |
|    E_fric_J             | 0.0113     |
|    E_norm_J             | 0.0183     |
|    W_neg_J              | 0.047      |
|    W_pos_J              | 0.0793     |
| reward/                 |            |
|    r_energy             | -0.0981    |
|    r_pose               | -0.00223   |
|    r_vel                | 0.596      |
|    r_xvel               | -0.041     |
| rollout/                |            |
|    ep_len_mean          | 82         |
|    ep_rew_mean          | 34.5       |
| time/                   |            |
|    fps                  | 45         |
|    iterations           | 310        |
|    time_elapsed         | 28033      |
|    total_timesteps      | 1269760    |
| train/                  |            |
|    approx_kl            | 0.08738202 |
|    clip_fraction        | 0.536      |
|    clip_range           | 0.2        |
|    entropy_loss         | 3          |
|    explained_variance   | 0.942      |
|    learning_rate        | 0.0003     |
|    loss                 | 0.0405     |
|    n_updates            | 3090       |
|    policy_gradient_loss | 0.0163     |
|    std                  | 0.213      |
|    value_loss           | 0.0512     |
----------------------------------------
----------------------------------------
| energy/                 |            |
|    E_damp_J             | 0.0241     |
|    E_fric_J             | 0.0106     |
|    E_norm_J             | 0.00149    |
|    W_neg_J              | 0.0251     |
|    W_pos_J              | 0.0465     |
| reward/                 |            |
|    r_energy             | -0.0539    |
|    r_pose               | -0.00222   |
|    r_vel                | 0.685      |
|    r_xvel               | -0.0262    |
| rollout/                |            |
|    ep_len_mean          | 82         |
|    ep_rew_mean          | 34.7       |
| time/                   |            |
|    fps                  | 45         |
|    iterations           | 311        |
|    time_elapsed         | 28124      |
|    total_timesteps      | 1273856    |
| train/                  |            |
|    approx_kl            | 0.08798752 |
|    clip_fraction        | 0.533      |
|    clip_range           | 0.2        |
|    entropy_loss         | 3.02       |
|    explained_variance   | 0.933      |
|    learning_rate        | 0.0003     |
|    loss                 | 0.0535     |
|    n_updates            | 3100       |
|    policy_gradient_loss | 0.0121     |
|    std                  | 0.213      |
|    value_loss           | 0.0609     |
----------------------------------------
----------------------------------------
| energy/                 |            |
|    E_damp_J             | 0.0442     |
|    E_fric_J             | 0.0107     |
|    E_norm_J             | 0.02       |
|    W_neg_J              | 0.0566     |
|    W_pos_J              | 0.0841     |
| reward/                 |            |
|    r_energy             | -0.108     |
|    r_pose               | -0.002     |
|    r_vel                | 0.568      |
|    r_xvel               | -0.0497    |
| rollout/                |            |
|    ep_len_mean          | 82         |
|    ep_rew_mean          | 34.7       |
| time/                   |            |
|    fps                  | 45         |
|    iterations           | 312        |
|    time_elapsed         | 28213      |
|    total_timesteps      | 1277952    |
| train/                  |            |
|    approx_kl            | 0.10166609 |
|    clip_fraction        | 0.54       |
|    clip_range           | 0.2        |
|    entropy_loss         | 3.06       |
|    explained_variance   | 0.934      |
|    learning_rate        | 0.0003     |
|    loss                 | 0.106      |
|    n_updates            | 3110       |
|    policy_gradient_loss | 0.0132     |
|    std                  | 0.213      |
|    value_loss           | 0.0592     |
----------------------------------------
-----------------------------------------
| energy/                 |             |
|    E_damp_J             | 0.0247      |
|    E_fric_J             | 0.0104      |
|    E_norm_J             | 0.0015      |
|    W_neg_J              | 0.0239      |
|    W_pos_J              | 0.0494      |
| reward/                 |             |
|    r_energy             | -0.055      |
|    r_pose               | -0.00219    |
|    r_vel                | 0.686       |
|    r_xvel               | -0.0307     |
| rollout/                |             |
|    ep_len_mean          | 82          |
|    ep_rew_mean          | 34.5        |
| time/                   |             |
|    fps                  | 45          |
|    iterations           | 313         |
|    time_elapsed         | 28304       |
|    total_timesteps      | 1282048     |
| train/                  |             |
|    approx_kl            | 0.088071585 |
|    clip_fraction        | 0.534       |
|    clip_range           | 0.2         |
|    entropy_loss         | 3.07        |
|    explained_variance   | 0.928       |
|    learning_rate        | 0.0003      |
|    loss                 | 0.0907      |
|    n_updates            | 3120        |
|    policy_gradient_loss | 0.0135      |
|    std                  | 0.213       |
|    value_loss           | 0.0697      |
-----------------------------------------
-----------------------------------------
| energy/                 |             |
|    E_damp_J             | 0.0467      |
|    E_fric_J             | 0.0121      |
|    E_norm_J             | 0.019       |
|    W_neg_J              | 0.0553      |
|    W_pos_J              | 0.0861      |
| reward/                 |             |
|    r_energy             | -0.11       |
|    r_pose               | -0.00227    |
|    r_vel                | 0.63        |
|    r_xvel               | -0.0553     |
| rollout/                |             |
|    ep_len_mean          | 82          |
|    ep_rew_mean          | 34.5        |
| time/                   |             |
|    fps                  | 45          |
|    iterations           | 314         |
|    time_elapsed         | 28392       |
|    total_timesteps      | 1286144     |
| train/                  |             |
|    approx_kl            | 0.074151605 |
|    clip_fraction        | 0.554       |
|    clip_range           | 0.2         |
|    entropy_loss         | 3.07        |
|    explained_variance   | 0.922       |
|    learning_rate        | 0.0003      |
|    loss                 | 0.105       |
|    n_updates            | 3130        |
|    policy_gradient_loss | 0.0118      |
|    std                  | 0.213       |
|    value_loss           | 0.0718      |
-----------------------------------------
----------------------------------------
| energy/                 |            |
|    E_damp_J             | 0.0253     |
|    E_fric_J             | 0.0106     |
|    E_norm_J             | 0.00143    |
|    W_neg_J              | 0.0255     |
|    W_pos_J              | 0.0498     |
| reward/                 |            |
|    r_energy             | -0.0563    |
|    r_pose               | -0.00216   |
|    r_vel                | 0.693      |
|    r_xvel               | -0.023     |
| rollout/                |            |
|    ep_len_mean          | 82         |
|    ep_rew_mean          | 34.6       |
| time/                   |            |
|    fps                  | 45         |
|    iterations           | 315        |
|    time_elapsed         | 28481      |
|    total_timesteps      | 1290240    |
| train/                  |            |
|    approx_kl            | 0.06891151 |
|    clip_fraction        | 0.526      |
|    clip_range           | 0.2        |
|    entropy_loss         | 3.09       |
|    explained_variance   | 0.948      |
|    learning_rate        | 0.0003     |
|    loss                 | 0.0663     |
|    n_updates            | 3140       |
|    policy_gradient_loss | 0.0148     |
|    std                  | 0.213      |
|    value_loss           | 0.0474     |
----------------------------------------
-----------------------------------------
| energy/                 |             |
|    E_damp_J             | 0.0493      |
|    E_fric_J             | 0.0109      |
|    E_norm_J             | 0.0195      |
|    W_neg_J              | 0.0624      |
|    W_pos_J              | 0.0943      |
| reward/                 |             |
|    r_energy             | -0.118      |
|    r_pose               | -0.0023     |
|    r_vel                | 0.568       |
|    r_xvel               | -0.0434     |
| rollout/                |             |
|    ep_len_mean          | 82          |
|    ep_rew_mean          | 34.7        |
| time/                   |             |
|    fps                  | 45          |
|    iterations           | 316         |
|    time_elapsed         | 28570       |
|    total_timesteps      | 1294336     |
| train/                  |             |
|    approx_kl            | 0.080886975 |
|    clip_fraction        | 0.534       |
|    clip_range           | 0.2         |
|    entropy_loss         | 3.13        |
|    explained_variance   | 0.947       |
|    learning_rate        | 0.0003      |
|    loss                 | 0.0388      |
|    n_updates            | 3150        |
|    policy_gradient_loss | 0.0101      |
|    std                  | 0.212       |
|    value_loss           | 0.0433      |
-----------------------------------------
----------------------------------------
| energy/                 |            |
|    E_damp_J             | 0.0252     |
|    E_fric_J             | 0.0106     |
|    E_norm_J             | 0.0015     |
|    W_neg_J              | 0.0238     |
|    W_pos_J              | 0.0519     |
| reward/                 |            |
|    r_energy             | -0.0566    |
|    r_pose               | -0.00211   |
|    r_vel                | 0.688      |
|    r_xvel               | -0.02      |
| rollout/                |            |
|    ep_len_mean          | 82         |
|    ep_rew_mean          | 34.7       |
| time/                   |            |
|    fps                  | 45         |
|    iterations           | 317        |
|    time_elapsed         | 28659      |
|    total_timesteps      | 1298432    |
| train/                  |            |
|    approx_kl            | 0.09209305 |
|    clip_fraction        | 0.559      |
|    clip_range           | 0.2        |
|    entropy_loss         | 3.15       |
|    explained_variance   | 0.919      |
|    learning_rate        | 0.0003     |
|    loss                 | 0.0651     |
|    n_updates            | 3160       |
|    policy_gradient_loss | 0.00889    |
|    std                  | 0.212      |
|    value_loss           | 0.0779     |
----------------------------------------
----------------------------------------
| energy/                 |            |
|    E_damp_J             | 0.0423     |
|    E_fric_J             | 0.0114     |
|    E_norm_J             | 0.0188     |
|    W_neg_J              | 0.0502     |
|    W_pos_J              | 0.0804     |
| reward/                 |            |
|    r_energy             | -0.102     |
|    r_pose               | -0.00218   |
|    r_vel                | 0.575      |
|    r_xvel               | -0.0643    |
| rollout/                |            |
|    ep_len_mean          | 82         |
|    ep_rew_mean          | 34.8       |
| time/                   |            |
|    fps                  | 45         |
|    iterations           | 318        |
|    time_elapsed         | 28748      |
|    total_timesteps      | 1302528    |
| train/                  |            |
|    approx_kl            | 0.08067931 |
|    clip_fraction        | 0.546      |
|    clip_range           | 0.2        |
|    entropy_loss         | 3.19       |
|    explained_variance   | 0.944      |
|    learning_rate        | 0.0003     |
|    loss                 | 0.0374     |
|    n_updates            | 3170       |
|    policy_gradient_loss | 0.0104     |
|    std                  | 0.211      |
|    value_loss           | 0.0474     |
----------------------------------------
----------------------------------------
| energy/                 |            |
|    E_damp_J             | 0.0249     |
|    E_fric_J             | 0.0102     |
|    E_norm_J             | 0.00147    |
|    W_neg_J              | 0.0244     |
|    W_pos_J              | 0.0496     |
| reward/                 |            |
|    r_energy             | -0.0553    |
|    r_pose               | -0.00213   |
|    r_vel                | 0.686      |
|    r_xvel               | -0.0159    |
| rollout/                |            |
|    ep_len_mean          | 82         |
|    ep_rew_mean          | 34.9       |
| time/                   |            |
|    fps                  | 45         |
|    iterations           | 319        |
|    time_elapsed         | 28839      |
|    total_timesteps      | 1306624    |
| train/                  |            |
|    approx_kl            | 0.10532129 |
|    clip_fraction        | 0.571      |
|    clip_range           | 0.2        |
|    entropy_loss         | 3.24       |
|    explained_variance   | 0.852      |
|    learning_rate        | 0.0003     |
|    loss                 | 0.113      |
|    n_updates            | 3180       |
|    policy_gradient_loss | 0.0168     |
|    std                  | 0.21       |
|    value_loss           | 0.149      |
----------------------------------------
----------------------------------------
| energy/                 |            |
|    E_damp_J             | 0.0475     |
|    E_fric_J             | 0.0111     |
|    E_norm_J             | 0.019      |
|    W_neg_J              | 0.0588     |
|    W_pos_J              | 0.0823     |
| reward/                 |            |
|    r_energy             | -0.109     |
|    r_pose               | -0.0022    |
|    r_vel                | 0.598      |
|    r_xvel               | -0.0431    |
| rollout/                |            |
|    ep_len_mean          | 82         |
|    ep_rew_mean          | 34.9       |
| time/                   |            |
|    fps                  | 45         |
|    iterations           | 320        |
|    time_elapsed         | 28930      |
|    total_timesteps      | 1310720    |
| train/                  |            |
|    approx_kl            | 0.09044935 |
|    clip_fraction        | 0.549      |
|    clip_range           | 0.2        |
|    entropy_loss         | 3.25       |
|    explained_variance   | 0.948      |
|    learning_rate        | 0.0003     |
|    loss                 | 0.0435     |
|    n_updates            | 3190       |
|    policy_gradient_loss | 0.0175     |
|    std                  | 0.21       |
|    value_loss           | 0.0405     |
----------------------------------------
----------------------------------------
| energy/                 |            |
|    E_damp_J             | 0.0264     |
|    E_fric_J             | 0.0108     |
|    E_norm_J             | 0.00162    |
|    W_neg_J              | 0.0258     |
|    W_pos_J              | 0.0532     |
| reward/                 |            |
|    r_energy             | -0.0589    |
|    r_pose               | -0.00216   |
|    r_vel                | 0.688      |
|    r_xvel               | -0.0179    |
| rollout/                |            |
|    ep_len_mean          | 82         |
|    ep_rew_mean          | 34.8       |
| time/                   |            |
|    fps                  | 45         |
|    iterations           | 321        |
|    time_elapsed         | 29022      |
|    total_timesteps      | 1314816    |
| train/                  |            |
|    approx_kl            | 0.07956502 |
|    clip_fraction        | 0.55       |
|    clip_range           | 0.2        |
|    entropy_loss         | 3.28       |
|    explained_variance   | 0.933      |
|    learning_rate        | 0.0003     |
|    loss                 | 0.0839     |
|    n_updates            | 3200       |
|    policy_gradient_loss | 0.0147     |
|    std                  | 0.209      |
|    value_loss           | 0.063      |
----------------------------------------
----------------------------------------
| energy/                 |            |
|    E_damp_J             | 0.0403     |
|    E_fric_J             | 0.011      |
|    E_norm_J             | 0.0186     |
|    W_neg_J              | 0.0459     |
|    W_pos_J              | 0.0864     |
| reward/                 |            |
|    r_energy             | -0.101     |
|    r_pose               | -0.0021    |
|    r_vel                | 0.596      |
|    r_xvel               | -0.0525    |
| rollout/                |            |
|    ep_len_mean          | 82         |
|    ep_rew_mean          | 34.9       |
| time/                   |            |
|    fps                  | 45         |
|    iterations           | 322        |
|    time_elapsed         | 29113      |
|    total_timesteps      | 1318912    |
| train/                  |            |
|    approx_kl            | 0.09825878 |
|    clip_fraction        | 0.576      |
|    clip_range           | 0.2        |
|    entropy_loss         | 3.32       |
|    explained_variance   | 0.906      |
|    learning_rate        | 0.0003     |
|    loss                 | 0.0522     |
|    n_updates            | 3210       |
|    policy_gradient_loss | 0.0203     |
|    std                  | 0.208      |
|    value_loss           | 0.0839     |
----------------------------------------
----------------------------------------
| energy/                 |            |
|    E_damp_J             | 0.0256     |
|    E_fric_J             | 0.0105     |
|    E_norm_J             | 0.00145    |
|    W_neg_J              | 0.0248     |
|    W_pos_J              | 0.0512     |
| reward/                 |            |
|    r_energy             | -0.0568    |
|    r_pose               | -0.00208   |
|    r_vel                | 0.694      |
|    r_xvel               | -0.0138    |
| rollout/                |            |
|    ep_len_mean          | 82         |
|    ep_rew_mean          | 34.9       |
| time/                   |            |
|    fps                  | 45         |
|    iterations           | 323        |
|    time_elapsed         | 29204      |
|    total_timesteps      | 1323008    |
| train/                  |            |
|    approx_kl            | 0.07407452 |
|    clip_fraction        | 0.553      |
|    clip_range           | 0.2        |
|    entropy_loss         | 3.35       |
|    explained_variance   | 0.935      |
|    learning_rate        | 0.0003     |
|    loss                 | 0.0792     |
|    n_updates            | 3220       |
|    policy_gradient_loss | 0.0191     |
|    std                  | 0.208      |
|    value_loss           | 0.0589     |
----------------------------------------
----------------------------------------
| energy/                 |            |
|    E_damp_J             | 0.0426     |
|    E_fric_J             | 0.011      |
|    E_norm_J             | 0.0184     |
|    W_neg_J              | 0.052      |
|    W_pos_J              | 0.086      |
| reward/                 |            |
|    r_energy             | -0.105     |
|    r_pose               | -0.00197   |
|    r_vel                | 0.612      |
|    r_xvel               | -0.0287    |
| rollout/                |            |
|    ep_len_mean          | 82         |
|    ep_rew_mean          | 34.9       |
| time/                   |            |
|    fps                  | 45         |
|    iterations           | 324        |
|    time_elapsed         | 29296      |
|    total_timesteps      | 1327104    |
| train/                  |            |
|    approx_kl            | 0.07451551 |
|    clip_fraction        | 0.558      |
|    clip_range           | 0.2        |
|    entropy_loss         | 3.37       |
|    explained_variance   | 0.897      |
|    learning_rate        | 0.0003     |
|    loss                 | 0.0475     |
|    n_updates            | 3230       |
|    policy_gradient_loss | 0.0137     |
|    std                  | 0.208      |
|    value_loss           | 0.0935     |
----------------------------------------
----------------------------------------
| energy/                 |            |
|    E_damp_J             | 0.0254     |
|    E_fric_J             | 0.0107     |
|    E_norm_J             | 0.00149    |
|    W_neg_J              | 0.0253     |
|    W_pos_J              | 0.051      |
| reward/                 |            |
|    r_energy             | -0.057     |
|    r_pose               | -0.0021    |
|    r_vel                | 0.694      |
|    r_xvel               | -0.0187    |
| rollout/                |            |
|    ep_len_mean          | 82         |
|    ep_rew_mean          | 35.1       |
| time/                   |            |
|    fps                  | 45         |
|    iterations           | 325        |
|    time_elapsed         | 29386      |
|    total_timesteps      | 1331200    |
| train/                  |            |
|    approx_kl            | 0.07071662 |
|    clip_fraction        | 0.532      |
|    clip_range           | 0.2        |
|    entropy_loss         | 3.38       |
|    explained_variance   | 0.927      |
|    learning_rate        | 0.0003     |
|    loss                 | 0.0412     |
|    n_updates            | 3240       |
|    policy_gradient_loss | 0.00877    |
|    std                  | 0.208      |
|    value_loss           | 0.0597     |
----------------------------------------
-----------------------------------------
| energy/                 |             |
|    E_damp_J             | 0.0427      |
|    E_fric_J             | 0.0105      |
|    E_norm_J             | 0.0179      |
|    W_neg_J              | 0.049       |
|    W_pos_J              | 0.0847      |
| reward/                 |             |
|    r_energy             | -0.102      |
|    r_pose               | -0.00196    |
|    r_vel                | 0.639       |
|    r_xvel               | -0.0344     |
| rollout/                |             |
|    ep_len_mean          | 82          |
|    ep_rew_mean          | 34.8        |
| time/                   |             |
|    fps                  | 45          |
|    iterations           | 326         |
|    time_elapsed         | 29477       |
|    total_timesteps      | 1335296     |
| train/                  |             |
|    approx_kl            | 0.080237105 |
|    clip_fraction        | 0.555       |
|    clip_range           | 0.2         |
|    entropy_loss         | 3.37        |
|    explained_variance   | 0.937       |
|    learning_rate        | 0.0003      |
|    loss                 | 0.0372      |
|    n_updates            | 3250        |
|    policy_gradient_loss | 0.0165      |
|    std                  | 0.209       |
|    value_loss           | 0.0552      |
-----------------------------------------
----------------------------------------
| energy/                 |            |
|    E_damp_J             | 0.0257     |
|    E_fric_J             | 0.0111     |
|    E_norm_J             | 0.00147    |
|    W_neg_J              | 0.0247     |
|    W_pos_J              | 0.0535     |
| reward/                 |            |
|    r_energy             | -0.0583    |
|    r_pose               | -0.00214   |
|    r_vel                | 0.699      |
|    r_xvel               | -0.0243    |
| rollout/                |            |
|    ep_len_mean          | 82         |
|    ep_rew_mean          | 34.7       |
| time/                   |            |
|    fps                  | 45         |
|    iterations           | 327        |
|    time_elapsed         | 29569      |
|    total_timesteps      | 1339392    |
| train/                  |            |
|    approx_kl            | 0.08422881 |
|    clip_fraction        | 0.554      |
|    clip_range           | 0.2        |
|    entropy_loss         | 3.36       |
|    explained_variance   | 0.926      |
|    learning_rate        | 0.0003     |
|    loss                 | 0.0493     |
|    n_updates            | 3260       |
|    policy_gradient_loss | 0.0112     |
|    std                  | 0.209      |
|    value_loss           | 0.0725     |
----------------------------------------
----------------------------------------
| energy/                 |            |
|    E_damp_J             | 0.0259     |
|    E_fric_J             | 0.0107     |
|    E_norm_J             | 0.00147    |
|    W_neg_J              | 0.0264     |
|    W_pos_J              | 0.0492     |
| reward/                 |            |
|    r_energy             | -0.0568    |
|    r_pose               | -0.0021    |
|    r_vel                | 0.693      |
|    r_xvel               | -0.0263    |
| rollout/                |            |
|    ep_len_mean          | 82         |
|    ep_rew_mean          | 35         |
| time/                   |            |
|    fps                  | 45         |
|    iterations           | 328        |
|    time_elapsed         | 29660      |
|    total_timesteps      | 1343488    |
| train/                  |            |
|    approx_kl            | 0.09802776 |
|    clip_fraction        | 0.556      |
|    clip_range           | 0.2        |
|    entropy_loss         | 3.37       |
|    explained_variance   | 0.931      |
|    learning_rate        | 0.0003     |
|    loss                 | 0.0661     |
|    n_updates            | 3270       |
|    policy_gradient_loss | 0.00857    |
|    std                  | 0.208      |
|    value_loss           | 0.0583     |
----------------------------------------
----------------------------------------
| energy/                 |            |
|    E_damp_J             | 0.0259     |
|    E_fric_J             | 0.0108     |
|    E_norm_J             | 0.00139    |
|    W_neg_J              | 0.025      |
|    W_pos_J              | 0.0512     |
| reward/                 |            |
|    r_energy             | -0.0572    |
|    r_pose               | -0.00204   |
|    r_vel                | 0.702      |
|    r_xvel               | -0.021     |
| rollout/                |            |
|    ep_len_mean          | 82         |
|    ep_rew_mean          | 35         |
| time/                   |            |
|    fps                  | 45         |
|    iterations           | 329        |
|    time_elapsed         | 29752      |
|    total_timesteps      | 1347584    |
| train/                  |            |
|    approx_kl            | 0.07521719 |
|    clip_fraction        | 0.548      |
|    clip_range           | 0.2        |
|    entropy_loss         | 3.38       |
|    explained_variance   | 0.95       |
|    learning_rate        | 0.0003     |
|    loss                 | 0.0452     |
|    n_updates            | 3280       |
|    policy_gradient_loss | 0.0175     |
|    std                  | 0.208      |
|    value_loss           | 0.0402     |
----------------------------------------
----------------------------------------
| energy/                 |            |
|    E_damp_J             | 0.0259     |
|    E_fric_J             | 0.0106     |
|    E_norm_J             | 0.00141    |
|    W_neg_J              | 0.0262     |
|    W_pos_J              | 0.0492     |
| reward/                 |            |
|    r_energy             | -0.0566    |
|    r_pose               | -0.00207   |
|    r_vel                | 0.695      |
|    r_xvel               | -0.0302    |
| rollout/                |            |
|    ep_len_mean          | 82         |
|    ep_rew_mean          | 34.9       |
| time/                   |            |
|    fps                  | 45         |
|    iterations           | 330        |
|    time_elapsed         | 29842      |
|    total_timesteps      | 1351680    |
| train/                  |            |
|    approx_kl            | 0.07680405 |
|    clip_fraction        | 0.532      |
|    clip_range           | 0.2        |
|    entropy_loss         | 3.41       |
|    explained_variance   | 0.948      |
|    learning_rate        | 0.0003     |
|    loss                 | 0.0702     |
|    n_updates            | 3290       |
|    policy_gradient_loss | 0.0159     |
|    std                  | 0.208      |
|    value_loss           | 0.0468     |
----------------------------------------
----------------------------------------
| energy/                 |            |
|    E_damp_J             | 0.0259     |
|    E_fric_J             | 0.0106     |
|    E_norm_J             | 0.00142    |
|    W_neg_J              | 0.0259     |
|    W_pos_J              | 0.0505     |
| reward/                 |            |
|    r_energy             | -0.0571    |
|    r_pose               | -0.00211   |
|    r_vel                | 0.691      |
|    r_xvel               | -0.0242    |
| rollout/                |            |
|    ep_len_mean          | 82         |
|    ep_rew_mean          | 34.9       |
| time/                   |            |
|    fps                  | 45         |
|    iterations           | 331        |
|    time_elapsed         | 29932      |
|    total_timesteps      | 1355776    |
| train/                  |            |
|    approx_kl            | 0.10452999 |
|    clip_fraction        | 0.546      |
|    clip_range           | 0.2        |
|    entropy_loss         | 3.44       |
|    explained_variance   | 0.935      |
|    learning_rate        | 0.0003     |
|    loss                 | 0.134      |
|    n_updates            | 3300       |
|    policy_gradient_loss | 0.017      |
|    std                  | 0.208      |
|    value_loss           | 0.0597     |
----------------------------------------
----------------------------------------
| energy/                 |            |
|    E_damp_J             | 0.0256     |
|    E_fric_J             | 0.0108     |
|    E_norm_J             | 0.00138    |
|    W_neg_J              | 0.0252     |
|    W_pos_J              | 0.0528     |
| reward/                 |            |
|    r_energy             | -0.0579    |
|    r_pose               | -0.00213   |
|    r_vel                | 0.701      |
|    r_xvel               | -0.0176    |
| rollout/                |            |
|    ep_len_mean          | 82         |
|    ep_rew_mean          | 35.1       |
| time/                   |            |
|    fps                  | 45         |
|    iterations           | 332        |
|    time_elapsed         | 30023      |
|    total_timesteps      | 1359872    |
| train/                  |            |
|    approx_kl            | 0.07095778 |
|    clip_fraction        | 0.557      |
|    clip_range           | 0.2        |
|    entropy_loss         | 3.45       |
|    explained_variance   | 0.943      |
|    learning_rate        | 0.0003     |
|    loss                 | 0.0629     |
|    n_updates            | 3310       |
|    policy_gradient_loss | 0.0122     |
|    std                  | 0.209      |
|    value_loss           | 0.0511     |
----------------------------------------
----------------------------------------
| energy/                 |            |
|    E_damp_J             | 0.0262     |
|    E_fric_J             | 0.0106     |
|    E_norm_J             | 0.00142    |
|    W_neg_J              | 0.0261     |
|    W_pos_J              | 0.0506     |
| reward/                 |            |
|    r_energy             | -0.0575    |
|    r_pose               | -0.0021    |
|    r_vel                | 0.695      |
|    r_xvel               | -0.0177    |
| rollout/                |            |
|    ep_len_mean          | 82         |
|    ep_rew_mean          | 35.2       |
| time/                   |            |
|    fps                  | 45         |
|    iterations           | 333        |
|    time_elapsed         | 30113      |
|    total_timesteps      | 1363968    |
| train/                  |            |
|    approx_kl            | 0.08164709 |
|    clip_fraction        | 0.53       |
|    clip_range           | 0.2        |
|    entropy_loss         | 3.47       |
|    explained_variance   | 0.944      |
|    learning_rate        | 0.0003     |
|    loss                 | 0.0753     |
|    n_updates            | 3320       |
|    policy_gradient_loss | 0.0158     |
|    std                  | 0.208      |
|    value_loss           | 0.0422     |
----------------------------------------
----------------------------------------
| energy/                 |            |
|    E_damp_J             | 0.0263     |
|    E_fric_J             | 0.0108     |
|    E_norm_J             | 0.00151    |
|    W_neg_J              | 0.026      |
|    W_pos_J              | 0.0529     |
| reward/                 |            |
|    r_energy             | -0.0587    |
|    r_pose               | -0.00215   |
|    r_vel                | 0.695      |
|    r_xvel               | -0.0219    |
| rollout/                |            |
|    ep_len_mean          | 82         |
|    ep_rew_mean          | 35.2       |
| time/                   |            |
|    fps                  | 45         |
|    iterations           | 334        |
|    time_elapsed         | 30204      |
|    total_timesteps      | 1368064    |
| train/                  |            |
|    approx_kl            | 0.06668992 |
|    clip_fraction        | 0.534      |
|    clip_range           | 0.2        |
|    entropy_loss         | 3.5        |
|    explained_variance   | 0.944      |
|    learning_rate        | 0.0003     |
|    loss                 | 0.0691     |
|    n_updates            | 3330       |
|    policy_gradient_loss | 0.0173     |
|    std                  | 0.208      |
|    value_loss           | 0.048      |
----------------------------------------
----------------------------------------
| energy/                 |            |
|    E_damp_J             | 0.0254     |
|    E_fric_J             | 0.0105     |
|    E_norm_J             | 0.00147    |
|    W_neg_J              | 0.0266     |
|    W_pos_J              | 0.049      |
| reward/                 |            |
|    r_energy             | -0.0565    |
|    r_pose               | -0.00211   |
|    r_vel                | 0.693      |
|    r_xvel               | -0.016     |
| rollout/                |            |
|    ep_len_mean          | 82         |
|    ep_rew_mean          | 35.3       |
| time/                   |            |
|    fps                  | 45         |
|    iterations           | 335        |
|    time_elapsed         | 30295      |
|    total_timesteps      | 1372160    |
| train/                  |            |
|    approx_kl            | 0.08458663 |
|    clip_fraction        | 0.54       |
|    clip_range           | 0.2        |
|    entropy_loss         | 3.54       |
|    explained_variance   | 0.946      |
|    learning_rate        | 0.0003     |
|    loss                 | 0.0275     |
|    n_updates            | 3340       |
|    policy_gradient_loss | 0.0181     |
|    std                  | 0.207      |
|    value_loss           | 0.0434     |
----------------------------------------
----------------------------------------
| energy/                 |            |
|    E_damp_J             | 0.026      |
|    E_fric_J             | 0.0104     |
|    E_norm_J             | 0.0014     |
|    W_neg_J              | 0.0266     |
|    W_pos_J              | 0.0504     |
| reward/                 |            |
|    r_energy             | -0.0574    |
|    r_pose               | -0.00211   |
|    r_vel                | 0.695      |
|    r_xvel               | -0.0214    |
| rollout/                |            |
|    ep_len_mean          | 82         |
|    ep_rew_mean          | 35.4       |
| time/                   |            |
|    fps                  | 45         |
|    iterations           | 336        |
|    time_elapsed         | 30386      |
|    total_timesteps      | 1376256    |
| train/                  |            |
|    approx_kl            | 0.07760642 |
|    clip_fraction        | 0.554      |
|    clip_range           | 0.2        |
|    entropy_loss         | 3.58       |
|    explained_variance   | 0.95       |
|    learning_rate        | 0.0003     |
|    loss                 | 0.0496     |
|    n_updates            | 3350       |
|    policy_gradient_loss | 0.018      |
|    std                  | 0.207      |
|    value_loss           | 0.0443     |
----------------------------------------
----------------------------------------
| energy/                 |            |
|    E_damp_J             | 0.0257     |
|    E_fric_J             | 0.0105     |
|    E_norm_J             | 0.00151    |
|    W_neg_J              | 0.0262     |
|    W_pos_J              | 0.0508     |
| reward/                 |            |
|    r_energy             | -0.0574    |
|    r_pose               | -0.00232   |
|    r_vel                | 0.683      |
|    r_xvel               | -0.0238    |
| rollout/                |            |
|    ep_len_mean          | 82         |
|    ep_rew_mean          | 35.4       |
| time/                   |            |
|    fps                  | 45         |
|    iterations           | 337        |
|    time_elapsed         | 30475      |
|    total_timesteps      | 1380352    |
| train/                  |            |
|    approx_kl            | 0.07234177 |
|    clip_fraction        | 0.533      |
|    clip_range           | 0.2        |
|    entropy_loss         | 3.59       |
|    explained_variance   | 0.948      |
|    learning_rate        | 0.0003     |
|    loss                 | 0.0601     |
|    n_updates            | 3360       |
|    policy_gradient_loss | 0.0147     |
|    std                  | 0.207      |
|    value_loss           | 0.0421     |
----------------------------------------
----------------------------------------
| energy/                 |            |
|    E_damp_J             | 0.0259     |
|    E_fric_J             | 0.0104     |
|    E_norm_J             | 0.00137    |
|    W_neg_J              | 0.0262     |
|    W_pos_J              | 0.0506     |
| reward/                 |            |
|    r_energy             | -0.0573    |
|    r_pose               | -0.00203   |
|    r_vel                | 0.699      |
|    r_xvel               | -0.0183    |
| rollout/                |            |
|    ep_len_mean          | 82         |
|    ep_rew_mean          | 35.5       |
| time/                   |            |
|    fps                  | 45         |
|    iterations           | 338        |
|    time_elapsed         | 30564      |
|    total_timesteps      | 1384448    |
| train/                  |            |
|    approx_kl            | 0.08427152 |
|    clip_fraction        | 0.555      |
|    clip_range           | 0.2        |
|    entropy_loss         | 3.62       |
|    explained_variance   | 0.953      |
|    learning_rate        | 0.0003     |
|    loss                 | 0.0747     |
|    n_updates            | 3370       |
|    policy_gradient_loss | 0.0136     |
|    std                  | 0.207      |
|    value_loss           | 0.0414     |
----------------------------------------
----------------------------------------
| energy/                 |            |
|    E_damp_J             | 0.0262     |
|    E_fric_J             | 0.0106     |
|    E_norm_J             | 0.00147    |
|    W_neg_J              | 0.0248     |
|    W_pos_J              | 0.052      |
| reward/                 |            |
|    r_energy             | -0.0575    |
|    r_pose               | -0.00221   |
|    r_vel                | 0.697      |
|    r_xvel               | -0.0277    |
| rollout/                |            |
|    ep_len_mean          | 82         |
|    ep_rew_mean          | 35.4       |
| time/                   |            |
|    fps                  | 45         |
|    iterations           | 339        |
|    time_elapsed         | 30654      |
|    total_timesteps      | 1388544    |
| train/                  |            |
|    approx_kl            | 0.08999807 |
|    clip_fraction        | 0.55       |
|    clip_range           | 0.2        |
|    entropy_loss         | 3.63       |
|    explained_variance   | 0.957      |
|    learning_rate        | 0.0003     |
|    loss                 | 0.16       |
|    n_updates            | 3380       |
|    policy_gradient_loss | 0.0186     |
|    std                  | 0.208      |
|    value_loss           | 0.0351     |
----------------------------------------
----------------------------------------
| energy/                 |            |
|    E_damp_J             | 0.0252     |
|    E_fric_J             | 0.0106     |
|    E_norm_J             | 0.00146    |
|    W_neg_J              | 0.0259     |
|    W_pos_J              | 0.0499     |
| reward/                 |            |
|    r_energy             | -0.0566    |
|    r_pose               | -0.00204   |
|    r_vel                | 0.696      |
|    r_xvel               | -0.0113    |
| rollout/                |            |
|    ep_len_mean          | 82         |
|    ep_rew_mean          | 35.3       |
| time/                   |            |
|    fps                  | 45         |
|    iterations           | 340        |
|    time_elapsed         | 30745      |
|    total_timesteps      | 1392640    |
| train/                  |            |
|    approx_kl            | 0.08118502 |
|    clip_fraction        | 0.548      |
|    clip_range           | 0.2        |
|    entropy_loss         | 3.66       |
|    explained_variance   | 0.957      |
|    learning_rate        | 0.0003     |
|    loss                 | 0.0534     |
|    n_updates            | 3390       |
|    policy_gradient_loss | 0.0155     |
|    std                  | 0.207      |
|    value_loss           | 0.0366     |
----------------------------------------
-----------------------------------------
| energy/                 |             |
|    E_damp_J             | 0.0267      |
|    E_fric_J             | 0.0108      |
|    E_norm_J             | 0.00198     |
|    W_neg_J              | 0.0292      |
|    W_pos_J              | 0.0548      |
| reward/                 |             |
|    r_energy             | -0.0618     |
|    r_pose               | -0.00247    |
|    r_vel                | 0.652       |
|    r_xvel               | -0.0408     |
| rollout/                |             |
|    ep_len_mean          | 82          |
|    ep_rew_mean          | 35.3        |
| time/                   |             |
|    fps                  | 45          |
|    iterations           | 341         |
|    time_elapsed         | 30836       |
|    total_timesteps      | 1396736     |
| train/                  |             |
|    approx_kl            | 0.108419806 |
|    clip_fraction        | 0.548       |
|    clip_range           | 0.2         |
|    entropy_loss         | 3.72        |
|    explained_variance   | 0.939       |
|    learning_rate        | 0.0003      |
|    loss                 | 0.0416      |
|    n_updates            | 3400        |
|    policy_gradient_loss | 0.0134      |
|    std                  | 0.206       |
|    value_loss           | 0.0492      |
-----------------------------------------
----------------------------------------
| energy/                 |            |
|    E_damp_J             | 0.0249     |
|    E_fric_J             | 0.0107     |
|    E_norm_J             | 0.00138    |
|    W_neg_J              | 0.0247     |
|    W_pos_J              | 0.0529     |
| reward/                 |            |
|    r_energy             | -0.0573    |
|    r_pose               | -0.00206   |
|    r_vel                | 0.698      |
|    r_xvel               | -0.0172    |
| rollout/                |            |
|    ep_len_mean          | 82         |
|    ep_rew_mean          | 35.4       |
| time/                   |            |
|    fps                  | 45         |
|    iterations           | 342        |
|    time_elapsed         | 30927      |
|    total_timesteps      | 1400832    |
| train/                  |            |
|    approx_kl            | 0.10911065 |
|    clip_fraction        | 0.552      |
|    clip_range           | 0.2        |
|    entropy_loss         | 3.75       |
|    explained_variance   | 0.951      |
|    learning_rate        | 0.0003     |
|    loss                 | 0.0562     |
|    n_updates            | 3410       |
|    policy_gradient_loss | 0.0178     |
|    std                  | 0.206      |
|    value_loss           | 0.0419     |
----------------------------------------
-----------------------------------------
| energy/                 |             |
|    E_damp_J             | 0.0364      |
|    E_fric_J             | 0.0113      |
|    E_norm_J             | 0.0195      |
|    W_neg_J              | 0.0386      |
|    W_pos_J              | 0.0795      |
| reward/                 |             |
|    r_energy             | -0.0927     |
|    r_pose               | -0.00228    |
|    r_vel                | 0.618       |
|    r_xvel               | -0.0365     |
| rollout/                |             |
|    ep_len_mean          | 82          |
|    ep_rew_mean          | 35.4        |
| time/                   |             |
|    fps                  | 45          |
|    iterations           | 343         |
|    time_elapsed         | 31018       |
|    total_timesteps      | 1404928     |
| train/                  |             |
|    approx_kl            | 0.068635084 |
|    clip_fraction        | 0.55        |
|    clip_range           | 0.2         |
|    entropy_loss         | 3.76        |
|    explained_variance   | 0.942       |
|    learning_rate        | 0.0003      |
|    loss                 | 0.057       |
|    n_updates            | 3420        |
|    policy_gradient_loss | 0.021       |
|    std                  | 0.207       |
|    value_loss           | 0.0511      |
-----------------------------------------
----------------------------------------
| energy/                 |            |
|    E_damp_J             | 0.0252     |
|    E_fric_J             | 0.0107     |
|    E_norm_J             | 0.00141    |
|    W_neg_J              | 0.0254     |
|    W_pos_J              | 0.0528     |
| reward/                 |            |
|    r_energy             | -0.0578    |
|    r_pose               | -0.00211   |
|    r_vel                | 0.697      |
|    r_xvel               | -0.019     |
| rollout/                |            |
|    ep_len_mean          | 82         |
|    ep_rew_mean          | 35.5       |
| time/                   |            |
|    fps                  | 45         |
|    iterations           | 344        |
|    time_elapsed         | 31109      |
|    total_timesteps      | 1409024    |
| train/                  |            |
|    approx_kl            | 0.08962603 |
|    clip_fraction        | 0.569      |
|    clip_range           | 0.2        |
|    entropy_loss         | 3.77       |
|    explained_variance   | 0.956      |
|    learning_rate        | 0.0003     |
|    loss                 | 0.061      |
|    n_updates            | 3430       |
|    policy_gradient_loss | 0.0254     |
|    std                  | 0.207      |
|    value_loss           | 0.0333     |
----------------------------------------
----------------------------------------
| energy/                 |            |
|    E_damp_J             | 0.0505     |
|    E_fric_J             | 0.0115     |
|    E_norm_J             | 0.019      |
|    W_neg_J              | 0.0587     |
|    W_pos_J              | 0.0936     |
| reward/                 |            |
|    r_energy             | -0.117     |
|    r_pose               | -0.00222   |
|    r_vel                | 0.605      |
|    r_xvel               | -0.0429    |
| rollout/                |            |
|    ep_len_mean          | 82         |
|    ep_rew_mean          | 35.3       |
| time/                   |            |
|    fps                  | 45         |
|    iterations           | 345        |
|    time_elapsed         | 31199      |
|    total_timesteps      | 1413120    |
| train/                  |            |
|    approx_kl            | 0.06980392 |
|    clip_fraction        | 0.554      |
|    clip_range           | 0.2        |
|    entropy_loss         | 3.75       |
|    explained_variance   | 0.925      |
|    learning_rate        | 0.0003     |
|    loss                 | 0.0651     |
|    n_updates            | 3440       |
|    policy_gradient_loss | 0.0206     |
|    std                  | 0.208      |
|    value_loss           | 0.0633     |
----------------------------------------
-----------------------------------------
| energy/                 |             |
|    E_damp_J             | 0.0252      |
|    E_fric_J             | 0.0104      |
|    E_norm_J             | 0.00134     |
|    W_neg_J              | 0.0246      |
|    W_pos_J              | 0.0524      |
| reward/                 |             |
|    r_energy             | -0.057      |
|    r_pose               | -0.00215    |
|    r_vel                | 0.694       |
|    r_xvel               | -0.0278     |
| rollout/                |             |
|    ep_len_mean          | 82          |
|    ep_rew_mean          | 35.4        |
| time/                   |             |
|    fps                  | 45          |
|    iterations           | 346         |
|    time_elapsed         | 31289       |
|    total_timesteps      | 1417216     |
| train/                  |             |
|    approx_kl            | 0.090024024 |
|    clip_fraction        | 0.585       |
|    clip_range           | 0.2         |
|    entropy_loss         | 3.74        |
|    explained_variance   | 0.918       |
|    learning_rate        | 0.0003      |
|    loss                 | 0.081       |
|    n_updates            | 3450        |
|    policy_gradient_loss | 0.0181      |
|    std                  | 0.207       |
|    value_loss           | 0.0712      |
-----------------------------------------
----------------------------------------
| energy/                 |            |
|    E_damp_J             | 0.0451     |
|    E_fric_J             | 0.0111     |
|    E_norm_J             | 0.0183     |
|    W_neg_J              | 0.0549     |
|    W_pos_J              | 0.0832     |
| reward/                 |            |
|    r_energy             | -0.106     |
|    r_pose               | -0.00257   |
|    r_vel                | 0.57       |
|    r_xvel               | -0.0355    |
| rollout/                |            |
|    ep_len_mean          | 82         |
|    ep_rew_mean          | 35.5       |
| time/                   |            |
|    fps                  | 45         |
|    iterations           | 347        |
|    time_elapsed         | 31379      |
|    total_timesteps      | 1421312    |
| train/                  |            |
|    approx_kl            | 0.09255953 |
|    clip_fraction        | 0.546      |
|    clip_range           | 0.2        |
|    entropy_loss         | 3.75       |
|    explained_variance   | 0.925      |
|    learning_rate        | 0.0003     |
|    loss                 | 0.0666     |
|    n_updates            | 3460       |
|    policy_gradient_loss | 0.0223     |
|    std                  | 0.207      |
|    value_loss           | 0.0478     |
----------------------------------------
-----------------------------------------
| energy/                 |             |
|    E_damp_J             | 0.0254      |
|    E_fric_J             | 0.0106      |
|    E_norm_J             | 0.00145     |
|    W_neg_J              | 0.0253      |
|    W_pos_J              | 0.0532      |
| reward/                 |             |
|    r_energy             | -0.058      |
|    r_pose               | -0.00214    |
|    r_vel                | 0.695       |
|    r_xvel               | -0.015      |
| rollout/                |             |
|    ep_len_mean          | 82          |
|    ep_rew_mean          | 35.3        |
| time/                   |             |
|    fps                  | 45          |
|    iterations           | 348         |
|    time_elapsed         | 31470       |
|    total_timesteps      | 1425408     |
| train/                  |             |
|    approx_kl            | 0.077649474 |
|    clip_fraction        | 0.562       |
|    clip_range           | 0.2         |
|    entropy_loss         | 3.76        |
|    explained_variance   | 0.933       |
|    learning_rate        | 0.0003      |
|    loss                 | 0.0801      |
|    n_updates            | 3470        |
|    policy_gradient_loss | 0.0107      |
|    std                  | 0.207       |
|    value_loss           | 0.0591      |
-----------------------------------------
-----------------------------------------
| energy/                 |             |
|    E_damp_J             | 0.044       |
|    E_fric_J             | 0.0109      |
|    E_norm_J             | 0.0192      |
|    W_neg_J              | 0.0494      |
|    W_pos_J              | 0.091       |
| reward/                 |             |
|    r_energy             | -0.107      |
|    r_pose               | -0.00218    |
|    r_vel                | 0.594       |
|    r_xvel               | -0.0465     |
| rollout/                |             |
|    ep_len_mean          | 82          |
|    ep_rew_mean          | 35.4        |
| time/                   |             |
|    fps                  | 45          |
|    iterations           | 349         |
|    time_elapsed         | 31560       |
|    total_timesteps      | 1429504     |
| train/                  |             |
|    approx_kl            | 0.077045776 |
|    clip_fraction        | 0.581       |
|    clip_range           | 0.2         |
|    entropy_loss         | 3.75        |
|    explained_variance   | 0.93        |
|    learning_rate        | 0.0003      |
|    loss                 | 0.0284      |
|    n_updates            | 3480        |
|    policy_gradient_loss | 0.017       |
|    std                  | 0.208       |
|    value_loss           | 0.0598      |
-----------------------------------------
-----------------------------------------
| energy/                 |             |
|    E_damp_J             | 0.0256      |
|    E_fric_J             | 0.0105      |
|    E_norm_J             | 0.00149     |
|    W_neg_J              | 0.0244      |
|    W_pos_J              | 0.0531      |
| reward/                 |             |
|    r_energy             | -0.0575     |
|    r_pose               | -0.00209    |
|    r_vel                | 0.693       |
|    r_xvel               | -0.013      |
| rollout/                |             |
|    ep_len_mean          | 82          |
|    ep_rew_mean          | 35.4        |
| time/                   |             |
|    fps                  | 45          |
|    iterations           | 350         |
|    time_elapsed         | 31651       |
|    total_timesteps      | 1433600     |
| train/                  |             |
|    approx_kl            | 0.075293295 |
|    clip_fraction        | 0.553       |
|    clip_range           | 0.2         |
|    entropy_loss         | 3.76        |
|    explained_variance   | 0.954       |
|    learning_rate        | 0.0003      |
|    loss                 | 0.0636      |
|    n_updates            | 3490        |
|    policy_gradient_loss | 0.0167      |
|    std                  | 0.208       |
|    value_loss           | 0.0371      |
-----------------------------------------
-----------------------------------------
| energy/                 |             |
|    E_damp_J             | 0.0463      |
|    E_fric_J             | 0.011       |
|    E_norm_J             | 0.0192      |
|    W_neg_J              | 0.0606      |
|    W_pos_J              | 0.0854      |
| reward/                 |             |
|    r_energy             | -0.111      |
|    r_pose               | -0.00235    |
|    r_vel                | 0.571       |
|    r_xvel               | -0.0874     |
| rollout/                |             |
|    ep_len_mean          | 82          |
|    ep_rew_mean          | 35.3        |
| time/                   |             |
|    fps                  | 45          |
|    iterations           | 351         |
|    time_elapsed         | 31740       |
|    total_timesteps      | 1437696     |
| train/                  |             |
|    approx_kl            | 0.078563794 |
|    clip_fraction        | 0.565       |
|    clip_range           | 0.2         |
|    entropy_loss         | 3.74        |
|    explained_variance   | 0.935       |
|    learning_rate        | 0.0003      |
|    loss                 | 0.0611      |
|    n_updates            | 3500        |
|    policy_gradient_loss | 0.0214      |
|    std                  | 0.209       |
|    value_loss           | 0.0542      |
-----------------------------------------
----------------------------------------
| energy/                 |            |
|    E_damp_J             | 0.0252     |
|    E_fric_J             | 0.0103     |
|    E_norm_J             | 0.00137    |
|    W_neg_J              | 0.025      |
|    W_pos_J              | 0.05       |
| reward/                 |            |
|    r_energy             | -0.0559    |
|    r_pose               | -0.00206   |
|    r_vel                | 0.698      |
|    r_xvel               | -0.0197    |
| rollout/                |            |
|    ep_len_mean          | 82         |
|    ep_rew_mean          | 35.2       |
| time/                   |            |
|    fps                  | 45         |
|    iterations           | 352        |
|    time_elapsed         | 31829      |
|    total_timesteps      | 1441792    |
| train/                  |            |
|    approx_kl            | 0.10481586 |
|    clip_fraction        | 0.572      |
|    clip_range           | 0.2        |
|    entropy_loss         | 3.76       |
|    explained_variance   | 0.938      |
|    learning_rate        | 0.0003     |
|    loss                 | 0.0878     |
|    n_updates            | 3510       |
|    policy_gradient_loss | 0.0206     |
|    std                  | 0.207      |
|    value_loss           | 0.0575     |
----------------------------------------
----------------------------------------
| energy/                 |            |
|    E_damp_J             | 0.0426     |
|    E_fric_J             | 0.0108     |
|    E_norm_J             | 0.019      |
|    W_neg_J              | 0.0489     |
|    W_pos_J              | 0.0891     |
| reward/                 |            |
|    r_energy             | -0.105     |
|    r_pose               | -0.0023    |
|    r_vel                | 0.561      |
|    r_xvel               | -0.0642    |
| rollout/                |            |
|    ep_len_mean          | 82         |
|    ep_rew_mean          | 35.1       |
| time/                   |            |
|    fps                  | 45         |
|    iterations           | 353        |
|    time_elapsed         | 31919      |
|    total_timesteps      | 1445888    |
| train/                  |            |
|    approx_kl            | 0.09213119 |
|    clip_fraction        | 0.552      |
|    clip_range           | 0.2        |
|    entropy_loss         | 3.8        |
|    explained_variance   | 0.934      |
|    learning_rate        | 0.0003     |
|    loss                 | 0.0538     |
|    n_updates            | 3520       |
|    policy_gradient_loss | 0.0186     |
|    std                  | 0.207      |
|    value_loss           | 0.059      |
----------------------------------------
----------------------------------------
| energy/                 |            |
|    E_damp_J             | 0.025      |
|    E_fric_J             | 0.0106     |
|    E_norm_J             | 0.00142    |
|    W_neg_J              | 0.0245     |
|    W_pos_J              | 0.0523     |
| reward/                 |            |
|    r_energy             | -0.0569    |
|    r_pose               | -0.00212   |
|    r_vel                | 0.7        |
|    r_xvel               | -0.0227    |
| rollout/                |            |
|    ep_len_mean          | 82         |
|    ep_rew_mean          | 35.4       |
| time/                   |            |
|    fps                  | 45         |
|    iterations           | 354        |
|    time_elapsed         | 32010      |
|    total_timesteps      | 1449984    |
| train/                  |            |
|    approx_kl            | 0.08410008 |
|    clip_fraction        | 0.543      |
|    clip_range           | 0.2        |
|    entropy_loss         | 3.8        |
|    explained_variance   | 0.923      |
|    learning_rate        | 0.0003     |
|    loss                 | 0.0668     |
|    n_updates            | 3530       |
|    policy_gradient_loss | 0.0105     |
|    std                  | 0.207      |
|    value_loss           | 0.075      |
----------------------------------------
---------------------------------------
| energy/                 |           |
|    E_damp_J             | 0.048     |
|    E_fric_J             | 0.0112    |
|    E_norm_J             | 0.019     |
|    W_neg_J              | 0.0526    |
|    W_pos_J              | 0.102     |
| reward/                 |           |
|    r_energy             | -0.116    |
|    r_pose               | -0.00236  |
|    r_vel                | 0.576     |
|    r_xvel               | -0.0372   |
| rollout/                |           |
|    ep_len_mean          | 82        |
|    ep_rew_mean          | 35.5      |
| time/                   |           |
|    fps                  | 45        |
|    iterations           | 355       |
|    time_elapsed         | 32100     |
|    total_timesteps      | 1454080   |
| train/                  |           |
|    approx_kl            | 0.0977004 |
|    clip_fraction        | 0.552     |
|    clip_range           | 0.2       |
|    entropy_loss         | 3.83      |
|    explained_variance   | 0.949     |
|    learning_rate        | 0.0003    |
|    loss                 | 0.0433    |
|    n_updates            | 3540      |
|    policy_gradient_loss | 0.0193    |
|    std                  | 0.207     |
|    value_loss           | 0.0378    |
---------------------------------------
----------------------------------------
| energy/                 |            |
|    E_damp_J             | 0.0251     |
|    E_fric_J             | 0.0103     |
|    E_norm_J             | 0.00134    |
|    W_neg_J              | 0.0242     |
|    W_pos_J              | 0.0525     |
| reward/                 |            |
|    r_energy             | -0.0567    |
|    r_pose               | -0.0021    |
|    r_vel                | 0.698      |
|    r_xvel               | -0.0199    |
| rollout/                |            |
|    ep_len_mean          | 82         |
|    ep_rew_mean          | 35.5       |
| time/                   |            |
|    fps                  | 45         |
|    iterations           | 356        |
|    time_elapsed         | 32190      |
|    total_timesteps      | 1458176    |
| train/                  |            |
|    approx_kl            | 0.09102375 |
|    clip_fraction        | 0.553      |
|    clip_range           | 0.2        |
|    entropy_loss         | 3.84       |
|    explained_variance   | 0.948      |
|    learning_rate        | 0.0003     |
|    loss                 | 0.0361     |
|    n_updates            | 3550       |
|    policy_gradient_loss | 0.0155     |
|    std                  | 0.207      |
|    value_loss           | 0.044      |
----------------------------------------
----------------------------------------
| energy/                 |            |
|    E_damp_J             | 0.043      |
|    E_fric_J             | 0.0109     |
|    E_norm_J             | 0.0187     |
|    W_neg_J              | 0.0479     |
|    W_pos_J              | 0.0899     |
| reward/                 |            |
|    r_energy             | -0.105     |
|    r_pose               | -0.00223   |
|    r_vel                | 0.563      |
|    r_xvel               | -0.0605    |
| rollout/                |            |
|    ep_len_mean          | 82         |
|    ep_rew_mean          | 35.4       |
| time/                   |            |
|    fps                  | 45         |
|    iterations           | 357        |
|    time_elapsed         | 32280      |
|    total_timesteps      | 1462272    |
| train/                  |            |
|    approx_kl            | 0.07731878 |
|    clip_fraction        | 0.553      |
|    clip_range           | 0.2        |
|    entropy_loss         | 3.86       |
|    explained_variance   | 0.923      |
|    learning_rate        | 0.0003     |
|    loss                 | 0.133      |
|    n_updates            | 3560       |
|    policy_gradient_loss | 0.016      |
|    std                  | 0.207      |
|    value_loss           | 0.069      |
----------------------------------------
----------------------------------------
| energy/                 |            |
|    E_damp_J             | 0.0244     |
|    E_fric_J             | 0.0102     |
|    E_norm_J             | 0.00135    |
|    W_neg_J              | 0.0245     |
|    W_pos_J              | 0.0512     |
| reward/                 |            |
|    r_energy             | -0.0558    |
|    r_pose               | -0.00208   |
|    r_vel                | 0.698      |
|    r_xvel               | -0.018     |
| rollout/                |            |
|    ep_len_mean          | 82         |
|    ep_rew_mean          | 35.5       |
| time/                   |            |
|    fps                  | 45         |
|    iterations           | 358        |
|    time_elapsed         | 32370      |
|    total_timesteps      | 1466368    |
| train/                  |            |
|    approx_kl            | 0.09323981 |
|    clip_fraction        | 0.58       |
|    clip_range           | 0.2        |
|    entropy_loss         | 3.84       |
|    explained_variance   | 0.925      |
|    learning_rate        | 0.0003     |
|    loss                 | 0.105      |
|    n_updates            | 3570       |
|    policy_gradient_loss | 0.0222     |
|    std                  | 0.208      |
|    value_loss           | 0.0659     |
----------------------------------------
----------------------------------------
| energy/                 |            |
|    E_damp_J             | 0.042      |
|    E_fric_J             | 0.011      |
|    E_norm_J             | 0.0188     |
|    W_neg_J              | 0.0498     |
|    W_pos_J              | 0.0848     |
| reward/                 |            |
|    r_energy             | -0.103     |
|    r_pose               | -0.00224   |
|    r_vel                | 0.566      |
|    r_xvel               | -0.0455    |
| rollout/                |            |
|    ep_len_mean          | 82         |
|    ep_rew_mean          | 35.6       |
| time/                   |            |
|    fps                  | 45         |
|    iterations           | 359        |
|    time_elapsed         | 32462      |
|    total_timesteps      | 1470464    |
| train/                  |            |
|    approx_kl            | 0.07889058 |
|    clip_fraction        | 0.549      |
|    clip_range           | 0.2        |
|    entropy_loss         | 3.84       |
|    explained_variance   | 0.952      |
|    learning_rate        | 0.0003     |
|    loss                 | 0.0397     |
|    n_updates            | 3580       |
|    policy_gradient_loss | 0.0224     |
|    std                  | 0.207      |
|    value_loss           | 0.0371     |
----------------------------------------
----------------------------------------
| energy/                 |            |
|    E_damp_J             | 0.0251     |
|    E_fric_J             | 0.0105     |
|    E_norm_J             | 0.00143    |
|    W_neg_J              | 0.0235     |
|    W_pos_J              | 0.0509     |
| reward/                 |            |
|    r_energy             | -0.0557    |
|    r_pose               | -0.00209   |
|    r_vel                | 0.692      |
|    r_xvel               | -0.0147    |
| rollout/                |            |
|    ep_len_mean          | 82         |
|    ep_rew_mean          | 35.6       |
| time/                   |            |
|    fps                  | 45         |
|    iterations           | 360        |
|    time_elapsed         | 32553      |
|    total_timesteps      | 1474560    |
| train/                  |            |
|    approx_kl            | 0.07639636 |
|    clip_fraction        | 0.57       |
|    clip_range           | 0.2        |
|    entropy_loss         | 3.89       |
|    explained_variance   | 0.943      |
|    learning_rate        | 0.0003     |
|    loss                 | 0.0826     |
|    n_updates            | 3590       |
|    policy_gradient_loss | 0.0211     |
|    std                  | 0.206      |
|    value_loss           | 0.0498     |
----------------------------------------
---------------------------------------
| energy/                 |           |
|    E_damp_J             | 0.0456    |
|    E_fric_J             | 0.0116    |
|    E_norm_J             | 0.019     |
|    W_neg_J              | 0.0498    |
|    W_pos_J              | 0.0963    |
| reward/                 |           |
|    r_energy             | -0.111    |
|    r_pose               | -0.00216  |
|    r_vel                | 0.603     |
|    r_xvel               | -0.0548   |
| rollout/                |           |
|    ep_len_mean          | 82        |
|    ep_rew_mean          | 35.6      |
| time/                   |           |
|    fps                  | 45        |
|    iterations           | 361       |
|    time_elapsed         | 32643     |
|    total_timesteps      | 1478656   |
| train/                  |           |
|    approx_kl            | 0.0964976 |
|    clip_fraction        | 0.572     |
|    clip_range           | 0.2       |
|    entropy_loss         | 3.93      |
|    explained_variance   | 0.949     |
|    learning_rate        | 0.0003    |
|    loss                 | 0.062     |
|    n_updates            | 3600      |
|    policy_gradient_loss | 0.0176    |
|    std                  | 0.205     |
|    value_loss           | 0.0405    |
---------------------------------------
----------------------------------------
| energy/                 |            |
|    E_damp_J             | 0.025      |
|    E_fric_J             | 0.0104     |
|    E_norm_J             | 0.00138    |
|    W_neg_J              | 0.0246     |
|    W_pos_J              | 0.0518     |
| reward/                 |            |
|    r_energy             | -0.0565    |
|    r_pose               | -0.00208   |
|    r_vel                | 0.691      |
|    r_xvel               | -0.0239    |
| rollout/                |            |
|    ep_len_mean          | 82         |
|    ep_rew_mean          | 35.6       |
| time/                   |            |
|    fps                  | 45         |
|    iterations           | 362        |
|    time_elapsed         | 32733      |
|    total_timesteps      | 1482752    |
| train/                  |            |
|    approx_kl            | 0.08726232 |
|    clip_fraction        | 0.547      |
|    clip_range           | 0.2        |
|    entropy_loss         | 3.97       |
|    explained_variance   | 0.952      |
|    learning_rate        | 0.0003     |
|    loss                 | 0.0296     |
|    n_updates            | 3610       |
|    policy_gradient_loss | 0.0215     |
|    std                  | 0.204      |
|    value_loss           | 0.0418     |
----------------------------------------
---------------------------------------
| energy/                 |           |
|    E_damp_J             | 0.0437    |
|    E_fric_J             | 0.0111    |
|    E_norm_J             | 0.0185    |
|    W_neg_J              | 0.0494    |
|    W_pos_J              | 0.0926    |
| reward/                 |           |
|    r_energy             | -0.108    |
|    r_pose               | -0.0021   |
|    r_vel                | 0.589     |
|    r_xvel               | -0.037    |
| rollout/                |           |
|    ep_len_mean          | 82        |
|    ep_rew_mean          | 35.5      |
| time/                   |           |
|    fps                  | 45        |
|    iterations           | 363       |
|    time_elapsed         | 32824     |
|    total_timesteps      | 1486848   |
| train/                  |           |
|    approx_kl            | 0.1027162 |
|    clip_fraction        | 0.574     |
|    clip_range           | 0.2       |
|    entropy_loss         | 3.98      |
|    explained_variance   | 0.932     |
|    learning_rate        | 0.0003    |
|    loss                 | 0.0936    |
|    n_updates            | 3620      |
|    policy_gradient_loss | 0.02      |
|    std                  | 0.205     |
|    value_loss           | 0.0603    |
---------------------------------------
---------------------------------------
| energy/                 |           |
|    E_damp_J             | 0.0246    |
|    E_fric_J             | 0.0101    |
|    E_norm_J             | 0.00138   |
|    W_neg_J              | 0.0243    |
|    W_pos_J              | 0.0502    |
| reward/                 |           |
|    r_energy             | -0.0553   |
|    r_pose               | -0.00207  |
|    r_vel                | 0.694     |
|    r_xvel               | -0.0199   |
| rollout/                |           |
|    ep_len_mean          | 82        |
|    ep_rew_mean          | 35.3      |
| time/                   |           |
|    fps                  | 45        |
|    iterations           | 364       |
|    time_elapsed         | 32915     |
|    total_timesteps      | 1490944   |
| train/                  |           |
|    approx_kl            | 0.0909916 |
|    clip_fraction        | 0.562     |
|    clip_range           | 0.2       |
|    entropy_loss         | 3.96      |
|    explained_variance   | 0.923     |
|    learning_rate        | 0.0003    |
|    loss                 | 0.0883    |
|    n_updates            | 3630      |
|    policy_gradient_loss | 0.02      |
|    std                  | 0.205     |
|    value_loss           | 0.0676    |
---------------------------------------
----------------------------------------
| energy/                 |            |
|    E_damp_J             | 0.0429     |
|    E_fric_J             | 0.0107     |
|    E_norm_J             | 0.0193     |
|    W_neg_J              | 0.0495     |
|    W_pos_J              | 0.0881     |
| reward/                 |            |
|    r_energy             | -0.105     |
|    r_pose               | -0.00198   |
|    r_vel                | 0.608      |
|    r_xvel               | -0.0277    |
| rollout/                |            |
|    ep_len_mean          | 82         |
|    ep_rew_mean          | 35.3       |
| time/                   |            |
|    fps                  | 45         |
|    iterations           | 365        |
|    time_elapsed         | 33006      |
|    total_timesteps      | 1495040    |
| train/                  |            |
|    approx_kl            | 0.11519391 |
|    clip_fraction        | 0.576      |
|    clip_range           | 0.2        |
|    entropy_loss         | 3.97       |
|    explained_variance   | 0.915      |
|    learning_rate        | 0.0003     |
|    loss                 | 0.109      |
|    n_updates            | 3640       |
|    policy_gradient_loss | 0.0221     |
|    std                  | 0.205      |
|    value_loss           | 0.0774     |
----------------------------------------
-----------------------------------------
| energy/                 |             |
|    E_damp_J             | 0.0248      |
|    E_fric_J             | 0.0106      |
|    E_norm_J             | 0.00143     |
|    W_neg_J              | 0.023       |
|    W_pos_J              | 0.0568      |
| reward/                 |             |
|    r_energy             | -0.0583     |
|    r_pose               | -0.00207    |
|    r_vel                | 0.7         |
|    r_xvel               | -0.0086     |
| rollout/                |             |
|    ep_len_mean          | 82          |
|    ep_rew_mean          | 35.5        |
| time/                   |             |
|    fps                  | 45          |
|    iterations           | 366         |
|    time_elapsed         | 33096       |
|    total_timesteps      | 1499136     |
| train/                  |             |
|    approx_kl            | 0.083977744 |
|    clip_fraction        | 0.559       |
|    clip_range           | 0.2         |
|    entropy_loss         | 3.97        |
|    explained_variance   | 0.922       |
|    learning_rate        | 0.0003      |
|    loss                 | 0.0766      |
|    n_updates            | 3650        |
|    policy_gradient_loss | 0.0183      |
|    std                  | 0.205       |
|    value_loss           | 0.0584      |
-----------------------------------------
----------------------------------------
| energy/                 |            |
|    E_damp_J             | 0.0422     |
|    E_fric_J             | 0.0104     |
|    E_norm_J             | 0.018      |
|    W_neg_J              | 0.0463     |
|    W_pos_J              | 0.086      |
| reward/                 |            |
|    r_energy             | -0.101     |
|    r_pose               | -0.00192   |
|    r_vel                | 0.651      |
|    r_xvel               | -0.0338    |
| rollout/                |            |
|    ep_len_mean          | 82         |
|    ep_rew_mean          | 35.6       |
| time/                   |            |
|    fps                  | 45         |
|    iterations           | 367        |
|    time_elapsed         | 33185      |
|    total_timesteps      | 1503232    |
| train/                  |            |
|    approx_kl            | 0.09043664 |
|    clip_fraction        | 0.554      |
|    clip_range           | 0.2        |
|    entropy_loss         | 3.97       |
|    explained_variance   | 0.936      |
|    learning_rate        | 0.0003     |
|    loss                 | 0.033      |
|    n_updates            | 3660       |
|    policy_gradient_loss | 0.0117     |
|    std                  | 0.205      |
|    value_loss           | 0.0489     |
----------------------------------------
