time,Fy_FR,Fz_FR,Fy_FL,Fz_FL,Fy_RR,Fz_RR,Fy_RL,Fz_RL
0.0,0.015235929961353964,-0.014565588181629802,0.015235929961353966,-0.014565588181629799,0.015235929961353966,-0.014565588181629799,0.015235929961353964,-0.014565588181629802
0.01,0.0020564340026741307,-0.024927721375405387,0.017646608378603202,-0.022121346930437272,0.017646608378603202,-0.022121346930437272,0.0020564340026741307,-0.024927721375405387
0.02,-0.009012151304431055,-0.028017388066807994,0.019148597911296295,-0.029553540933952682,0.019148597911296295,-0.029553540933952682,-0.009012151304431055,-0.028017388066807994
0.03,-0.038135526729291394,-0.012470113919310617,0.018396564143842626,-0.0371561152571396,0.018396564143842626,-0.0371561152571396,-0.038135526729291394,-0.012470113919310617
0.04,-0.0435226739301289,-0.010167177604388313,0.014930468293182748,-0.0440497232718945,0.014930468293182748,-0.0440497232718945,-0.0435226739301289,-0.010167177604388313
0.05,-0.047558580798343325,-0.01204425273235707,0.009061259838596973,-0.048873760375997624,0.009061259838596973,-0.048873760375997624,-0.047558580798343325,-0.01204425273235707
0.06,-0.048790271605391136,-0.015535491914130672,0.0025375850891125474,-0.050732724169157487,0.0025375850891125474,-0.050732724169157487,-0.048790271605391136,-0.015535491914130672
0.07,-0.04949317234647656,-0.019003539952637604,-0.002844335068582054,-0.04989625912062475,-0.002844335068582054,-0.04989625912062475,-0.04949317234647656,-0.019003539952637604
0.08,-0.049741084860903735,-0.022259901714735783,-0.006504517532535655,-0.048354665913740755,-0.006504517532535655,-0.048354665913740755,-0.049741084860903735,-0.022259901714735783
0.09,-0.049599225891828434,-0.025138419240213067,-0.008689857669214478,-0.04681640164632103,-0.008689857669214478,-0.04681640164632103,-0.049599225891828434,-0.025138419240213067
0.1,-0.04910062694454146,-0.02751267838087157,-0.0098282157065716,-0.04556820741024156,-0.0098282157065716,-0.04556820741024156,-0.04910062694454146,-0.02751267838087157
0.11,-0.0486753206895092,-0.029167294826700545,-0.010354975764219754,-0.04473214667918279,-0.010354975764219754,-0.04473214667918279,-0.0486753206895092,-0.029167294826700545
0.12,-0.04845146772149389,-0.030010576793457942,-0.010553897696197785,-0.044320675285828386,-0.010553897696197785,-0.044320675285828386,-0.04845146772149389,-0.030010576793457942
0.13,-0.04845146772149389,-0.030010576793457942,-0.010553897696197785,-0.044320675285828386,-0.010553897696197785,-0.044320675285828386,-0.04845146772149389,-0.030010576793457942
0.14,-0.0486753206895092,-0.029167294826700545,-0.010354975764219756,-0.04473214667918279,-0.010354975764219756,-0.04473214667918279,-0.0486753206895092,-0.029167294826700545
0.15,-0.04910062694454146,-0.02751267838087162,-0.0098282157065716,-0.045568207410241555,-0.0098282157065716,-0.045568207410241555,-0.04910062694454146,-0.02751267838087162
0.16,-0.049599225891828434,-0.025138419240213067,-0.008689857669214485,-0.046816401646321025,-0.008689857669214485,-0.046816401646321025,-0.049599225891828434,-0.025138419240213067
0.17,-0.049741084860903735,-0.022259901714735783,-0.00650451753253566,-0.048354665913740755,-0.00650451753253566,-0.048354665913740755,-0.049741084860903735,-0.022259901714735783
0.18,-0.04949317234647656,-0.019003539952637604,-0.0028443350685820592,-0.049896259120624745,-0.0028443350685820592,-0.049896259120624745,-0.04949317234647656,-0.019003539952637604
0.19,-0.04879027160539115,-0.015535491914130697,0.0025375850891125387,-0.050732724169157487,0.0025375850891125387,-0.050732724169157487,-0.04879027160539115,-0.015535491914130697
0.2,-0.047558580798343325,-0.01204425273235707,0.009061259838596947,-0.04887376037599764,0.009061259838596947,-0.04887376037599764,-0.047558580798343325,-0.01204425273235707
0.21,-0.04352267393012894,-0.01016717760438832,0.0149304682931827,-0.04404972327189456,0.0149304682931827,-0.04404972327189456,-0.04352267393012894,-0.01016717760438832
0.22,-0.038135526729291394,-0.01247011391931061,0.018396564143842626,-0.0371561152571396,0.018396564143842626,-0.0371561152571396,-0.038135526729291394,-0.01247011391931061
0.23,-0.009012151304431055,-0.028017388066807994,0.0191485979112963,-0.02955354093395273,0.0191485979112963,-0.02955354093395273,-0.009012151304431055,-0.028017388066807994
0.24,0.002056434002674103,-0.024927721375405387,0.01764660837860321,-0.022121346930437293,0.01764660837860321,-0.022121346930437293,0.002056434002674103,-0.024927721375405387
0.25,0.015235929961353966,-0.014565588181629799,0.015235929961353978,-0.014565588181629802,0.015235929961353978,-0.014565588181629802,0.015235929961353966,-0.014565588181629799
0.26,0.017646608378603202,-0.022121346930437272,0.0020564340026741307,-0.024927721375405387,0.0020564340026741307,-0.024927721375405387,0.017646608378603202,-0.022121346930437272
0.27,0.0191485979112963,-0.029553540933952713,-0.009012151304431055,-0.028017388066807994,-0.009012151304431055,-0.028017388066807994,0.0191485979112963,-0.029553540933952713
0.28,0.018396564143842623,-0.037156115257139626,-0.038135526729291394,-0.01247011391931061,-0.038135526729291394,-0.01247011391931061,0.018396564143842623,-0.037156115257139626
0.29,0.014930468293182748,-0.0440497232718945,-0.043522673930128875,-0.010167177604388327,-0.043522673930128875,-0.010167177604388327,0.014930468293182748,-0.0440497232718945
0.3,0.009061259838596973,-0.048873760375997624,-0.047558580798343325,-0.012044252732357066,-0.047558580798343325,-0.012044252732357066,0.009061259838596973,-0.048873760375997624
0.31,0.0025375850891125474,-0.050732724169157487,-0.048790271605391136,-0.015535491914130672,-0.048790271605391136,-0.015535491914130672,0.0025375850891125474,-0.050732724169157487
0.32,-0.002844335068582054,-0.04989625912062475,-0.04949317234647656,-0.019003539952637604,-0.04949317234647656,-0.019003539952637604,-0.002844335068582054,-0.04989625912062475
0.33,-0.006504517532535679,-0.04835466591374075,-0.049741084860903735,-0.022259901714735783,-0.049741084860903735,-0.022259901714735783,-0.006504517532535679,-0.04835466591374075
0.34,-0.008689857669214493,-0.04681640164632102,-0.049599225891828434,-0.025138419240213067,-0.049599225891828434,-0.025138419240213067,-0.008689857669214493,-0.04681640164632102
0.35000000000000003,-0.0098282157065716,-0.04556820741024156,-0.04910062694454146,-0.02751267838087157,-0.04910062694454146,-0.02751267838087157,-0.0098282157065716,-0.04556820741024156
0.36,-0.010354975764219754,-0.04473214667918279,-0.0486753206895092,-0.029167294826700545,-0.0486753206895092,-0.029167294826700545,-0.010354975764219754,-0.04473214667918279
0.37,-0.010553897696197785,-0.044320675285828386,-0.04845146772149389,-0.030010576793457942,-0.04845146772149389,-0.030010576793457942,-0.010553897696197785,-0.044320675285828386
0.38,-0.010553897696197785,-0.044320675285828386,-0.04845146772149389,-0.030010576793457942,-0.04845146772149389,-0.030010576793457942,-0.010553897696197785,-0.044320675285828386
0.39,-0.010354975764219754,-0.04473214667918279,-0.0486753206895092,-0.029167294826700545,-0.0486753206895092,-0.029167294826700545,-0.010354975764219754,-0.04473214667918279
0.4,-0.0098282157065716,-0.045568207410241555,-0.04910062694454146,-0.02751267838087162,-0.04910062694454146,-0.02751267838087162,-0.0098282157065716,-0.045568207410241555
0.41000000000000003,-0.008689857669214485,-0.046816401646321025,-0.049599225891828434,-0.025138419240213095,-0.049599225891828434,-0.025138419240213095,-0.008689857669214485,-0.046816401646321025
0.42,-0.006504517532535688,-0.04835466591374074,-0.04974108486090375,-0.022259901714735828,-0.04974108486090375,-0.022259901714735828,-0.006504517532535688,-0.04835466591374074
0.43,-0.0028443350685820592,-0.049896259120624745,-0.04949317234647656,-0.019003539952637604,-0.04949317234647656,-0.019003539952637604,-0.0028443350685820592,-0.049896259120624745
0.44,0.0025375850891125387,-0.050732724169157487,-0.04879027160539113,-0.015535491914130676,-0.04879027160539113,-0.015535491914130676,0.0025375850891125387,-0.050732724169157487
0.45,0.009061259838596947,-0.04887376037599764,-0.047558580798343325,-0.012044252732357066,-0.047558580798343325,-0.012044252732357066,0.009061259838596947,-0.04887376037599764
0.46,0.01493046829318273,-0.04404972327189452,-0.043522673930128986,-0.010167177604388317,-0.043522673930128986,-0.010167177604388317,0.01493046829318273,-0.04404972327189452
0.47000000000000003,0.018396564143842626,-0.0371561152571396,-0.038135526729291394,-0.012470113919310617,-0.038135526729291394,-0.012470113919310617,0.018396564143842626,-0.0371561152571396
0.48,0.0191485979112963,-0.02955354093395273,-0.009012151304431119,-0.028017388066808036,-0.009012151304431119,-0.028017388066808036,0.0191485979112963,-0.02955354093395273
0.49,0.01764660837860321,-0.022121346930437293,0.0020564340026741554,-0.024927721375405384,0.0020564340026741554,-0.024927721375405384,0.01764660837860321,-0.022121346930437293
0.5,0.015235929961353978,-0.014565588181629802,0.015235929961353952,-0.014565588181629795,0.015235929961353952,-0.014565588181629795,0.015235929961353978,-0.014565588181629802
0.51,0.0020564340026741307,-0.024927721375405387,0.017646608378603188,-0.022121346930437203,0.017646608378603188,-0.022121346930437203,0.0020564340026741307,-0.024927721375405387
0.52,-0.009012151304431055,-0.028017388066807994,0.019148597911296295,-0.029553540933952696,0.019148597911296295,-0.029553540933952696,-0.009012151304431055,-0.028017388066807994
0.53,-0.038135526729291394,-0.01247011391931061,0.018396564143842612,-0.03715611525713967,0.018396564143842612,-0.03715611525713967,-0.038135526729291394,-0.01247011391931061
0.54,-0.04352267393012894,-0.01016717760438832,0.01493046829318272,-0.044049723271894534,0.01493046829318272,-0.044049723271894534,-0.04352267393012894,-0.01016717760438832
0.55,-0.047558580798343325,-0.012044252732357066,0.009061259838596979,-0.04887376037599762,0.009061259838596979,-0.04887376037599762,-0.047558580798343325,-0.012044252732357066
0.56,-0.04879027160539114,-0.0155354919141307,0.002537585089112523,-0.05073272416915749,0.002537585089112523,-0.05073272416915749,-0.04879027160539114,-0.0155354919141307
0.5700000000000001,-0.04949317234647656,-0.019003539952637604,-0.002844335068582047,-0.04989625912062475,-0.002844335068582047,-0.04989625912062475,-0.04949317234647656,-0.019003539952637604
0.58,-0.049741084860903735,-0.022259901714735783,-0.00650451753253565,-0.04835466591374077,-0.00650451753253565,-0.04835466591374077,-0.049741084860903735,-0.022259901714735783
0.59,-0.04959922589182844,-0.025138419240213067,-0.00868985766921449,-0.046816401646321025,-0.00868985766921449,-0.046816401646321025,-0.04959922589182844,-0.025138419240213067
0.6,-0.04910062694454146,-0.02751267838087157,-0.009828215706571596,-0.045568207410241555,-0.009828215706571596,-0.045568207410241555,-0.04910062694454146,-0.02751267838087157
0.61,-0.0486753206895092,-0.029167294826700545,-0.010354975764219754,-0.044732146679182794,-0.010354975764219754,-0.044732146679182794,-0.0486753206895092,-0.029167294826700545
0.62,-0.04845146772149389,-0.030010576793457942,-0.010553897696197785,-0.044320675285828386,-0.010553897696197785,-0.044320675285828386,-0.04845146772149389,-0.030010576793457942
0.63,-0.04845146772149389,-0.030010576793457942,-0.010553897696197785,-0.044320675285828386,-0.010553897696197785,-0.044320675285828386,-0.04845146772149389,-0.030010576793457942
0.64,-0.0486753206895092,-0.029167294826700545,-0.010354975764219756,-0.04473214667918279,-0.010354975764219756,-0.04473214667918279,-0.0486753206895092,-0.029167294826700545
0.65,-0.04910062694454146,-0.02751267838087162,-0.009828215706571603,-0.04556820741024155,-0.009828215706571603,-0.04556820741024155,-0.04910062694454146,-0.02751267838087162
0.66,-0.04959922589182844,-0.025138419240213067,-0.00868985766921447,-0.04681640164632103,-0.00868985766921447,-0.04681640164632103,-0.04959922589182844,-0.025138419240213067
0.67,-0.049741084860903735,-0.022259901714735783,-0.006504517532535666,-0.048354665913740755,-0.006504517532535666,-0.048354665913740755,-0.049741084860903735,-0.022259901714735783
0.68,-0.04949317234647655,-0.01900353995263758,-0.002844335068582007,-0.049896259120624765,-0.002844335068582007,-0.049896259120624765,-0.04949317234647655,-0.01900353995263758
0.6900000000000001,-0.04879027160539113,-0.015535491914130676,0.0025375850891125656,-0.050732724169157487,0.0025375850891125656,-0.050732724169157487,-0.04879027160539113,-0.015535491914130676
0.7000000000000001,-0.047558580798343325,-0.012044252732357066,0.009061259838596937,-0.04887376037599764,0.009061259838596937,-0.04887376037599764,-0.047558580798343325,-0.012044252732357066
0.71,-0.043522673930128986,-0.010167177604388317,0.014930468293182687,-0.044049723271894575,0.014930468293182687,-0.044049723271894575,-0.043522673930128986,-0.010167177604388317
0.72,-0.038135526729291394,-0.012470113919310617,0.018396564143842626,-0.03715611525713961,0.018396564143842626,-0.03715611525713961,-0.038135526729291394,-0.012470113919310617
0.73,-0.009012151304431119,-0.028017388066808036,0.019148597911296302,-0.029553540933952745,0.019148597911296302,-0.029553540933952745,-0.009012151304431119,-0.028017388066808036
0.74,0.0020564340026741554,-0.024927721375405384,0.017646608378603195,-0.022121346930437255,0.017646608378603195,-0.022121346930437255,0.0020564340026741554,-0.024927721375405384
0.75,0.015235929961353952,-0.014565588181629795,0.015235929961353992,-0.014565588181629806,0.015235929961353992,-0.014565588181629806,0.015235929961353952,-0.014565588181629795
0.76,0.017646608378603188,-0.022121346930437203,0.0020564340026742603,-0.024927721375405373,0.0020564340026742603,-0.024927721375405373,0.017646608378603188,-0.022121346930437203
0.77,0.019148597911296295,-0.029553540933952696,-0.009012151304431051,-0.028017388066807994,-0.009012151304431051,-0.028017388066807994,0.019148597911296295,-0.029553540933952696
0.78,0.018396564143842636,-0.037156115257139556,-0.03813552672929138,-0.012470113919310648,-0.03813552672929138,-0.012470113919310648,0.018396564143842636,-0.037156115257139556
0.79,0.01493046829318272,-0.044049723271894534,-0.04352267393012891,-0.010167177604388306,-0.04352267393012891,-0.010167177604388306,0.01493046829318272,-0.044049723271894534
0.8,0.009061259838596979,-0.04887376037599762,-0.047558580798343325,-0.012044252732357038,-0.047558580798343325,-0.012044252732357038,0.009061259838596979,-0.04887376037599762
0.81,0.002537585089112523,-0.05073272416915749,-0.04879027160539116,-0.015535491914130693,-0.04879027160539116,-0.015535491914130693,0.002537585089112523,-0.05073272416915749
0.8200000000000001,-0.002844335068582047,-0.04989625912062475,-0.04949317234647656,-0.019003539952637604,-0.04949317234647656,-0.019003539952637604,-0.002844335068582047,-0.04989625912062475
0.8300000000000001,-0.006504517532535687,-0.04835466591374074,-0.049741084860903756,-0.022259901714735828,-0.049741084860903756,-0.022259901714735828,-0.006504517532535687,-0.04835466591374074
0.84,-0.008689857669214469,-0.04681640164632104,-0.04959922589182844,-0.025138419240213043,-0.04959922589182844,-0.025138419240213043,-0.008689857669214469,-0.04681640164632104
0.85,-0.009828215706571596,-0.045568207410241555,-0.04910062694454147,-0.02751267838087157,-0.04910062694454147,-0.02751267838087157,-0.009828215706571596,-0.045568207410241555
0.86,-0.010354975764219754,-0.044732146679182794,-0.0486753206895092,-0.029167294826700545,-0.0486753206895092,-0.029167294826700545,-0.010354975764219754,-0.044732146679182794
0.87,-0.010553897696197785,-0.044320675285828386,-0.04845146772149389,-0.030010576793457942,-0.04845146772149389,-0.030010576793457942,-0.010553897696197785,-0.044320675285828386
0.88,-0.010553897696197785,-0.044320675285828386,-0.048451467721493884,-0.030010576793457942,-0.048451467721493884,-0.030010576793457942,-0.010553897696197785,-0.044320675285828386
0.89,-0.010354975764219756,-0.04473214667918279,-0.0486753206895092,-0.029167294826700545,-0.0486753206895092,-0.029167294826700545,-0.010354975764219756,-0.04473214667918279
0.9,-0.009828215706571603,-0.04556820741024155,-0.04910062694454146,-0.02751267838087162,-0.04910062694454146,-0.02751267838087162,-0.009828215706571603,-0.04556820741024155
0.91,-0.00868985766921447,-0.04681640164632103,-0.04959922589182844,-0.025138419240213067,-0.04959922589182844,-0.025138419240213067,-0.00868985766921447,-0.04681640164632103
0.92,-0.006504517532535666,-0.048354665913740755,-0.049741084860903735,-0.022259901714735783,-0.049741084860903735,-0.022259901714735783,-0.006504517532535666,-0.048354665913740755
0.93,-0.002844335068582007,-0.049896259120624765,-0.04949317234647655,-0.01900353995263758,-0.04949317234647655,-0.01900353995263758,-0.002844335068582007,-0.049896259120624765
0.9400000000000001,0.0025375850891125656,-0.050732724169157487,-0.048790271605391136,-0.015535491914130672,-0.048790271605391136,-0.015535491914130672,0.0025375850891125656,-0.050732724169157487
0.9500000000000001,0.009061259838596937,-0.04887376037599764,-0.047558580798343325,-0.012044252732357066,-0.047558580798343325,-0.012044252732357066,0.009061259838596937,-0.04887376037599764
0.96,0.014930468293182687,-0.044049723271894575,-0.043522673930129006,-0.0101671776043883,-0.043522673930129006,-0.0101671776043883,0.014930468293182687,-0.044049723271894575
0.97,0.018396564143842626,-0.03715611525713961,-0.038135526729291394,-0.01247011391931061,-0.038135526729291394,-0.01247011391931061,0.018396564143842626,-0.03715611525713961
0.98,0.019148597911296302,-0.029553540933952745,-0.009012151304431143,-0.028017388066808056,-0.009012151304431143,-0.028017388066808056,0.019148597911296302,-0.029553540933952745
0.99,0.017646608378603195,-0.022121346930437255,0.0020564340026741307,-0.024927721375405387,0.0020564340026741307,-0.024927721375405387,0.017646608378603195,-0.022121346930437255
1.0,0.015235929961353992,-0.014565588181629806,0.015235929961353938,-0.014565588181629795,0.015235929961353938,-0.014565588181629795,0.015235929961353992,-0.014565588181629806
1.01,0.0020564340026742603,-0.024927721375405373,0.017646608378603185,-0.022121346930437186,0.017646608378603185,-0.022121346930437186,0.0020564340026742603,-0.024927721375405373
1.02,-0.009012151304431051,-0.028017388066807994,0.019148597911296295,-0.029553540933952682,0.019148597911296295,-0.029553540933952682,-0.009012151304431051,-0.028017388066807994
1.03,-0.03813552672929138,-0.012470113919310648,0.018396564143842616,-0.037156115257139646,0.018396564143842616,-0.037156115257139646,-0.03813552672929138,-0.012470113919310648
1.04,-0.04352267393012891,-0.010167177604388306,0.01493046829318273,-0.04404972327189452,0.01493046829318273,-0.04404972327189452,-0.04352267393012891,-0.010167177604388306
1.05,-0.047558580798343325,-0.012044252732357038,0.009061259838596998,-0.04887376037599761,0.009061259838596998,-0.04887376037599761,-0.047558580798343325,-0.012044252732357038
1.06,-0.04879027160539116,-0.015535491914130693,0.0025375850891126176,-0.05073272416915748,0.0025375850891126176,-0.05073272416915748,-0.04879027160539116,-0.015535491914130693
1.07,-0.04949317234647656,-0.019003539952637604,-0.002844335068581969,-0.04989625912062477,-0.002844335068581969,-0.04989625912062477,-0.04949317234647656,-0.019003539952637604
1.08,-0.049741084860903756,-0.022259901714735828,-0.006504517532535688,-0.04835466591374074,-0.006504517532535688,-0.04835466591374074,-0.049741084860903756,-0.022259901714735828
1.09,-0.049599225891828434,-0.025138419240213067,-0.008689857669214485,-0.046816401646321025,-0.008689857669214485,-0.046816401646321025,-0.049599225891828434,-0.025138419240213067
1.1,-0.049100626944541446,-0.027512678380871625,-0.009828215706571615,-0.04556820741024153,-0.009828215706571615,-0.04556820741024153,-0.049100626944541446,-0.027512678380871625
1.11,-0.048675320689509194,-0.029167294826700545,-0.010354975764219758,-0.04473214667918277,-0.010354975764219758,-0.04473214667918277,-0.048675320689509194,-0.029167294826700545
1.12,-0.048451467721493884,-0.030010576793457942,-0.010553897696197785,-0.04432067528582838,-0.010553897696197785,-0.04432067528582838,-0.048451467721493884,-0.030010576793457942
1.1300000000000001,-0.04845146772149389,-0.030010576793457942,-0.010553897696197785,-0.044320675285828386,-0.010553897696197785,-0.044320675285828386,-0.04845146772149389,-0.030010576793457942
1.1400000000000001,-0.0486753206895092,-0.029167294826700545,-0.010354975764219754,-0.04473214667918279,-0.010354975764219754,-0.04473214667918279,-0.0486753206895092,-0.029167294826700545
1.1500000000000001,-0.04910062694454146,-0.02751267838087157,-0.009828215706571603,-0.04556820741024155,-0.009828215706571603,-0.04556820741024155,-0.04910062694454146,-0.02751267838087157
1.16,-0.049599225891828434,-0.025138419240213095,-0.008689857669214502,-0.04681640164632101,-0.008689857669214502,-0.04681640164632101,-0.049599225891828434,-0.025138419240213095
1.17,-0.04974108486090375,-0.022259901714735828,-0.006504517532535715,-0.04835466591374073,-0.006504517532535715,-0.04835466591374073,-0.04974108486090375,-0.022259901714735828
1.18,-0.04949317234647656,-0.019003539952637632,-0.0028443350685821416,-0.04989625912062473,-0.0028443350685821416,-0.04989625912062473,-0.04949317234647656,-0.019003539952637632
1.19,-0.04879027160539115,-0.015535491914130721,0.0025375850891123835,-0.050732724169157514,0.0025375850891123835,-0.050732724169157514,-0.04879027160539115,-0.015535491914130721
1.2,-0.047558580798343325,-0.012044252732357066,0.009061259838596921,-0.04887376037599765,0.009061259838596921,-0.04887376037599765,-0.047558580798343325,-0.012044252732357066
1.21,-0.043522673930129006,-0.0101671776043883,0.01493046829318268,-0.04404972327189458,0.01493046829318268,-0.04404972327189458,-0.043522673930129006,-0.0101671776043883
1.22,-0.038135526729291394,-0.01247011391931061,0.01839656414384265,-0.037156115257139515,0.01839656414384265,-0.037156115257139515,-0.038135526729291394,-0.01247011391931061
1.23,-0.009012151304431143,-0.028017388066808056,0.019148597911296292,-0.029553540933952654,0.019148597911296292,-0.029553540933952654,-0.009012151304431143,-0.028017388066808056
1.24,0.0020564340026741307,-0.024927721375405387,0.017646608378603202,-0.02212134693043727,0.017646608378603202,-0.02212134693043727,0.0020564340026741307,-0.024927721375405387
1.25,0.015235929961353938,-0.014565588181629795,0.015235929961354004,-0.014565588181629813,0.015235929961354004,-0.014565588181629813,0.015235929961353938,-0.014565588181629795
1.26,0.017646608378603185,-0.022121346930437186,0.0020564340026742885,-0.024927721375405366,0.0020564340026742885,-0.024927721375405366,0.017646608378603185,-0.022121346930437186
1.27,0.019148597911296295,-0.029553540933952682,-0.00901215130443087,-0.028017388066807876,-0.00901215130443087,-0.028017388066807876,0.019148597911296295,-0.029553540933952682
1.28,0.018396564143842616,-0.037156115257139646,-0.038135526729291394,-0.012470113919310603,-0.038135526729291394,-0.012470113919310603,0.018396564143842616,-0.037156115257139646
1.29,0.01493046829318273,-0.04404972327189452,-0.0435226739301289,-0.010167177604388313,-0.0435226739301289,-0.010167177604388313,0.01493046829318273,-0.04404972327189452
1.3,0.009061259838596998,-0.04887376037599761,-0.04755858079834331,-0.012044252732357045,-0.04755858079834331,-0.012044252732357045,0.009061259838596998,-0.04887376037599761
1.31,0.0025375850891126176,-0.05073272416915748,-0.048790271605391115,-0.015535491914130627,-0.048790271605391115,-0.015535491914130627,0.0025375850891126176,-0.05073272416915748
1.32,-0.0028443350685820983,-0.04989625912062474,-0.049493172346476565,-0.019003539952637632,-0.049493172346476565,-0.019003539952637632,-0.0028443350685820983,-0.04989625912062474
1.33,-0.006504517532535688,-0.04835466591374074,-0.04974108486090375,-0.022259901714735828,-0.04974108486090375,-0.022259901714735828,-0.006504517532535688,-0.04835466591374074
1.34,-0.008689857669214485,-0.046816401646321025,-0.049599225891828434,-0.025138419240213067,-0.049599225891828434,-0.025138419240213067,-0.008689857669214485,-0.046816401646321025
1.35,-0.009828215706571596,-0.045568207410241555,-0.04910062694454146,-0.02751267838087157,-0.04910062694454146,-0.02751267838087157,-0.009828215706571596,-0.045568207410241555
1.36,-0.010354975764219758,-0.04473214667918277,-0.048675320689509194,-0.029167294826700545,-0.048675320689509194,-0.029167294826700545,-0.010354975764219758,-0.04473214667918277
1.37,-0.010553897696197785,-0.04432067528582838,-0.048451467721493884,-0.030010576793457942,-0.048451467721493884,-0.030010576793457942,-0.010553897696197785,-0.04432067528582838
1.3800000000000001,-0.010553897696197785,-0.044320675285828386,-0.04845146772149389,-0.030010576793457942,-0.04845146772149389,-0.030010576793457942,-0.010553897696197785,-0.044320675285828386
1.3900000000000001,-0.010354975764219754,-0.04473214667918279,-0.0486753206895092,-0.029167294826700545,-0.0486753206895092,-0.029167294826700545,-0.010354975764219754,-0.04473214667918279
1.4000000000000001,-0.009828215706571603,-0.04556820741024155,-0.04910062694454146,-0.02751267838087162,-0.04910062694454146,-0.02751267838087162,-0.009828215706571603,-0.04556820741024155
1.41,-0.008689857669214502,-0.04681640164632101,-0.049599225891828434,-0.025138419240213115,-0.049599225891828434,-0.025138419240213115,-0.008689857669214502,-0.04681640164632101
1.42,-0.006504517532535715,-0.04835466591374073,-0.049741084860903756,-0.022259901714735828,-0.049741084860903756,-0.022259901714735828,-0.006504517532535715,-0.04835466591374073
1.43,-0.0028443350685821416,-0.04989625912062473,-0.04949317234647656,-0.019003539952637656,-0.04949317234647656,-0.019003539952637656,-0.0028443350685821416,-0.04989625912062473
1.44,0.002537585089112557,-0.050732724169157487,-0.048790271605391136,-0.015535491914130672,-0.048790271605391136,-0.015535491914130672,0.002537585089112557,-0.050732724169157487
1.45,0.009061259838596921,-0.04887376037599765,-0.04755858079834333,-0.012044252732357087,-0.04755858079834333,-0.012044252732357087,0.009061259838596921,-0.04887376037599765
1.46,0.01493046829318268,-0.04404972327189458,-0.04352267393012901,-0.010167177604388296,-0.04352267393012901,-0.010167177604388296,0.01493046829318268,-0.04404972327189458
1.47,0.01839656414384259,-0.03715611525713973,-0.03813552672929142,-0.012470113919310539,-0.03813552672929142,-0.012470113919310539,0.01839656414384259,-0.03715611525713973
1.48,0.019148597911296292,-0.029553540933952654,-0.009012151304431011,-0.028017388066807966,-0.009012151304431011,-0.028017388066807966,0.019148597911296292,-0.029553540933952654
1.49,0.017646608378603202,-0.02212134693043727,0.002056434002674103,-0.024927721375405387,0.002056434002674103,-0.024927721375405387,0.017646608378603202,-0.02212134693043727
1.5,0.015235929961354004,-0.014565588181629813,0.015235929961353926,-0.014565588181629788,0.015235929961353926,-0.014565588181629788,0.015235929961354004,-0.014565588181629813
1.51,0.0020564340026742885,-0.024927721375405366,0.017646608378603178,-0.022121346930437172,0.017646608378603178,-0.022121346930437172,0.0020564340026742885,-0.024927721375405366
1.52,-0.00901215130443087,-0.028017388066807876,0.01914859791129629,-0.029553540933952557,0.01914859791129629,-0.029553540933952557,-0.00901215130443087,-0.028017388066807876
1.53,-0.038135526729291394,-0.012470113919310603,0.01839656414384262,-0.03715611525713963,0.01839656414384262,-0.03715611525713963,-0.038135526729291394,-0.012470113919310603
1.54,-0.0435226739301289,-0.010167177604388313,0.014930468293182737,-0.04404972327189451,0.014930468293182737,-0.04404972327189451,-0.0435226739301289,-0.010167177604388313
1.55,-0.04755858079834331,-0.012044252732357045,0.009061259838597005,-0.0488737603759976,0.009061259838597005,-0.0488737603759976,-0.04755858079834331,-0.012044252732357045
1.56,-0.048790271605391115,-0.015535491914130627,0.002537585089112635,-0.05073272416915747,0.002537585089112635,-0.05073272416915747,-0.048790271605391115,-0.015535491914130627
1.57,-0.049493172346476565,-0.019003539952637632,-0.0028443350685820913,-0.049896259120624745,-0.0028443350685820913,-0.049896259120624745,-0.049493172346476565,-0.019003539952637632
1.58,-0.04974108486090375,-0.022259901714735828,-0.006504517532535684,-0.04835466591374074,-0.006504517532535684,-0.04835466591374074,-0.04974108486090375,-0.022259901714735828
1.59,-0.049599225891828434,-0.025138419240213067,-0.008689857669214481,-0.04681640164632103,-0.008689857669214481,-0.04681640164632103,-0.049599225891828434,-0.025138419240213067
1.6,-0.04910062694454146,-0.02751267838087157,-0.00982821570657159,-0.04556820741024156,-0.00982821570657159,-0.04556820741024156,-0.04910062694454146,-0.02751267838087157
1.61,-0.048675320689509194,-0.029167294826700545,-0.010354975764219758,-0.04473214667918277,-0.010354975764219758,-0.04473214667918277,-0.048675320689509194,-0.029167294826700545
1.62,-0.048451467721493884,-0.030010576793457942,-0.010553897696197785,-0.04432067528582838,-0.010553897696197785,-0.04432067528582838,-0.048451467721493884,-0.030010576793457942
1.6300000000000001,-0.04845146772149389,-0.030010576793457942,-0.010553897696197785,-0.044320675285828386,-0.010553897696197785,-0.044320675285828386,-0.04845146772149389,-0.030010576793457942
1.6400000000000001,-0.0486753206895092,-0.029167294826700545,-0.010354975764219754,-0.04473214667918279,-0.010354975764219754,-0.04473214667918279,-0.0486753206895092,-0.029167294826700545
1.6500000000000001,-0.04910062694454146,-0.02751267838087162,-0.009828215706571608,-0.04556820741024155,-0.009828215706571608,-0.04556820741024155,-0.04910062694454146,-0.02751267838087162
1.6600000000000001,-0.04959922589182844,-0.025138419240213043,-0.00868985766921446,-0.04681640164632105,-0.00868985766921446,-0.04681640164632105,-0.04959922589182844,-0.025138419240213043
1.67,-0.049741084860903756,-0.022259901714735828,-0.006504517532535714,-0.04835466591374073,-0.006504517532535714,-0.04835466591374073,-0.049741084860903756,-0.022259901714735828
1.68,-0.04949317234647656,-0.019003539952637656,-0.0028443350685821494,-0.049896259120624724,-0.0028443350685821494,-0.049896259120624724,-0.04949317234647656,-0.019003539952637656
1.69,-0.048790271605391136,-0.015535491914130672,0.0025375850891125387,-0.050732724169157487,0.0025375850891125387,-0.050732724169157487,-0.048790271605391136,-0.015535491914130672
1.7,-0.04755858079834333,-0.012044252732357087,0.009061259838596908,-0.04887376037599766,0.009061259838596908,-0.04887376037599766,-0.04755858079834333,-0.012044252732357087
1.71,-0.04352267393012901,-0.010167177604388296,0.014930468293182671,-0.0440497232718946,0.014930468293182671,-0.0440497232718946,-0.04352267393012901,-0.010167177604388296
1.72,-0.03813552672929142,-0.012470113919310539,0.01839656414384259,-0.037156115257139744,0.01839656414384259,-0.037156115257139744,-0.03813552672929142,-0.012470113919310539
1.73,-0.009012151304431011,-0.028017388066807966,0.0191485979112963,-0.02955354093395267,0.0191485979112963,-0.02955354093395267,-0.009012151304431011,-0.028017388066807966
1.74,0.002056434002674103,-0.024927721375405387,0.017646608378603205,-0.022121346930437283,0.017646608378603205,-0.022121346930437283,0.002056434002674103,-0.024927721375405387
1.75,0.015235929961353926,-0.014565588181629788,0.01523592996135402,-0.014565588181629813,0.01523592996135402,-0.014565588181629813,0.015235929961353926,-0.014565588181629788
1.76,0.017646608378603178,-0.022121346930437172,0.002056434002674313,-0.024927721375405363,0.002056434002674313,-0.024927721375405363,0.017646608378603178,-0.022121346930437172
1.77,0.01914859791129629,-0.029553540933952557,-0.009012151304430846,-0.028017388066807855,-0.009012151304430846,-0.028017388066807855,0.01914859791129629,-0.029553540933952557
1.78,0.01839656414384262,-0.03715611525713963,-0.038135526729291394,-0.012470113919310603,-0.038135526729291394,-0.012470113919310603,0.01839656414384262,-0.03715611525713963
1.79,0.014930468293182737,-0.04404972327189451,-0.043522673930128895,-0.010167177604388317,-0.043522673930128895,-0.010167177604388317,0.014930468293182737,-0.04404972327189451
1.8,0.009061259838597005,-0.0488737603759976,-0.04755858079834331,-0.012044252732357045,-0.04755858079834331,-0.012044252732357045,0.009061259838597005,-0.0488737603759976
1.81,0.002537585089112635,-0.05073272416915747,-0.048790271605391115,-0.015535491914130627,-0.048790271605391115,-0.015535491914130627,0.002537585089112635,-0.05073272416915747
1.82,-0.0028443350685820913,-0.049896259120624745,-0.04949317234647656,-0.019003539952637632,-0.04949317234647656,-0.019003539952637632,-0.0028443350685820913,-0.049896259120624745
1.83,-0.006504517532535684,-0.04835466591374074,-0.04974108486090374,-0.022259901714735804,-0.04974108486090374,-0.022259901714735804,-0.006504517532535684,-0.04835466591374074
1.84,-0.008689857669214481,-0.04681640164632103,-0.04959922589182844,-0.025138419240213067,-0.04959922589182844,-0.025138419240213067,-0.008689857669214481,-0.04681640164632103
1.85,-0.00982821570657159,-0.04556820741024156,-0.04910062694454146,-0.02751267838087157,-0.04910062694454146,-0.02751267838087157,-0.00982821570657159,-0.04556820741024156
1.86,-0.010354975764219758,-0.04473214667918277,-0.048675320689509194,-0.029167294826700545,-0.048675320689509194,-0.029167294826700545,-0.010354975764219758,-0.04473214667918277
1.87,-0.010553897696197785,-0.04432067528582838,-0.048451467721493884,-0.030010576793457942,-0.048451467721493884,-0.030010576793457942,-0.010553897696197785,-0.04432067528582838
1.8800000000000001,-0.010553897696197785,-0.044320675285828386,-0.04845146772149389,-0.030010576793457942,-0.04845146772149389,-0.030010576793457942,-0.010553897696197785,-0.044320675285828386
1.8900000000000001,-0.010354975764219754,-0.04473214667918279,-0.0486753206895092,-0.029167294826700545,-0.0486753206895092,-0.029167294826700545,-0.010354975764219754,-0.04473214667918279
1.9000000000000001,-0.009828215706571608,-0.04556820741024155,-0.04910062694454146,-0.02751267838087162,-0.04910062694454146,-0.02751267838087162,-0.009828215706571608,-0.04556820741024155
1.9100000000000001,-0.00868985766921446,-0.04681640164632105,-0.04959922589182844,-0.025138419240213043,-0.04959922589182844,-0.025138419240213043,-0.00868985766921446,-0.04681640164632105
1.92,-0.006504517532535714,-0.04835466591374073,-0.049741084860903756,-0.022259901714735852,-0.049741084860903756,-0.022259901714735852,-0.006504517532535714,-0.04835466591374073
1.93,-0.0028443350685821494,-0.049896259120624724,-0.04949317234647657,-0.019003539952637705,-0.04949317234647657,-0.019003539952637705,-0.0028443350685821494,-0.049896259120624724
1.94,0.0025375850891125387,-0.050732724169157487,-0.04879027160539115,-0.015535491914130697,-0.04879027160539115,-0.015535491914130697,0.0025375850891125387,-0.050732724169157487
1.95,0.009061259838596908,-0.04887376037599766,-0.04755858079834334,-0.012044252732357083,-0.04755858079834334,-0.012044252732357083,0.009061259838596908,-0.04887376037599766
1.96,0.014930468293182671,-0.0440497232718946,-0.04352267393012902,-0.010167177604388292,-0.04352267393012902,-0.010167177604388292,0.014930468293182671,-0.0440497232718946
1.97,0.01839656414384259,-0.037156115257139744,-0.03813552672929142,-0.012470113919310546,-0.03813552672929142,-0.012470113919310546,0.01839656414384259,-0.037156115257139744
1.98,0.0191485979112963,-0.02955354093395267,-0.009012151304431035,-0.02801738806680798,-0.009012151304431035,-0.02801738806680798,0.0191485979112963,-0.02955354093395267
1.99,0.017646608378603205,-0.022121346930437283,0.002056434002674103,-0.024927721375405387,0.002056434002674103,-0.024927721375405387,0.017646608378603205,-0.022121346930437283
2.0,0.01523592996135402,-0.014565588181629813,0.015235929961353912,-0.014565588181629788,0.015235929961353912,-0.014565588181629788,0.01523592996135402,-0.014565588181629813
2.0100000000000002,0.002056434002673942,-0.024927721375405405,0.01764660837860323,-0.02212134693043737,0.01764660837860323,-0.02212134693043737,0.002056434002673942,-0.024927721375405405
2.02,-0.009012151304430846,-0.028017388066807855,0.01914859791129628,-0.029553540933952543,0.01914859791129628,-0.029553540933952543,-0.009012151304430846,-0.028017388066807855
2.0300000000000002,-0.038135526729291394,-0.012470113919310603,0.018396564143842626,-0.03715611525713961,0.018396564143842626,-0.03715611525713961,-0.038135526729291394,-0.012470113919310603
2.04,-0.043522673930128895,-0.010167177604388317,0.014930468293182748,-0.0440497232718945,0.014930468293182748,-0.0440497232718945,-0.043522673930128895,-0.010167177604388317
2.05,-0.04755858079834327,-0.012044252732356948,0.009061259838597204,-0.0488737603759975,0.009061259838597204,-0.0488737603759975,-0.04755858079834327,-0.012044252732356948
2.06,-0.048790271605391115,-0.015535491914130627,0.0025375850891126445,-0.05073272416915747,0.0025375850891126445,-0.05073272416915747,-0.048790271605391115,-0.015535491914130627
2.07,-0.04949317234647655,-0.019003539952637555,-0.002844335068581949,-0.04989625912062478,-0.002844335068581949,-0.04989625912062478,-0.04949317234647655,-0.019003539952637555
2.08,-0.04974108486090374,-0.022259901714735804,-0.0065045175325356705,-0.048354665913740755,-0.0065045175325356705,-0.048354665913740755,-0.04974108486090374,-0.022259901714735804
2.09,-0.049599225891828455,-0.02513841924021301,-0.008689857669214433,-0.046816401646321074,-0.008689857669214433,-0.046816401646321074,-0.049599225891828455,-0.02513841924021301
2.1,-0.04910062694454146,-0.02751267838087157,-0.009828215706571592,-0.04556820741024156,-0.009828215706571592,-0.04556820741024156,-0.04910062694454146,-0.02751267838087157
2.11,-0.0486753206895092,-0.029167294826700545,-0.010354975764219749,-0.044732146679182794,-0.010354975764219749,-0.044732146679182794,-0.0486753206895092,-0.029167294826700545
2.12,-0.048451467721493884,-0.030010576793457942,-0.010553897696197785,-0.04432067528582838,-0.010553897696197785,-0.04432067528582838,-0.048451467721493884,-0.030010576793457942
2.13,-0.048451467721493884,-0.030010576793457942,-0.010553897696197785,-0.04432067528582838,-0.010553897696197785,-0.04432067528582838,-0.048451467721493884,-0.030010576793457942
2.14,-0.0486753206895092,-0.029167294826700545,-0.010354975764219754,-0.04473214667918279,-0.010354975764219754,-0.04473214667918279,-0.0486753206895092,-0.029167294826700545
2.15,-0.04910062694454146,-0.02751267838087162,-0.009828215706571612,-0.04556820741024154,-0.009828215706571612,-0.04556820741024154,-0.04910062694454146,-0.02751267838087162
2.16,-0.04959922589182844,-0.025138419240213043,-0.008689857669214462,-0.046816401646321046,-0.008689857669214462,-0.046816401646321046,-0.04959922589182844,-0.025138419240213043
2.17,-0.049741084860903756,-0.022259901714735852,-0.006504517532535729,-0.04835466591374072,-0.006504517532535729,-0.04835466591374072,-0.049741084860903756,-0.022259901714735852
2.18,-0.049493172346476544,-0.019003539952637583,-0.0028443350685820306,-0.04989625912062476,-0.0028443350685820306,-0.04989625912062476,-0.049493172346476544,-0.019003539952637583
2.19,-0.04879027160539115,-0.015535491914130697,0.0025375850891125296,-0.050732724169157487,0.0025375850891125296,-0.050732724169157487,-0.04879027160539115,-0.015535491914130697
2.2,-0.04755858079834329,-0.012044252732356996,0.009061259838597081,-0.04887376037599756,0.009061259838597081,-0.04887376037599756,-0.04755858079834329,-0.012044252732356996
2.21,-0.04352267393012902,-0.010167177604388292,0.014930468293182656,-0.04404972327189462,0.014930468293182656,-0.04404972327189462,-0.04352267393012902,-0.010167177604388292
2.22,-0.03813552672929138,-0.012470113919310648,0.018396564143842643,-0.03715611525713955,0.018396564143842643,-0.03715611525713955,-0.03813552672929138,-0.012470113919310648
2.23,-0.009012151304431035,-0.02801738806680798,0.0191485979112963,-0.029553540933952682,0.0191485979112963,-0.029553540933952682,-0.009012151304431035,-0.02801738806680798
2.24,0.0020564340026744425,-0.024927721375405353,0.017646608378603157,-0.022121346930437085,0.017646608378603157,-0.022121346930437085,0.0020564340026744425,-0.024927721375405353
2.25,0.015235929961353912,-0.014565588181629788,0.015235929961354025,-0.014565588181629816,0.015235929961354025,-0.014565588181629816,0.015235929961353912,-0.014565588181629788
2.2600000000000002,0.01764660837860323,-0.02212134693043737,0.0020564340026739732,-0.024927721375405405,0.0020564340026739732,-0.024927721375405405,0.01764660837860323,-0.02212134693043737
2.27,0.01914859791129628,-0.029553540933952543,-0.009012151304430829,-0.028017388066807848,-0.009012151304430829,-0.028017388066807848,0.01914859791129628,-0.029553540933952543
2.2800000000000002,0.018396564143842626,-0.03715611525713961,-0.038135526729291394,-0.01247011391931061,-0.038135526729291394,-0.01247011391931061,0.018396564143842626,-0.03715611525713961
2.29,0.014930468293182748,-0.0440497232718945,-0.043522673930128875,-0.010167177604388327,-0.043522673930128875,-0.010167177604388327,0.014930468293182748,-0.0440497232718945
2.3000000000000003,0.009061259838596836,-0.048873760375997694,-0.04755858079834334,-0.012044252732357121,-0.04755858079834334,-0.012044252732357121,0.009061259838596836,-0.048873760375997694
2.31,0.0025375850891126445,-0.05073272416915747,-0.04879027160539115,-0.015535491914130721,-0.04879027160539115,-0.015535491914130721,0.0025375850891126445,-0.05073272416915747
2.32,-0.002844335068581949,-0.04989625912062478,-0.04949317234647653,-0.019003539952637427,-0.04949317234647653,-0.019003539952637427,-0.002844335068581949,-0.04989625912062478
2.33,-0.0065045175325356705,-0.048354665913740755,-0.049741084860903735,-0.022259901714735783,-0.049741084860903735,-0.022259901714735783,-0.0065045175325356705,-0.048354665913740755
2.34,-0.008689857669214433,-0.046816401646321074,-0.04959922589182848,-0.025138419240212907,-0.04959922589182848,-0.025138419240212907,-0.008689857669214433,-0.046816401646321074
2.35,-0.009828215706571592,-0.04556820741024156,-0.04910062694454146,-0.02751267838087157,-0.04910062694454146,-0.02751267838087157,-0.009828215706571592,-0.04556820741024156
2.36,-0.010354975764219749,-0.044732146679182794,-0.0486753206895092,-0.02916729482670052,-0.0486753206895092,-0.02916729482670052,-0.010354975764219749,-0.044732146679182794
2.37,-0.010553897696197785,-0.04432067528582838,-0.04845146772149389,-0.030010576793457918,-0.04845146772149389,-0.030010576793457918,-0.010553897696197785,-0.04432067528582838
2.38,-0.010553897696197785,-0.04432067528582838,-0.048451467721493884,-0.030010576793457942,-0.048451467721493884,-0.030010576793457942,-0.010553897696197785,-0.04432067528582838
2.39,-0.010354975764219754,-0.04473214667918279,-0.048675320689509194,-0.029167294826700593,-0.048675320689509194,-0.029167294826700593,-0.010354975764219754,-0.04473214667918279
2.4,-0.009828215706571612,-0.04556820741024154,-0.04910062694454148,-0.027512678380871566,-0.04910062694454148,-0.027512678380871566,-0.009828215706571612,-0.04556820741024154
2.41,-0.008689857669214462,-0.046816401646321046,-0.04959922589182845,-0.025138419240213063,-0.04959922589182845,-0.025138419240213063,-0.008689857669214462,-0.046816401646321046
2.42,-0.006504517532535729,-0.04835466591374072,-0.049741084860903756,-0.0222599017147358,-0.049741084860903756,-0.0222599017147358,-0.006504517532535729,-0.04835466591374072
2.43,-0.0028443350685820306,-0.04989625912062476,-0.04949317234647656,-0.019003539952637604,-0.04949317234647656,-0.019003539952637604,-0.0028443350685820306,-0.04989625912062476
2.44,0.0025375850891125296,-0.050732724169157487,-0.04879027160539116,-0.015535491914130693,-0.04879027160539116,-0.015535491914130693,0.0025375850891125296,-0.050732724169157487
2.45,0.009061259838597081,-0.04887376037599756,-0.04755858079834325,-0.012044252732356906,-0.04755858079834325,-0.012044252732356906,0.009061259838597081,-0.04887376037599756
2.46,0.014930468293182656,-0.04404972327189462,-0.04352267393012904,-0.010167177604388306,-0.04352267393012904,-0.010167177604388306,0.014930468293182656,-0.04404972327189462
2.47,0.018396564143842643,-0.03715611525713955,-0.038135526729291346,-0.012470113919310733,-0.038135526729291346,-0.012470113919310733,0.018396564143842643,-0.03715611525713955
2.48,0.0191485979112963,-0.029553540933952682,-0.009012151304431355,-0.028017388066808195,-0.009012151304431355,-0.028017388066808195,0.0191485979112963,-0.029553540933952682
2.49,0.017646608378603157,-0.022121346930437085,0.0020564340026744178,-0.024927721375405356,0.0020564340026744178,-0.024927721375405356,0.017646608378603157,-0.022121346930437085
2.5,0.015235929961354025,-0.014565588181629816,0.015235929961353728,-0.014565588181629743,0.015235929961353728,-0.014565588181629743,0.015235929961354025,-0.014565588181629816
2.5100000000000002,0.0020564340026739732,-0.024927721375405405,0.01764660837860323,-0.022121346930437356,0.01764660837860323,-0.022121346930437356,0.0020564340026739732,-0.024927721375405405
2.52,-0.009012151304430829,-0.028017388066807848,0.019148597911296264,-0.029553540933952318,0.019148597911296264,-0.029553540933952318,-0.009012151304430829,-0.028017388066807848
2.5300000000000002,-0.038135526729291394,-0.01247011391931061,0.018396564143842626,-0.037156115257139605,0.018396564143842626,-0.037156115257139605,-0.038135526729291394,-0.01247011391931061
2.54,-0.043522673930128875,-0.010167177604388327,0.014930468293182758,-0.044049723271894485,0.014930468293182758,-0.044049723271894485,-0.043522673930128875,-0.010167177604388327
2.5500000000000003,-0.04755858079834334,-0.012044252732357121,0.00906125983859703,-0.04887376037599759,0.00906125983859703,-0.04887376037599759,-0.04755858079834334,-0.012044252732357121
2.56,-0.04879027160539115,-0.015535491914130721,0.002537585089112314,-0.05073272416915753,0.002537585089112314,-0.05073272416915753,-0.04879027160539115,-0.015535491914130721
2.57,-0.04949317234647653,-0.019003539952637427,-0.0028443350685819404,-0.049896259120624786,-0.0028443350685819404,-0.049896259120624786,-0.04949317234647653,-0.019003539952637427
2.58,-0.049741084860903735,-0.022259901714735783,-0.0065045175325357495,-0.048354665913740706,-0.0065045175325357495,-0.048354665913740706,-0.049741084860903735,-0.022259901714735783
2.59,-0.04959922589182844,-0.025138419240213067,-0.008689857669214427,-0.046816401646321074,-0.008689857669214427,-0.046816401646321074,-0.04959922589182844,-0.025138419240213067
2.6,-0.04910062694454146,-0.02751267838087157,-0.009828215706571608,-0.04556820741024154,-0.009828215706571608,-0.04556820741024154,-0.04910062694454146,-0.02751267838087157
2.61,-0.0486753206895092,-0.02916729482670052,-0.01035497576421974,-0.044732146679182815,-0.01035497576421974,-0.044732146679182815,-0.0486753206895092,-0.02916729482670052
2.62,-0.04845146772149389,-0.030010576793457918,-0.010553897696197785,-0.044320675285828386,-0.010553897696197785,-0.044320675285828386,-0.04845146772149389,-0.030010576793457918
2.63,-0.048451467721493884,-0.030010576793457942,-0.010553897696197792,-0.04432067528582837,-0.010553897696197792,-0.04432067528582837,-0.048451467721493884,-0.030010576793457942
2.64,-0.0486753206895092,-0.029167294826700496,-0.010354975764219754,-0.04473214667918279,-0.010354975764219754,-0.04473214667918279,-0.0486753206895092,-0.029167294826700496
2.65,-0.04910062694454144,-0.027512678380871673,-0.009828215706571651,-0.04556820741024148,-0.009828215706571651,-0.04556820741024148,-0.04910062694454144,-0.027512678380871673
2.66,-0.04959922589182845,-0.025138419240213063,-0.008689857669214509,-0.046816401646321004,-0.008689857669214509,-0.046816401646321004,-0.04959922589182845,-0.025138419240213063
2.67,-0.049741084860903756,-0.0222599017147358,-0.006504517532535569,-0.04835466591374081,-0.006504517532535569,-0.04835466591374081,-0.049741084860903756,-0.0222599017147358
2.68,-0.04949317234647656,-0.019003539952637604,-0.002844335068582172,-0.049896259120624724,-0.002844335068582172,-0.049896259120624724,-0.04949317234647656,-0.019003539952637604
2.69,-0.04879027160539116,-0.015535491914130693,0.002537585089112687,-0.050732724169157466,0.002537585089112687,-0.050732724169157466,-0.04879027160539116,-0.015535491914130693
2.7,-0.04755858079834334,-0.012044252732357083,0.009061259838596705,-0.04887376037599776,0.009061259838596705,-0.04887376037599776,-0.04755858079834334,-0.012044252732357083
2.71,-0.04352267393012904,-0.010167177604388306,0.014930468293182784,-0.04404972327189446,0.014930468293182784,-0.04404972327189446,-0.04352267393012904,-0.010167177604388306
2.72,-0.038135526729291346,-0.012470113919310733,0.01839656414384275,-0.03715611525713914,0.01839656414384275,-0.03715611525713914,-0.038135526729291346,-0.012470113919310733
2.73,-0.009012151304431355,-0.028017388066808195,0.019148597911296295,-0.029553540933952696,0.019148597911296295,-0.029553540933952696,-0.009012151304431355,-0.028017388066808195
2.74,0.0020564340026744178,-0.024927721375405356,0.0176466083786031,-0.022121346930436887,0.0176466083786031,-0.022121346930436887,0.0020564340026744178,-0.024927721375405356
2.75,0.015235929961353728,-0.014565588181629743,0.015235929961354032,-0.01456558818162982,0.015235929961354032,-0.01456558818162982,0.015235929961353728,-0.014565588181629743
2.7600000000000002,0.01764660837860323,-0.022121346930437356,0.0020564340026736298,-0.024927721375405446,0.0020564340026736298,-0.024927721375405446,0.01764660837860323,-0.022121346930437356
2.77,0.019148597911296302,-0.029553540933952745,-0.0090121513044308,-0.028017388066807824,-0.0090121513044308,-0.028017388066807824,0.019148597911296302,-0.029553540933952745
2.7800000000000002,0.018396564143842626,-0.037156115257139605,-0.038135526729291436,-0.012470113919310508,-0.038135526729291436,-0.012470113919310508,0.018396564143842626,-0.037156115257139605
2.79,0.014930468293182758,-0.044049723271894485,-0.04352267393012861,-0.010167177604388341,-0.04352267393012861,-0.010167177604388341,0.014930468293182758,-0.044049723271894485
2.8000000000000003,0.00906125983859703,-0.04887376037599759,-0.047558580798343346,-0.012044252732357114,-0.047558580798343346,-0.012044252732357114,0.00906125983859703,-0.04887376037599759
2.81,0.002537585089112651,-0.05073272416915747,-0.048790271605391095,-0.01553549191413053,-0.048790271605391095,-0.01553549191413053,0.002537585089112651,-0.05073272416915747
2.82,-0.0028443350685819404,-0.049896259120624786,-0.049493172346476565,-0.0190035399526376,-0.049493172346476565,-0.0190035399526376,-0.0028443350685819404,-0.049896259120624786
2.83,-0.006504517532535592,-0.048354665913740796,-0.049741084860903735,-0.022259901714735627,-0.049741084860903735,-0.022259901714735627,-0.006504517532535592,-0.048354665913740796
2.84,-0.008689857669214427,-0.046816401646321074,-0.04959922589182844,-0.025138419240213067,-0.04959922589182844,-0.025138419240213067,-0.008689857669214427,-0.046816401646321074
2.85,-0.009828215706571608,-0.04556820741024154,-0.04910062694454143,-0.027512678380871673,-0.04910062694454143,-0.027512678380871673,-0.009828215706571608,-0.04556820741024154
2.86,-0.01035497576421974,-0.044732146679182815,-0.0486753206895092,-0.02916729482670052,-0.0486753206895092,-0.02916729482670052,-0.01035497576421974,-0.044732146679182815
2.87,-0.010553897696197785,-0.044320675285828386,-0.048451467721493884,-0.030010576793457942,-0.048451467721493884,-0.030010576793457942,-0.010553897696197785,-0.044320675285828386
2.88,-0.010553897696197785,-0.044320675285828386,-0.048451467721493884,-0.030010576793457942,-0.048451467721493884,-0.030010576793457942,-0.010553897696197785,-0.044320675285828386
2.89,-0.010354975764219754,-0.04473214667918279,-0.0486753206895092,-0.029167294826700496,-0.0486753206895092,-0.029167294826700496,-0.010354975764219754,-0.04473214667918279
2.9,-0.009828215706571612,-0.04556820741024154,-0.049100626944541426,-0.027512678380871677,-0.049100626944541426,-0.027512678380871677,-0.009828215706571612,-0.04556820741024154
2.91,-0.008689857669214509,-0.046816401646321004,-0.04959922589182844,-0.025138419240213067,-0.04959922589182844,-0.025138419240213067,-0.008689857669214509,-0.046816401646321004
2.92,-0.006504517532535731,-0.04835466591374071,-0.04974108486090375,-0.022259901714735953,-0.04974108486090375,-0.022259901714735953,-0.006504517532535731,-0.04835466591374071
2.93,-0.0028443350685819118,-0.049896259120624786,-0.04949317234647656,-0.019003539952637604,-0.04949317234647656,-0.019003539952637604,-0.0028443350685819118,-0.049896259120624786
2.94,0.002537585089112348,-0.050732724169157514,-0.04879027160539122,-0.015535491914130912,-0.04879027160539122,-0.015535491914130912,0.002537585089112348,-0.050732724169157514
2.95,0.009061259838597072,-0.04887376037599757,-0.04755858079834334,-0.012044252732357083,-0.04755858079834334,-0.012044252732357083,0.009061259838597072,-0.04887376037599757
2.96,0.014930468293182784,-0.04404972327189446,-0.04352267393012858,-0.010167177604388358,-0.04352267393012858,-0.010167177604388358,0.014930468293182784,-0.04404972327189446
2.97,0.018396564143842636,-0.03715611525713956,-0.03813552672929143,-0.012470113919310534,-0.03813552672929143,-0.012470113919310534,0.018396564143842636,-0.03715611525713956
2.98,0.019148597911296295,-0.029553540933952696,-0.009012151304430758,-0.028017388066807796,-0.009012151304430758,-0.028017388066807796,0.019148597911296295,-0.029553540933952696
2.99,0.017646608378603216,-0.022121346930437314,0.002056434002673679,-0.02492772137540544,0.002056434002673679,-0.02492772137540544,0.017646608378603216,-0.022121346930437314
3.0,0.015235929961354032,-0.01456558818162982,0.015235929961354061,-0.014565588181629827,0.015235929961354061,-0.014565588181629827,0.015235929961354032,-0.01456558818162982
3.0100000000000002,0.0020564340026736298,-0.024927721375405446,0.017646608378603334,-0.02212134693043777,0.017646608378603334,-0.02212134693043777,0.0020564340026736298,-0.024927721375405446
3.02,-0.0090121513044308,-0.028017388066807824,0.0191485979112963,-0.02955354093395273,0.0191485979112963,-0.02955354093395273,-0.0090121513044308,-0.028017388066807824
3.0300000000000002,-0.038135526729291436,-0.012470113919310508,0.01839656414384251,-0.037156115257140014,0.01839656414384251,-0.037156115257140014,-0.038135526729291436,-0.012470113919310508
3.04,-0.04352267393012861,-0.010167177604388341,0.014930468293182769,-0.04404972327189448,0.014930468293182769,-0.04404972327189448,-0.04352267393012861,-0.010167177604388341
3.0500000000000003,-0.047558580798343346,-0.012044252732357114,0.00906125983859667,-0.04887376037599778,0.00906125983859667,-0.04887376037599778,-0.047558580798343346,-0.012044252732357114
3.06,-0.04879027160539114,-0.015535491914130724,0.002537585089112669,-0.05073272416915747,0.002537585089112669,-0.05073272416915747,-0.04879027160539114,-0.015535491914130724
3.0700000000000003,-0.049493172346476565,-0.0190035399526376,-0.002844335068582186,-0.04989625912062472,-0.002844335068582186,-0.04989625912062472,-0.049493172346476565,-0.0190035399526376
3.08,-0.049741084860903735,-0.022259901714735783,-0.006504517532535581,-0.0483546659137408,-0.006504517532535581,-0.0483546659137408,-0.049741084860903735,-0.022259901714735783
3.09,-0.04959922589182844,-0.025138419240213067,-0.008689857669214514,-0.046816401646321,-0.008689857669214514,-0.046816401646321,-0.04959922589182844,-0.025138419240213067
3.1,-0.04910062694454146,-0.02751267838087157,-0.009828215706571565,-0.0455682074102416,-0.009828215706571565,-0.0455682074102416,-0.04910062694454146,-0.02751267838087157
3.11,-0.0486753206895092,-0.02916729482670052,-0.010354975764219756,-0.04473214667918278,-0.010354975764219756,-0.04473214667918278,-0.0486753206895092,-0.02916729482670052
3.12,-0.04845146772149389,-0.030010576793457918,-0.010553897696197781,-0.04432067528582839,-0.010553897696197781,-0.04432067528582839,-0.04845146772149389,-0.030010576793457918
3.13,-0.048451467721493884,-0.030010576793457942,-0.010553897696197785,-0.044320675285828386,-0.010553897696197785,-0.044320675285828386,-0.048451467721493884,-0.030010576793457942
3.14,-0.0486753206895092,-0.029167294826700496,-0.01035497576421974,-0.04473214667918282,-0.01035497576421974,-0.04473214667918282,-0.0486753206895092,-0.029167294826700496
3.15,-0.049100626944541426,-0.027512678380871677,-0.00982821570657161,-0.04556820741024154,-0.00982821570657161,-0.04556820741024154,-0.049100626944541426,-0.027512678380871677
3.16,-0.04959922589182844,-0.025138419240213067,-0.008689857669214427,-0.04681640164632108,-0.008689857669214427,-0.04681640164632108,-0.04959922589182844,-0.025138419240213067
3.17,-0.049741084860903735,-0.022259901714735783,-0.00650451753253574,-0.048354665913740706,-0.00650451753253574,-0.048354665913740706,-0.049741084860903735,-0.022259901714735783
3.18,-0.04949317234647656,-0.019003539952637604,-0.0028443350685819248,-0.049896259120624786,-0.0028443350685819248,-0.049896259120624786,-0.04949317234647656,-0.019003539952637604
3.19,-0.04879027160539114,-0.0155354919141307,0.002537585089112339,-0.05073272416915752,0.002537585089112339,-0.05073272416915752,-0.04879027160539114,-0.0155354919141307
3.2,-0.04755858079834334,-0.012044252732357083,0.009061259838597055,-0.048873760375997576,0.009061259838597055,-0.048873760375997576,-0.04755858079834334,-0.012044252732357083
3.21,-0.04352267393012905,-0.0101671776043883,0.01493046829318251,-0.044049723271894804,0.01493046829318251,-0.044049723271894804,-0.04352267393012905,-0.0101671776043883
3.22,-0.038135526729291346,-0.012470113919310726,0.018396564143842633,-0.03715611525713957,0.018396564143842633,-0.03715611525713957,-0.038135526729291346,-0.012470113919310726
3.23,-0.009012151304431374,-0.028017388066808206,0.01914859791129634,-0.029553540933953133,0.01914859791129634,-0.029553540933953133,-0.009012151304431374,-0.028017388066808206
3.24,0.002056434002674393,-0.024927721375405356,0.01764660837860322,-0.022121346930437324,0.01764660837860322,-0.022121346930437324,0.002056434002674393,-0.024927721375405356
3.25,0.015235929961354061,-0.014565588181629827,0.015235929961353695,-0.014565588181629736,0.015235929961353695,-0.014565588181629736,0.015235929961354061,-0.014565588181629827
3.2600000000000002,0.017646608378603223,-0.02212134693043734,0.0020564340026743688,-0.02492772137540536,0.0020564340026743688,-0.02492772137540536,0.017646608378603223,-0.02212134693043734
3.27,0.0191485979112963,-0.02955354093395273,-0.0090121513044314,-0.02801738806680822,-0.0090121513044314,-0.02801738806680822,0.0191485979112963,-0.02955354093395273
3.2800000000000002,0.018396564143842626,-0.0371561152571396,-0.03813552672929135,-0.012470113919310712,-0.03813552672929135,-0.012470113919310712,0.018396564143842626,-0.0371561152571396
3.29,0.014930468293182769,-0.04404972327189448,-0.04352267393012908,-0.010167177604388306,-0.04352267393012908,-0.010167177604388306,0.014930468293182769,-0.04404972327189448
3.3000000000000003,0.009061259838597046,-0.04887376037599758,-0.047558580798343256,-0.012044252732356903,-0.047558580798343256,-0.012044252732356903,0.009061259838597046,-0.04887376037599758
3.31,0.002537585089112669,-0.05073272416915747,-0.048790271605391136,-0.015535491914130728,-0.048790271605391136,-0.015535491914130728,0.002537585089112669,-0.05073272416915747
3.3200000000000003,-0.002844335068582186,-0.04989625912062472,-0.0494931723464766,-0.019003539952637802,-0.0494931723464766,-0.019003539952637802,-0.002844335068582186,-0.04989625912062472
3.33,-0.006504517532535581,-0.0483546659137408,-0.049741084860903735,-0.022259901714735783,-0.049741084860903735,-0.022259901714735783,-0.006504517532535581,-0.0483546659137408
3.34,-0.008689857669214431,-0.04681640164632108,-0.049599225891828476,-0.025138419240212907,-0.049599225891828476,-0.025138419240212907,-0.008689857669214431,-0.04681640164632108
3.35,-0.009828215706571608,-0.04556820741024154,-0.049100626944541474,-0.02751267838087157,-0.049100626944541474,-0.02751267838087157,-0.009828215706571608,-0.04556820741024154
3.36,-0.01035497576421974,-0.044732146679182815,-0.048675320689509215,-0.029167294826700448,-0.048675320689509215,-0.029167294826700448,-0.01035497576421974,-0.044732146679182815
3.37,-0.010553897696197785,-0.044320675285828386,-0.04845146772149389,-0.030010576793457918,-0.04845146772149389,-0.030010576793457918,-0.010553897696197785,-0.044320675285828386
3.38,-0.010553897696197785,-0.044320675285828386,-0.04845146772149389,-0.030010576793457918,-0.04845146772149389,-0.030010576793457918,-0.010553897696197785,-0.044320675285828386
3.39,-0.010354975764219754,-0.04473214667918279,-0.048675320689509194,-0.029167294826700593,-0.048675320689509194,-0.029167294826700593,-0.010354975764219754,-0.04473214667918279
3.4,-0.00982821570657161,-0.04556820741024154,-0.049100626944541474,-0.02751267838087157,-0.049100626944541474,-0.02751267838087157,-0.00982821570657161,-0.04556820741024154
3.41,-0.008689857669214509,-0.046816401646321004,-0.04959922589182842,-0.025138419240213195,-0.04959922589182842,-0.025138419240213195,-0.008689857669214509,-0.046816401646321004
3.42,-0.00650451753253574,-0.048354665913740706,-0.049741084860903735,-0.022259901714735783,-0.049741084860903735,-0.022259901714735783,-0.00650451753253574,-0.048354665913740706
3.43,-0.0028443350685819248,-0.049896259120624786,-0.04949317234647654,-0.019003539952637427,-0.04949317234647654,-0.019003539952637427,-0.0028443350685819248,-0.049896259120624786
3.44,0.002537585089112339,-0.05073272416915752,-0.048790271605391136,-0.015535491914130728,-0.048790271605391136,-0.015535491914130728,0.002537585089112339,-0.05073272416915752
3.45,0.009061259838597055,-0.048873760375997576,-0.047558580798343256,-0.012044252732356903,-0.047558580798343256,-0.012044252732356903,0.009061259838597055,-0.048873760375997576
3.46,0.014930468293182777,-0.044049723271894464,-0.04352267393012908,-0.010167177604388306,-0.04352267393012908,-0.010167177604388306,0.014930468293182777,-0.044049723271894464
3.47,0.018396564143842633,-0.03715611525713957,-0.03813552672929135,-0.012470113919310712,-0.03813552672929135,-0.012470113919310712,0.018396564143842633,-0.03715611525713957
3.48,0.0191485979112963,-0.029553540933952713,-0.0090121513044314,-0.02801738806680822,-0.0090121513044314,-0.02801738806680822,0.0191485979112963,-0.029553540933952713
3.49,0.01764660837860322,-0.022121346930437324,0.0020564340026743688,-0.02492772137540536,0.0020564340026743688,-0.02492772137540536,0.01764660837860322,-0.022121346930437324
3.5,0.015235929961354045,-0.01456558818162982,0.015235929961353695,-0.014565588181629736,0.015235929961353695,-0.014565588181629736,0.015235929961354045,-0.01456558818162982
3.5100000000000002,0.002056434002673655,-0.02492772137540544,0.01764660837860322,-0.022121346930437324,0.01764660837860322,-0.022121346930437324,0.002056434002673655,-0.02492772137540544
3.52,-0.009012151304430779,-0.028017388066807813,0.019148597911296264,-0.029553540933952294,0.019148597911296264,-0.029553540933952294,-0.009012151304430779,-0.028017388066807813
3.5300000000000002,-0.03813552672929143,-0.01247011391931052,0.018396564143842633,-0.037156115257139584,0.018396564143842633,-0.037156115257139584,-0.03813552672929143,-0.01247011391931052
3.54,-0.04352267393012858,-0.010167177604388358,0.014930468293183043,-0.04404972327189412,0.014930468293183043,-0.04404972327189412,-0.04352267393012858,-0.010167177604388358
3.5500000000000003,-0.047558580798343346,-0.012044252732357114,0.009061259838597055,-0.048873760375997576,0.009061259838597055,-0.048873760375997576,-0.047558580798343346,-0.012044252732357114
3.56,-0.048790271605391136,-0.015535491914130728,0.002537585089112339,-0.05073272416915752,0.002537585089112339,-0.05073272416915752,-0.048790271605391136,-0.015535491914130728
3.5700000000000003,-0.049493172346476565,-0.0190035399526376,-0.0028443350685819248,-0.049896259120624786,-0.0028443350685819248,-0.049896259120624786,-0.049493172346476565,-0.0190035399526376
3.58,-0.049741084860903735,-0.022259901714735783,-0.00650451753253574,-0.048354665913740706,-0.00650451753253574,-0.048354665913740706,-0.049741084860903735,-0.022259901714735783
3.59,-0.04959922589182844,-0.025138419240213067,-0.008689857669214427,-0.04681640164632108,-0.008689857669214427,-0.04681640164632108,-0.04959922589182844,-0.025138419240213067
3.6,-0.049100626944541474,-0.02751267838087157,-0.00982821570657161,-0.04556820741024154,-0.00982821570657161,-0.04556820741024154,-0.049100626944541474,-0.02751267838087157
3.61,-0.0486753206895092,-0.029167294826700496,-0.01035497576421974,-0.04473214667918282,-0.01035497576421974,-0.04473214667918282,-0.0486753206895092,-0.029167294826700496
3.62,-0.04845146772149389,-0.030010576793457918,-0.010553897696197785,-0.044320675285828386,-0.010553897696197785,-0.044320675285828386,-0.04845146772149389,-0.030010576793457918
3.63,-0.048451467721493884,-0.030010576793457942,-0.010553897696197792,-0.04432067528582837,-0.010553897696197792,-0.04432067528582837,-0.048451467721493884,-0.030010576793457942
3.64,-0.0486753206895092,-0.029167294826700496,-0.010354975764219756,-0.04473214667918278,-0.010354975764219756,-0.04473214667918278,-0.0486753206895092,-0.029167294826700496
3.65,-0.049100626944541426,-0.027512678380871677,-0.00982821570657165,-0.04556820741024148,-0.00982821570657165,-0.04556820741024148,-0.049100626944541426,-0.027512678380871677
3.66,-0.04959922589182844,-0.025138419240213067,-0.008689857669214514,-0.046816401646321,-0.008689857669214514,-0.046816401646321,-0.04959922589182844,-0.025138419240213067
3.67,-0.049741084860903735,-0.022259901714735783,-0.006504517532535581,-0.0483546659137408,-0.006504517532535581,-0.0483546659137408,-0.049741084860903735,-0.022259901714735783
3.68,-0.049493172346476565,-0.0190035399526376,-0.002844335068582186,-0.04989625912062472,-0.002844335068582186,-0.04989625912062472,-0.049493172346476565,-0.0190035399526376
3.69,-0.048790271605391136,-0.015535491914130728,0.002537585089112669,-0.05073272416915747,0.002537585089112669,-0.05073272416915747,-0.048790271605391136,-0.015535491914130728
3.7,-0.047558580798343346,-0.012044252732357114,0.00906125983859667,-0.04887376037599778,0.00906125983859667,-0.04887376037599778,-0.047558580798343346,-0.012044252732357114
3.71,-0.04352267393012908,-0.010167177604388306,0.014930468293182769,-0.04404972327189448,0.014930468293182769,-0.04404972327189448,-0.04352267393012908,-0.010167177604388306
3.72,-0.03813552672929135,-0.012470113919310712,0.01839656414384275,-0.03715611525713916,0.01839656414384275,-0.03715611525713916,-0.03813552672929135,-0.012470113919310712
3.73,-0.0090121513044314,-0.02801738806680822,0.0191485979112963,-0.02955354093395273,0.0191485979112963,-0.02955354093395273,-0.0090121513044314,-0.02801738806680822
3.74,0.0020564340026743688,-0.02492772137540536,0.017646608378603105,-0.022121346930436908,0.017646608378603105,-0.022121346930436908,0.0020564340026743688,-0.02492772137540536
3.75,0.015235929961353695,-0.014565588181629736,0.015235929961354061,-0.014565588181629827,0.015235929961354061,-0.014565588181629827,0.015235929961353695,-0.014565588181629736
3.7600000000000002,0.01764660837860322,-0.022121346930437324,0.002056434002673679,-0.02492772137540544,0.002056434002673679,-0.02492772137540544,0.01764660837860322,-0.022121346930437324
3.77,0.0191485979112963,-0.029553540933952713,-0.009012151304430758,-0.028017388066807796,-0.009012151304430758,-0.028017388066807796,0.0191485979112963,-0.029553540933952713
3.7800000000000002,0.018396564143842633,-0.037156115257139584,-0.03813552672929143,-0.012470113919310534,-0.03813552672929143,-0.012470113919310534,0.018396564143842633,-0.037156115257139584
3.79,0.014930468293182777,-0.044049723271894464,-0.04352267393012858,-0.010167177604388358,-0.04352267393012858,-0.010167177604388358,0.014930468293182777,-0.044049723271894464
3.8000000000000003,0.009061259838597055,-0.048873760375997576,-0.04755858079834334,-0.012044252732357083,-0.04755858079834334,-0.012044252732357083,0.009061259838597055,-0.048873760375997576
3.81,0.002537585089112678,-0.050732724169157466,-0.048790271605391095,-0.01553549191413053,-0.048790271605391095,-0.01553549191413053,0.002537585089112678,-0.050732724169157466
3.8200000000000003,-0.00284433506858218,-0.04989625912062472,-0.04949317234647656,-0.019003539952637604,-0.04949317234647656,-0.019003539952637604,-0.00284433506858218,-0.04989625912062472
3.83,-0.006504517532535581,-0.0483546659137408,-0.04974108486090374,-0.022259901714735623,-0.04974108486090374,-0.022259901714735623,-0.006504517532535581,-0.0483546659137408
3.84,-0.008689857669214427,-0.04681640164632108,-0.04959922589182844,-0.025138419240213067,-0.04959922589182844,-0.025138419240213067,-0.008689857669214427,-0.04681640164632108
3.85,-0.00982821570657161,-0.04556820741024154,-0.049100626944541426,-0.027512678380871677,-0.049100626944541426,-0.027512678380871677,-0.00982821570657161,-0.04556820741024154
3.86,-0.01035497576421974,-0.04473214667918282,-0.0486753206895092,-0.029167294826700496,-0.0486753206895092,-0.029167294826700496,-0.01035497576421974,-0.04473214667918282
3.87,-0.010553897696197785,-0.044320675285828386,-0.048451467721493884,-0.030010576793457942,-0.048451467721493884,-0.030010576793457942,-0.010553897696197785,-0.044320675285828386
3.88,-0.010553897696197785,-0.044320675285828386,-0.048451467721493884,-0.030010576793457942,-0.048451467721493884,-0.030010576793457942,-0.010553897696197785,-0.044320675285828386
3.89,-0.010354975764219756,-0.04473214667918278,-0.0486753206895092,-0.02916729482670052,-0.0486753206895092,-0.02916729482670052,-0.010354975764219756,-0.04473214667918278
3.9,-0.009828215706571608,-0.04556820741024154,-0.04910062694454143,-0.027512678380871673,-0.04910062694454143,-0.027512678380871673,-0.009828215706571608,-0.04556820741024154
3.91,-0.008689857669214514,-0.046816401646321,-0.04959922589182844,-0.025138419240213067,-0.04959922589182844,-0.025138419240213067,-0.008689857669214514,-0.046816401646321
3.92,-0.006504517532535742,-0.04835466591374071,-0.049741084860903756,-0.022259901714735953,-0.049741084860903756,-0.022259901714735953,-0.006504517532535742,-0.04835466591374071
3.93,-0.0028443350685819248,-0.049896259120624786,-0.049493172346476565,-0.0190035399526376,-0.049493172346476565,-0.0190035399526376,-0.0028443350685819248,-0.049896259120624786
3.94,0.0025375850891123227,-0.05073272416915752,-0.048790271605391226,-0.015535491914130905,-0.048790271605391226,-0.015535491914130905,0.0025375850891123227,-0.05073272416915752
3.95,0.009061259838597046,-0.04887376037599758,-0.047558580798343346,-0.012044252732357114,-0.047558580798343346,-0.012044252732357114,0.009061259838597046,-0.04887376037599758
3.96,0.014930468293182769,-0.04404972327189448,-0.04352267393012861,-0.010167177604388341,-0.04352267393012861,-0.010167177604388341,0.014930468293182769,-0.04404972327189448
3.97,0.018396564143842626,-0.0371561152571396,-0.038135526729291436,-0.012470113919310508,-0.038135526729291436,-0.012470113919310508,0.018396564143842626,-0.0371561152571396
3.98,0.0191485979112963,-0.02955354093395273,-0.0090121513044308,-0.028017388066807824,-0.0090121513044308,-0.028017388066807824,0.0191485979112963,-0.02955354093395273
3.99,0.017646608378603223,-0.02212134693043734,0.0020564340026736298,-0.024927721375405446,0.0020564340026736298,-0.024927721375405446,0.017646608378603223,-0.02212134693043734
4.0,0.015235929961354061,-0.014565588181629827,0.015235929961354032,-0.01456558818162982,0.015235929961354032,-0.01456558818162982,0.015235929961354061,-0.014565588181629827
4.01,0.002056434002674393,-0.024927721375405356,0.0176466083786031,-0.022121346930436887,0.0176466083786031,-0.022121346930436887,0.002056434002674393,-0.024927721375405356
4.0200000000000005,-0.009012151304431374,-0.028017388066808206,0.019148597911296295,-0.029553540933952696,0.019148597911296295,-0.029553540933952696,-0.009012151304431374,-0.028017388066808206
4.03,-0.03813552672929143,-0.012470113919310534,0.018396564143842522,-0.03715611525713998,0.018396564143842522,-0.03715611525713998,-0.03813552672929143,-0.012470113919310534
4.04,-0.04352267393012858,-0.010167177604388358,0.014930468293182784,-0.04404972327189446,0.014930468293182784,-0.04404972327189446,-0.04352267393012858,-0.010167177604388358
4.05,-0.047558580798343256,-0.012044252732356903,0.009061259838597438,-0.048873760375997374,0.009061259838597438,-0.048873760375997374,-0.047558580798343256,-0.012044252732356903
4.0600000000000005,-0.04879027160539114,-0.0155354919141307,0.002537585089112687,-0.050732724169157466,0.002537585089112687,-0.050732724169157466,-0.04879027160539114,-0.0155354919141307
4.07,-0.04949317234647656,-0.019003539952637604,-0.002844335068582172,-0.049896259120624724,-0.002844335068582172,-0.049896259120624724,-0.04949317234647656,-0.019003539952637604
4.08,-0.049741084860903735,-0.022259901714735783,-0.006504517532535574,-0.04835466591374081,-0.006504517532535574,-0.04835466591374081,-0.049741084860903735,-0.022259901714735783
4.09,-0.04959922589182844,-0.025138419240213067,-0.008689857669214509,-0.046816401646321004,-0.008689857669214509,-0.046816401646321004,-0.04959922589182844,-0.025138419240213067
4.1,-0.0491006269445415,-0.02751267838087144,-0.009828215706571566,-0.045568207410241604,-0.009828215706571566,-0.045568207410241604,-0.0491006269445415,-0.02751267838087144
4.11,-0.048675320689509194,-0.029167294826700593,-0.010354975764219754,-0.04473214667918279,-0.010354975764219754,-0.04473214667918279,-0.048675320689509194,-0.029167294826700593
4.12,-0.04845146772149389,-0.030010576793457918,-0.010553897696197781,-0.04432067528582839,-0.010553897696197781,-0.04432067528582839,-0.04845146772149389,-0.030010576793457918
4.13,-0.048451467721493884,-0.030010576793457942,-0.010553897696197785,-0.044320675285828386,-0.010553897696197785,-0.044320675285828386,-0.048451467721493884,-0.030010576793457942
4.14,-0.048675320689509194,-0.029167294826700593,-0.01035497576421977,-0.044732146679182745,-0.01035497576421977,-0.044732146679182745,-0.048675320689509194,-0.029167294826700593
4.15,-0.04910062694454146,-0.02751267838087157,-0.009828215706571608,-0.04556820741024154,-0.009828215706571608,-0.04556820741024154,-0.04910062694454146,-0.02751267838087157
4.16,-0.04959922589182844,-0.025138419240213067,-0.008689857669214427,-0.046816401646321074,-0.008689857669214427,-0.046816401646321074,-0.04959922589182844,-0.025138419240213067
4.17,-0.049741084860903735,-0.022259901714735783,-0.0065045175325357495,-0.048354665913740706,-0.0065045175325357495,-0.048354665913740706,-0.049741084860903735,-0.022259901714735783
4.18,-0.0494931723464766,-0.019003539952637802,-0.0028443350685824565,-0.04989625912062464,-0.0028443350685824565,-0.04989625912062464,-0.0494931723464766,-0.019003539952637802
4.19,-0.048790271605391095,-0.01553549191413053,0.0025375850891129993,-0.05073272416915742,0.0025375850891129993,-0.05073272416915742,-0.048790271605391095,-0.01553549191413053
4.2,-0.047558580798343346,-0.012044252732357114,0.00906125983859703,-0.04887376037599759,0.00906125983859703,-0.04887376037599759,-0.047558580798343346,-0.012044252732357114
4.21,-0.043522673930129104,-0.010167177604388296,0.014930468293182486,-0.04404972327189483,0.014930468293182486,-0.04404972327189483,-0.043522673930129104,-0.010167177604388296
4.22,-0.038135526729291436,-0.012470113919310508,0.018396564143842626,-0.037156115257139605,0.018396564143842626,-0.037156115257139605,-0.038135526729291436,-0.012470113919310508
4.23,-0.0090121513044308,-0.028017388066807824,0.019148597911296264,-0.029553540933952318,0.019148597911296264,-0.029553540933952318,-0.0090121513044308,-0.028017388066807824
4.24,0.002056434002674341,-0.024927721375405363,0.01764660837860323,-0.022121346930437356,0.01764660837860323,-0.022121346930437356,0.002056434002674341,-0.024927721375405363
4.25,0.015235929961354032,-0.01456558818162982,0.015235929961353728,-0.014565588181629743,0.015235929961353728,-0.014565588181629743,0.015235929961354032,-0.01456558818162982
4.26,0.0176466083786031,-0.022121346930436887,0.0020564340026744178,-0.024927721375405356,0.0020564340026744178,-0.024927721375405356,0.0176466083786031,-0.022121346930436887
4.2700000000000005,0.019148597911296337,-0.02955354093395312,-0.009012151304431355,-0.028017388066808195,-0.009012151304431355,-0.028017388066808195,0.019148597911296337,-0.02955354093395312
4.28,0.018396564143842636,-0.03715611525713956,-0.038135526729291346,-0.012470113919310733,-0.038135526729291346,-0.012470113919310733,0.018396564143842636,-0.03715611525713956
4.29,0.014930468293182784,-0.04404972327189446,-0.04352267393012904,-0.010167177604388306,-0.04352267393012904,-0.010167177604388306,0.014930468293182784,-0.04404972327189446
4.3,0.009061259838597072,-0.04887376037599757,-0.04755858079834325,-0.012044252732356906,-0.04755858079834325,-0.012044252732356906,0.009061259838597072,-0.04887376037599757
4.3100000000000005,0.002537585089112348,-0.050732724169157514,-0.04879027160539116,-0.015535491914130693,-0.04879027160539116,-0.015535491914130693,0.002537585089112348,-0.050732724169157514
4.32,-0.002844335068582172,-0.049896259120624724,-0.04949317234647659,-0.019003539952637778,-0.04949317234647659,-0.019003539952637778,-0.002844335068582172,-0.049896259120624724
4.33,-0.006504517532535574,-0.04835466591374081,-0.049741084860903756,-0.0222599017147358,-0.049741084860903756,-0.0222599017147358,-0.006504517532535574,-0.04835466591374081
4.34,-0.008689857669214427,-0.04681640164632108,-0.04959922589182849,-0.025138419240212907,-0.04959922589182849,-0.025138419240212907,-0.008689857669214427,-0.04681640164632108
4.3500000000000005,-0.009828215706571612,-0.04556820741024154,-0.04910062694454148,-0.027512678380871566,-0.04910062694454148,-0.027512678380871566,-0.009828215706571612,-0.04556820741024154
4.36,-0.010354975764219754,-0.04473214667918279,-0.048675320689509194,-0.029167294826700593,-0.048675320689509194,-0.029167294826700593,-0.010354975764219754,-0.04473214667918279
4.37,-0.010553897696197785,-0.044320675285828386,-0.04845146772149389,-0.030010576793457918,-0.04845146772149389,-0.030010576793457918,-0.010553897696197785,-0.044320675285828386
4.38,-0.010553897696197785,-0.044320675285828386,-0.04845146772149389,-0.030010576793457918,-0.04845146772149389,-0.030010576793457918,-0.010553897696197785,-0.044320675285828386
4.39,-0.01035497576421977,-0.044732146679182745,-0.048675320689509194,-0.029167294826700593,-0.048675320689509194,-0.029167294826700593,-0.01035497576421977,-0.044732146679182745
4.4,-0.009828215706571573,-0.0455682074102416,-0.04910062694454146,-0.02751267838087157,-0.04910062694454146,-0.02751267838087157,-0.009828215706571573,-0.0455682074102416
4.41,-0.008689857669214521,-0.04681640164632099,-0.04959922589182841,-0.025138419240213223,-0.04959922589182841,-0.025138419240213223,-0.008689857669214521,-0.04681640164632099
4.42,-0.0065045175325357495,-0.048354665913740706,-0.049741084860903735,-0.022259901714735783,-0.049741084860903735,-0.022259901714735783,-0.0065045175325357495,-0.048354665913740706
4.43,-0.002844335068582193,-0.04989625912062472,-0.04949317234647659,-0.019003539952637802,-0.04949317234647659,-0.019003539952637802,-0.002844335068582193,-0.04989625912062472
4.44,0.002537585089112651,-0.05073272416915747,-0.04879027160539115,-0.015535491914130721,-0.04879027160539115,-0.015535491914130721,0.002537585089112651,-0.05073272416915747
4.45,0.00906125983859703,-0.04887376037599759,-0.047558580798343256,-0.012044252732356934,-0.047558580798343256,-0.012044252732356934,0.00906125983859703,-0.04887376037599759
4.46,0.014930468293182758,-0.044049723271894485,-0.043522673930129104,-0.010167177604388296,-0.043522673930129104,-0.010167177604388296,0.014930468293182758,-0.044049723271894485
4.47,0.01839656414384251,-0.03715611525714003,-0.03813552672929151,-0.012470113919310313,-0.03813552672929151,-0.012470113919310313,0.01839656414384251,-0.03715611525714003
4.48,0.019148597911296264,-0.029553540933952318,-0.009012151304430227,-0.028017388066807453,-0.009012151304430227,-0.028017388066807453,0.019148597911296264,-0.029553540933952318
4.49,0.01764660837860323,-0.022121346930437356,0.002056434002674313,-0.024927721375405366,0.002056434002674313,-0.024927721375405366,0.01764660837860323,-0.022121346930437356
4.5,0.015235929961354077,-0.01456558818162983,0.015235929961353674,-0.014565588181629736,0.015235929961353674,-0.014565588181629736,0.015235929961354077,-0.01456558818162983
4.51,0.0020564340026744178,-0.024927721375405356,0.017646608378603216,-0.0221213469304373,0.017646608378603216,-0.0221213469304373,0.0020564340026744178,-0.024927721375405356
4.5200000000000005,-0.009012151304431355,-0.028017388066808195,0.019148597911296337,-0.029553540933953112,0.019148597911296337,-0.029553540933953112,-0.009012151304431355,-0.028017388066808195
4.53,-0.03813552672929143,-0.012470113919310534,0.018396564143842643,-0.03715611525713955,0.018396564143842643,-0.03715611525713955,-0.03813552672929143,-0.012470113919310534
4.54,-0.043522673930128555,-0.010167177604388344,0.014930468293183065,-0.04404972327189409,0.014930468293183065,-0.04404972327189409,-0.043522673930128555,-0.010167177604388344
4.55,-0.04755858079834325,-0.012044252732356906,0.009061259838597081,-0.04887376037599756,0.009061259838597081,-0.04887376037599756,-0.04755858079834325,-0.012044252732356906
4.5600000000000005,-0.04879027160539116,-0.015535491914130693,0.0025375850891123566,-0.050732724169157514,0.0025375850891123566,-0.050732724169157514,-0.04879027160539116,-0.015535491914130693
4.57,-0.04949317234647656,-0.019003539952637604,-0.002844335068581905,-0.04989625912062479,-0.002844335068581905,-0.04989625912062479,-0.04949317234647656,-0.019003539952637604
4.58,-0.049741084860903756,-0.0222599017147358,-0.006504517532535729,-0.04835466591374072,-0.006504517532535729,-0.04835466591374072,-0.049741084860903756,-0.0222599017147358
4.59,-0.04959922589182845,-0.025138419240213063,-0.008689857669214415,-0.04681640164632109,-0.008689857669214415,-0.04681640164632109,-0.04959922589182845,-0.025138419240213063
4.6000000000000005,-0.04910062694454144,-0.027512678380871673,-0.009828215706571612,-0.04556820741024154,-0.009828215706571612,-0.04556820741024154,-0.04910062694454144,-0.027512678380871673
4.61,-0.048675320689509194,-0.029167294826700593,-0.010354975764219771,-0.04473214667918275,-0.010354975764219771,-0.04473214667918275,-0.048675320689509194,-0.029167294826700593
4.62,-0.04845146772149389,-0.030010576793457918,-0.010553897696197785,-0.044320675285828386,-0.010553897696197785,-0.044320675285828386,-0.04845146772149389,-0.030010576793457918
4.63,-0.048451467721493884,-0.030010576793457942,-0.010553897696197788,-0.044320675285828365,-0.010553897696197788,-0.044320675285828365,-0.048451467721493884,-0.030010576793457942
4.64,-0.048675320689509194,-0.029167294826700593,-0.010354975764219756,-0.04473214667918278,-0.010354975764219756,-0.04473214667918278,-0.048675320689509194,-0.029167294826700593
4.65,-0.04910062694454146,-0.02751267838087157,-0.009828215706571573,-0.0455682074102416,-0.009828215706571573,-0.0455682074102416,-0.04910062694454146,-0.02751267838087157
4.66,-0.04959922589182844,-0.025138419240213067,-0.008689857669214525,-0.04681640164632099,-0.008689857669214525,-0.04681640164632099,-0.04959922589182844,-0.025138419240213067
4.67,-0.049741084860903735,-0.022259901714735783,-0.006504517532535596,-0.048354665913740796,-0.006504517532535596,-0.048354665913740796,-0.049741084860903735,-0.022259901714735783
4.68,-0.04949317234647659,-0.019003539952637802,-0.0028443350685822084,-0.04989625912062471,-0.0028443350685822084,-0.04989625912062471,-0.04949317234647659,-0.019003539952637802
4.69,-0.04879027160539109,-0.015535491914130534,0.0025375850891126445,-0.05073272416915747,0.0025375850891126445,-0.05073272416915747,-0.04879027160539109,-0.015535491914130534
4.7,-0.04755858079834334,-0.012044252732357121,0.009061259838596654,-0.04887376037599779,0.009061259838596654,-0.04887376037599779,-0.04755858079834334,-0.012044252732357121
4.71,-0.043522673930129104,-0.010167177604388296,0.014930468293182748,-0.0440497232718945,0.014930468293182748,-0.0440497232718945,-0.043522673930129104,-0.010167177604388296
4.72,-0.038135526729291436,-0.012470113919310508,0.018396564143842508,-0.03715611525714005,0.018396564143842508,-0.03715611525714005,-0.038135526729291436,-0.012470113919310508
4.73,-0.009012151304430829,-0.028017388066807848,0.019148597911296306,-0.02955354093395276,0.019148597911296306,-0.02955354093395276,-0.009012151304430829,-0.028017388066807848
4.74,0.002056434002674313,-0.024927721375405366,0.017646608378603112,-0.022121346930436943,0.017646608378603112,-0.022121346930436943,0.002056434002674313,-0.024927721375405366
4.75,0.015235929961353674,-0.014565588181629736,0.015235929961354089,-0.014565588181629834,0.015235929961354089,-0.014565588181629834,0.015235929961353674,-0.014565588181629736
4.76,0.017646608378603094,-0.02212134693043687,0.0020564340026751568,-0.02492772137540527,0.0020564340026751568,-0.02492772137540527,0.017646608378603094,-0.02212134693043687
4.7700000000000005,0.019148597911296337,-0.029553540933953112,-0.009012151304431927,-0.028017388066808563,-0.009012151304431927,-0.028017388066808563,0.019148597911296337,-0.029553540933953112
4.78,0.018396564143842643,-0.03715611525713955,-0.03813552672929142,-0.012470113919310546,-0.03813552672929142,-0.012470113919310546,0.018396564143842643,-0.03715611525713955
4.79,0.014930468293182793,-0.04404972327189444,-0.043522673930128555,-0.010167177604388376,-0.043522673930128555,-0.010167177604388376,0.014930468293182793,-0.04404972327189444
4.8,0.009061259838597081,-0.04887376037599756,-0.04755858079834334,-0.012044252732357083,-0.04755858079834334,-0.012044252732357083,0.009061259838597081,-0.04887376037599756
4.8100000000000005,0.0025375850891123566,-0.050732724169157514,-0.04879027160539121,-0.015535491914130915,-0.04879027160539121,-0.015535491914130915,0.0025375850891123566,-0.050732724169157514
4.82,-0.002844335068582164,-0.049896259120624724,-0.049493172346476544,-0.019003539952637583,-0.049493172346476544,-0.019003539952637583,-0.002844335068582164,-0.049896259120624724
4.83,-0.006504517532535563,-0.04835466591374081,-0.04974108486090374,-0.022259901714735623,-0.04974108486090374,-0.022259901714735623,-0.006504517532535563,-0.04835466591374081
4.84,-0.008689857669214415,-0.04681640164632109,-0.04959922589182844,-0.025138419240213043,-0.04959922589182844,-0.025138419240213043,-0.008689857669214415,-0.04681640164632109
4.8500000000000005,-0.009828215706571612,-0.04556820741024154,-0.04910062694454144,-0.027512678380871645,-0.04910062694454144,-0.027512678380871645,-0.009828215706571612,-0.04556820741024154
4.86,-0.010354975764219754,-0.04473214667918279,-0.0486753206895092,-0.029167294826700496,-0.0486753206895092,-0.029167294826700496,-0.010354975764219754,-0.04473214667918279
4.87,-0.010553897696197785,-0.044320675285828386,-0.048451467721493884,-0.030010576793457942,-0.048451467721493884,-0.030010576793457942,-0.010553897696197785,-0.044320675285828386
4.88,-0.010553897696197785,-0.04432067528582838,-0.048451467721493884,-0.030010576793457942,-0.048451467721493884,-0.030010576793457942,-0.010553897696197785,-0.04432067528582838
4.89,-0.01035497576421977,-0.044732146679182745,-0.048675320689509166,-0.02916729482670067,-0.048675320689509166,-0.02916729482670067,-0.01035497576421977,-0.044732146679182745
4.9,-0.009828215706571573,-0.0455682074102416,-0.04910062694454149,-0.027512678380871465,-0.04910062694454149,-0.027512678380871465,-0.009828215706571573,-0.0455682074102416
4.91,-0.008689857669214525,-0.04681640164632099,-0.04959922589182844,-0.025138419240213067,-0.04959922589182844,-0.025138419240213067,-0.008689857669214525,-0.04681640164632099
4.92,-0.006504517532535754,-0.0483546659137407,-0.04974108486090375,-0.02225990171473598,-0.04974108486090375,-0.02225990171473598,-0.006504517532535754,-0.0483546659137407
4.93,-0.0028443350685822084,-0.04989625912062471,-0.04949317234647656,-0.019003539952637632,-0.04949317234647656,-0.019003539952637632,-0.0028443350685822084,-0.04989625912062471
4.94,0.0025375850891126445,-0.05073272416915747,-0.048790271605391095,-0.01553549191413053,-0.048790271605391095,-0.01553549191413053,0.0025375850891126445,-0.05073272416915747
4.95,0.009061259838597024,-0.048873760375997596,-0.047558580798343346,-0.012044252732357114,-0.047558580798343346,-0.012044252732357114,0.009061259838597024,-0.048873760375997596
4.96,0.014930468293182748,-0.0440497232718945,-0.043522673930128646,-0.010167177604388344,-0.043522673930128646,-0.010167177604388344,0.014930468293182748,-0.0440497232718945
4.97,0.018396564143842508,-0.03715611525714005,-0.038135526729291436,-0.012470113919310515,-0.038135526729291436,-0.012470113919310515,0.018396564143842508,-0.03715611525714005
4.98,0.019148597911296264,-0.029553540933952332,-0.009012151304430846,-0.028017388066807855,-0.009012151304430846,-0.028017388066807855,0.019148597911296264,-0.029553540933952332
4.99,0.01764660837860323,-0.02212134693043737,0.0020564340026735777,-0.024927721375405446,0.0020564340026735777,-0.024927721375405446,0.01764660837860323,-0.02212134693043737
5.0,0.015235929961354089,-0.014565588181629834,0.01523592996135402,-0.014565588181629813,0.01523592996135402,-0.014565588181629813,0.015235929961354089,-0.014565588181629834
5.01,0.0020564340026744425,-0.024927721375405353,0.01764660837860309,-0.022121346930436856,0.01764660837860309,-0.022121346930436856,0.0020564340026744425,-0.024927721375405353
5.0200000000000005,-0.009012151304431332,-0.028017388066808178,0.0191485979112963,-0.02955354093395267,0.0191485979112963,-0.02955354093395267,-0.009012151304431332,-0.028017388066808178
5.03,-0.03813552672929142,-0.012470113919310546,0.018396564143842532,-0.037156115257139945,0.018396564143842532,-0.037156115257139945,-0.03813552672929142,-0.012470113919310546
5.04,-0.043522673930128555,-0.010167177604388376,0.014930468293182805,-0.04404972327189442,0.014930468293182805,-0.04404972327189442,-0.043522673930128555,-0.010167177604388376
5.05,-0.047558580798343256,-0.0120442527323569,0.009061259838597464,-0.04887376037599736,0.009061259838597464,-0.04887376037599736,-0.047558580798343256,-0.0120442527323569
5.0600000000000005,-0.04879027160539115,-0.015535491914130697,0.002537585089112714,-0.05073272416915746,0.002537585089112714,-0.05073272416915746,-0.04879027160539115,-0.015535491914130697
5.07,-0.049493172346476544,-0.019003539952637583,-0.0028443350685821494,-0.049896259120624724,-0.0028443350685821494,-0.049896259120624724,-0.049493172346476544,-0.019003539952637583
5.08,-0.049741084860903756,-0.0222599017147358,-0.006504517532535566,-0.04835466591374081,-0.006504517532535566,-0.04835466591374081,-0.049741084860903756,-0.0222599017147358
5.09,-0.04959922589182844,-0.025138419240213043,-0.008689857669214502,-0.046816401646321004,-0.008689857669214502,-0.046816401646321004,-0.04959922589182844,-0.025138419240213043
5.1000000000000005,-0.04910062694454144,-0.027512678380871645,-0.009828215706571648,-0.045568207410241486,-0.009828215706571648,-0.045568207410241486,-0.04910062694454144,-0.027512678380871645
5.11,-0.0486753206895092,-0.029167294826700496,-0.010354975764219754,-0.04473214667918279,-0.010354975764219754,-0.04473214667918279,-0.0486753206895092,-0.029167294826700496
5.12,-0.048451467721493884,-0.030010576793457942,-0.010553897696197792,-0.04432067528582837,-0.010553897696197792,-0.04432067528582837,-0.048451467721493884,-0.030010576793457942
5.13,-0.048451467721493884,-0.030010576793457942,-0.010553897696197785,-0.04432067528582838,-0.010553897696197785,-0.04432067528582838,-0.048451467721493884,-0.030010576793457942
5.14,-0.048675320689509166,-0.02916729482670067,-0.010354975764219773,-0.044732146679182745,-0.010354975764219773,-0.044732146679182745,-0.048675320689509166,-0.02916729482670067
5.15,-0.04910062694454149,-0.027512678380871465,-0.00982821570657153,-0.04556820741024165,-0.00982821570657153,-0.04556820741024165,-0.04910062694454149,-0.027512678380871465
5.16,-0.04959922589182844,-0.025138419240213067,-0.008689857669214436,-0.046816401646321074,-0.008689857669214436,-0.046816401646321074,-0.04959922589182844,-0.025138419240213067
5.17,-0.04974108486090375,-0.02225990171473598,-0.006504517532535758,-0.0483546659137407,-0.006504517532535758,-0.0483546659137407,-0.04974108486090375,-0.02225990171473598
5.18,-0.04949317234647656,-0.019003539952637632,-0.002844335068581962,-0.04989625912062477,-0.002844335068581962,-0.04989625912062477,-0.04949317234647656,-0.019003539952637632
5.19,-0.048790271605391095,-0.01553549191413053,0.0025375850891129837,-0.050732724169157424,0.0025375850891129837,-0.050732724169157424,-0.048790271605391095,-0.01553549191413053
5.2,-0.047558580798343346,-0.012044252732357114,0.009061259838597006,-0.0488737603759976,0.009061259838597006,-0.0488737603759976,-0.047558580798343346,-0.012044252732357114
5.21,-0.043522673930128646,-0.010167177604388344,0.01493046829318301,-0.044049723271894166,0.01493046829318301,-0.044049723271894166,-0.043522673930128646,-0.010167177604388344
5.22,-0.038135526729291436,-0.012470113919310515,0.01839656414384262,-0.03715611525713963,0.01839656414384262,-0.03715611525713963,-0.038135526729291436,-0.012470113919310515
5.23,-0.009012151304430846,-0.028017388066807855,0.019148597911296264,-0.02955354093395235,0.019148597911296264,-0.02955354093395235,-0.009012151304430846,-0.028017388066807855
5.24,0.0020564340026735777,-0.024927721375405446,0.017646608378603237,-0.02212134693043739,0.017646608378603237,-0.02212134693043739,0.0020564340026735777,-0.024927721375405446
5.25,0.01523592996135402,-0.014565588181629813,0.015235929961353747,-0.01456558818162975,0.015235929961353747,-0.01456558818162975,0.01523592996135402,-0.014565588181629813
5.26,0.01764660837860309,-0.022121346930436856,0.0020564340026744702,-0.02492772137540535,0.0020564340026744702,-0.02492772137540535,0.01764660837860309,-0.022121346930436856
5.2700000000000005,0.0191485979112963,-0.02955354093395267,-0.009012151304431308,-0.02801738806680816,-0.009012151304431308,-0.02801738806680816,0.0191485979112963,-0.02955354093395267
5.28,0.018396564143842532,-0.037156115257139945,-0.0381355267292915,-0.012470113919310353,-0.0381355267292915,-0.012470113919310353,0.018396564143842532,-0.037156115257139945
5.29,0.014930468293182805,-0.04404972327189442,-0.04352267393012901,-0.010167177604388296,-0.04352267393012901,-0.010167177604388296,0.014930468293182805,-0.04404972327189442
5.3,0.009061259838597464,-0.04887376037599736,-0.047558580798343256,-0.0120442527323569,-0.047558580798343256,-0.0120442527323569,0.009061259838597464,-0.04887376037599736
5.3100000000000005,0.002537585089112714,-0.05073272416915746,-0.048790271605391136,-0.015535491914130672,-0.048790271605391136,-0.015535491914130672,0.002537585089112714,-0.05073272416915746
5.32,-0.0028443350685821494,-0.049896259120624724,-0.049493172346476585,-0.019003539952637778,-0.049493172346476585,-0.019003539952637778,-0.0028443350685821494,-0.049896259120624724
5.33,-0.006504517532535566,-0.04835466591374081,-0.049741084860903756,-0.0222599017147358,-0.049741084860903756,-0.0222599017147358,-0.006504517532535566,-0.04835466591374081
5.34,-0.008689857669214502,-0.046816401646321004,-0.04959922589182842,-0.02513841924021317,-0.04959922589182842,-0.02513841924021317,-0.008689857669214502,-0.046816401646321004
5.3500000000000005,-0.009828215706571648,-0.045568207410241486,-0.04910062694454142,-0.02751267838087177,-0.04910062694454142,-0.02751267838087177,-0.009828215706571648,-0.045568207410241486
5.36,-0.010354975764219754,-0.04473214667918279,-0.048675320689509194,-0.029167294826700593,-0.048675320689509194,-0.029167294826700593,-0.010354975764219754,-0.04473214667918279
5.37,-0.010553897696197781,-0.04432067528582839,-0.04845146772149389,-0.030010576793457918,-0.04845146772149389,-0.030010576793457918,-0.010553897696197781,-0.04432067528582839
5.38,-0.010553897696197785,-0.04432067528582838,-0.0484514677214939,-0.030010576793457918,-0.0484514677214939,-0.030010576793457918,-0.010553897696197785,-0.04432067528582838
5.39,-0.010354975764219773,-0.044732146679182745,-0.048675320689509194,-0.029167294826700593,-0.048675320689509194,-0.029167294826700593,-0.010354975764219773,-0.044732146679182745
5.4,-0.009828215706571615,-0.04556820741024153,-0.04910062694454146,-0.02751267838087157,-0.04910062694454146,-0.02751267838087157,-0.009828215706571615,-0.04556820741024153
5.41,-0.008689857669214436,-0.046816401646321074,-0.04959922589182846,-0.025138419240212914,-0.04959922589182846,-0.025138419240212914,-0.008689857669214436,-0.046816401646321074
5.42,-0.006504517532535758,-0.0483546659137407,-0.04974108486090375,-0.022259901714735828,-0.04974108486090375,-0.022259901714735828,-0.006504517532535758,-0.0483546659137407
5.43,-0.00284433506858248,-0.04989625912062464,-0.0494931723464766,-0.019003539952637826,-0.0494931723464766,-0.019003539952637826,-0.00284433506858248,-0.04989625912062464
5.44,0.0025375850891129837,-0.050732724169157424,-0.04879027160539104,-0.015535491914130332,-0.04879027160539104,-0.015535491914130332,0.0025375850891129837,-0.050732724169157424
5.45,0.009061259838597006,-0.0488737603759976,-0.047558580798343277,-0.012044252732356944,-0.047558580798343277,-0.012044252732356944,0.009061259838597006,-0.0488737603759976
5.46,0.014930468293182467,-0.04404972327189486,-0.04352267393012912,-0.010167177604388282,-0.04352267393012912,-0.010167177604388282,0.014930468293182467,-0.04404972327189486
5.47,0.01839656414384262,-0.03715611525713963,-0.038135526729291366,-0.012470113919310681,-0.038135526729291366,-0.012470113919310681,0.01839656414384262,-0.03715611525713963
5.48,0.019148597911296264,-0.02955354093395235,-0.009012151304430272,-0.02801738806680748,-0.009012151304430272,-0.02801738806680748,0.019148597911296264,-0.02955354093395235
5.49,0.017646608378603237,-0.02212134693043739,0.0020564340026742885,-0.024927721375405366,0.0020564340026742885,-0.024927721375405366,0.017646608378603237,-0.02212134693043739
5.5,0.015235929961354446,-0.014565588181629917,0.01523592996135366,-0.014565588181629733,0.01523592996135366,-0.014565588181629733,0.015235929961354446,-0.014565588181629917
5.51,0.0020564340026744702,-0.02492772137540535,0.017646608378603202,-0.02212134693043727,0.017646608378603202,-0.02212134693043727,0.0020564340026744702,-0.02492772137540535
5.5200000000000005,-0.009012151304431308,-0.02801738806680816,0.019148597911296333,-0.029553540933953078,0.019148597911296333,-0.029553540933953078,-0.009012151304431308,-0.02801738806680816
5.53,-0.038135526729291346,-0.012470113919310738,0.01839656414384265,-0.037156115257139515,0.01839656414384265,-0.037156115257139515,-0.038135526729291346,-0.012470113919310738
5.54,-0.04352267393012901,-0.010167177604388296,0.014930468293182541,-0.04404972327189476,0.014930468293182541,-0.04404972327189476,-0.04352267393012901,-0.010167177604388296
5.55,-0.047558580798343256,-0.0120442527323569,0.009061259838597105,-0.048873760375997555,0.009061259838597105,-0.048873760375997555,-0.047558580798343256,-0.0120442527323569
5.5600000000000005,-0.048790271605391136,-0.015535491914130672,0.0025375850891123835,-0.050732724169157514,0.0025375850891123835,-0.050732724169157514,-0.048790271605391136,-0.015535491914130672
5.57,-0.049493172346476585,-0.019003539952637778,-0.002844335068582406,-0.04989625912062466,-0.002844335068582406,-0.04989625912062466,-0.049493172346476585,-0.019003539952637778
5.58,-0.049741084860903756,-0.0222599017147358,-0.006504517532535715,-0.04835466591374073,-0.006504517532535715,-0.04835466591374073,-0.049741084860903756,-0.0222599017147358
5.59,-0.049599225891828476,-0.025138419240212886,-0.008689857669214414,-0.046816401646321094,-0.008689857669214414,-0.046816401646321094,-0.049599225891828476,-0.025138419240212886
5.6000000000000005,-0.049100626944541474,-0.02751267838087157,-0.009828215706571603,-0.04556820741024155,-0.009828215706571603,-0.04556820741024155,-0.049100626944541474,-0.02751267838087157
5.61,-0.048675320689509194,-0.029167294826700593,-0.010354975764219771,-0.04473214667918275,-0.010354975764219771,-0.04473214667918275,-0.048675320689509194,-0.029167294826700593
5.62,-0.04845146772149389,-0.030010576793457918,-0.010553897696197785,-0.044320675285828386,-0.010553897696197785,-0.044320675285828386,-0.04845146772149389,-0.030010576793457918
5.63,-0.0484514677214939,-0.030010576793457918,-0.010553897696197785,-0.04432067528582839,-0.010553897696197785,-0.04432067528582839,-0.0484514677214939,-0.030010576793457918
5.64,-0.048675320689509194,-0.029167294826700593,-0.010354975764219758,-0.04473214667918277,-0.010354975764219758,-0.04473214667918277,-0.048675320689509194,-0.029167294826700593
5.65,-0.04910062694454146,-0.02751267838087157,-0.009828215706571575,-0.04556820741024159,-0.009828215706571575,-0.04556820741024159,-0.04910062694454146,-0.02751267838087157
5.66,-0.04959922589182841,-0.025138419240213223,-0.008689857669214525,-0.04681640164632099,-0.008689857669214525,-0.04681640164632099,-0.04959922589182841,-0.025138419240213223
5.67,-0.04974108486090375,-0.022259901714735828,-0.006504517532535607,-0.04835466591374078,-0.006504517532535607,-0.04835466591374078,-0.04974108486090375,-0.022259901714735828
5.68,-0.0494931723464766,-0.019003539952637826,-0.002844335068582223,-0.0498962591206247,-0.002844335068582223,-0.0498962591206247,-0.0494931723464766,-0.019003539952637826
5.69,-0.048790271605391164,-0.015535491914130745,0.0025375850891126176,-0.05073272416915748,0.0025375850891126176,-0.05073272416915748,-0.048790271605391164,-0.015535491914130745
5.7,-0.047558580798343277,-0.012044252732356944,0.009061259838597357,-0.048873760375997416,0.009061259838597357,-0.048873760375997416,-0.047558580798343277,-0.012044252732356944
5.71,-0.04352267393012912,-0.010167177604388282,0.01493046829318273,-0.04404972327189452,0.01493046829318273,-0.04404972327189452,-0.04352267393012912,-0.010167177604388282
5.72,-0.03813552672929152,-0.012470113919310294,0.0183965641438425,-0.03715611525714006,0.0183965641438425,-0.03715611525714006,-0.03813552672929152,-0.012470113919310294
5.73,-0.009012151304430272,-0.02801738806680748,0.019148597911296233,-0.02955354093395194,0.019148597911296233,-0.02955354093395194,-0.009012151304430272,-0.02801738806680748
5.74,0.0020564340026742885,-0.024927721375405366,0.017646608378603122,-0.022121346930436974,0.017646608378603122,-0.022121346930436974,0.0020564340026742885,-0.024927721375405366
5.75,0.01523592996135366,-0.014565588181629733,0.015235929961354111,-0.014565588181629837,0.015235929961354111,-0.014565588181629837,0.01523592996135366,-0.014565588181629733
5.76,0.017646608378603202,-0.02212134693043727,0.0020564340026737876,-0.024927721375405425,0.0020564340026737876,-0.024927721375405425,0.017646608378603202,-0.02212134693043727
5.7700000000000005,0.019148597911296333,-0.029553540933953078,-0.009012151304431908,-0.028017388066808556,-0.009012151304431908,-0.028017388066808556,0.019148597911296333,-0.029553540933953078
5.78,0.01839656414384265,-0.037156115257139515,-0.038135526729291415,-0.012470113919310565,-0.038135526729291415,-0.012470113919310565,0.01839656414384265,-0.037156115257139515
5.79,0.014930468293183088,-0.04404972327189406,-0.043522673930128514,-0.010167177604388348,-0.043522673930128514,-0.010167177604388348,0.014930468293183088,-0.04404972327189406
5.8,0.009061259838597105,-0.048873760375997555,-0.047558580798343325,-0.012044252732357066,-0.047558580798343325,-0.012044252732357066,0.009061259838597105,-0.048873760375997555
5.8100000000000005,0.0025375850891123835,-0.050732724169157514,-0.0487902716053912,-0.015535491914130867,-0.0487902716053912,-0.015535491914130867,0.0025375850891123835,-0.050732724169157514
5.82,-0.0028443350685818805,-0.0498962591206248,-0.04949317234647655,-0.01900353995263758,-0.04949317234647655,-0.01900353995263758,-0.0028443350685818805,-0.0498962591206248
5.83,-0.006504517532535715,-0.04835466591374073,-0.049741084860903756,-0.022259901714735932,-0.049741084860903756,-0.022259901714735932,-0.006504517532535715,-0.04835466591374073
5.84,-0.008689857669214414,-0.046816401646321094,-0.04959922589182844,-0.025138419240213043,-0.04959922589182844,-0.025138419240213043,-0.008689857669214414,-0.046816401646321094
5.8500000000000005,-0.009828215706571603,-0.04556820741024155,-0.04910062694454144,-0.027512678380871645,-0.04910062694454144,-0.027512678380871645,-0.009828215706571603,-0.04556820741024155
5.86,-0.010354975764219771,-0.04473214667918275,-0.04867532068950918,-0.029167294826700642,-0.04867532068950918,-0.029167294826700642,-0.010354975764219771,-0.04473214667918275
5.87,-0.010553897696197785,-0.044320675285828386,-0.048451467721493884,-0.030010576793457942,-0.048451467721493884,-0.030010576793457942,-0.010553897696197785,-0.044320675285828386
5.88,-0.010553897696197788,-0.044320675285828365,-0.048451467721493884,-0.030010576793457942,-0.048451467721493884,-0.030010576793457942,-0.010553897696197788,-0.044320675285828365
5.89,-0.010354975764219758,-0.04473214667918277,-0.0486753206895092,-0.029167294826700545,-0.0486753206895092,-0.029167294826700545,-0.010354975764219758,-0.04473214667918277
5.9,-0.009828215706571575,-0.04556820741024159,-0.04910062694454149,-0.027512678380871465,-0.04910062694454149,-0.027512678380871465,-0.009828215706571575,-0.04556820741024159
5.91,-0.008689857669214525,-0.04681640164632099,-0.049599225891828434,-0.025138419240213067,-0.049599225891828434,-0.025138419240213067,-0.008689857669214525,-0.04681640164632099
5.92,-0.006504517532535607,-0.04835466591374078,-0.04974108486090373,-0.022259901714735658,-0.04974108486090373,-0.022259901714735658,-0.006504517532535607,-0.04835466591374078
5.93,-0.002844335068582223,-0.0498962591206247,-0.049493172346476565,-0.019003539952637632,-0.049493172346476565,-0.019003539952637632,-0.002844335068582223,-0.0498962591206247
5.94,0.0025375850891126176,-0.05073272416915748,-0.0487902716053911,-0.015535491914130551,-0.0487902716053911,-0.015535491914130551,0.0025375850891126176,-0.05073272416915748
5.95,0.009061259838596623,-0.048873760375997805,-0.04755858079834336,-0.012044252732357132,-0.04755858079834336,-0.012044252732357132,0.009061259838596623,-0.048873760375997805
5.96,0.01493046829318273,-0.04404972327189452,-0.04352267393012869,-0.010167177604388344,-0.04352267393012869,-0.010167177604388344,0.01493046829318273,-0.04404972327189452
5.97,0.0183965641438425,-0.03715611525714006,-0.03813552672929144,-0.012470113919310489,-0.03813552672929144,-0.012470113919310489,0.0183965641438425,-0.03715611525714006
5.98,0.019148597911296306,-0.029553540933952786,-0.009012151304430893,-0.028017388066807893,-0.009012151304430893,-0.028017388066807893,0.019148597911296306,-0.029553540933952786
5.99,0.017646608378603122,-0.022121346930436974,0.002056434002674971,-0.02492772137540529,0.002056434002674971,-0.02492772137540529,0.017646608378603122,-0.022121346930436974
6.0,0.015235929961354111,-0.014565588181629837,0.015235929961353992,-0.014565588181629806,0.015235929961353992,-0.014565588181629806,0.015235929961354111,-0.014565588181629837
6.01,0.0020564340026752092,-0.024927721375405266,0.01764660837860308,-0.02212134693043683,0.01764660837860308,-0.02212134693043683,0.0020564340026752092,-0.024927721375405266
6.0200000000000005,-0.009012151304431908,-0.028017388066808556,0.01914859791129637,-0.02955354093395348,0.01914859791129637,-0.02955354093395348,-0.009012151304431908,-0.028017388066808556
6.03,-0.038135526729291415,-0.012470113919310565,0.018396564143842543,-0.037156115257139924,0.018396564143842543,-0.037156115257139924,-0.038135526729291415,-0.012470113919310565
6.04,-0.043522673930128514,-0.010167177604388348,0.014930468293182822,-0.0440497232718944,0.014930468293182822,-0.0440497232718944,-0.043522673930128514,-0.010167177604388348
6.05,-0.047558580798343325,-0.012044252732357066,0.009061259838596755,-0.048873760375997735,0.009061259838596755,-0.048873760375997735,-0.047558580798343325,-0.012044252732357066
6.0600000000000005,-0.0487902716053912,-0.015535491914130867,0.002537585089112053,-0.05073272416915756,0.002537585089112053,-0.05073272416915756,-0.0487902716053912,-0.015535491914130867
6.07,-0.04949317234647655,-0.01900353995263758,-0.0028443350685821355,-0.04989625912062473,-0.0028443350685821355,-0.04989625912062473,-0.04949317234647655,-0.01900353995263758
6.08,-0.049741084860903735,-0.02225990171473558,-0.006504517532535551,-0.04835466591374082,-0.006504517532535551,-0.04835466591374082,-0.049741084860903735,-0.02225990171473558
6.09,-0.04959922589182844,-0.025138419240213043,-0.008689857669214495,-0.04681640164632102,-0.008689857669214495,-0.04681640164632102,-0.04959922589182844,-0.025138419240213043
6.1000000000000005,-0.04910062694454144,-0.027512678380871645,-0.00982821570657164,-0.04556820741024149,-0.00982821570657164,-0.04556820741024149,-0.04910062694454144,-0.027512678380871645
6.11,-0.0486753206895092,-0.029167294826700496,-0.010354975764219756,-0.04473214667918279,-0.010354975764219756,-0.04473214667918279,-0.0486753206895092,-0.029167294826700496
6.12,-0.048451467721493884,-0.030010576793457942,-0.010553897696197792,-0.04432067528582837,-0.010553897696197792,-0.04432067528582837,-0.048451467721493884,-0.030010576793457942
6.13,-0.048451467721493884,-0.030010576793457942,-0.010553897696197785,-0.04432067528582838,-0.010553897696197785,-0.04432067528582838,-0.048451467721493884,-0.030010576793457942
6.140000000000001,-0.0486753206895092,-0.029167294826700545,-0.010354975764219742,-0.04473214667918281,-0.010354975764219742,-0.04473214667918281,-0.0486753206895092,-0.029167294826700545
6.15,-0.04910062694454149,-0.027512678380871465,-0.009828215706571539,-0.045568207410241646,-0.009828215706571539,-0.045568207410241646,-0.04910062694454149,-0.027512678380871465
6.16,-0.049599225891828434,-0.025138419240213067,-0.008689857669214445,-0.04681640164632106,-0.008689857669214445,-0.04681640164632106,-0.049599225891828434,-0.025138419240213067
6.17,-0.049741084860903756,-0.022259901714735977,-0.00650451753253577,-0.04835466591374069,-0.00650451753253577,-0.04835466591374069,-0.049741084860903756,-0.022259901714735977
6.18,-0.049493172346476565,-0.019003539952637632,-0.002844335068581969,-0.04989625912062477,-0.002844335068581969,-0.04989625912062477,-0.049493172346476565,-0.019003539952637632
6.19,-0.0487902716053911,-0.015535491914130551,0.0025375850891129477,-0.050732724169157424,0.0025375850891129477,-0.050732724169157424,-0.0487902716053911,-0.015535491914130551
6.2,-0.04755858079834336,-0.012044252732357132,0.009061259838596979,-0.04887376037599762,0.009061259838596979,-0.04887376037599762,-0.04755858079834336,-0.012044252732357132
6.21,-0.04352267393012869,-0.010167177604388344,0.014930468293182985,-0.044049723271894194,0.014930468293182985,-0.044049723271894194,-0.04352267393012869,-0.010167177604388344
6.22,-0.03813552672929144,-0.012470113919310489,0.018396564143842612,-0.03715611525713967,0.018396564143842612,-0.03715611525713967,-0.03813552672929144,-0.012470113919310489
6.23,-0.009012151304430893,-0.028017388066807893,0.019148597911296264,-0.029553540933952373,0.019148597911296264,-0.029553540933952373,-0.009012151304430893,-0.028017388066807893
6.24,0.0020564340026735495,-0.024927721375405453,0.017646608378603247,-0.022121346930437418,0.017646608378603247,-0.022121346930437418,0.0020564340026735495,-0.024927721375405453
6.25,0.015235929961353992,-0.014565588181629806,0.015235929961353773,-0.014565588181629757,0.015235929961353773,-0.014565588181629757,0.015235929961353992,-0.014565588181629806
6.26,0.01764660837860308,-0.02212134693043683,0.0020564340026745227,-0.024927721375405342,0.0020564340026745227,-0.024927721375405342,0.01764660837860308,-0.02212134693043683
6.2700000000000005,0.019148597911296292,-0.02955354093395264,-0.009012151304431261,-0.028017388066808126,-0.009012151304431261,-0.028017388066808126,0.019148597911296292,-0.02955354093395264
6.28,0.018396564143842543,-0.037156115257139924,-0.03813552672929149,-0.012470113919310372,-0.03813552672929149,-0.012470113919310372,0.018396564143842543,-0.037156115257139924
6.29,0.014930468293182822,-0.0440497232718944,-0.043522673930128986,-0.010167177604388317,-0.043522673930128986,-0.010167177604388317,0.014930468293182822,-0.0440497232718944
6.3,0.00906125983859749,-0.04887376037599735,-0.04755858079834325,-0.012044252732356878,-0.04755858079834325,-0.012044252732356878,0.00906125983859749,-0.04887376037599735
6.3100000000000005,0.002537585089112741,-0.05073272416915746,-0.04879027160539113,-0.015535491914130676,-0.04879027160539113,-0.015535491914130676,0.002537585089112741,-0.05073272416915746
6.32,-0.0028443350685821355,-0.04989625912062473,-0.049493172346476585,-0.01900353995263775,-0.049493172346476585,-0.01900353995263775,-0.0028443350685821355,-0.04989625912062473
6.33,-0.006504517532535551,-0.04835466591374082,-0.049741084860903735,-0.022259901714735755,-0.049741084860903735,-0.022259901714735755,-0.006504517532535551,-0.04835466591374082
6.34,-0.008689857669214495,-0.04681640164632102,-0.049599225891828434,-0.02513841924021317,-0.049599225891828434,-0.02513841924021317,-0.008689857669214495,-0.04681640164632102
6.3500000000000005,-0.00982821570657164,-0.04556820741024149,-0.04910062694454142,-0.02751267838087177,-0.04910062694454142,-0.02751267838087177,-0.00982821570657164,-0.04556820741024149
6.36,-0.010354975764219756,-0.04473214667918279,-0.048675320689509194,-0.029167294826700593,-0.048675320689509194,-0.029167294826700593,-0.010354975764219756,-0.04473214667918279
6.37,-0.010553897696197778,-0.0443206752858284,-0.04845146772149389,-0.030010576793457918,-0.04845146772149389,-0.030010576793457918,-0.010553897696197778,-0.0443206752858284
6.38,-0.010553897696197785,-0.04432067528582838,-0.0484514677214939,-0.030010576793457918,-0.0484514677214939,-0.030010576793457918,-0.010553897696197785,-0.04432067528582838
6.390000000000001,-0.010354975764219742,-0.04473214667918281,-0.04867532068950922,-0.029167294826700448,-0.04867532068950922,-0.029167294826700448,-0.010354975764219742,-0.04473214667918281
6.4,-0.009828215706571617,-0.04556820741024153,-0.04910062694454146,-0.02751267838087157,-0.04910062694454146,-0.02751267838087157,-0.009828215706571617,-0.04556820741024153
6.41,-0.008689857669214445,-0.04681640164632106,-0.04959922589182846,-0.025138419240212914,-0.04959922589182846,-0.025138419240212914,-0.008689857669214445,-0.04681640164632106
6.42,-0.00650451753253577,-0.04835466591374069,-0.049741084860903756,-0.022259901714735828,-0.049741084860903756,-0.022259901714735828,-0.00650451753253577,-0.04835466591374069
6.43,-0.0028443350685824946,-0.049896259120624634,-0.04949317234647661,-0.019003539952637847,-0.04949317234647661,-0.019003539952637847,-0.0028443350685824946,-0.049896259120624634
6.44,0.0025375850891129477,-0.050732724169157424,-0.04879027160539104,-0.01553549191413036,-0.04879027160539104,-0.01553549191413036,0.0025375850891129477,-0.050732724169157424
6.45,0.009061259838596979,-0.04887376037599762,-0.04755858079834327,-0.012044252732356948,-0.04755858079834327,-0.012044252732356948,0.009061259838596979,-0.04887376037599762
6.46,0.014930468293182451,-0.044049723271894874,-0.04352267393012918,-0.010167177604388275,-0.04352267393012918,-0.010167177604388275,0.014930468293182451,-0.044049723271894874
6.47,0.018396564143842612,-0.03715611525713967,-0.03813552672929137,-0.012470113919310667,-0.03813552672929137,-0.012470113919310667,0.018396564143842612,-0.03715611525713967
6.48,0.019148597911296264,-0.029553540933952373,-0.009012151304430296,-0.028017388066807494,-0.009012151304430296,-0.028017388066807494,0.019148597911296264,-0.029553540933952373
6.49,0.017646608378603247,-0.022121346930437418,0.002056434002674236,-0.02492772137540537,0.002056434002674236,-0.02492772137540537,0.017646608378603247,-0.022121346930437418
6.5,0.015235929961353773,-0.014565588181629757,0.015235929961354323,-0.014565588181629882,0.015235929961354323,-0.014565588181629882,0.015235929961353773,-0.014565588181629757
6.51,0.0020564340026745227,-0.024927721375405342,0.0176466083786032,-0.022121346930437234,0.0176466083786032,-0.022121346930437234,0.0020564340026745227,-0.024927721375405342
6.5200000000000005,-0.009012151304431261,-0.028017388066808126,0.019148597911296333,-0.029553540933953043,0.019148597911296333,-0.029553540933953043,-0.009012151304431261,-0.028017388066808126
6.53,-0.03813552672929133,-0.012470113919310757,0.01839656414384266,-0.03715611525713949,0.01839656414384266,-0.03715611525713949,-0.03813552672929133,-0.012470113919310757
6.54,-0.043522673930128986,-0.010167177604388317,0.01493046829318256,-0.044049723271894735,0.01493046829318256,-0.044049723271894735,-0.043522673930128986,-0.010167177604388317
6.55,-0.04755858079834325,-0.012044252732356878,0.009061259838597131,-0.04887376037599754,0.009061259838597131,-0.04887376037599754,-0.04755858079834325,-0.012044252732356878
6.5600000000000005,-0.04879027160539113,-0.015535491914130676,0.0025375850891123995,-0.050732724169157514,0.0025375850891123995,-0.050732724169157514,-0.04879027160539113,-0.015535491914130676
6.57,-0.049493172346476585,-0.01900353995263775,-0.0028443350685823897,-0.04989625912062466,-0.0028443350685823897,-0.04989625912062466,-0.049493172346476585,-0.01900353995263775
6.58,-0.049741084860903735,-0.022259901714735755,-0.006504517532535705,-0.04835466591374073,-0.006504517532535705,-0.04835466591374073,-0.049741084860903735,-0.022259901714735755
6.59,-0.04959922589182847,-0.025138419240212886,-0.008689857669214405,-0.0468164016463211,-0.008689857669214405,-0.0468164016463211,-0.04959922589182847,-0.025138419240212886
6.6000000000000005,-0.049100626944541474,-0.02751267838087157,-0.0098282157065716,-0.045568207410241555,-0.0098282157065716,-0.045568207410241555,-0.049100626944541474,-0.02751267838087157
6.61,-0.048675320689509194,-0.029167294826700593,-0.010354975764219773,-0.04473214667918276,-0.010354975764219773,-0.04473214667918276,-0.048675320689509194,-0.029167294826700593
6.62,-0.04845146772149389,-0.030010576793457918,-0.010553897696197781,-0.044320675285828386,-0.010553897696197781,-0.044320675285828386,-0.04845146772149389,-0.030010576793457918
6.63,-0.0484514677214939,-0.030010576793457918,-0.010553897696197785,-0.04432067528582839,-0.010553897696197785,-0.04432067528582839,-0.0484514677214939,-0.030010576793457918
6.640000000000001,-0.04867532068950922,-0.029167294826700448,-0.010354975764219726,-0.04473214667918284,-0.010354975764219726,-0.04473214667918284,-0.04867532068950922,-0.029167294826700448
6.65,-0.04910062694454146,-0.02751267838087157,-0.009828215706571579,-0.04556820741024158,-0.009828215706571579,-0.04556820741024158,-0.04910062694454146,-0.02751267838087157
6.66,-0.04959922589182842,-0.025138419240213247,-0.008689857669214535,-0.046816401646320976,-0.008689857669214535,-0.046816401646320976,-0.04959922589182842,-0.025138419240213247
6.67,-0.049741084860903756,-0.022259901714735828,-0.006504517532535617,-0.04835466591374078,-0.006504517532535617,-0.04835466591374078,-0.049741084860903756,-0.022259901714735828
6.68,-0.04949317234647661,-0.019003539952637847,-0.0028443350685822466,-0.0498962591206247,-0.0028443350685822466,-0.0498962591206247,-0.04949317234647661,-0.019003539952637847
6.69,-0.048790271605391164,-0.01553549191413077,0.0025375850891125908,-0.050732724169157487,0.0025375850891125908,-0.050732724169157487,-0.048790271605391164,-0.01553549191413077
6.7,-0.04755858079834327,-0.012044252732356948,0.00906125983859734,-0.04887376037599743,0.00906125983859734,-0.04887376037599743,-0.04755858079834327,-0.012044252732356948
6.71,-0.04352267393012918,-0.010167177604388275,0.014930468293182717,-0.04404972327189454,0.014930468293182717,-0.04404972327189454,-0.04352267393012918,-0.010167177604388275
6.72,-0.038135526729291526,-0.012470113919310289,0.01839656414384249,-0.0371561152571401,0.01839656414384249,-0.0371561152571401,-0.038135526729291526,-0.012470113919310289
6.73,-0.009012151304430296,-0.028017388066807494,0.019148597911296233,-0.029553540933951968,0.019148597911296233,-0.029553540933951968,-0.009012151304430296,-0.028017388066807494
6.74,0.002056434002674236,-0.02492772137540537,0.017646608378603133,-0.02212134693043701,0.017646608378603133,-0.02212134693043701,0.002056434002674236,-0.02492772137540537
6.75,0.015235929961353634,-0.014565588181629726,0.015235929961354129,-0.014565588181629844,0.015235929961354129,-0.014565588181629844,0.015235929961353634,-0.014565588181629726
6.76,0.0176466083786032,-0.022121346930437234,0.00205643400267384,-0.02492772137540542,0.00205643400267384,-0.02492772137540542,0.0176466083786032,-0.022121346930437234
6.7700000000000005,0.019148597911296333,-0.029553540933953043,-0.00901215130443186,-0.028017388066808525,-0.00901215130443186,-0.028017388066808525,0.019148597911296333,-0.029553540933953043
6.78,0.01839656414384266,-0.03715611525713949,-0.03813552672929141,-0.012470113919310577,-0.03813552672929141,-0.012470113919310577,0.01839656414384266,-0.03715611525713949
6.79,0.014930468293183098,-0.04404972327189405,-0.04352267393012848,-0.010167177604388369,-0.04352267393012848,-0.010167177604388369,0.014930468293183098,-0.04404972327189405
6.8,0.009061259838597131,-0.04887376037599754,-0.047558580798343325,-0.01204425273235707,-0.047558580798343325,-0.01204425273235707,0.009061259838597131,-0.04887376037599754
6.8100000000000005,0.0025375850891123995,-0.050732724169157514,-0.0487902716053912,-0.015535491914130867,-0.0487902716053912,-0.015535491914130867,0.0025375850891123995,-0.050732724169157514
6.82,-0.0028443350685818675,-0.0498962591206248,-0.049493172346476565,-0.019003539952637573,-0.049493172346476565,-0.019003539952637573,-0.0028443350685818675,-0.0498962591206248
6.83,-0.006504517532535705,-0.04835466591374073,-0.04974108486090377,-0.022259901714735925,-0.04974108486090377,-0.022259901714735925,-0.006504517532535705,-0.04835466591374073
6.84,-0.008689857669214405,-0.0468164016463211,-0.049599225891828455,-0.02513841924021301,-0.049599225891828455,-0.02513841924021301,-0.008689857669214405,-0.0468164016463211
6.8500000000000005,-0.0098282157065716,-0.045568207410241555,-0.04910062694454143,-0.02751267838087165,-0.04910062694454143,-0.02751267838087165,-0.0098282157065716,-0.045568207410241555
6.86,-0.010354975764219773,-0.04473214667918276,-0.04867532068950918,-0.029167294826700642,-0.04867532068950918,-0.029167294826700642,-0.010354975764219773,-0.04473214667918276
6.87,-0.010553897696197781,-0.044320675285828386,-0.048451467721493884,-0.030010576793457942,-0.048451467721493884,-0.030010576793457942,-0.010553897696197781,-0.044320675285828386
6.88,-0.010553897696197788,-0.044320675285828365,-0.048451467721493884,-0.030010576793457942,-0.048451467721493884,-0.030010576793457942,-0.010553897696197788,-0.044320675285828365
6.890000000000001,-0.010354975764219758,-0.04473214667918277,-0.0486753206895092,-0.029167294826700545,-0.0486753206895092,-0.029167294826700545,-0.010354975764219758,-0.04473214667918277
6.9,-0.009828215706571579,-0.04556820741024158,-0.04910062694454149,-0.027512678380871465,-0.04910062694454149,-0.027512678380871465,-0.009828215706571579,-0.04556820741024158
6.91,-0.008689857669214535,-0.046816401646320976,-0.049599225891828434,-0.025138419240213067,-0.049599225891828434,-0.025138419240213067,-0.008689857669214535,-0.046816401646320976
6.92,-0.006504517532535617,-0.04835466591374078,-0.049741084860903735,-0.022259901714735655,-0.049741084860903735,-0.022259901714735655,-0.006504517532535617,-0.04835466591374078
6.93,-0.0028443350685822466,-0.0498962591206247,-0.049493172346476565,-0.019003539952637653,-0.049493172346476565,-0.019003539952637653,-0.0028443350685822466,-0.0498962591206247
6.94,0.0025375850891125908,-0.050732724169157487,-0.0487902716053911,-0.015535491914130554,-0.0487902716053911,-0.015535491914130554,0.0025375850891125908,-0.050732724169157487
6.95,0.009061259838596604,-0.04887376037599782,-0.04755858079834336,-0.012044252732357156,-0.04755858079834336,-0.012044252732357156,0.009061259838596604,-0.04887376037599782
6.96,0.014930468293182717,-0.04404972327189454,-0.04352267393012871,-0.010167177604388327,-0.04352267393012871,-0.010167177604388327,0.014930468293182717,-0.04404972327189454
6.97,0.01839656414384249,-0.0371561152571401,-0.03813552672929145,-0.012470113919310475,-0.03813552672929145,-0.012470113919310475,0.01839656414384249,-0.0371561152571401
6.98,0.01914859791129631,-0.029553540933952814,-0.009012151304430938,-0.028017388066807918,-0.009012151304430938,-0.028017388066807918,0.01914859791129631,-0.029553540933952814
6.99,0.017646608378603133,-0.02212134693043701,0.0020564340026749187,-0.024927721375405297,0.0020564340026749187,-0.024927721375405297,0.017646608378603133,-0.02212134693043701
7.0,0.015235929961354129,-0.014565588181629844,0.015235929961353964,-0.014565588181629802,0.015235929961353964,-0.014565588181629802,0.015235929961354129,-0.014565588181629844
7.01,0.0020564340026752617,-0.024927721375405255,0.017646608378603077,-0.022121346930436794,0.017646608378603077,-0.022121346930436794,0.0020564340026752617,-0.024927721375405255
7.0200000000000005,-0.00901215130443186,-0.028017388066808525,0.019148597911296368,-0.02955354093395346,0.019148597911296368,-0.02955354093395346,-0.00901215130443186,-0.028017388066808525
7.03,-0.03813552672929141,-0.012470113919310577,0.018396564143842546,-0.037156115257139896,0.018396564143842546,-0.037156115257139896,-0.03813552672929141,-0.012470113919310577
7.04,-0.04352267393012848,-0.010167177604388369,0.014930468293182841,-0.04404972327189438,0.014930468293182841,-0.04404972327189438,-0.04352267393012848,-0.010167177604388369
7.05,-0.047558580798343325,-0.01204425273235707,0.009061259838596772,-0.04887376037599773,0.009061259838596772,-0.04887376037599773,-0.047558580798343325,-0.01204425273235707
7.0600000000000005,-0.0487902716053912,-0.015535491914130867,0.0025375850891120686,-0.05073272416915756,0.0025375850891120686,-0.05073272416915756,-0.0487902716053912,-0.015535491914130867
7.07,-0.049493172346476565,-0.019003539952637573,-0.00284433506858212,-0.04989625912062473,-0.00284433506858212,-0.04989625912062473,-0.049493172346476565,-0.019003539952637573
7.08,-0.04974108486090373,-0.02225990171473558,-0.006504517532535533,-0.04835466591374083,-0.006504517532535533,-0.04835466591374083,-0.04974108486090373,-0.02225990171473558
7.09,-0.049599225891828455,-0.02513841924021301,-0.008689857669214493,-0.04681640164632102,-0.008689857669214493,-0.04681640164632102,-0.049599225891828455,-0.02513841924021301
7.1000000000000005,-0.04910062694454143,-0.02751267838087165,-0.009828215706571641,-0.04556820741024149,-0.009828215706571641,-0.04556820741024149,-0.04910062694454143,-0.02751267838087165
7.11,-0.0486753206895092,-0.029167294826700496,-0.010354975764219754,-0.044732146679182794,-0.010354975764219754,-0.044732146679182794,-0.0486753206895092,-0.029167294826700496
7.12,-0.048451467721493884,-0.030010576793457942,-0.010553897696197792,-0.04432067528582837,-0.010553897696197792,-0.04432067528582837,-0.048451467721493884,-0.030010576793457942
7.13,-0.048451467721493884,-0.030010576793457942,-0.010553897696197785,-0.04432067528582838,-0.010553897696197785,-0.04432067528582838,-0.048451467721493884,-0.030010576793457942
7.140000000000001,-0.0486753206895092,-0.029167294826700545,-0.01035497576421974,-0.04473214667918281,-0.01035497576421974,-0.04473214667918281,-0.0486753206895092,-0.029167294826700545
7.15,-0.04910062694454149,-0.027512678380871465,-0.009828215706571537,-0.045568207410241646,-0.009828215706571537,-0.045568207410241646,-0.04910062694454149,-0.027512678380871465
7.16,-0.049599225891828434,-0.025138419240213067,-0.008689857669214446,-0.04681640164632106,-0.008689857669214446,-0.04681640164632106,-0.049599225891828434,-0.025138419240213067
7.17,-0.049741084860903756,-0.022259901714736005,-0.0065045175325357816,-0.048354665913740685,-0.0065045175325357816,-0.048354665913740685,-0.049741084860903756,-0.022259901714736005
7.18,-0.049493172346476565,-0.019003539952637653,-0.0028443350685819933,-0.049896259120624765,-0.0028443350685819933,-0.049896259120624765,-0.049493172346476565,-0.019003539952637653
7.19,-0.0487902716053911,-0.015535491914130554,0.0025375850891129295,-0.05073272416915743,0.0025375850891129295,-0.05073272416915743,-0.0487902716053911,-0.015535491914130554
7.2,-0.04755858079834336,-0.012044252732357156,0.009061259838596954,-0.04887376037599763,0.009061259838596954,-0.04887376037599763,-0.04755858079834336,-0.012044252732357156
7.21,-0.04352267393012871,-0.010167177604388327,0.014930468293182973,-0.04404972327189421,0.014930468293182973,-0.04404972327189421,-0.04352267393012871,-0.010167177604388327
7.22,-0.03813552672929145,-0.012470113919310475,0.018396564143842605,-0.03715611525713969,0.018396564143842605,-0.03715611525713969,-0.03813552672929145,-0.012470113919310475
7.23,-0.009012151304430938,-0.028017388066807918,0.01914859791129627,-0.029553540933952405,0.01914859791129627,-0.029553540933952405,-0.009012151304430938,-0.028017388066807918
7.24,0.002056434002673497,-0.024927721375405457,0.01764660837860325,-0.022121346930437442,0.01764660837860325,-0.022121346930437442,0.002056434002673497,-0.024927721375405457
7.25,0.015235929961353964,-0.014565588181629802,0.0152359299613538,-0.014565588181629764,0.0152359299613538,-0.014565588181629764,0.015235929961353964,-0.014565588181629802
7.26,0.017646608378603077,-0.022121346930436794,0.002056434002674575,-0.024927721375405335,0.002056434002674575,-0.024927721375405335,0.017646608378603077,-0.022121346930436794
7.2700000000000005,0.019148597911296292,-0.029553540933952613,-0.009012151304431216,-0.0280173880668081,-0.009012151304431216,-0.0280173880668081,0.019148597911296292,-0.029553540933952613
7.28,0.018396564143842546,-0.037156115257139896,-0.03813552672929149,-0.01247011391931038,-0.03813552672929149,-0.01247011391931038,0.018396564143842546,-0.037156115257139896
7.29,0.014930468293182841,-0.04404972327189438,-0.04352267393012894,-0.01016717760438832,-0.04352267393012894,-0.01016717760438832,0.014930468293182841,-0.04404972327189438
7.3,0.009061259838597513,-0.04887376037599733,-0.047558580798343235,-0.012044252732356861,-0.047558580798343235,-0.012044252732356861,0.009061259838597513,-0.04887376037599733
7.3100000000000005,0.002537585089112766,-0.05073272416915746,-0.048790271605391136,-0.015535491914130672,-0.048790271605391136,-0.015535491914130672,0.002537585089112766,-0.05073272416915746
7.32,-0.00284433506858212,-0.04989625912062473,-0.04949317234647659,-0.019003539952637746,-0.04949317234647659,-0.019003539952637746,-0.00284433506858212,-0.04989625912062473
7.33,-0.006504517532535533,-0.04835466591374083,-0.049741084860903735,-0.022259901714735755,-0.049741084860903735,-0.022259901714735755,-0.006504517532535533,-0.04835466591374083
7.34,-0.008689857669214493,-0.04681640164632102,-0.04959922589182843,-0.02513841924021317,-0.04959922589182843,-0.02513841924021317,-0.008689857669214493,-0.04681640164632102
7.3500000000000005,-0.009828215706571641,-0.04556820741024149,-0.04910062694454142,-0.02751267838087177,-0.04910062694454142,-0.02751267838087177,-0.009828215706571641,-0.04556820741024149
7.36,-0.010354975764219754,-0.044732146679182794,-0.048675320689509194,-0.029167294826700545,-0.048675320689509194,-0.029167294826700545,-0.010354975764219754,-0.044732146679182794
7.37,-0.010553897696197778,-0.0443206752858284,-0.04845146772149389,-0.030010576793457918,-0.04845146772149389,-0.030010576793457918,-0.010553897696197778,-0.0443206752858284
7.38,-0.010553897696197785,-0.04432067528582838,-0.0484514677214939,-0.030010576793457918,-0.0484514677214939,-0.030010576793457918,-0.010553897696197785,-0.04432067528582838
7.390000000000001,-0.01035497576421974,-0.04473214667918281,-0.04867532068950922,-0.02916729482670047,-0.04867532068950922,-0.02916729482670047,-0.01035497576421974,-0.04473214667918281
7.4,-0.009828215706571624,-0.04556820741024152,-0.04910062694454146,-0.02751267838087162,-0.04910062694454146,-0.02751267838087162,-0.009828215706571624,-0.04556820741024152
7.41,-0.008689857669214446,-0.04681640164632106,-0.04959922589182847,-0.025138419240212935,-0.04959922589182847,-0.025138419240212935,-0.008689857669214446,-0.04681640164632106
7.42,-0.0065045175325357816,-0.048354665913740685,-0.04974108486090375,-0.022259901714735828,-0.04974108486090375,-0.022259901714735828,-0.0065045175325357816,-0.048354665913740685
7.43,-0.002844335068582517,-0.04989625912062463,-0.049493172346476606,-0.01900353995263785,-0.049493172346476606,-0.01900353995263785,-0.002844335068582517,-0.04989625912062463
7.44,0.0025375850891129295,-0.05073272416915743,-0.04879027160539104,-0.015535491914130388,-0.04879027160539104,-0.015535491914130388,0.0025375850891129295,-0.05073272416915743
7.45,0.009061259838596954,-0.04887376037599763,-0.04755858079834329,-0.012044252732356972,-0.04755858079834329,-0.012044252732356972,0.009061259838596954,-0.04887376037599763
7.46,0.014930468293182429,-0.04404972327189491,-0.043522673930129215,-0.010167177604388278,-0.043522673930129215,-0.010167177604388278,0.014930468293182429,-0.04404972327189491
7.47,0.018396564143842605,-0.03715611525713969,-0.03813552672929137,-0.012470113919310662,-0.03813552672929137,-0.012470113919310662,0.018396564143842605,-0.03715611525713969
7.48,0.01914859791129627,-0.029553540933952405,-0.009012151304430345,-0.02801738806680753,-0.009012151304430345,-0.02801738806680753,0.01914859791129627,-0.029553540933952405
7.49,0.01764660837860325,-0.022121346930437442,0.0020564340026741797,-0.024927721375405377,0.0020564340026741797,-0.024927721375405377,0.01764660837860325,-0.022121346930437442
7.5,0.015235929961354502,-0.014565588181629924,0.015235929961353608,-0.014565588181629719,0.015235929961353608,-0.014565588181629719,0.015235929961354502,-0.014565588181629924
7.51,0.002056434002674575,-0.024927721375405335,0.017646608378603188,-0.022121346930437207,0.017646608378603188,-0.022121346930437207,0.002056434002674575,-0.024927721375405335
7.5200000000000005,-0.009012151304431216,-0.0280173880668081,0.019148597911296326,-0.029553540933953015,0.019148597911296326,-0.029553540933953015,-0.009012151304431216,-0.0280173880668081
7.53,-0.03813552672929133,-0.012470113919310771,0.018396564143842664,-0.037156115257139466,0.018396564143842664,-0.037156115257139466,-0.03813552672929133,-0.012470113919310771
7.54,-0.04352267393012894,-0.01016717760438832,0.01493046829318258,-0.044049723271894714,0.01493046829318258,-0.044049723271894714,-0.04352267393012894,-0.01016717760438832
7.55,-0.047558580798343235,-0.012044252732356861,0.009061259838597156,-0.04887376037599753,0.009061259838597156,-0.04887376037599753,-0.047558580798343235,-0.012044252732356861
7.5600000000000005,-0.048790271605391136,-0.015535491914130672,0.0025375850891124355,-0.0507327241691575,0.0025375850891124355,-0.0507327241691575,-0.048790271605391136,-0.015535491914130672
7.57,-0.04949317234647659,-0.019003539952637746,-0.002844335068582368,-0.04989625912062467,-0.002844335068582368,-0.04989625912062467,-0.04949317234647659,-0.019003539952637746
7.58,-0.049741084860903735,-0.022259901714735755,-0.0065045175325356966,-0.048354665913740734,-0.0065045175325356966,-0.048354665913740734,-0.049741084860903735,-0.022259901714735755
7.59,-0.049599225891828476,-0.02513841924021286,-0.008689857669214403,-0.0468164016463211,-0.008689857669214403,-0.0468164016463211,-0.049599225891828476,-0.02513841924021286
7.6000000000000005,-0.049100626944541474,-0.02751267838087154,-0.0098282157065716,-0.04556820741024156,-0.0098282157065716,-0.04556820741024156,-0.049100626944541474,-0.02751267838087154
7.61,-0.048675320689509194,-0.029167294826700545,-0.010354975764219768,-0.04473214667918275,-0.010354975764219768,-0.04473214667918275,-0.048675320689509194,-0.029167294826700545
7.62,-0.04845146772149389,-0.030010576793457918,-0.010553897696197781,-0.044320675285828386,-0.010553897696197781,-0.044320675285828386,-0.04845146772149389,-0.030010576793457918
7.63,-0.0484514677214939,-0.030010576793457918,-0.010553897696197785,-0.04432067528582839,-0.010553897696197785,-0.04432067528582839,-0.0484514677214939,-0.030010576793457918
7.640000000000001,-0.04867532068950922,-0.02916729482670047,-0.010354975764219726,-0.04473214667918284,-0.010354975764219726,-0.04473214667918284,-0.04867532068950922,-0.02916729482670047
7.65,-0.04910062694454146,-0.02751267838087162,-0.00982821570657158,-0.045568207410241576,-0.00982821570657158,-0.045568207410241576,-0.04910062694454146,-0.02751267838087162
7.66,-0.04959922589182842,-0.025138419240213247,-0.008689857669214535,-0.046816401646320976,-0.008689857669214535,-0.046816401646320976,-0.04959922589182842,-0.025138419240213247
7.67,-0.04974108486090375,-0.022259901714735828,-0.006504517532535621,-0.048354665913740776,-0.006504517532535621,-0.048354665913740776,-0.04974108486090375,-0.022259901714735828
7.68,-0.049493172346476606,-0.01900353995263785,-0.0028443350685822596,-0.049896259120624696,-0.0028443350685822596,-0.049896259120624696,-0.049493172346476606,-0.01900353995263785
7.69,-0.048790271605391164,-0.01553549191413077,0.0025375850891125747,-0.050732724169157487,0.0025375850891125747,-0.050732724169157487,-0.048790271605391164,-0.01553549191413077
7.7,-0.04755858079834329,-0.012044252732356972,0.009061259838597307,-0.048873760375997444,0.009061259838597307,-0.048873760375997444,-0.04755858079834329,-0.012044252732356972
7.71,-0.043522673930129215,-0.010167177604388278,0.01493046829318269,-0.04404972327189457,0.01493046829318269,-0.04404972327189457,-0.043522673930129215,-0.010167177604388278
7.72,-0.038135526729291526,-0.012470113919310275,0.018396564143842484,-0.03715611525714013,0.018396564143842484,-0.03715611525714013,-0.038135526729291526,-0.012470113919310275
7.73,-0.009012151304430345,-0.02801738806680753,0.019148597911296236,-0.029553540933951995,0.019148597911296236,-0.029553540933951995,-0.009012151304430345,-0.02801738806680753
7.74,0.0020564340026741797,-0.024927721375405377,0.017646608378603136,-0.022121346930437033,0.017646608378603136,-0.022121346930437033,0.0020564340026741797,-0.024927721375405377
7.75,0.015235929961353608,-0.014565588181629719,0.015235929961354162,-0.014565588181629851,0.015235929961354162,-0.014565588181629851,0.015235929961353608,-0.014565588181629719
7.76,0.017646608378603188,-0.022121346930437207,0.0020564340026738926,-0.024927721375405415,0.0020564340026738926,-0.024927721375405415,0.017646608378603188,-0.022121346930437207
7.7700000000000005,0.019148597911296326,-0.029553540933953015,-0.00901215130443181,-0.028017388066808493,-0.00901215130443181,-0.028017388066808493,0.019148597911296326,-0.029553540933953015
7.78,0.018396564143842664,-0.037156115257139466,-0.03813552672929141,-0.012470113919310584,-0.03813552672929141,-0.012470113919310584,0.018396564143842664,-0.037156115257139466
7.79,0.014930468293183122,-0.04404972327189402,-0.043522673930128444,-0.010167177604388365,-0.043522673930128444,-0.010167177604388365,0.014930468293183122,-0.04404972327189402
7.8,0.009061259838597156,-0.04887376037599753,-0.047558580798343325,-0.012044252732357066,-0.047558580798343325,-0.012044252732357066,0.009061259838597156,-0.04887376037599753
7.8100000000000005,0.0025375850891124355,-0.0507327241691575,-0.0487902716053912,-0.015535491914130867,-0.0487902716053912,-0.015535491914130867,0.0025375850891124355,-0.0507327241691575
7.82,-0.002844335068581851,-0.0498962591206248,-0.04949317234647655,-0.019003539952637555,-0.04949317234647655,-0.019003539952637555,-0.002844335068581851,-0.0498962591206248
7.83,-0.0065045175325356966,-0.048354665913740734,-0.04974108486090377,-0.022259901714735925,-0.04974108486090377,-0.022259901714735925,-0.0065045175325356966,-0.048354665913740734
7.84,-0.008689857669214403,-0.0468164016463211,-0.049599225891828455,-0.02513841924021301,-0.049599225891828455,-0.02513841924021301,-0.008689857669214403,-0.0468164016463211
7.8500000000000005,-0.0098282157065716,-0.04556820741024156,-0.04910062694454144,-0.027512678380871645,-0.04910062694454144,-0.027512678380871645,-0.0098282157065716,-0.04556820741024156
7.86,-0.010354975764219768,-0.04473214667918275,-0.04867532068950918,-0.029167294826700642,-0.04867532068950918,-0.029167294826700642,-0.010354975764219768,-0.04473214667918275
7.87,-0.010553897696197781,-0.044320675285828386,-0.048451467721493884,-0.030010576793457942,-0.048451467721493884,-0.030010576793457942,-0.010553897696197781,-0.044320675285828386
7.88,-0.010553897696197788,-0.044320675285828365,-0.048451467721493884,-0.030010576793457942,-0.048451467721493884,-0.030010576793457942,-0.010553897696197788,-0.044320675285828365
7.890000000000001,-0.010354975764219763,-0.04473214667918277,-0.0486753206895092,-0.029167294826700545,-0.0486753206895092,-0.029167294826700545,-0.010354975764219763,-0.04473214667918277
7.9,-0.00982821570657158,-0.045568207410241576,-0.04910062694454148,-0.027512678380871493,-0.04910062694454148,-0.027512678380871493,-0.00982821570657158,-0.045568207410241576
7.91,-0.008689857669214535,-0.046816401646320976,-0.049599225891828434,-0.025138419240213095,-0.049599225891828434,-0.025138419240213095,-0.008689857669214535,-0.046816401646320976
7.92,-0.006504517532535621,-0.048354665913740776,-0.049741084860903735,-0.02225990171473568,-0.049741084860903735,-0.02225990171473568,-0.006504517532535621,-0.048354665913740776
7.930000000000001,-0.002844335068581748,-0.049896259120624835,-0.04949317234647652,-0.0190035399526373,-0.04949317234647652,-0.0190035399526373,-0.002844335068581748,-0.049896259120624835
7.94,0.0025375850891125747,-0.050732724169157487,-0.0487902716053911,-0.015535491914130579,-0.0487902716053911,-0.015535491914130579,0.0025375850891125747,-0.050732724169157487
7.95,0.00906125983859657,-0.04887376037599783,-0.04755858079834338,-0.01204425273235718,-0.04755858079834338,-0.01204425273235718,0.00906125983859657,-0.04887376037599783
7.96,0.01493046829318269,-0.04404972327189457,-0.04352267393012874,-0.010167177604388341,-0.04352267393012874,-0.010167177604388341,0.01493046829318269,-0.04404972327189457
7.97,0.018396564143842484,-0.03715611525714013,-0.03813552672929146,-0.012470113919310463,-0.03813552672929146,-0.012470113919310463,0.018396564143842484,-0.03715611525714013
7.98,0.019148597911296313,-0.02955354093395285,-0.009012151304430985,-0.028017388066807952,-0.009012151304430985,-0.028017388066807952,0.019148597911296313,-0.02955354093395285
7.99,0.017646608378603136,-0.022121346930437033,0.0020564340026748697,-0.0249277213754053,0.0020564340026748697,-0.0249277213754053,0.017646608378603136,-0.022121346930437033
