time,a1_FR,a2_FR,a1_FL,a2_FL,a1_RR,a2_RR,a1_RL,a2_RL
0.0,0.0,-0.1,1.0409497792752501e-16,-0.09999999999999992,1.0409497792752501e-16,-0.09999999999999992,0.0,-0.1
0.01,0.10653324852965862,-0.012266736504987025,-0.10653324852965863,-0.18773326349501301,-0.10653324852965863,-0.18773326349501301,0.10653324852965862,-0.012266736504987025
0.02,0.21138640409012657,0.07408292101539835,-0.21138640409012638,-0.2740829210153982,-0.21138640409012638,-0.2740829210153982,0.21138640409012657,0.07408292101539835
0.03,0.3129058697819762,0.15768718687927455,-0.3129058697819762,-0.3576871868792746,-0.3129058697819762,-0.3576871868792746,0.3129058697819762,0.15768718687927455
0.04,0.409490622986458,0.23722757187120072,-0.4094906229864577,-0.4372275718712004,-0.4094906229864577,-0.4372275718712004,0.409490622986458,0.23722757187120072
0.05,0.49961746444860217,0.3114496766047312,-0.49961746444860206,-0.5114496766047311,-0.49961746444860206,-0.5114496766047311,0.49961746444860217,0.3114496766047312
0.06,0.5818650400393853,0.37918297415008195,-0.5818650400393854,-0.5791829741500821,-0.5818650400393854,-0.5791829741500821,0.5818650400393853,0.37918297415008195
0.07,0.6549362563594209,0.4393592699430524,-0.654936256359421,-0.6393592699430525,-0.654936256359421,-0.6393592699430525,0.6549362563594209,0.4393592699430524
0.08,0.7176787366767128,0.4910295478514105,-0.7176787366767126,-0.6910295478514104,-0.7176787366767126,-0.6910295478514104,0.7176787366767128,0.4910295478514105
0.09,0.7691029945961166,0.5333789367262137,-0.7691029945961164,-0.7333789367262135,-0.7691029945961164,-0.7333789367262135,0.7691029945961166,0.5333789367262137
0.1,0.8083980388508805,0.5657395614066074,-0.8083980388508805,-0.7657395614066074,-0.8083980388508805,-0.7657395614066074,0.8083980388508805,0.5657395614066074
0.11,0.8349441631193854,0.587601075510082,-0.8349441631193854,-0.7876010755100821,-0.8349441631193854,-0.7876010755100821,0.8349441631193854,0.587601075510082
0.12,0.8483227191640308,0.59861870989979,-0.8483227191640308,-0.79861870989979,-0.8483227191640308,-0.79861870989979,0.8483227191640308,0.59861870989979
0.13,0.8483227191640308,0.59861870989979,-0.8483227191640308,-0.79861870989979,-0.8483227191640308,-0.79861870989979,0.8483227191640308,0.59861870989979
0.14,0.8349441631193854,0.587601075510082,-0.8349441631193854,-0.787601075510082,-0.8349441631193854,-0.787601075510082,0.8349441631193854,0.587601075510082
0.15,0.8083980388508806,0.5657395614066075,-0.8083980388508806,-0.7657395614066075,-0.8083980388508806,-0.7657395614066075,0.8083980388508806,0.5657395614066075
0.16,0.7691029945961165,0.5333789367262136,-0.7691029945961166,-0.7333789367262137,-0.7691029945961166,-0.7333789367262137,0.7691029945961165,0.5333789367262136
0.17,0.7176787366767127,0.4910295478514105,-0.7176787366767127,-0.6910295478514105,-0.7176787366767127,-0.6910295478514105,0.7176787366767127,0.4910295478514105
0.18,0.6549362563594209,0.4393592699430524,-0.6549362563594211,-0.6393592699430527,-0.6549362563594211,-0.6393592699430527,0.6549362563594209,0.4393592699430524
0.19,0.5818650400393856,0.3791829741500822,-0.5818650400393856,-0.5791829741500822,-0.5818650400393856,-0.5791829741500822,0.5818650400393856,0.3791829741500822
0.2,0.4996174644486022,0.3114496766047312,-0.49961746444860233,-0.5114496766047313,-0.49961746444860233,-0.5114496766047313,0.4996174644486022,0.3114496766047312
0.21,0.4094906229864583,0.2372275718712009,-0.40949062298645866,-0.4372275718712012,-0.40949062298645866,-0.4372275718712012,0.4094906229864583,0.2372275718712009
0.22,0.31290586978197643,0.15768718687927466,-0.31290586978197615,-0.3576871868792745,-0.31290586978197615,-0.3576871868792745,0.31290586978197643,0.15768718687927466
0.23,0.2113864040901266,0.07408292101539837,-0.21138640409012704,-0.2740829210153988,-0.21138640409012704,-0.2740829210153988,0.2113864040901266,0.07408292101539837
0.24,0.10653324852965886,-0.01226673650498683,-0.10653324852965895,-0.18773326349501324,-0.10653324852965895,-0.18773326349501324,0.10653324852965886,-0.01226673650498683
0.25,1.0409497792752501e-16,-0.09999999999999992,-2.0818995585505003e-16,-0.10000000000000017,-2.0818995585505003e-16,-0.10000000000000017,1.0409497792752501e-16,-0.09999999999999992
0.26,-0.10653324852965863,-0.18773326349501301,0.10653324852965855,-0.012266736504987094,0.10653324852965855,-0.012266736504987094,-0.10653324852965863,-0.18773326349501301
0.27,-0.21138640409012677,-0.2740829210153985,0.21138640409012663,0.0740829210153984,0.21138640409012663,0.0740829210153984,-0.21138640409012677,-0.2740829210153985
0.28,-0.31290586978197654,-0.3576871868792748,0.3129058697819765,0.15768718687927472,0.3129058697819765,0.15768718687927472,-0.31290586978197654,-0.3576871868792748
0.29,-0.4094906229864577,-0.4372275718712004,0.40949062298645766,0.2372275718712004,0.40949062298645766,0.2372275718712004,-0.4094906229864577,-0.4372275718712004
0.3,-0.49961746444860206,-0.5114496766047311,0.49961746444860194,0.311449676604731,0.49961746444860194,0.311449676604731,-0.49961746444860206,-0.5114496766047311
0.31,-0.5818650400393854,-0.5791829741500821,0.5818650400393853,0.37918297415008195,0.5818650400393853,0.37918297415008195,-0.5818650400393854,-0.5791829741500821
0.32,-0.654936256359421,-0.6393592699430525,0.6549362563594209,0.4393592699430524,0.6549362563594209,0.4393592699430524,-0.654936256359421,-0.6393592699430525
0.33,-0.717678736676713,-0.6910295478514107,0.7176787366767129,0.4910295478514106,0.7176787366767129,0.4910295478514106,-0.717678736676713,-0.6910295478514107
0.34,-0.7691029945961169,-0.7333789367262138,0.7691029945961168,0.5333789367262137,0.7691029945961168,0.5333789367262137,-0.7691029945961169,-0.7333789367262138
0.35000000000000003,-0.8083980388508805,-0.7657395614066074,0.8083980388508805,0.5657395614066074,0.8083980388508805,0.5657395614066074,-0.8083980388508805,-0.7657395614066074
0.36,-0.8349441631193854,-0.7876010755100821,0.8349441631193854,0.587601075510082,0.8349441631193854,0.587601075510082,-0.8349441631193854,-0.7876010755100821
0.37,-0.8483227191640308,-0.79861870989979,0.8483227191640308,0.59861870989979,0.8483227191640308,0.59861870989979,-0.8483227191640308,-0.79861870989979
0.38,-0.8483227191640308,-0.79861870989979,0.8483227191640308,0.59861870989979,0.8483227191640308,0.59861870989979,-0.8483227191640308,-0.79861870989979
0.39,-0.8349441631193854,-0.7876010755100821,0.8349441631193854,0.587601075510082,0.8349441631193854,0.587601075510082,-0.8349441631193854,-0.7876010755100821
0.4,-0.8083980388508806,-0.7657395614066075,0.8083980388508806,0.5657395614066075,0.8083980388508806,0.5657395614066075,-0.8083980388508806,-0.7657395614066075
0.41000000000000003,-0.7691029945961166,-0.7333789367262137,0.769102994596117,0.533378936726214,0.769102994596117,0.533378936726214,-0.7691029945961166,-0.7333789367262137
0.42,-0.7176787366767132,-0.6910295478514108,0.7176787366767136,0.4910295478514112,0.7176787366767136,0.4910295478514112,-0.7176787366767132,-0.6910295478514108
0.43,-0.6549362563594211,-0.6393592699430527,0.6549362563594212,0.43935926994305274,0.6549362563594212,0.43935926994305274,-0.6549362563594211,-0.6393592699430527
0.44,-0.5818650400393856,-0.5791829741500822,0.5818650400393851,0.37918297415008184,0.5818650400393851,0.37918297415008184,-0.5818650400393856,-0.5791829741500822
0.45,-0.49961746444860233,-0.5114496766047313,0.49961746444860233,0.31144967660473133,0.49961746444860233,0.31144967660473133,-0.49961746444860233,-0.5114496766047313
0.46,-0.409490622986458,-0.43722757187120076,0.4094906229864588,0.23722757187120133,0.4094906229864588,0.23722757187120133,-0.409490622986458,-0.43722757187120076
0.47000000000000003,-0.31290586978197615,-0.3576871868792745,0.31290586978197626,0.15768718687927455,0.31290586978197626,0.15768718687927455,-0.31290586978197615,-0.3576871868792745
0.48,-0.21138640409012704,-0.2740829210153988,0.21138640409012716,0.07408292101539882,0.21138640409012716,0.07408292101539882,-0.21138640409012704,-0.2740829210153988
0.49,-0.10653324852965895,-0.18773326349501324,0.10653324852965831,-0.012266736504987288,0.10653324852965831,-0.012266736504987288,-0.10653324852965895,-0.18773326349501324
0.5,-2.0818995585505003e-16,-0.10000000000000017,3.1228493378257504e-16,-0.09999999999999974,3.1228493378257504e-16,-0.09999999999999974,-2.0818995585505003e-16,-0.10000000000000017
0.51,0.10653324852965855,-0.012266736504987094,-0.10653324852965769,-0.18773326349501224,-0.10653324852965769,-0.18773326349501224,0.10653324852965855,-0.012266736504987094
0.52,0.21138640409012663,0.0740829210153984,-0.21138640409012655,-0.27408292101539833,-0.21138640409012655,-0.27408292101539833,0.21138640409012663,0.0740829210153984
0.53,0.3129058697819765,0.15768718687927472,-0.3129058697819771,-0.35768718687927525,-0.3129058697819771,-0.35768718687927525,0.3129058697819765,0.15768718687927472
0.54,0.4094906229864583,0.23722757187120094,-0.4094906229864582,-0.43722757187120087,-0.4094906229864582,-0.43722757187120087,0.4094906229864583,0.23722757187120094
0.55,0.49961746444860256,0.31144967660473144,-0.4996174644486019,-0.511449676604731,-0.4996174644486019,-0.511449676604731,0.49961746444860256,0.31144967660473144
0.56,0.5818650400393859,0.3791829741500825,-0.5818650400393858,-0.5791829741500824,-0.5818650400393858,-0.5791829741500824,0.5818650400393859,0.3791829741500825
0.5700000000000001,0.6549362563594209,0.4393592699430524,-0.6549362563594209,-0.6393592699430524,-0.6549362563594209,-0.6393592699430524,0.6549362563594209,0.4393592699430524
0.58,0.7176787366767126,0.4910295478514103,-0.7176787366767124,-0.6910295478514101,-0.7176787366767124,-0.6910295478514101,0.7176787366767126,0.4910295478514103
0.59,0.7691029945961164,0.5333789367262135,-0.7691029945961168,-0.7333789367262137,-0.7691029945961168,-0.7333789367262137,0.7691029945961164,0.5333789367262135
0.6,0.8083980388508805,0.5657395614066074,-0.8083980388508804,-0.7657395614066074,-0.8083980388508804,-0.7657395614066074,0.8083980388508805,0.5657395614066074
0.61,0.8349441631193854,0.587601075510082,-0.8349441631193852,-0.7876010755100818,-0.8349441631193852,-0.7876010755100818,0.8349441631193854,0.587601075510082
0.62,0.8483227191640308,0.59861870989979,-0.8483227191640308,-0.79861870989979,-0.8483227191640308,-0.79861870989979,0.8483227191640308,0.59861870989979
0.63,0.8483227191640308,0.59861870989979,-0.8483227191640308,-0.79861870989979,-0.8483227191640308,-0.79861870989979,0.8483227191640308,0.59861870989979
0.64,0.8349441631193854,0.587601075510082,-0.8349441631193854,-0.787601075510082,-0.8349441631193854,-0.787601075510082,0.8349441631193854,0.587601075510082
0.65,0.8083980388508806,0.5657395614066075,-0.8083980388508807,-0.7657395614066076,-0.8083980388508807,-0.7657395614066076,0.8083980388508806,0.5657395614066075
0.66,0.7691029945961163,0.5333789367262135,-0.7691029945961163,-0.7333789367262135,-0.7691029945961163,-0.7333789367262135,0.7691029945961163,0.5333789367262135
0.67,0.7176787366767128,0.4910295478514105,-0.7176787366767128,-0.6910295478514105,-0.7176787366767128,-0.6910295478514105,0.7176787366767128,0.4910295478514105
0.68,0.6549362563594203,0.43935926994305197,-0.6549362563594203,-0.6393592699430519,-0.6549362563594203,-0.6393592699430519,0.6549362563594203,0.43935926994305197
0.6900000000000001,0.5818650400393851,0.37918297415008184,-0.5818650400393852,-0.5791829741500819,-0.5818650400393852,-0.5791829741500819,0.5818650400393851,0.37918297415008184
0.7000000000000001,0.49961746444860233,0.31144967660473133,-0.49961746444860244,-0.5114496766047314,-0.49961746444860244,-0.5114496766047314,0.49961746444860233,0.31144967660473133
0.71,0.4094906229864588,0.23722757187120133,-0.4094906229864589,-0.4372275718712014,-0.4094906229864589,-0.4372275718712014,0.4094906229864588,0.23722757187120133
0.72,0.31290586978197626,0.15768718687927455,-0.3129058697819764,-0.3576871868792747,-0.3129058697819764,-0.3576871868792747,0.31290586978197626,0.15768718687927455
0.73,0.21138640409012716,0.07408292101539882,-0.21138640409012727,-0.2740829210153989,-0.21138640409012727,-0.2740829210153989,0.21138640409012716,0.07408292101539882
0.74,0.10653324852965831,-0.012266736504987288,-0.1065332485296584,-0.1877332634950128,-0.1065332485296584,-0.1877332634950128,0.10653324852965831,-0.012266736504987288
0.75,3.1228493378257504e-16,-0.09999999999999974,-4.1637991171010006e-16,-0.10000000000000035,-4.1637991171010006e-16,-0.10000000000000035,3.1228493378257504e-16,-0.09999999999999974
0.76,-0.10653324852965769,-0.18773326349501224,0.10653324852965758,-0.012266736504987885,0.10653324852965758,-0.012266736504987885,-0.10653324852965769,-0.18773326349501224
0.77,-0.21138640409012655,-0.27408292101539833,0.21138640409012646,0.07408292101539823,0.21138640409012646,0.07408292101539823,-0.21138640409012655,-0.27408292101539833
0.78,-0.31290586978197565,-0.35768718687927403,0.31290586978197554,0.157687186879274,0.31290586978197554,0.157687186879274,-0.31290586978197565,-0.35768718687927403
0.79,-0.4094906229864582,-0.43722757187120087,0.4094906229864581,0.23722757187120078,0.4094906229864581,0.23722757187120078,-0.4094906229864582,-0.43722757187120087
0.8,-0.4996174644486019,-0.511449676604731,0.4996174644486018,0.3114496766047309,0.4996174644486018,0.3114496766047309,-0.4996174644486019,-0.511449676604731
0.81,-0.5818650400393858,-0.5791829741500824,0.5818650400393857,0.3791829741500823,0.5818650400393857,0.3791829741500823,-0.5818650400393858,-0.5791829741500824
0.8200000000000001,-0.6549362563594209,-0.6393592699430524,0.6549362563594208,0.4393592699430524,0.6549362563594208,0.4393592699430524,-0.6549362563594209,-0.6393592699430524
0.8300000000000001,-0.7176787366767132,-0.6910295478514109,0.7176787366767132,0.49102954785141084,0.7176787366767132,0.49102954785141084,-0.7176787366767132,-0.6910295478514109
0.84,-0.7691029945961161,-0.7333789367262131,0.769102994596116,0.5333789367262132,0.769102994596116,0.5333789367262132,-0.7691029945961161,-0.7333789367262131
0.85,-0.8083980388508804,-0.7657395614066074,0.8083980388508804,0.5657395614066074,0.8083980388508804,0.5657395614066074,-0.8083980388508804,-0.7657395614066074
0.86,-0.8349441631193852,-0.7876010755100818,0.8349441631193852,0.5876010755100819,0.8349441631193852,0.5876010755100819,-0.8349441631193852,-0.7876010755100818
0.87,-0.8483227191640308,-0.79861870989979,0.8483227191640308,0.59861870989979,0.8483227191640308,0.59861870989979,-0.8483227191640308,-0.79861870989979
0.88,-0.8483227191640308,-0.79861870989979,0.8483227191640309,0.5986187098997902,0.8483227191640309,0.5986187098997902,-0.8483227191640308,-0.79861870989979
0.89,-0.8349441631193854,-0.787601075510082,0.8349441631193854,0.587601075510082,0.8349441631193854,0.587601075510082,-0.8349441631193854,-0.787601075510082
0.9,-0.8083980388508807,-0.7657395614066076,0.8083980388508807,0.5657395614066076,0.8083980388508807,0.5657395614066076,-0.8083980388508807,-0.7657395614066076
0.91,-0.7691029945961163,-0.7333789367262135,0.7691029945961164,0.5333789367262135,0.7691029945961164,0.5333789367262135,-0.7691029945961163,-0.7333789367262135
0.92,-0.7176787366767128,-0.6910295478514105,0.7176787366767129,0.4910295478514106,0.7176787366767129,0.4910295478514106,-0.7176787366767128,-0.6910295478514105
0.93,-0.6549362563594203,-0.6393592699430519,0.6549362563594203,0.4393592699430521,0.6549362563594203,0.4393592699430521,-0.6549362563594203,-0.6393592699430519
0.9400000000000001,-0.5818650400393852,-0.5791829741500819,0.5818650400393853,0.37918297415008195,0.5818650400393853,0.37918297415008195,-0.5818650400393852,-0.5791829741500819
0.9500000000000001,-0.49961746444860244,-0.5114496766047314,0.49961746444860256,0.31144967660473144,0.49961746444860256,0.31144967660473144,-0.49961746444860244,-0.5114496766047314
0.96,-0.4094906229864589,-0.4372275718712014,0.40949062298645894,0.2372275718712015,0.40949062298645894,0.2372275718712015,-0.4094906229864589,-0.4372275718712014
0.97,-0.3129058697819764,-0.3576871868792747,0.3129058697819765,0.15768718687927472,0.3129058697819765,0.15768718687927472,-0.3129058697819764,-0.3576871868792747
0.98,-0.21138640409012727,-0.2740829210153989,0.21138640409012735,0.07408292101539898,0.21138640409012735,0.07408292101539898,-0.21138640409012727,-0.2740829210153989
0.99,-0.1065332485296584,-0.1877332634950128,0.10653324852965852,-0.012266736504987108,0.10653324852965852,-0.012266736504987108,-0.1065332485296584,-0.1877332634950128
1.0,-4.1637991171010006e-16,-0.10000000000000035,5.204748896376252e-16,-0.09999999999999958,5.204748896376252e-16,-0.09999999999999958,-4.1637991171010006e-16,-0.10000000000000035
1.01,0.10653324852965758,-0.012266736504987885,-0.10653324852965748,-0.18773326349501204,-0.10653324852965748,-0.18773326349501204,0.10653324852965758,-0.012266736504987885
1.02,0.21138640409012646,0.07408292101539823,-0.21138640409012632,-0.27408292101539816,-0.21138640409012632,-0.27408292101539816,0.21138640409012646,0.07408292101539823
1.03,0.31290586978197554,0.157687186879274,-0.3129058697819769,-0.35768718687927503,-0.3129058697819769,-0.35768718687927503,0.31290586978197554,0.157687186879274
1.04,0.4094906229864581,0.23722757187120078,-0.409490622986458,-0.43722757187120076,-0.409490622986458,-0.43722757187120076,0.4094906229864581,0.23722757187120078
1.05,0.4996174644486018,0.3114496766047309,-0.49961746444860167,-0.5114496766047308,-0.49961746444860167,-0.5114496766047308,0.4996174644486018,0.3114496766047309
1.06,0.5818650400393857,0.3791829741500823,-0.5818650400393846,-0.5791829741500814,-0.5818650400393846,-0.5791829741500814,0.5818650400393857,0.3791829741500823
1.07,0.6549362563594208,0.4393592699430524,-0.6549362563594198,-0.6393592699430515,-0.6549362563594198,-0.6393592699430515,0.6549362563594208,0.4393592699430524
1.08,0.7176787366767132,0.49102954785141084,-0.7176787366767132,-0.6910295478514108,-0.7176787366767132,-0.6910295478514108,0.7176787366767132,0.49102954785141084
1.09,0.7691029945961166,0.5333789367262137,-0.7691029945961166,-0.7333789367262137,-0.7691029945961166,-0.7333789367262137,0.7691029945961166,0.5333789367262137
1.1,0.8083980388508809,0.5657395614066077,-0.8083980388508812,-0.765739561406608,-0.8083980388508812,-0.765739561406608,0.8083980388508809,0.5657395614066077
1.11,0.8349441631193855,0.5876010755100821,-0.8349441631193857,-0.7876010755100823,-0.8349441631193857,-0.7876010755100823,0.8349441631193855,0.5876010755100821
1.12,0.8483227191640309,0.5986187098997902,-0.8483227191640309,-0.7986187098997901,-0.8483227191640309,-0.7986187098997901,0.8483227191640309,0.5986187098997902
1.1300000000000001,0.8483227191640308,0.59861870989979,-0.8483227191640308,-0.79861870989979,-0.8483227191640308,-0.79861870989979,0.8483227191640308,0.59861870989979
1.1400000000000001,0.8349441631193854,0.587601075510082,-0.8349441631193854,-0.7876010755100821,-0.8349441631193854,-0.7876010755100821,0.8349441631193854,0.587601075510082
1.1500000000000001,0.8083980388508802,0.5657395614066072,-0.8083980388508807,-0.7657395614066076,-0.8083980388508807,-0.7657395614066076,0.8083980388508802,0.5657395614066072
1.16,0.769102994596117,0.533378936726214,-0.7691029945961171,-0.733378936726214,-0.7691029945961171,-0.733378936726214,0.769102994596117,0.533378936726214
1.17,0.7176787366767138,0.4910295478514113,-0.7176787366767138,-0.6910295478514112,-0.7176787366767138,-0.6910295478514112,0.7176787366767138,0.4910295478514113
1.18,0.6549362563594213,0.43935926994305285,-0.6549362563594223,-0.6393592699430537,-0.6549362563594223,-0.6393592699430537,0.6549362563594213,0.43935926994305285
1.19,0.5818650400393863,0.37918297415008284,-0.5818650400393875,-0.5791829741500839,-0.5818650400393875,-0.5791829741500839,0.5818650400393863,0.37918297415008284
1.2,0.49961746444860256,0.31144967660473144,-0.4996174644486026,-0.5114496766047316,-0.4996174644486026,-0.5114496766047316,0.49961746444860256,0.31144967660473144
1.21,0.40949062298645894,0.2372275718712015,-0.40949062298645905,-0.43722757187120154,-0.40949062298645905,-0.43722757187120154,0.40949062298645894,0.2372275718712015
1.22,0.3129058697819765,0.15768718687927472,-0.31290586978197515,-0.3576871868792736,-0.31290586978197515,-0.3576871868792736,0.3129058697819765,0.15768718687927472
1.23,0.21138640409012735,0.07408292101539898,-0.211386404090126,-0.2740829210153979,-0.211386404090126,-0.2740829210153979,0.21138640409012735,0.07408292101539898
1.24,0.10653324852965852,-0.012266736504987108,-0.10653324852965862,-0.187733263495013,-0.10653324852965862,-0.187733263495013,0.10653324852965852,-0.012266736504987108
1.25,5.204748896376252e-16,-0.09999999999999958,-6.245698675651501e-16,-0.10000000000000052,-6.245698675651501e-16,-0.10000000000000052,5.204748896376252e-16,-0.09999999999999958
1.26,-0.10653324852965748,-0.18773326349501204,0.10653324852965738,-0.012266736504988038,0.10653324852965738,-0.012266736504988038,-0.10653324852965748,-0.18773326349501204
1.27,-0.21138640409012632,-0.27408292101539816,0.21138640409012477,0.07408292101539687,0.21138640409012477,0.07408292101539687,-0.21138640409012632,-0.27408292101539816
1.28,-0.3129058697819769,-0.35768718687927503,0.31290586978197676,0.157687186879275,0.31290586978197676,0.157687186879275,-0.3129058697819769,-0.35768718687927503
1.29,-0.409490622986458,-0.43722757187120076,0.40949062298645794,0.2372275718712006,0.40949062298645794,0.2372275718712006,-0.409490622986458,-0.43722757187120076
1.3,-0.49961746444860167,-0.5114496766047308,0.4996174644486016,0.31144967660473066,0.4996174644486016,0.31144967660473066,-0.49961746444860167,-0.5114496766047308
1.31,-0.5818650400393846,-0.5791829741500814,0.5818650400393844,0.3791829741500813,0.5818650400393844,0.3791829741500813,-0.5818650400393846,-0.5791829741500814
1.32,-0.6549362563594217,-0.639359269943053,0.6549362563594217,0.4393592699430531,0.6549362563594217,0.4393592699430531,-0.6549362563594217,-0.639359269943053
1.33,-0.7176787366767132,-0.6910295478514108,0.7176787366767131,0.49102954785141073,0.7176787366767131,0.49102954785141073,-0.7176787366767132,-0.6910295478514108
1.34,-0.7691029945961166,-0.7333789367262137,0.7691029945961165,0.5333789367262136,0.7691029945961165,0.5333789367262136,-0.7691029945961166,-0.7333789367262137
1.35,-0.8083980388508804,-0.7657395614066074,0.8083980388508802,0.5657395614066073,0.8083980388508802,0.5657395614066073,-0.8083980388508804,-0.7657395614066074
1.36,-0.8349441631193857,-0.7876010755100823,0.8349441631193857,0.5876010755100823,0.8349441631193857,0.5876010755100823,-0.8349441631193857,-0.7876010755100823
1.37,-0.8483227191640309,-0.7986187098997901,0.8483227191640309,0.5986187098997902,0.8483227191640309,0.5986187098997902,-0.8483227191640309,-0.7986187098997901
1.3800000000000001,-0.8483227191640308,-0.79861870989979,0.8483227191640308,0.59861870989979,0.8483227191640308,0.59861870989979,-0.8483227191640308,-0.79861870989979
1.3900000000000001,-0.8349441631193854,-0.7876010755100821,0.8349441631193854,0.5876010755100821,0.8349441631193854,0.5876010755100821,-0.8349441631193854,-0.7876010755100821
1.4000000000000001,-0.8083980388508807,-0.7657395614066076,0.8083980388508808,0.5657395614066076,0.8083980388508808,0.5657395614066076,-0.8083980388508807,-0.7657395614066076
1.41,-0.7691029945961171,-0.733378936726214,0.7691029945961171,0.5333789367262141,0.7691029945961171,0.5333789367262141,-0.7691029945961171,-0.733378936726214
1.42,-0.7176787366767138,-0.6910295478514112,0.7176787366767138,0.4910295478514114,0.7176787366767138,0.4910295478514114,-0.7176787366767138,-0.6910295478514112
1.43,-0.6549362563594223,-0.6393592699430537,0.6549362563594224,0.43935926994305374,0.6549362563594224,0.43935926994305374,-0.6549362563594223,-0.6393592699430537
1.44,-0.5818650400393853,-0.579182974150082,0.5818650400393854,0.37918297415008206,0.5818650400393854,0.37918297415008206,-0.5818650400393853,-0.579182974150082
1.45,-0.4996174644486026,-0.5114496766047316,0.4996174644486027,0.31144967660473166,0.4996174644486027,0.31144967660473166,-0.4996174644486026,-0.5114496766047316
1.46,-0.40949062298645905,-0.43722757187120154,0.40949062298645916,0.2372275718712016,0.40949062298645916,0.2372275718712016,-0.40949062298645905,-0.43722757187120154
1.47,-0.312905869781978,-0.3576871868792759,0.31290586978197804,0.15768718687927605,0.31290586978197804,0.15768718687927605,-0.312905869781978,-0.3576871868792759
1.48,-0.211386404090126,-0.2740829210153979,0.2113864040901261,0.07408292101539796,0.2113864040901261,0.07408292101539796,-0.211386404090126,-0.2740829210153979
1.49,-0.10653324852965862,-0.187733263495013,0.10653324852965873,-0.012266736504986928,0.10653324852965873,-0.012266736504986928,-0.10653324852965862,-0.187733263495013
1.5,-6.245698675651501e-16,-0.10000000000000052,7.286648454926751e-16,-0.09999999999999941,7.286648454926751e-16,-0.09999999999999941,-6.245698675651501e-16,-0.10000000000000052
1.51,0.10653324852965738,-0.012266736504988038,-0.10653324852965727,-0.18773326349501188,-0.10653324852965727,-0.18773326349501188,0.10653324852965738,-0.012266736504988038
1.52,0.21138640409012477,0.07408292101539687,-0.21138640409012469,-0.2740829210153968,-0.21138640409012469,-0.2740829210153968,0.21138640409012477,0.07408292101539687
1.53,0.31290586978197676,0.157687186879275,-0.3129058697819767,-0.3576871868792749,-0.3129058697819767,-0.3576871868792749,0.31290586978197676,0.157687186879275
1.54,0.40949062298645794,0.2372275718712006,-0.40949062298645783,-0.43722757187120054,-0.40949062298645783,-0.43722757187120054,0.40949062298645794,0.2372275718712006
1.55,0.4996174644486016,0.31144967660473066,-0.4996174644486016,-0.5114496766047307,-0.4996174644486016,-0.5114496766047307,0.4996174644486016,0.31144967660473066
1.56,0.5818650400393844,0.3791829741500813,-0.5818650400393843,-0.5791829741500812,-0.5818650400393843,-0.5791829741500812,0.5818650400393844,0.3791829741500813
1.57,0.6549362563594217,0.4393592699430531,-0.6549362563594215,-0.6393592699430529,-0.6549362563594215,-0.6393592699430529,0.6549362563594217,0.4393592699430531
1.58,0.7176787366767131,0.49102954785141073,-0.7176787366767131,-0.6910295478514107,-0.7176787366767131,-0.6910295478514107,0.7176787366767131,0.49102954785141073
1.59,0.7691029945961165,0.5333789367262136,-0.7691029945961165,-0.7333789367262136,-0.7691029945961165,-0.7333789367262136,0.7691029945961165,0.5333789367262136
1.6,0.8083980388508802,0.5657395614066073,-0.8083980388508802,-0.7657395614066073,-0.8083980388508802,-0.7657395614066073,0.8083980388508802,0.5657395614066073
1.61,0.8349441631193857,0.5876010755100823,-0.8349441631193857,-0.7876010755100823,-0.8349441631193857,-0.7876010755100823,0.8349441631193857,0.5876010755100823
1.62,0.8483227191640309,0.5986187098997902,-0.8483227191640309,-0.7986187098997901,-0.8483227191640309,-0.7986187098997901,0.8483227191640309,0.5986187098997902
1.6300000000000001,0.8483227191640308,0.59861870989979,-0.8483227191640308,-0.79861870989979,-0.8483227191640308,-0.79861870989979,0.8483227191640308,0.59861870989979
1.6400000000000001,0.8349441631193854,0.5876010755100821,-0.8349441631193854,-0.7876010755100821,-0.8349441631193854,-0.7876010755100821,0.8349441631193854,0.5876010755100821
1.6500000000000001,0.8083980388508808,0.5657395614066076,-0.8083980388508808,-0.7657395614066076,-0.8083980388508808,-0.7657395614066076,0.8083980388508808,0.5657395614066076
1.6600000000000001,0.7691029945961159,0.5333789367262131,-0.7691029945961159,-0.733378936726213,-0.7691029945961159,-0.733378936726213,0.7691029945961159,0.5333789367262131
1.67,0.7176787366767138,0.4910295478514114,-0.7176787366767138,-0.6910295478514114,-0.7176787366767138,-0.6910295478514114,0.7176787366767138,0.4910295478514114
1.68,0.6549362563594224,0.43935926994305374,-0.6549362563594224,-0.6393592699430537,-0.6549362563594224,-0.6393592699430537,0.6549362563594224,0.43935926994305374
1.69,0.5818650400393854,0.37918297415008206,-0.5818650400393856,-0.5791829741500821,-0.5818650400393856,-0.5791829741500821,0.5818650400393854,0.37918297415008206
1.7,0.4996174644486027,0.31144967660473166,-0.49961746444860283,-0.5114496766047317,-0.49961746444860283,-0.5114496766047317,0.4996174644486027,0.31144967660473166
1.71,0.40949062298645916,0.2372275718712016,-0.4094906229864592,-0.43722757187120176,-0.4094906229864592,-0.43722757187120176,0.40949062298645916,0.2372275718712016
1.72,0.31290586978197804,0.15768718687927605,-0.31290586978197815,-0.35768718687927614,-0.31290586978197815,-0.35768718687927614,0.31290586978197804,0.15768718687927605
1.73,0.2113864040901261,0.07408292101539796,-0.21138640409012618,-0.27408292101539805,-0.21138640409012618,-0.27408292101539805,0.2113864040901261,0.07408292101539796
1.74,0.10653324852965873,-0.012266736504986928,-0.10653324852965883,-0.18773326349501315,-0.10653324852965883,-0.18773326349501315,0.10653324852965873,-0.012266736504986928
1.75,7.286648454926751e-16,-0.09999999999999941,-8.327598234202001e-16,-0.10000000000000069,-8.327598234202001e-16,-0.10000000000000069,7.286648454926751e-16,-0.09999999999999941
1.76,-0.10653324852965727,-0.18773326349501188,0.10653324852965718,-0.012266736504988218,0.10653324852965718,-0.012266736504988218,-0.10653324852965727,-0.18773326349501188
1.77,-0.21138640409012469,-0.2740829210153968,0.2113864040901246,0.07408292101539671,0.2113864040901246,0.07408292101539671,-0.21138640409012469,-0.2740829210153968
1.78,-0.3129058697819767,-0.3576871868792749,0.3129058697819766,0.15768718687927483,0.3129058697819766,0.15768718687927483,-0.3129058697819767,-0.3576871868792749
1.79,-0.40949062298645783,-0.43722757187120054,0.4094906229864578,0.2372275718712005,0.4094906229864578,0.2372275718712005,-0.40949062298645783,-0.43722757187120054
1.8,-0.4996174644486016,-0.5114496766047307,0.4996174644486015,0.31144967660473066,0.4996174644486015,0.31144967660473066,-0.4996174644486016,-0.5114496766047307
1.81,-0.5818650400393843,-0.5791829741500812,0.5818650400393842,0.3791829741500812,0.5818650400393842,0.3791829741500812,-0.5818650400393843,-0.5791829741500812
1.82,-0.6549362563594215,-0.6393592699430529,0.6549362563594214,0.43935926994305297,0.6549362563594214,0.43935926994305297,-0.6549362563594215,-0.6393592699430529
1.83,-0.7176787366767131,-0.6910295478514107,0.717678736676713,0.49102954785141073,0.717678736676713,0.49102954785141073,-0.7176787366767131,-0.6910295478514107
1.84,-0.7691029945961165,-0.7333789367262136,0.7691029945961164,0.5333789367262135,0.7691029945961164,0.5333789367262135,-0.7691029945961165,-0.7333789367262136
1.85,-0.8083980388508802,-0.7657395614066073,0.8083980388508802,0.5657395614066073,0.8083980388508802,0.5657395614066073,-0.8083980388508802,-0.7657395614066073
1.86,-0.8349441631193857,-0.7876010755100823,0.8349441631193857,0.5876010755100823,0.8349441631193857,0.5876010755100823,-0.8349441631193857,-0.7876010755100823
1.87,-0.8483227191640309,-0.7986187098997901,0.8483227191640309,0.5986187098997902,0.8483227191640309,0.5986187098997902,-0.8483227191640309,-0.7986187098997901
1.8800000000000001,-0.8483227191640308,-0.79861870989979,0.8483227191640308,0.59861870989979,0.8483227191640308,0.59861870989979,-0.8483227191640308,-0.79861870989979
1.8900000000000001,-0.8349441631193854,-0.7876010755100821,0.8349441631193854,0.5876010755100821,0.8349441631193854,0.5876010755100821,-0.8349441631193854,-0.7876010755100821
1.9000000000000001,-0.8083980388508808,-0.7657395614066076,0.8083980388508808,0.5657395614066076,0.8083980388508808,0.5657395614066076,-0.8083980388508808,-0.7657395614066076
1.9100000000000001,-0.7691029945961159,-0.733378936726213,0.769102994596116,0.5333789367262132,0.769102994596116,0.5333789367262132,-0.7691029945961159,-0.733378936726213
1.92,-0.7176787366767138,-0.6910295478514114,0.7176787366767139,0.4910295478514115,0.7176787366767139,0.4910295478514115,-0.7176787366767138,-0.6910295478514114
1.93,-0.6549362563594224,-0.6393592699430537,0.6549362563594225,0.43935926994305385,0.6549362563594225,0.43935926994305385,-0.6549362563594224,-0.6393592699430537
1.94,-0.5818650400393856,-0.5791829741500821,0.5818650400393856,0.3791829741500822,0.5818650400393856,0.3791829741500822,-0.5818650400393856,-0.5791829741500821
1.95,-0.49961746444860283,-0.5114496766047317,0.4996174644486029,0.3114496766047318,0.4996174644486029,0.3114496766047318,-0.49961746444860283,-0.5114496766047317
1.96,-0.4094906229864592,-0.43722757187120176,0.4094906229864593,0.23722757187120178,0.4094906229864593,0.23722757187120178,-0.4094906229864592,-0.43722757187120176
1.97,-0.31290586978197815,-0.35768718687927614,0.31290586978197826,0.15768718687927621,0.31290586978197826,0.15768718687927621,-0.31290586978197815,-0.35768718687927614
1.98,-0.21138640409012618,-0.27408292101539805,0.2113864040901263,0.0740829210153981,0.2113864040901263,0.0740829210153981,-0.21138640409012618,-0.27408292101539805
1.99,-0.10653324852965883,-0.18773326349501315,0.10653324852965892,-0.012266736504986775,0.10653324852965892,-0.012266736504986775,-0.10653324852965883,-0.18773326349501315
2.0,-8.327598234202001e-16,-0.10000000000000069,9.368548013477252e-16,-0.09999999999999923,9.368548013477252e-16,-0.09999999999999923,-8.327598234202001e-16,-0.10000000000000069
2.0100000000000002,0.10653324852966017,-0.012266736504985748,-0.10653324852966008,-0.18773326349501418,-0.10653324852966008,-0.18773326349501418,0.10653324852966017,-0.012266736504985748
2.02,0.2113864040901246,0.07408292101539671,-0.21138640409012446,-0.27408292101539666,-0.21138640409012446,-0.27408292101539666,0.2113864040901246,0.07408292101539671
2.0300000000000002,0.3129058697819766,0.15768718687927483,-0.3129058697819765,-0.3576871868792748,-0.3129058697819765,-0.3576871868792748,0.3129058697819766,0.15768718687927483
2.04,0.4094906229864578,0.2372275718712005,-0.40949062298645766,-0.4372275718712004,-0.40949062298645766,-0.4372275718712004,0.4094906229864578,0.2372275718712005
2.05,0.49961746444859906,0.31144967660472855,-0.49961746444859895,-0.5114496766047285,-0.49961746444859895,-0.5114496766047285,0.49961746444859906,0.31144967660472855
2.06,0.5818650400393842,0.3791829741500812,-0.5818650400393842,-0.579182974150081,-0.5818650400393842,-0.579182974150081,0.5818650400393842,0.3791829741500812
2.07,0.6549362563594195,0.4393592699430514,-0.6549362563594194,-0.6393592699430513,-0.6549362563594194,-0.6393592699430513,0.6549362563594195,0.4393592699430514
2.08,0.717678736676713,0.49102954785141073,-0.7176787366767129,-0.6910295478514106,-0.7176787366767129,-0.6910295478514106,0.717678736676713,0.49102954785141073
2.09,0.7691029945961152,0.5333789367262125,-0.7691029945961151,-0.7333789367262123,-0.7691029945961151,-0.7333789367262123,0.7691029945961152,0.5333789367262125
2.1,0.8083980388508802,0.5657395614066073,-0.8083980388508802,-0.7657395614066071,-0.8083980388508802,-0.7657395614066071,0.8083980388508802,0.5657395614066073
2.11,0.8349441631193851,0.5876010755100819,-0.834944163119385,-0.7876010755100817,-0.834944163119385,-0.7876010755100817,0.8349441631193851,0.5876010755100819
2.12,0.8483227191640309,0.5986187098997902,-0.8483227191640309,-0.7986187098997901,-0.8483227191640309,-0.7986187098997901,0.8483227191640309,0.5986187098997902
2.13,0.848322719164031,0.5986187098997903,-0.848322719164031,-0.7986187098997902,-0.848322719164031,-0.7986187098997902,0.848322719164031,0.5986187098997903
2.14,0.8349441631193854,0.5876010755100821,-0.8349441631193854,-0.7876010755100821,-0.8349441631193854,-0.7876010755100821,0.8349441631193854,0.5876010755100821
2.15,0.8083980388508808,0.5657395614066076,-0.8083980388508809,-0.7657395614066077,-0.8083980388508809,-0.7657395614066077,0.8083980388508808,0.5657395614066076
2.16,0.769102994596116,0.5333789367262132,-0.769102994596116,-0.7333789367262131,-0.769102994596116,-0.7333789367262131,0.769102994596116,0.5333789367262132
2.17,0.7176787366767139,0.4910295478514115,-0.717678736676714,-0.6910295478514115,-0.717678736676714,-0.6910295478514115,0.7176787366767139,0.4910295478514115
2.18,0.6549362563594207,0.4393592699430523,-0.6549362563594207,-0.6393592699430523,-0.6549362563594207,-0.6393592699430523,0.6549362563594207,0.4393592699430523
2.19,0.5818650400393856,0.3791829741500822,-0.5818650400393857,-0.5791829741500824,-0.5818650400393857,-0.5791829741500824,0.5818650400393856,0.3791829741500822
2.2,0.49961746444860045,0.3114496766047298,-0.49961746444860056,-0.5114496766047298,-0.49961746444860056,-0.5114496766047298,0.49961746444860045,0.3114496766047298
2.21,0.4094906229864593,0.23722757187120178,-0.4094906229864594,-0.43722757187120187,-0.4094906229864594,-0.43722757187120187,0.4094906229864593,0.23722757187120178
2.22,0.31290586978197543,0.15768718687927388,-0.31290586978197554,-0.3576871868792739,-0.31290586978197554,-0.3576871868792739,0.31290586978197543,0.15768718687927388
2.23,0.2113864040901263,0.0740829210153981,-0.2113864040901264,-0.2740829210153982,-0.2113864040901264,-0.2740829210153982,0.2113864040901263,0.0740829210153981
2.24,0.10653324852965593,-0.012266736504989245,-0.10653324852965604,-0.18773326349501085,-0.10653324852965604,-0.18773326349501085,0.10653324852965593,-0.012266736504989245
2.25,9.368548013477252e-16,-0.09999999999999923,-1.0409497792752503e-15,-0.10000000000000087,-1.0409497792752503e-15,-0.10000000000000087,9.368548013477252e-16,-0.09999999999999923
2.2600000000000002,-0.10653324852966008,-0.18773326349501418,0.10653324852965997,-0.012266736504985928,0.10653324852965997,-0.012266736504985928,-0.10653324852966008,-0.18773326349501418
2.27,-0.21138640409012446,-0.27408292101539666,0.21138640409012438,0.07408292101539654,0.21138640409012438,0.07408292101539654,-0.21138640409012446,-0.27408292101539666
2.2800000000000002,-0.3129058697819765,-0.3576871868792748,0.31290586978197643,0.15768718687927466,0.31290586978197643,0.15768718687927466,-0.3129058697819765,-0.3576871868792748
2.29,-0.40949062298645766,-0.4372275718712004,0.4094906229864576,0.23722757187120033,0.4094906229864576,0.23722757187120033,-0.40949062298645766,-0.4372275718712004
2.3000000000000003,-0.49961746444860383,-0.5114496766047326,0.4996174644486038,0.31144967660473244,0.4996174644486038,0.31144967660473244,-0.49961746444860383,-0.5114496766047326
2.31,-0.5818650400393842,-0.579182974150081,0.5818650400393863,0.37918297415008284,0.5818650400393863,0.37918297415008284,-0.5818650400393842,-0.579182974150081
2.32,-0.6549362563594194,-0.6393592699430513,0.6549362563594174,0.43935926994304964,0.6549362563594174,0.43935926994304964,-0.6549362563594194,-0.6393592699430513
2.33,-0.7176787366767129,-0.6910295478514106,0.7176787366767129,0.4910295478514106,0.7176787366767129,0.4910295478514106,-0.7176787366767129,-0.6910295478514106
2.34,-0.7691029945961151,-0.7333789367262123,0.7691029945961138,0.5333789367262114,0.7691029945961138,0.5333789367262114,-0.7691029945961151,-0.7333789367262123
2.35,-0.8083980388508802,-0.7657395614066071,0.8083980388508802,0.5657395614066072,0.8083980388508802,0.5657395614066072,-0.8083980388508802,-0.7657395614066071
2.36,-0.834944163119385,-0.7876010755100817,0.834944163119385,0.5876010755100818,0.834944163119385,0.5876010755100818,-0.834944163119385,-0.7876010755100817
2.37,-0.8483227191640309,-0.7986187098997901,0.8483227191640306,0.5986187098997899,0.8483227191640306,0.5986187098997899,-0.8483227191640309,-0.7986187098997901
2.38,-0.848322719164031,-0.7986187098997902,0.848322719164031,0.5986187098997903,0.848322719164031,0.5986187098997903,-0.848322719164031,-0.7986187098997902
2.39,-0.8349441631193854,-0.7876010755100821,0.834944163119386,0.5876010755100827,0.834944163119386,0.5876010755100827,-0.8349441631193854,-0.7876010755100821
2.4,-0.8083980388508809,-0.7657395614066077,0.8083980388508799,0.565739561406607,0.8083980388508799,0.565739561406607,-0.8083980388508809,-0.7657395614066077
2.41,-0.769102994596116,-0.7333789367262131,0.7691029945961161,0.5333789367262132,0.7691029945961161,0.5333789367262132,-0.769102994596116,-0.7333789367262131
2.42,-0.717678736676714,-0.6910295478514115,0.7176787366767124,0.4910295478514102,0.7176787366767124,0.4910295478514102,-0.717678736676714,-0.6910295478514115
2.43,-0.6549362563594207,-0.6393592699430523,0.6549362563594208,0.4393592699430524,0.6549362563594208,0.4393592699430524,-0.6549362563594207,-0.6393592699430523
2.44,-0.5818650400393857,-0.5791829741500824,0.5818650400393858,0.3791829741500824,0.5818650400393858,0.3791829741500824,-0.5818650400393857,-0.5791829741500824
2.45,-0.49961746444860056,-0.5114496766047298,0.49961746444859817,0.3114496766047279,0.49961746444859817,0.3114496766047279,-0.49961746444860056,-0.5114496766047298
2.46,-0.4094906229864594,-0.43722757187120187,0.4094906229864595,0.2372275718712019,0.4094906229864595,0.2372275718712019,-0.4094906229864594,-0.43722757187120187
2.47,-0.31290586978197554,-0.3576871868792739,0.3129058697819728,0.15768718687927172,0.3129058697819728,0.15768718687927172,-0.31290586978197554,-0.3576871868792739
2.48,-0.2113864040901264,-0.2740829210153982,0.21138640409012943,0.0740829210154007,0.21138640409012943,0.0740829210154007,-0.2113864040901264,-0.2740829210153982
2.49,-0.10653324852965604,-0.18773326349501085,0.10653324852965614,-0.012266736504989065,0.10653324852965614,-0.012266736504989065,-0.10653324852965604,-0.18773326349501085
2.5,-1.0409497792752503e-15,-0.10000000000000087,4.1648513841832e-15,-0.09999999999999658,4.1648513841832e-15,-0.09999999999999658,-1.0409497792752503e-15,-0.10000000000000087
2.5100000000000002,0.10653324852965997,-0.012266736504985928,-0.10653324852965987,-0.187733263495014,-0.10653324852965987,-0.187733263495014,0.10653324852965997,-0.012266736504985928
2.52,0.21138640409012438,0.07408292101539654,-0.21138640409012135,-0.27408292101539405,-0.21138640409012135,-0.27408292101539405,0.21138640409012438,0.07408292101539654
2.5300000000000002,0.31290586978197643,0.15768718687927466,-0.3129058697819763,-0.3576871868792746,-0.3129058697819763,-0.3576871868792746,0.31290586978197643,0.15768718687927466
2.54,0.4094906229864576,0.23722757187120033,-0.4094906229864575,-0.4372275718712003,-0.4094906229864575,-0.4372275718712003,0.4094906229864576,0.23722757187120033
2.5500000000000003,0.4996174644486038,0.31144967660473244,-0.4996174644486012,-0.5114496766047304,-0.4996174644486012,-0.5114496766047304,0.4996174644486038,0.31144967660473244
2.56,0.5818650400393863,0.37918297415008284,-0.5818650400393884,-0.5791829741500846,-0.5818650400393884,-0.5791829741500846,0.5818650400393863,0.37918297415008284
2.57,0.6549362563594174,0.43935926994304964,-0.6549362563594193,-0.6393592699430511,-0.6549362563594193,-0.6393592699430511,0.6549362563594174,0.43935926994304964
2.58,0.7176787366767129,0.4910295478514106,-0.7176787366767144,-0.6910295478514118,-0.7176787366767144,-0.6910295478514118,0.7176787366767129,0.4910295478514106
2.59,0.7691029945961163,0.5333789367262135,-0.769102994596115,-0.7333789367262123,-0.769102994596115,-0.7333789367262123,0.7691029945961163,0.5333789367262135
2.6,0.8083980388508802,0.5657395614066072,-0.808398038850881,-0.7657395614066079,-0.808398038850881,-0.7657395614066079,0.8083980388508802,0.5657395614066072
2.61,0.834944163119385,0.5876010755100818,-0.8349441631193845,-0.7876010755100813,-0.8349441631193845,-0.7876010755100813,0.834944163119385,0.5876010755100818
2.62,0.8483227191640306,0.5986187098997899,-0.8483227191640308,-0.79861870989979,-0.8483227191640308,-0.79861870989979,0.8483227191640306,0.5986187098997899
2.63,0.848322719164031,0.5986187098997903,-0.8483227191640312,-0.7986187098997903,-0.8483227191640312,-0.7986187098997903,0.848322719164031,0.5986187098997903
2.64,0.8349441631193849,0.5876010755100817,-0.8349441631193855,-0.7876010755100821,-0.8349441631193855,-0.7876010755100821,0.8349441631193849,0.5876010755100817
2.65,0.8083980388508818,0.5657395614066085,-0.8083980388508828,-0.7657395614066093,-0.8083980388508828,-0.7657395614066093,0.8083980388508818,0.5657395614066085
2.66,0.7691029945961161,0.5333789367262132,-0.7691029945961174,-0.7333789367262142,-0.7691029945961174,-0.7333789367262142,0.7691029945961161,0.5333789367262132
2.67,0.7176787366767124,0.4910295478514102,-0.7176787366767108,-0.6910295478514089,-0.7176787366767108,-0.6910295478514089,0.7176787366767124,0.4910295478514102
2.68,0.6549362563594208,0.4393592699430524,-0.6549362563594228,-0.6393592699430539,-0.6549362563594228,-0.6393592699430539,0.6549362563594208,0.4393592699430524
2.69,0.5818650400393858,0.3791829741500824,-0.5818650400393837,-0.5791829741500806,-0.5818650400393837,-0.5791829741500806,0.5818650400393858,0.3791829741500824
2.7,0.4996174644486031,0.311449676604732,-0.49961746444860555,-0.511449676604734,-0.49961746444860555,-0.511449676604734,0.4996174644486031,0.311449676604732
2.71,0.4094906229864595,0.2372275718712019,-0.40949062298645694,-0.43722757187119987,-0.40949062298645694,-0.43722757187119987,0.4094906229864595,0.2372275718712019
2.72,0.3129058697819728,0.15768718687927172,-0.3129058697819701,-0.3576871868792695,-0.3129058697819701,-0.3576871868792695,0.3129058697819728,0.15768718687927172
2.73,0.21138640409012943,0.0740829210154007,-0.2113864040901266,-0.2740829210153984,-0.2113864040901266,-0.2740829210153984,0.21138640409012943,0.0740829210154007
2.74,0.10653324852965614,-0.012266736504989065,-0.10653324852965326,-0.18773326349500857,-0.10653324852965326,-0.18773326349500857,0.10653324852965614,-0.012266736504989065
2.75,4.1648513841832e-15,-0.09999999999999658,-1.2491397351303002e-15,-0.10000000000000103,-1.2491397351303002e-15,-0.10000000000000103,4.1648513841832e-15,-0.09999999999999658
2.7600000000000002,-0.10653324852965987,-0.187733263495014,0.10653324852966274,-0.012266736504983625,0.10653324852966274,-0.012266736504983625,-0.10653324852965987,-0.187733263495014
2.77,-0.2113864040901272,-0.2740829210153989,0.21138640409012419,0.07408292101539637,0.21138640409012419,0.07408292101539637,-0.2113864040901272,-0.2740829210153989
2.7800000000000002,-0.3129058697819763,-0.3576871868792746,0.312905869781979,0.15768718687927682,0.312905869781979,0.15768718687927682,-0.3129058697819763,-0.3576871868792746
2.79,-0.4094906229864575,-0.4372275718712003,0.4094906229864548,0.237227571871198,0.4094906229864548,0.237227571871198,-0.4094906229864575,-0.4372275718712003
2.8000000000000003,-0.4996174644486012,-0.5114496766047304,0.49961746444860355,0.31144967660473233,0.49961746444860355,0.31144967660473233,-0.4996174644486012,-0.5114496766047304
2.81,-0.5818650400393841,-0.579182974150081,0.5818650400393818,0.37918297415007907,0.5818650400393818,0.37918297415007907,-0.5818650400393841,-0.579182974150081
2.82,-0.6549362563594193,-0.6393592699430511,0.6549362563594211,0.43935926994305274,0.6549362563594211,0.43935926994305274,-0.6549362563594193,-0.6393592699430511
2.83,-0.7176787366767112,-0.6910295478514091,0.7176787366767095,0.49102954785140784,0.7176787366767095,0.49102954785140784,-0.7176787366767112,-0.6910295478514091
2.84,-0.769102994596115,-0.7333789367262123,0.7691029945961162,0.5333789367262134,0.7691029945961162,0.5333789367262134,-0.769102994596115,-0.7333789367262123
2.85,-0.808398038850881,-0.7657395614066079,0.808398038850882,0.5657395614066087,0.808398038850882,0.5657395614066087,-0.808398038850881,-0.7657395614066079
2.86,-0.8349441631193845,-0.7876010755100813,0.834944163119385,0.5876010755100818,0.834944163119385,0.5876010755100818,-0.8349441631193845,-0.7876010755100813
2.87,-0.8483227191640308,-0.79861870989979,0.848322719164031,0.5986187098997903,0.848322719164031,0.5986187098997903,-0.8483227191640308,-0.79861870989979
2.88,-0.8483227191640308,-0.79861870989979,0.848322719164031,0.5986187098997903,0.848322719164031,0.5986187098997903,-0.8483227191640308,-0.79861870989979
2.89,-0.8349441631193855,-0.7876010755100821,0.8349441631193849,0.5876010755100817,0.8349441631193849,0.5876010755100817,-0.8349441631193855,-0.7876010755100821
2.9,-0.8083980388508809,-0.7657395614066077,0.8083980388508819,0.5657395614066086,0.8083980388508819,0.5657395614066086,-0.8083980388508809,-0.7657395614066077
2.91,-0.7691029945961174,-0.7333789367262142,0.7691029945961162,0.5333789367262133,0.7691029945961162,0.5333789367262133,-0.7691029945961174,-0.7333789367262142
2.92,-0.7176787366767141,-0.6910295478514116,0.7176787366767158,0.49102954785141306,0.7176787366767158,0.49102954785141306,-0.7176787366767141,-0.6910295478514116
2.93,-0.6549362563594189,-0.6393592699430508,0.654936256359421,0.4393592699430525,0.654936256359421,0.4393592699430525,-0.6549362563594189,-0.6393592699430508
2.94,-0.581865040039388,-0.5791829741500842,0.5818650400393903,0.37918297415008606,0.5818650400393903,0.37918297415008606,-0.581865040039388,-0.5791829741500842
2.95,-0.4996174644486007,-0.5114496766047301,0.49961746444860317,0.311449676604732,0.49961746444860317,0.311449676604732,-0.4996174644486007,-0.5114496766047301
2.96,-0.40949062298645694,-0.43722757187119987,0.4094906229864544,0.23722757187119772,0.4094906229864544,0.23722757187119772,-0.40949062298645694,-0.43722757187119987
2.97,-0.3129058697819757,-0.35768718687927414,0.31290586978197865,0.1576871868792765,0.31290586978197865,0.1576871868792765,-0.3129058697819757,-0.35768718687927414
2.98,-0.2113864040901266,-0.2740829210153984,0.21138640409012377,0.07408292101539604,0.21138640409012377,0.07408292101539604,-0.2113864040901266,-0.2740829210153984
2.99,-0.10653324852965923,-0.18773326349501349,0.10653324852966234,-0.012266736504983958,0.10653324852966234,-0.012266736504983958,-0.10653324852965923,-0.18773326349501349
3.0,-1.2491397351303002e-15,-0.10000000000000103,-1.6665719139226004e-15,-0.10000000000000138,-1.6665719139226004e-15,-0.10000000000000138,-1.2491397351303002e-15,-0.10000000000000103
3.0100000000000002,0.10653324852966274,-0.012266736504983625,-0.10653324852966564,-0.1877332634950188,-0.10653324852966564,-0.1877332634950188,0.10653324852966274,-0.012266736504983625
3.02,0.21138640409012419,0.07408292101539637,-0.211386404090127,-0.27408292101539866,-0.211386404090127,-0.27408292101539866,0.21138640409012419,0.07408292101539637
3.0300000000000002,0.312905869781979,0.15768718687927682,-0.31290586978198176,-0.35768718687927903,-0.31290586978198176,-0.35768718687927903,0.312905869781979,0.15768718687927682
3.04,0.4094906229864548,0.237227571871198,-0.40949062298645733,-0.4372275718712001,-0.40949062298645733,-0.4372275718712001,0.4094906229864548,0.237227571871198
3.0500000000000003,0.49961746444860355,0.31144967660473233,-0.49961746444860594,-0.5114496766047343,-0.49961746444860594,-0.5114496766047343,0.49961746444860355,0.31144967660473233
3.06,0.5818650400393861,0.37918297415008273,-0.5818650400393839,-0.5791829741500808,-0.5818650400393839,-0.5791829741500808,0.5818650400393861,0.37918297415008273
3.0700000000000003,0.6549362563594211,0.43935926994305274,-0.654936256359423,-0.6393592699430543,-0.654936256359423,-0.6393592699430543,0.6549362563594211,0.43935926994305274
3.08,0.7176787366767128,0.4910295478514105,-0.7176787366767111,-0.6910295478514091,-0.7176787366767111,-0.6910295478514091,0.7176787366767128,0.4910295478514105
3.09,0.7691029945961162,0.5333789367262134,-0.7691029945961175,-0.7333789367262145,-0.7691029945961175,-0.7333789367262145,0.7691029945961162,0.5333789367262134
3.1,0.8083980388508801,0.5657395614066072,-0.8083980388508791,-0.7657395614066064,-0.8083980388508791,-0.7657395614066064,0.8083980388508801,0.5657395614066072
3.11,0.834944163119385,0.5876010755100818,-0.8349441631193856,-0.7876010755100822,-0.8349441631193856,-0.7876010755100822,0.834944163119385,0.5876010755100818
3.12,0.8483227191640306,0.5986187098997899,-0.8483227191640305,-0.7986187098997897,-0.8483227191640305,-0.7986187098997897,0.8483227191640306,0.5986187098997899
3.13,0.848322719164031,0.5986187098997903,-0.8483227191640308,-0.79861870989979,-0.8483227191640308,-0.79861870989979,0.848322719164031,0.5986187098997903
3.14,0.8349441631193849,0.5876010755100817,-0.8349441631193844,-0.7876010755100812,-0.8349441631193844,-0.7876010755100812,0.8349441631193849,0.5876010755100817
3.15,0.8083980388508819,0.5657395614066086,-0.8083980388508809,-0.7657395614066078,-0.8083980388508809,-0.7657395614066078,0.8083980388508819,0.5657395614066086
3.16,0.7691029945961162,0.5333789367262133,-0.7691029945961149,-0.7333789367262121,-0.7691029945961149,-0.7333789367262121,0.7691029945961162,0.5333789367262133
3.17,0.7176787366767126,0.4910295478514103,-0.7176787366767142,-0.6910295478514117,-0.7176787366767142,-0.6910295478514117,0.7176787366767126,0.4910295478514103
3.18,0.654936256359421,0.4393592699430525,-0.6549362563594191,-0.6393592699430509,-0.6549362563594191,-0.6393592699430509,0.654936256359421,0.4393592699430525
3.19,0.5818650400393859,0.3791829741500825,-0.5818650400393881,-0.5791829741500844,-0.5818650400393881,-0.5791829741500844,0.5818650400393859,0.3791829741500825
3.2,0.49961746444860317,0.311449676604732,-0.49961746444860083,-0.5114496766047301,-0.49961746444860083,-0.5114496766047301,0.49961746444860317,0.311449676604732
3.21,0.40949062298645966,0.23722757187120205,-0.4094906229864624,-0.4372275718712043,-0.4094906229864624,-0.4372275718712043,0.40949062298645966,0.23722757187120205
3.22,0.312905869781973,0.15768718687927188,-0.3129058697819759,-0.35768718687927425,-0.3129058697819759,-0.35768718687927425,0.312905869781973,0.15768718687927188
3.23,0.21138640409012963,0.07408292101540084,-0.21138640409013265,-0.2740829210154033,-0.21138640409013265,-0.2740829210154033,0.21138640409012963,0.07408292101540084
3.24,0.10653324852965636,-0.012266736504988898,-0.10653324852965944,-0.18773326349501368,-0.10653324852965944,-0.18773326349501368,0.10653324852965636,-0.012266736504988898
3.25,-1.6665719139226004e-15,-0.10000000000000138,4.5822835629755014e-15,-0.09999999999999623,4.5822835629755014e-15,-0.09999999999999623,-1.6665719139226004e-15,-0.10000000000000138
3.2600000000000002,-0.10653324852965966,-0.18773326349501385,0.10653324852965657,-0.012266736504988718,0.10653324852965657,-0.012266736504988718,-0.10653324852965966,-0.18773326349501385
3.27,-0.211386404090127,-0.27408292101539866,0.21138640409012982,0.07408292101540101,0.21138640409012982,0.07408292101540101,-0.211386404090127,-0.27408292101539866
3.2800000000000002,-0.31290586978197615,-0.3576871868792745,0.3129058697819732,0.15768718687927205,0.3129058697819732,0.15768718687927205,-0.31290586978197615,-0.3576871868792745
3.29,-0.40949062298645733,-0.4372275718712001,0.40949062298645983,0.23722757187120222,0.40949062298645983,0.23722757187120222,-0.40949062298645733,-0.4372275718712001
3.3000000000000003,-0.499617464448601,-0.5114496766047303,0.49961746444859845,0.3114496766047281,0.49961746444859845,0.3114496766047281,-0.499617464448601,-0.5114496766047303
3.31,-0.5818650400393839,-0.5791829741500808,0.5818650400393861,0.3791829741500826,0.5818650400393861,0.3791829741500826,-0.5818650400393839,-0.5791829741500808
3.3200000000000003,-0.654936256359423,-0.6393592699430543,0.6549362563594249,0.43935926994305585,0.6549362563594249,0.43935926994305585,-0.654936256359423,-0.6393592699430543
3.33,-0.7176787366767111,-0.6910295478514091,0.7176787366767126,0.4910295478514104,0.7176787366767126,0.4910295478514104,-0.7176787366767111,-0.6910295478514091
3.34,-0.769102994596115,-0.7333789367262122,0.7691029945961136,0.5333789367262112,0.7691029945961136,0.5333789367262112,-0.769102994596115,-0.7333789367262122
3.35,-0.808398038850881,-0.7657395614066079,0.80839803885088,0.5657395614066071,0.80839803885088,0.5657395614066071,-0.808398038850881,-0.7657395614066079
3.36,-0.8349441631193845,-0.7876010755100813,0.8349441631193838,0.5876010755100808,0.8349441631193838,0.5876010755100808,-0.8349441631193845,-0.7876010755100813
3.37,-0.8483227191640308,-0.79861870989979,0.8483227191640306,0.5986187098997899,0.8483227191640306,0.5986187098997899,-0.8483227191640308,-0.79861870989979
3.38,-0.8483227191640308,-0.79861870989979,0.8483227191640306,0.5986187098997899,0.8483227191640306,0.5986187098997899,-0.8483227191640308,-0.79861870989979
3.39,-0.8349441631193855,-0.7876010755100821,0.834944163119386,0.5876010755100827,0.834944163119386,0.5876010755100827,-0.8349441631193855,-0.7876010755100821
3.4,-0.8083980388508809,-0.7657395614066078,0.80839803885088,0.5657395614066071,0.80839803885088,0.5657395614066071,-0.8083980388508809,-0.7657395614066078
3.41,-0.7691029945961174,-0.7333789367262143,0.7691029945961187,0.5333789367262155,0.7691029945961187,0.5333789367262155,-0.7691029945961174,-0.7333789367262143
3.42,-0.7176787366767142,-0.6910295478514117,0.7176787366767126,0.4910295478514104,0.7176787366767126,0.4910295478514104,-0.7176787366767142,-0.6910295478514117
3.43,-0.6549362563594191,-0.6393592699430509,0.6549362563594172,0.4393592699430494,0.6549362563594172,0.4393592699430494,-0.6549362563594191,-0.6393592699430509
3.44,-0.5818650400393881,-0.5791829741500844,0.5818650400393861,0.3791829741500826,0.5818650400393861,0.3791829741500826,-0.5818650400393881,-0.5791829741500844
3.45,-0.49961746444860083,-0.5114496766047301,0.49961746444859845,0.3114496766047281,0.49961746444859845,0.3114496766047281,-0.49961746444860083,-0.5114496766047301
3.46,-0.4094906229864571,-0.4372275718712,0.40949062298645983,0.23722757187120222,0.40949062298645983,0.23722757187120222,-0.4094906229864571,-0.4372275718712
3.47,-0.3129058697819759,-0.35768718687927425,0.3129058697819732,0.15768718687927205,0.3129058697819732,0.15768718687927205,-0.3129058697819759,-0.35768718687927425
3.48,-0.2113864040901268,-0.27408292101539855,0.21138640409012982,0.07408292101540101,0.21138640409012982,0.07408292101540101,-0.2113864040901268,-0.27408292101539855
3.49,-0.10653324852965944,-0.18773326349501368,0.10653324852965657,-0.012266736504988718,0.10653324852965657,-0.012266736504988718,-0.10653324852965944,-0.18773326349501368
3.5,-1.4573296909853502e-15,-0.1000000000000012,4.581231295893301e-15,-0.09999999999999623,4.581231295893301e-15,-0.09999999999999623,-1.4573296909853502e-15,-0.1000000000000012
3.5100000000000002,0.10653324852966256,-0.012266736504983791,-0.10653324852965944,-0.18773326349501368,-0.10653324852965944,-0.18773326349501368,0.10653324852966256,-0.012266736504983791
3.52,0.21138640409012396,0.07408292101539621,-0.21138640409012097,-0.2740829210153937,-0.21138640409012097,-0.2740829210153937,0.21138640409012396,0.07408292101539621
3.5300000000000002,0.3129058697819788,0.15768718687927666,-0.31290586978197593,-0.35768718687927425,-0.31290586978197593,-0.35768718687927425,0.3129058697819788,0.15768718687927666
3.54,0.40949062298645456,0.2372275718711979,-0.40949062298645184,-0.43722757187119565,-0.40949062298645184,-0.43722757187119565,0.40949062298645456,0.2372275718711979
3.5500000000000003,0.4996174644486034,0.3114496766047322,-0.49961746444860083,-0.5114496766047301,-0.49961746444860083,-0.5114496766047301,0.4996174644486034,0.3114496766047322
3.56,0.5818650400393861,0.3791829741500826,-0.5818650400393881,-0.5791829741500844,-0.5818650400393881,-0.5791829741500844,0.5818650400393861,0.3791829741500826
3.5700000000000003,0.654936256359421,0.43935926994305263,-0.6549362563594191,-0.6393592699430509,-0.6549362563594191,-0.6393592699430509,0.654936256359421,0.43935926994305263
3.58,0.7176787366767126,0.4910295478514104,-0.7176787366767142,-0.6910295478514117,-0.7176787366767142,-0.6910295478514117,0.7176787366767126,0.4910295478514104
3.59,0.7691029945961162,0.5333789367262134,-0.7691029945961149,-0.7333789367262121,-0.7691029945961149,-0.7333789367262121,0.7691029945961162,0.5333789367262134
3.6,0.80839803885088,0.5657395614066071,-0.8083980388508809,-0.7657395614066078,-0.8083980388508809,-0.7657395614066078,0.80839803885088,0.5657395614066071
3.61,0.8349441631193849,0.5876010755100817,-0.8349441631193844,-0.7876010755100812,-0.8349441631193844,-0.7876010755100812,0.8349441631193849,0.5876010755100817
3.62,0.8483227191640306,0.5986187098997899,-0.8483227191640308,-0.79861870989979,-0.8483227191640308,-0.79861870989979,0.8483227191640306,0.5986187098997899
3.63,0.848322719164031,0.5986187098997903,-0.8483227191640312,-0.7986187098997903,-0.8483227191640312,-0.7986187098997903,0.848322719164031,0.5986187098997903
3.64,0.8349441631193849,0.5876010755100817,-0.8349441631193856,-0.7876010755100822,-0.8349441631193856,-0.7876010755100822,0.8349441631193849,0.5876010755100817
3.65,0.8083980388508819,0.5657395614066086,-0.8083980388508828,-0.7657395614066094,-0.8083980388508828,-0.7657395614066094,0.8083980388508819,0.5657395614066086
3.66,0.7691029945961162,0.5333789367262134,-0.7691029945961175,-0.7333789367262145,-0.7691029945961175,-0.7333789367262145,0.7691029945961162,0.5333789367262134
3.67,0.7176787366767126,0.4910295478514104,-0.7176787366767111,-0.6910295478514091,-0.7176787366767111,-0.6910295478514091,0.7176787366767126,0.4910295478514104
3.68,0.654936256359421,0.43935926994305263,-0.654936256359423,-0.6393592699430543,-0.654936256359423,-0.6393592699430543,0.654936256359421,0.43935926994305263
3.69,0.5818650400393861,0.3791829741500826,-0.5818650400393839,-0.5791829741500808,-0.5818650400393839,-0.5791829741500808,0.5818650400393861,0.3791829741500826
3.7,0.4996174644486034,0.3114496766047322,-0.49961746444860594,-0.5114496766047343,-0.49961746444860594,-0.5114496766047343,0.4996174644486034,0.3114496766047322
3.71,0.40949062298645983,0.23722757187120222,-0.40949062298645733,-0.4372275718712001,-0.40949062298645733,-0.4372275718712001,0.40949062298645983,0.23722757187120222
3.72,0.3129058697819732,0.15768718687927205,-0.3129058697819705,-0.3576871868792698,-0.3129058697819705,-0.3576871868792698,0.3129058697819732,0.15768718687927205
3.73,0.21138640409012982,0.07408292101540101,-0.211386404090127,-0.27408292101539866,-0.211386404090127,-0.27408292101539866,0.21138640409012982,0.07408292101540101
3.74,0.10653324852965657,-0.012266736504988718,-0.10653324852965367,-0.1877332634950089,-0.10653324852965367,-0.1877332634950089,0.10653324852965657,-0.012266736504988718
3.75,4.581231295893301e-15,-0.09999999999999623,-1.6655196468404002e-15,-0.10000000000000138,-1.6655196468404002e-15,-0.10000000000000138,4.581231295893301e-15,-0.09999999999999623
3.7600000000000002,-0.10653324852965944,-0.18773326349501368,0.10653324852966234,-0.012266736504983958,0.10653324852966234,-0.012266736504983958,-0.10653324852965944,-0.18773326349501368
3.77,-0.2113864040901268,-0.27408292101539855,0.21138640409012377,0.07408292101539604,0.21138640409012377,0.07408292101539604,-0.2113864040901268,-0.27408292101539855
3.7800000000000002,-0.31290586978197593,-0.35768718687927425,0.31290586978197865,0.1576871868792765,0.31290586978197865,0.1576871868792765,-0.31290586978197593,-0.35768718687927425
3.79,-0.4094906229864571,-0.4372275718712,0.4094906229864544,0.23722757187119772,0.4094906229864544,0.23722757187119772,-0.4094906229864571,-0.4372275718712
3.8000000000000003,-0.49961746444860083,-0.5114496766047301,0.49961746444860317,0.311449676604732,0.49961746444860317,0.311449676604732,-0.49961746444860083,-0.5114496766047301
3.81,-0.5818650400393838,-0.5791829741500808,0.5818650400393814,0.37918297415007884,0.5818650400393814,0.37918297415007884,-0.5818650400393838,-0.5791829741500808
3.8200000000000003,-0.6549362563594229,-0.6393592699430541,0.654936256359421,0.4393592699430525,0.654936256359421,0.4393592699430525,-0.6549362563594229,-0.6393592699430541
3.83,-0.717678736676711,-0.691029547851409,0.7176787366767093,0.4910295478514076,0.7176787366767093,0.4910295478514076,-0.717678736676711,-0.691029547851409
3.84,-0.7691029945961149,-0.7333789367262121,0.7691029945961162,0.5333789367262133,0.7691029945961162,0.5333789367262133,-0.7691029945961149,-0.7333789367262121
3.85,-0.8083980388508809,-0.7657395614066078,0.8083980388508819,0.5657395614066086,0.8083980388508819,0.5657395614066086,-0.8083980388508809,-0.7657395614066078
3.86,-0.8349441631193844,-0.7876010755100812,0.8349441631193849,0.5876010755100817,0.8349441631193849,0.5876010755100817,-0.8349441631193844,-0.7876010755100812
3.87,-0.8483227191640308,-0.79861870989979,0.848322719164031,0.5986187098997903,0.848322719164031,0.5986187098997903,-0.8483227191640308,-0.79861870989979
3.88,-0.8483227191640308,-0.79861870989979,0.848322719164031,0.5986187098997903,0.848322719164031,0.5986187098997903,-0.8483227191640308,-0.79861870989979
3.89,-0.8349441631193856,-0.7876010755100822,0.834944163119385,0.5876010755100818,0.834944163119385,0.5876010755100818,-0.8349441631193856,-0.7876010755100822
3.9,-0.808398038850881,-0.7657395614066079,0.808398038850882,0.5657395614066087,0.808398038850882,0.5657395614066087,-0.808398038850881,-0.7657395614066079
3.91,-0.7691029945961175,-0.7333789367262145,0.7691029945961162,0.5333789367262134,0.7691029945961162,0.5333789367262134,-0.7691029945961175,-0.7333789367262145
3.92,-0.7176787366767143,-0.6910295478514117,0.717678736676716,0.4910295478514132,0.717678736676716,0.4910295478514132,-0.7176787366767143,-0.6910295478514117
3.93,-0.6549362563594191,-0.639359269943051,0.6549362563594211,0.43935926994305274,0.6549362563594211,0.43935926994305274,-0.6549362563594191,-0.639359269943051
3.94,-0.5818650400393883,-0.5791829741500845,0.5818650400393905,0.3791829741500864,0.5818650400393905,0.3791829741500864,-0.5818650400393883,-0.5791829741500845
3.95,-0.499617464448601,-0.5114496766047303,0.49961746444860355,0.31144967660473233,0.49961746444860355,0.31144967660473233,-0.499617464448601,-0.5114496766047303
3.96,-0.40949062298645733,-0.4372275718712001,0.4094906229864548,0.237227571871198,0.4094906229864548,0.237227571871198,-0.40949062298645733,-0.4372275718712001
3.97,-0.31290586978197615,-0.3576871868792745,0.312905869781979,0.15768718687927682,0.312905869781979,0.15768718687927682,-0.31290586978197615,-0.3576871868792745
3.98,-0.211386404090127,-0.27408292101539866,0.21138640409012416,0.07408292101539635,0.21138640409012416,0.07408292101539635,-0.211386404090127,-0.27408292101539866
3.99,-0.10653324852965966,-0.18773326349501385,0.10653324852966274,-0.012266736504983625,0.10653324852966274,-0.012266736504983625,-0.10653324852965966,-0.18773326349501385
4.0,-1.6655196468404002e-15,-0.10000000000000138,-1.2501920022125004e-15,-0.10000000000000103,-1.2501920022125004e-15,-0.10000000000000103,-1.6655196468404002e-15,-0.10000000000000138
4.01,0.10653324852965636,-0.012266736504988898,-0.10653324852965326,-0.18773326349500857,-0.10653324852965326,-0.18773326349500857,0.10653324852965636,-0.012266736504988898
4.0200000000000005,0.21138640409012963,0.07408292101540084,-0.2113864040901266,-0.2740829210153984,-0.2113864040901266,-0.2740829210153984,0.21138640409012963,0.07408292101540084
4.03,0.31290586978197865,0.1576871868792765,-0.3129058697819813,-0.3576871868792787,-0.3129058697819813,-0.3576871868792787,0.31290586978197865,0.1576871868792765
4.04,0.4094906229864544,0.23722757187119772,-0.40949062298645694,-0.43722757187119987,-0.40949062298645694,-0.43722757187119987,0.4094906229864544,0.23722757187119772
4.05,0.4996174644485984,0.3114496766047281,-0.49961746444859584,-0.511449676604726,-0.49961746444859584,-0.511449676604726,0.4996174644485984,0.3114496766047281
4.0600000000000005,0.5818650400393859,0.3791829741500825,-0.5818650400393837,-0.5791829741500806,-0.5818650400393837,-0.5791829741500806,0.5818650400393859,0.3791829741500825
4.07,0.654936256359421,0.4393592699430525,-0.6549362563594228,-0.6393592699430539,-0.6549362563594228,-0.6393592699430539,0.654936256359421,0.4393592699430525
4.08,0.7176787366767126,0.4910295478514103,-0.7176787366767109,-0.6910295478514089,-0.7176787366767109,-0.6910295478514089,0.7176787366767126,0.4910295478514103
4.09,0.7691029945961162,0.5333789367262133,-0.7691029945961174,-0.7333789367262142,-0.7691029945961174,-0.7333789367262142,0.7691029945961162,0.5333789367262133
4.1,0.8083980388508781,0.5657395614066055,-0.808398038850879,-0.7657395614066063,-0.808398038850879,-0.7657395614066063,0.8083980388508781,0.5657395614066055
4.11,0.834944163119386,0.5876010755100827,-0.8349441631193855,-0.7876010755100821,-0.8349441631193855,-0.7876010755100821,0.834944163119386,0.5876010755100827
4.12,0.8483227191640306,0.5986187098997899,-0.8483227191640305,-0.7986187098997897,-0.8483227191640305,-0.7986187098997897,0.8483227191640306,0.5986187098997899
4.13,0.848322719164031,0.5986187098997903,-0.8483227191640308,-0.79861870989979,-0.8483227191640308,-0.79861870989979,0.848322719164031,0.5986187098997903
4.14,0.8349441631193861,0.5876010755100827,-0.8349441631193867,-0.7876010755100832,-0.8349441631193867,-0.7876010755100832,0.8349441631193861,0.5876010755100827
4.15,0.8083980388508801,0.5657395614066072,-0.808398038850881,-0.7657395614066079,-0.808398038850881,-0.7657395614066079,0.8083980388508801,0.5657395614066072
4.16,0.7691029945961162,0.5333789367262134,-0.769102994596115,-0.7333789367262123,-0.769102994596115,-0.7333789367262123,0.7691029945961162,0.5333789367262134
4.17,0.7176787366767128,0.4910295478514105,-0.7176787366767144,-0.6910295478514118,-0.7176787366767144,-0.6910295478514118,0.7176787366767128,0.4910295478514105
4.18,0.654936256359425,0.43935926994305585,-0.654936256359427,-0.6393592699430575,-0.654936256359427,-0.6393592699430575,0.654936256359425,0.43935926994305585
4.19,0.5818650400393818,0.37918297415007907,-0.5818650400393797,-0.5791829741500774,-0.5818650400393797,-0.5791829741500774,0.5818650400393818,0.37918297415007907
4.2,0.49961746444860355,0.31144967660473233,-0.4996174644486012,-0.5114496766047304,-0.4996174644486012,-0.5114496766047304,0.49961746444860355,0.31144967660473233
4.21,0.40949062298646005,0.2372275718712024,-0.40949062298646277,-0.43722757187120465,-0.40949062298646277,-0.43722757187120465,0.40949062298646005,0.2372275718712024
4.22,0.312905869781979,0.15768718687927682,-0.3129058697819763,-0.3576871868792746,-0.3129058697819763,-0.3576871868792746,0.312905869781979,0.15768718687927682
4.23,0.21138640409012416,0.07408292101539635,-0.21138640409012135,-0.27408292101539405,-0.21138640409012135,-0.27408292101539405,0.21138640409012416,0.07408292101539635
4.24,0.10653324852965675,-0.012266736504988565,-0.10653324852965987,-0.187733263495014,-0.10653324852965987,-0.187733263495014,0.10653324852965675,-0.012266736504988565
4.25,-1.2501920022125004e-15,-0.10000000000000103,4.165903651265401e-15,-0.09999999999999658,4.165903651265401e-15,-0.09999999999999658,-1.2501920022125004e-15,-0.10000000000000103
4.26,-0.10653324852965326,-0.18773326349500857,0.10653324852965614,-0.012266736504989065,0.10653324852965614,-0.012266736504989065,-0.10653324852965326,-0.18773326349500857
4.2700000000000005,-0.21138640409013246,-0.2740829210154032,0.21138640409012943,0.0740829210154007,0.21138640409012943,0.0740829210154007,-0.21138640409013246,-0.2740829210154032
4.28,-0.3129058697819757,-0.35768718687927414,0.3129058697819728,0.15768718687927172,0.3129058697819728,0.15768718687927172,-0.3129058697819757,-0.35768718687927414
4.29,-0.40949062298645694,-0.43722757187119987,0.4094906229864595,0.2372275718712019,0.4094906229864595,0.2372275718712019,-0.40949062298645694,-0.43722757187119987
4.3,-0.4996174644486007,-0.5114496766047301,0.49961746444859817,0.3114496766047279,0.49961746444859817,0.3114496766047279,-0.4996174644486007,-0.5114496766047301
4.3100000000000005,-0.581865040039388,-0.5791829741500842,0.5818650400393858,0.3791829741500824,0.5818650400393858,0.3791829741500824,-0.581865040039388,-0.5791829741500842
4.32,-0.6549362563594228,-0.6393592699430539,0.6549362563594247,0.4393592699430555,0.6549362563594247,0.4393592699430555,-0.6549362563594228,-0.6393592699430539
4.33,-0.7176787366767109,-0.6910295478514089,0.7176787366767124,0.4910295478514102,0.7176787366767124,0.4910295478514102,-0.7176787366767109,-0.6910295478514089
4.34,-0.7691029945961149,-0.7333789367262121,0.7691029945961134,0.5333789367262111,0.7691029945961134,0.5333789367262111,-0.7691029945961149,-0.7333789367262121
4.3500000000000005,-0.8083980388508809,-0.7657395614066077,0.8083980388508799,0.565739561406607,0.8083980388508799,0.565739561406607,-0.8083980388508809,-0.7657395614066077
4.36,-0.8349441631193855,-0.7876010755100821,0.834944163119386,0.5876010755100827,0.834944163119386,0.5876010755100827,-0.8349441631193855,-0.7876010755100821
4.37,-0.8483227191640308,-0.79861870989979,0.8483227191640306,0.5986187098997899,0.8483227191640306,0.5986187098997899,-0.8483227191640308,-0.79861870989979
4.38,-0.8483227191640308,-0.79861870989979,0.8483227191640306,0.5986187098997899,0.8483227191640306,0.5986187098997899,-0.8483227191640308,-0.79861870989979
4.39,-0.8349441631193867,-0.7876010755100832,0.8349441631193861,0.5876010755100827,0.8349441631193861,0.5876010755100827,-0.8349441631193867,-0.7876010755100832
4.4,-0.8083980388508792,-0.7657395614066064,0.8083980388508802,0.5657395614066072,0.8083980388508802,0.5657395614066072,-0.8083980388508792,-0.7657395614066064
4.41,-0.7691029945961176,-0.7333789367262145,0.769102994596119,0.5333789367262156,0.769102994596119,0.5333789367262156,-0.7691029945961176,-0.7333789367262145
4.42,-0.7176787366767144,-0.6910295478514118,0.7176787366767129,0.4910295478514106,0.7176787366767129,0.4910295478514106,-0.7176787366767144,-0.6910295478514118
4.43,-0.6549362563594231,-0.6393592699430543,0.6549362563594252,0.4393592699430561,0.6549362563594252,0.4393592699430561,-0.6549362563594231,-0.6393592699430543
4.44,-0.5818650400393841,-0.579182974150081,0.5818650400393863,0.37918297415008284,0.5818650400393863,0.37918297415008284,-0.5818650400393841,-0.579182974150081
4.45,-0.4996174644486012,-0.5114496766047304,0.49961746444859884,0.31144967660472844,0.49961746444859884,0.31144967660472844,-0.4996174644486012,-0.5114496766047304
4.46,-0.4094906229864575,-0.4372275718712003,0.4094906229864602,0.23722757187120255,0.4094906229864602,0.23722757187120255,-0.4094906229864575,-0.4372275718712003
4.47,-0.3129058697819819,-0.35768718687927925,0.3129058697819848,0.1576871868792816,0.3129058697819848,0.1576871868792816,-0.3129058697819819,-0.35768718687927925
4.48,-0.21138640409012135,-0.27408292101539405,0.21138640409011852,0.07408292101539171,0.21138640409011852,0.07408292101539171,-0.21138640409012135,-0.27408292101539405
4.49,-0.10653324852965987,-0.187733263495014,0.10653324852965697,-0.012266736504988385,0.10653324852965697,-0.012266736504988385,-0.10653324852965987,-0.187733263495014
4.5,-1.8737096026954504e-15,-0.10000000000000155,4.997611207603401e-15,-0.09999999999999588,4.997611207603401e-15,-0.09999999999999588,-1.8737096026954504e-15,-0.10000000000000155
4.51,0.10653324852965614,-0.012266736504989065,-0.10653324852965904,-0.18773326349501335,-0.10653324852965904,-0.18773326349501335,0.10653324852965614,-0.012266736504989065
4.5200000000000005,0.21138640409012943,0.0740829210154007,-0.21138640409013226,-0.27408292101540305,-0.21138640409013226,-0.27408292101540305,0.21138640409012943,0.0740829210154007
4.53,0.31290586978197843,0.15768718687927633,-0.31290586978197554,-0.3576871868792739,-0.31290586978197554,-0.3576871868792739,0.31290586978197843,0.15768718687927633
4.54,0.40949062298645417,0.23722757187119756,-0.40949062298645145,-0.4372275718711953,-0.40949062298645145,-0.4372275718711953,0.40949062298645417,0.23722757187119756
4.55,0.49961746444859817,0.3114496766047279,-0.49961746444860056,-0.5114496766047298,-0.49961746444860056,-0.5114496766047298,0.49961746444859817,0.3114496766047279
4.5600000000000005,0.5818650400393858,0.3791829741500824,-0.5818650400393879,-0.5791829741500841,-0.5818650400393879,-0.5791829741500841,0.5818650400393858,0.3791829741500824
4.57,0.6549362563594208,0.4393592699430524,-0.6549362563594188,-0.6393592699430507,-0.6549362563594188,-0.6393592699430507,0.6549362563594208,0.4393592699430524
4.58,0.7176787366767124,0.4910295478514102,-0.717678736676714,-0.6910295478514115,-0.717678736676714,-0.6910295478514115,0.7176787366767124,0.4910295478514102
4.59,0.7691029945961161,0.5333789367262132,-0.7691029945961148,-0.7333789367262121,-0.7691029945961148,-0.7333789367262121,0.7691029945961161,0.5333789367262132
4.6000000000000005,0.8083980388508818,0.5657395614066085,-0.8083980388508809,-0.7657395614066077,-0.8083980388508809,-0.7657395614066077,0.8083980388508818,0.5657395614066085
4.61,0.834944163119386,0.5876010755100827,-0.8349441631193866,-0.787601075510083,-0.8349441631193866,-0.787601075510083,0.834944163119386,0.5876010755100827
4.62,0.8483227191640306,0.5986187098997899,-0.8483227191640308,-0.79861870989979,-0.8483227191640308,-0.79861870989979,0.8483227191640306,0.5986187098997899
4.63,0.8483227191640311,0.5986187098997903,-0.8483227191640312,-0.7986187098997904,-0.8483227191640312,-0.7986187098997904,0.8483227191640311,0.5986187098997903
4.64,0.8349441631193861,0.5876010755100827,-0.8349441631193856,-0.7876010755100822,-0.8349441631193856,-0.7876010755100822,0.8349441631193861,0.5876010755100827
4.65,0.8083980388508802,0.5657395614066072,-0.8083980388508792,-0.7657395614066064,-0.8083980388508792,-0.7657395614066064,0.8083980388508802,0.5657395614066072
4.66,0.7691029945961163,0.5333789367262135,-0.7691029945961178,-0.7333789367262146,-0.7691029945961178,-0.7333789367262146,0.7691029945961163,0.5333789367262135
4.67,0.7176787366767129,0.4910295478514106,-0.7176787366767113,-0.6910295478514092,-0.7176787366767113,-0.6910295478514092,0.7176787366767129,0.4910295478514106
4.68,0.6549362563594252,0.4393592699430561,-0.6549362563594233,-0.6393592699430545,-0.6549362563594233,-0.6393592699430545,0.6549362563594252,0.4393592699430561
4.69,0.5818650400393819,0.3791829741500792,-0.5818650400393842,-0.579182974150081,-0.5818650400393842,-0.579182974150081,0.5818650400393819,0.3791829741500792
4.7,0.4996174644486038,0.31144967660473244,-0.4996174644486062,-0.5114496766047345,-0.4996174644486062,-0.5114496766047345,0.4996174644486038,0.31144967660473244
4.71,0.4094906229864602,0.23722757187120255,-0.40949062298645766,-0.4372275718712004,-0.40949062298645766,-0.4372275718712004,0.4094906229864602,0.23722757187120255
4.72,0.3129058697819792,0.157687186879277,-0.31290586978198215,-0.35768718687927936,-0.31290586978198215,-0.35768718687927936,0.3129058697819792,0.157687186879277
4.73,0.21138640409012438,0.07408292101539654,-0.2113864040901274,-0.274082921015399,-0.2113864040901274,-0.274082921015399,0.21138640409012438,0.07408292101539654
4.74,0.10653324852965697,-0.012266736504988385,-0.10653324852965408,-0.18773326349500924,-0.10653324852965408,-0.18773326349500924,0.10653324852965697,-0.012266736504988385
4.75,4.997611207603401e-15,-0.09999999999999588,-2.0818995585505007e-15,-0.10000000000000173,-2.0818995585505007e-15,-0.10000000000000173,4.997611207603401e-15,-0.09999999999999588
4.76,-0.10653324852965305,-0.1877332634950084,0.10653324852964993,-0.012266736504994186,0.10653324852964993,-0.012266736504994186,-0.10653324852965305,-0.1877332634950084
4.7700000000000005,-0.21138640409013226,-0.27408292101540305,0.21138640409013507,0.07408292101540534,0.21138640409013507,0.07408292101540534,-0.21138640409013226,-0.27408292101540305
4.78,-0.31290586978197554,-0.3576871868792739,0.31290586978197826,0.15768718687927621,0.31290586978197826,0.15768718687927621,-0.31290586978197554,-0.3576871868792739
4.79,-0.4094906229864567,-0.43722757187119965,0.409490622986454,0.2372275718711974,0.409490622986454,0.2372275718711974,-0.4094906229864567,-0.43722757187119965
4.8,-0.49961746444860056,-0.5114496766047298,0.4996174644486029,0.3114496766047318,0.4996174644486029,0.3114496766047318,-0.49961746444860056,-0.5114496766047298
4.8100000000000005,-0.5818650400393879,-0.5791829741500841,0.58186504003939,0.37918297415008584,0.58186504003939,0.37918297415008584,-0.5818650400393879,-0.5791829741500841
4.82,-0.6549362563594227,-0.6393592699430539,0.6549362563594207,0.4393592699430523,0.6549362563594207,0.4393592699430523,-0.6549362563594227,-0.6393592699430539
4.83,-0.7176787366767107,-0.6910295478514088,0.7176787366767091,0.4910295478514075,0.7176787366767091,0.4910295478514075,-0.7176787366767107,-0.6910295478514088
4.84,-0.7691029945961148,-0.7333789367262121,0.769102994596116,0.5333789367262132,0.769102994596116,0.5333789367262132,-0.7691029945961148,-0.7333789367262121
4.8500000000000005,-0.8083980388508809,-0.7657395614066077,0.8083980388508817,0.5657395614066084,0.8083980388508817,0.5657395614066084,-0.8083980388508809,-0.7657395614066077
4.86,-0.8349441631193854,-0.7876010755100821,0.8349441631193848,0.5876010755100817,0.8349441631193848,0.5876010755100817,-0.8349441631193854,-0.7876010755100821
4.87,-0.8483227191640308,-0.79861870989979,0.848322719164031,0.5986187098997903,0.848322719164031,0.5986187098997903,-0.8483227191640308,-0.79861870989979
4.88,-0.8483227191640309,-0.7986187098997901,0.8483227191640311,0.5986187098997903,0.8483227191640311,0.5986187098997903,-0.8483227191640309,-0.7986187098997901
4.89,-0.8349441631193867,-0.7876010755100832,0.8349441631193874,0.5876010755100837,0.8349441631193874,0.5876010755100837,-0.8349441631193867,-0.7876010755100832
4.9,-0.8083980388508792,-0.7657395614066064,0.8083980388508784,0.5657395614066058,0.8083980388508784,0.5657395614066058,-0.8083980388508792,-0.7657395614066064
4.91,-0.7691029945961178,-0.7333789367262146,0.7691029945961164,0.5333789367262135,0.7691029945961164,0.5333789367262135,-0.7691029945961178,-0.7333789367262146
4.92,-0.7176787366767146,-0.691029547851412,0.7176787366767162,0.4910295478514133,0.7176787366767162,0.4910295478514133,-0.7176787366767146,-0.691029547851412
4.93,-0.6549362563594233,-0.6393592699430545,0.6549362563594214,0.43935926994305297,0.6549362563594214,0.43935926994305297,-0.6549362563594233,-0.6393592699430545
4.94,-0.5818650400393842,-0.579182974150081,0.5818650400393821,0.3791829741500794,0.5818650400393821,0.3791829741500794,-0.5818650400393842,-0.579182974150081
4.95,-0.4996174644486014,-0.5114496766047305,0.49961746444860383,0.31144967660473255,0.49961746444860383,0.31144967660473255,-0.4996174644486014,-0.5114496766047305
4.96,-0.40949062298645766,-0.4372275718712004,0.4094906229864551,0.23722757187119828,0.4094906229864551,0.23722757187119828,-0.40949062298645766,-0.4372275718712004
4.97,-0.31290586978198215,-0.35768718687927936,0.3129058697819794,0.1576871868792771,0.3129058697819794,0.1576871868792771,-0.31290586978198215,-0.35768718687927936
4.98,-0.21138640409012155,-0.2740829210153942,0.2113864040901246,0.07408292101539671,0.2113864040901246,0.07408292101539671,-0.21138640409012155,-0.2740829210153942
4.99,-0.10653324852966008,-0.18773326349501418,0.10653324852966317,-0.012266736504983278,0.10653324852966317,-0.012266736504983278,-0.10653324852966008,-0.18773326349501418
5.0,-2.0818995585505007e-15,-0.10000000000000173,-8.338120905024003e-16,-0.10000000000000069,-8.338120905024003e-16,-0.10000000000000069,-2.0818995585505007e-15,-0.10000000000000173
5.01,0.10653324852965593,-0.012266736504989245,-0.10653324852965283,-0.18773326349500824,-0.10653324852965283,-0.18773326349500824,0.10653324852965593,-0.012266736504989245
5.0200000000000005,0.2113864040901292,0.07408292101540051,-0.21138640409012618,-0.27408292101539805,-0.21138640409012618,-0.27408292101539805,0.2113864040901292,0.07408292101540051
5.03,0.31290586978197826,0.15768718687927621,-0.3129058697819809,-0.3576871868792785,-0.3129058697819809,-0.3576871868792785,0.31290586978197826,0.15768718687927621
5.04,0.409490622986454,0.2372275718711974,-0.40949062298645655,-0.43722757187119954,-0.40949062298645655,-0.43722757187119954,0.409490622986454,0.2372275718711974
5.05,0.499617464448598,0.3114496766047278,-0.49961746444859545,-0.5114496766047256,-0.49961746444859545,-0.5114496766047256,0.499617464448598,0.3114496766047278
5.0600000000000005,0.5818650400393856,0.3791829741500822,-0.5818650400393833,-0.5791829741500804,-0.5818650400393833,-0.5791829741500804,0.5818650400393856,0.3791829741500822
5.07,0.6549362563594207,0.4393592699430523,-0.6549362563594224,-0.6393592699430537,-0.6549362563594224,-0.6393592699430537,0.6549362563594207,0.4393592699430523
5.08,0.7176787366767123,0.4910295478514102,-0.7176787366767107,-0.6910295478514087,-0.7176787366767107,-0.6910295478514087,0.7176787366767123,0.4910295478514102
5.09,0.769102994596116,0.5333789367262132,-0.7691029945961172,-0.7333789367262141,-0.7691029945961172,-0.7333789367262141,0.769102994596116,0.5333789367262132
5.1000000000000005,0.8083980388508817,0.5657395614066084,-0.8083980388508827,-0.7657395614066091,-0.8083980388508827,-0.7657395614066091,0.8083980388508817,0.5657395614066084
5.11,0.8349441631193848,0.5876010755100817,-0.8349441631193854,-0.7876010755100821,-0.8349441631193854,-0.7876010755100821,0.8349441631193848,0.5876010755100817
5.12,0.848322719164031,0.5986187098997903,-0.8483227191640312,-0.7986187098997903,-0.8483227191640312,-0.7986187098997903,0.848322719164031,0.5986187098997903
5.13,0.8483227191640311,0.5986187098997903,-0.8483227191640309,-0.7986187098997901,-0.8483227191640309,-0.7986187098997901,0.8483227191640311,0.5986187098997903
5.14,0.8349441631193874,0.5876010755100837,-0.8349441631193868,-0.7876010755100832,-0.8349441631193868,-0.7876010755100832,0.8349441631193874,0.5876010755100837
5.15,0.8083980388508784,0.5657395614066058,-0.8083980388508775,-0.7657395614066049,-0.8083980388508775,-0.7657395614066049,0.8083980388508784,0.5657395614066058
5.16,0.7691029945961164,0.5333789367262135,-0.7691029945961152,-0.7333789367262125,-0.7691029945961152,-0.7333789367262125,0.7691029945961164,0.5333789367262135
5.17,0.7176787366767162,0.4910295478514133,-0.7176787366767147,-0.691029547851412,-0.7176787366767147,-0.691029547851412,0.7176787366767162,0.4910295478514133
5.18,0.6549362563594214,0.43935926994305297,-0.6549362563594197,-0.6393592699430514,-0.6549362563594197,-0.6393592699430514,0.6549362563594214,0.43935926994305297
5.19,0.5818650400393821,0.3791829741500794,-0.5818650400393799,-0.5791829741500776,-0.5818650400393799,-0.5791829741500776,0.5818650400393821,0.3791829741500794
5.2,0.49961746444860383,0.31144967660473255,-0.4996174644486015,-0.5114496766047306,-0.4996174644486015,-0.5114496766047306,0.49961746444860383,0.31144967660473255
5.21,0.4094906229864551,0.23722757187119828,-0.40949062298645256,-0.4372275718711962,-0.40949062298645256,-0.4372275718711962,0.4094906229864551,0.23722757187119828
5.22,0.3129058697819794,0.1576871868792771,-0.3129058697819767,-0.3576871868792749,-0.3129058697819767,-0.3576871868792749,0.3129058697819794,0.1576871868792771
5.23,0.2113864040901246,0.07408292101539671,-0.21138640409012177,-0.2740829210153944,-0.21138640409012177,-0.2740829210153944,0.2113864040901246,0.07408292101539671
5.24,0.10653324852966317,-0.012266736504983278,-0.10653324852966027,-0.18773326349501435,-0.10653324852966027,-0.18773326349501435,0.10653324852966317,-0.012266736504983278
5.25,-8.338120905024003e-16,-0.10000000000000069,3.7495237395553005e-15,-0.09999999999999691,3.7495237395553005e-15,-0.09999999999999691,-8.338120905024003e-16,-0.10000000000000069
5.26,-0.10653324852965283,-0.18773326349500824,0.10653324852965573,-0.012266736504989398,0.10653324852965573,-0.012266736504989398,-0.10653324852965283,-0.18773326349500824
5.2700000000000005,-0.21138640409012618,-0.27408292101539805,0.21138640409012902,0.07408292101540037,0.21138640409012902,0.07408292101540037,-0.21138640409012618,-0.27408292101539805
5.28,-0.3129058697819809,-0.3576871868792785,0.3129058697819837,0.15768718687928066,0.3129058697819837,0.15768718687928066,-0.3129058697819809,-0.3576871868792785
5.29,-0.40949062298645655,-0.43722757187119954,0.40949062298645916,0.2372275718712016,0.40949062298645916,0.2372275718712016,-0.40949062298645655,-0.43722757187119954
5.3,-0.49961746444859545,-0.5114496766047256,0.49961746444859784,0.31144967660472755,0.49961746444859784,0.31144967660472755,-0.49961746444859545,-0.5114496766047256
5.3100000000000005,-0.5818650400393833,-0.5791829741500804,0.5818650400393854,0.37918297415008206,0.5818650400393854,0.37918297415008206,-0.5818650400393833,-0.5791829741500804
5.32,-0.6549362563594224,-0.6393592699430537,0.6549362563594243,0.4393592699430553,0.6549362563594243,0.4393592699430553,-0.6549362563594224,-0.6393592699430537
5.33,-0.7176787366767107,-0.6910295478514087,0.7176787366767122,0.49102954785141006,0.7176787366767122,0.49102954785141006,-0.7176787366767107,-0.6910295478514087
5.34,-0.7691029945961172,-0.7333789367262141,0.7691029945961184,0.5333789367262152,0.7691029945961184,0.5333789367262152,-0.7691029945961172,-0.7333789367262141
5.3500000000000005,-0.8083980388508827,-0.7657395614066091,0.8083980388508835,0.56573956140661,0.8083980388508835,0.56573956140661,-0.8083980388508827,-0.7657395614066091
5.36,-0.8349441631193854,-0.7876010755100821,0.8349441631193859,0.5876010755100826,0.8349441631193859,0.5876010755100826,-0.8349441631193854,-0.7876010755100821
5.37,-0.8483227191640305,-0.7986187098997897,0.8483227191640306,0.5986187098997899,0.8483227191640306,0.5986187098997899,-0.8483227191640305,-0.7986187098997897
5.38,-0.8483227191640309,-0.7986187098997901,0.8483227191640307,0.59861870989979,0.8483227191640307,0.59861870989979,-0.8483227191640309,-0.7986187098997901
5.39,-0.8349441631193868,-0.7876010755100832,0.8349441631193862,0.5876010755100828,0.8349441631193862,0.5876010755100828,-0.8349441631193868,-0.7876010755100832
5.4,-0.8083980388508812,-0.765739561406608,0.8083980388508802,0.5657395614066073,0.8083980388508802,0.5657395614066073,-0.8083980388508812,-0.765739561406608
5.41,-0.7691029945961152,-0.7333789367262125,0.769102994596114,0.5333789367262115,0.769102994596114,0.5333789367262115,-0.7691029945961152,-0.7333789367262125
5.42,-0.7176787366767147,-0.691029547851412,0.7176787366767131,0.49102954785141073,0.7176787366767131,0.49102954785141073,-0.7176787366767147,-0.691029547851412
5.43,-0.6549362563594273,-0.6393592699430577,0.6549362563594254,0.4393592699430562,0.6549362563594254,0.4393592699430562,-0.6549362563594273,-0.6393592699430577
5.44,-0.5818650400393799,-0.5791829741500776,0.5818650400393779,0.37918297415007585,0.5818650400393779,0.37918297415007585,-0.5818650400393799,-0.5791829741500776
5.45,-0.4996174644486015,-0.5114496766047306,0.4996174644485991,0.31144967660472866,0.4996174644485991,0.31144967660472866,-0.4996174644486015,-0.5114496766047306
5.46,-0.40949062298646316,-0.437227571871205,0.40949062298646055,0.23722757187120277,0.40949062298646055,0.23722757187120277,-0.40949062298646316,-0.437227571871205
5.47,-0.3129058697819767,-0.3576871868792749,0.31290586978197393,0.15768718687927266,0.31290586978197393,0.15768718687927266,-0.3129058697819767,-0.3576871868792749
5.48,-0.21138640409012177,-0.2740829210153944,0.21138640409011894,0.07408292101539204,0.21138640409011894,0.07408292101539204,-0.21138640409012177,-0.2740829210153944
5.49,-0.10653324852966027,-0.18773326349501435,0.10653324852965738,-0.012266736504988038,0.10653324852965738,-0.012266736504988038,-0.10653324852966027,-0.18773326349501435
5.5,-8.3297027683664e-15,-0.10000000000000686,5.413991119313501e-15,-0.09999999999999555,5.413991119313501e-15,-0.09999999999999555,-8.3297027683664e-15,-0.10000000000000686
5.51,0.10653324852965573,-0.012266736504989398,-0.10653324852965862,-0.187733263495013,-0.10653324852965862,-0.187733263495013,0.10653324852965573,-0.012266736504989398
5.5200000000000005,0.21138640409012902,0.07408292101540037,-0.21138640409013182,-0.27408292101540266,-0.21138640409013182,-0.27408292101540266,0.21138640409012902,0.07408292101540037
5.53,0.31290586978197243,0.15768718687927144,-0.31290586978197515,-0.3576871868792736,-0.31290586978197515,-0.3576871868792736,0.31290586978197243,0.15768718687927144
5.54,0.40949062298645916,0.2372275718712016,-0.4094906229864617,-0.43722757187120376,-0.4094906229864617,-0.43722757187120376,0.40949062298645916,0.2372275718712016
5.55,0.49961746444859784,0.31144967660472755,-0.49961746444860017,-0.5114496766047295,-0.49961746444860017,-0.5114496766047295,0.49961746444859784,0.31144967660472755
5.5600000000000005,0.5818650400393854,0.37918297415008206,-0.5818650400393875,-0.5791829741500839,-0.5818650400393875,-0.5791829741500839,0.5818650400393854,0.37918297415008206
5.57,0.6549362563594243,0.4393592699430553,-0.6549362563594262,-0.6393592699430568,-0.6549362563594262,-0.6393592699430568,0.6549362563594243,0.4393592699430553
5.58,0.7176787366767122,0.49102954785141006,-0.7176787366767138,-0.6910295478514112,-0.7176787366767138,-0.6910295478514112,0.7176787366767122,0.49102954785141006
5.59,0.7691029945961133,0.533378936726211,-0.7691029945961145,-0.7333789367262119,-0.7691029945961145,-0.7333789367262119,0.7691029945961133,0.533378936726211
5.6000000000000005,0.8083980388508798,0.5657395614066069,-0.8083980388508807,-0.7657395614066076,-0.8083980388508807,-0.7657395614066076,0.8083980388508798,0.5657395614066069
5.61,0.8349441631193859,0.5876010755100826,-0.8349441631193866,-0.787601075510083,-0.8349441631193866,-0.787601075510083,0.8349441631193859,0.5876010755100826
5.62,0.8483227191640306,0.5986187098997899,-0.8483227191640308,-0.79861870989979,-0.8483227191640308,-0.79861870989979,0.8483227191640306,0.5986187098997899
5.63,0.8483227191640307,0.59861870989979,-0.8483227191640306,-0.7986187098997898,-0.8483227191640306,-0.7986187098997898,0.8483227191640307,0.59861870989979
5.64,0.8349441631193862,0.5876010755100828,-0.8349441631193857,-0.7876010755100823,-0.8349441631193857,-0.7876010755100823,0.8349441631193862,0.5876010755100828
5.65,0.8083980388508802,0.5657395614066073,-0.8083980388508795,-0.7657395614066066,-0.8083980388508795,-0.7657395614066066,0.8083980388508802,0.5657395614066073
5.66,0.7691029945961192,0.5333789367262158,-0.7691029945961179,-0.7333789367262147,-0.7691029945961179,-0.7333789367262147,0.7691029945961192,0.5333789367262158
5.67,0.7176787366767131,0.49102954785141073,-0.7176787366767116,-0.6910295478514095,-0.7176787366767116,-0.6910295478514095,0.7176787366767131,0.49102954785141073
5.68,0.6549362563594254,0.4393592699430562,-0.6549362563594235,-0.6393592699430547,-0.6549362563594235,-0.6393592699430547,0.6549362563594254,0.4393592699430562
5.69,0.5818650400393867,0.37918297415008306,-0.5818650400393846,-0.5791829741500814,-0.5818650400393846,-0.5791829741500814,0.5818650400393867,0.37918297415008306
5.7,0.4996174644485991,0.31144967660472866,-0.4996174644485969,-0.5114496766047268,-0.4996174644485969,-0.5114496766047268,0.4996174644485991,0.31144967660472866
5.71,0.40949062298646055,0.23722757187120277,-0.409490622986458,-0.43722757187120076,-0.409490622986458,-0.43722757187120076,0.40949062298646055,0.23722757187120277
5.72,0.3129058697819852,0.15768718687928193,-0.3129058697819825,-0.3576871868792797,-0.3129058697819825,-0.3576871868792797,0.3129058697819852,0.15768718687928193
5.73,0.21138640409011894,0.07408292101539204,-0.2113864040901161,-0.2740829210153897,-0.2113864040901161,-0.2740829210153897,0.21138640409011894,0.07408292101539204
5.74,0.10653324852965738,-0.012266736504988038,-0.10653324852965448,-0.18773326349500957,-0.10653324852965448,-0.18773326349500957,0.10653324852965738,-0.012266736504988038
5.75,5.413991119313501e-15,-0.09999999999999555,-2.4982794702606003e-15,-0.10000000000000206,-2.4982794702606003e-15,-0.10000000000000206,5.413991119313501e-15,-0.09999999999999555
5.76,-0.10653324852965862,-0.187733263495013,0.10653324852966152,-0.012266736504984638,0.10653324852966152,-0.012266736504984638,-0.10653324852965862,-0.187733263495013
5.7700000000000005,-0.21138640409013182,-0.27408292101540266,0.21138640409013465,0.074082921015405,0.21138640409013465,0.074082921015405,-0.21138640409013182,-0.27408292101540266
5.78,-0.31290586978197515,-0.3576871868792736,0.3129058697819779,0.15768718687927588,0.3129058697819779,0.15768718687927588,-0.31290586978197515,-0.3576871868792736
5.79,-0.40949062298645106,-0.437227571871195,0.40949062298645367,0.2372275718711971,0.40949062298645367,0.2372275718711971,-0.40949062298645106,-0.437227571871195
5.8,-0.49961746444860017,-0.5114496766047295,0.49961746444860256,0.31144967660473144,0.49961746444860256,0.31144967660473144,-0.49961746444860017,-0.5114496766047295
5.8100000000000005,-0.5818650400393875,-0.5791829741500839,0.5818650400393897,0.3791829741500856,0.5818650400393897,0.3791829741500856,-0.5818650400393875,-0.5791829741500839
5.82,-0.6549362563594184,-0.6393592699430505,0.6549362563594203,0.4393592699430521,0.6549362563594203,0.4393592699430521,-0.6549362563594184,-0.6393592699430505
5.83,-0.7176787366767138,-0.6910295478514112,0.7176787366767153,0.4910295478514126,0.7176787366767153,0.4910295478514126,-0.7176787366767138,-0.6910295478514112
5.84,-0.7691029945961145,-0.7333789367262119,0.7691029945961158,0.533378936726213,0.7691029945961158,0.533378936726213,-0.7691029945961145,-0.7333789367262119
5.8500000000000005,-0.8083980388508807,-0.7657395614066076,0.8083980388508816,0.5657395614066084,0.8083980388508816,0.5657395614066084,-0.8083980388508807,-0.7657395614066076
5.86,-0.8349441631193866,-0.787601075510083,0.834944163119387,0.5876010755100834,0.834944163119387,0.5876010755100834,-0.8349441631193866,-0.787601075510083
5.87,-0.8483227191640308,-0.79861870989979,0.848322719164031,0.5986187098997903,0.848322719164031,0.5986187098997903,-0.8483227191640308,-0.79861870989979
5.88,-0.8483227191640312,-0.7986187098997904,0.8483227191640311,0.5986187098997903,0.8483227191640311,0.5986187098997903,-0.8483227191640312,-0.7986187098997904
5.89,-0.8349441631193857,-0.7876010755100823,0.8349441631193852,0.5876010755100819,0.8349441631193852,0.5876010755100819,-0.8349441631193857,-0.7876010755100823
5.9,-0.8083980388508795,-0.7657395614066066,0.8083980388508785,0.5657395614066059,0.8083980388508785,0.5657395614066059,-0.8083980388508795,-0.7657395614066066
5.91,-0.7691029945961179,-0.7333789367262147,0.7691029945961166,0.5333789367262137,0.7691029945961166,0.5333789367262137,-0.7691029945961179,-0.7333789367262147
5.92,-0.7176787366767116,-0.6910295478514095,0.71767873667671,0.4910295478514082,0.71767873667671,0.4910295478514082,-0.7176787366767116,-0.6910295478514095
5.93,-0.6549362563594235,-0.6393592699430547,0.6549362563594217,0.4393592699430532,0.6549362563594217,0.4393592699430532,-0.6549362563594235,-0.6393592699430547
5.94,-0.5818650400393846,-0.5791829741500814,0.5818650400393823,0.3791829741500796,0.5818650400393823,0.3791829741500796,-0.5818650400393846,-0.5791829741500814
5.95,-0.4996174644486066,-0.5114496766047348,0.4996174644486042,0.3114496766047329,0.4996174644486042,0.3114496766047329,-0.4996174644486066,-0.5114496766047348
5.96,-0.409490622986458,-0.43722757187120076,0.40949062298645544,0.2372275718711986,0.40949062298645544,0.2372275718711986,-0.409490622986458,-0.43722757187120076
5.97,-0.3129058697819825,-0.3576871868792797,0.3129058697819798,0.1576871868792775,0.3129058697819798,0.1576871868792775,-0.3129058697819825,-0.3576871868792797
5.98,-0.2113864040901278,-0.27408292101539933,0.211386404090125,0.07408292101539704,0.211386404090125,0.07408292101539704,-0.2113864040901278,-0.27408292101539933
5.99,-0.10653324852965448,-0.18773326349500957,0.10653324852965158,-0.012266736504992826,0.10653324852965158,-0.012266736504992826,-0.10653324852965448,-0.18773326349500957
6.0,-2.4982794702606003e-15,-0.10000000000000206,-4.1743217879230026e-16,-0.10000000000000035,-4.1743217879230026e-16,-0.10000000000000035,-2.4982794702606003e-15,-0.10000000000000206
6.01,0.10653324852964953,-0.012266736504994505,-0.10653324852965243,-0.1877332634950079,-0.10653324852965243,-0.1877332634950079,0.10653324852964953,-0.012266736504994505
6.0200000000000005,0.21138640409013465,0.074082921015405,-0.21138640409013748,-0.2740829210154073,-0.21138640409013748,-0.2740829210154073,0.21138640409013465,0.074082921015405
6.03,0.3129058697819779,0.15768718687927588,-0.31290586978198054,-0.35768718687927814,-0.31290586978198054,-0.35768718687927814,0.3129058697819779,0.15768718687927588
6.04,0.40949062298645367,0.2372275718711971,-0.4094906229864562,-0.4372275718711992,-0.4094906229864562,-0.4372275718711992,0.40949062298645367,0.2372275718711971
6.05,0.49961746444860256,0.31144967660473144,-0.4996174644486049,-0.5114496766047334,-0.4996174644486049,-0.5114496766047334,0.49961746444860256,0.31144967660473144
6.0600000000000005,0.5818650400393897,0.3791829741500856,-0.5818650400393918,-0.5791829741500873,-0.5818650400393918,-0.5791829741500873,0.5818650400393897,0.3791829741500856
6.07,0.6549362563594203,0.4393592699430521,-0.6549362563594222,-0.6393592699430536,-0.6549362563594222,-0.6393592699430536,0.6549362563594203,0.4393592699430521
6.08,0.7176787366767088,0.4910295478514073,-0.7176787366767104,-0.6910295478514086,-0.7176787366767104,-0.6910295478514086,0.7176787366767088,0.4910295478514073
6.09,0.7691029945961158,0.533378936726213,-0.769102994596117,-0.7333789367262139,-0.769102994596117,-0.7333789367262139,0.7691029945961158,0.533378936726213
6.1000000000000005,0.8083980388508816,0.5657395614066084,-0.8083980388508825,-0.765739561406609,-0.8083980388508825,-0.765739561406609,0.8083980388508816,0.5657395614066084
6.11,0.8349441631193847,0.5876010755100816,-0.8349441631193854,-0.787601075510082,-0.8349441631193854,-0.787601075510082,0.8349441631193847,0.5876010755100816
6.12,0.848322719164031,0.5986187098997903,-0.8483227191640311,-0.7986187098997902,-0.8483227191640311,-0.7986187098997902,0.848322719164031,0.5986187098997903
6.13,0.8483227191640311,0.5986187098997903,-0.8483227191640309,-0.7986187098997901,-0.8483227191640309,-0.7986187098997901,0.8483227191640311,0.5986187098997903
6.140000000000001,0.8349441631193852,0.5876010755100819,-0.8349441631193847,-0.7876010755100814,-0.8349441631193847,-0.7876010755100814,0.8349441631193852,0.5876010755100819
6.15,0.8083980388508785,0.5657395614066059,-0.8083980388508777,-0.765739561406605,-0.8083980388508777,-0.765739561406605,0.8083980388508785,0.5657395614066059
6.16,0.7691029945961166,0.5333789367262137,-0.7691029945961154,-0.7333789367262127,-0.7691029945961154,-0.7333789367262127,0.7691029945961166,0.5333789367262137
6.17,0.7176787366767164,0.4910295478514136,-0.7176787366767149,-0.6910295478514122,-0.7176787366767149,-0.6910295478514122,0.7176787366767164,0.4910295478514136
6.18,0.6549362563594217,0.4393592699430532,-0.6549362563594198,-0.6393592699430516,-0.6549362563594198,-0.6393592699430516,0.6549362563594217,0.4393592699430532
6.19,0.5818650400393823,0.3791829741500796,-0.5818650400393803,-0.5791829741500779,-0.5818650400393803,-0.5791829741500779,0.5818650400393823,0.3791829741500796
6.2,0.4996174644486042,0.3114496766047329,-0.4996174644486019,-0.511449676604731,-0.4996174644486019,-0.511449676604731,0.4996174644486042,0.3114496766047329
6.21,0.40949062298645544,0.2372275718711986,-0.40949062298645295,-0.43722757187119654,-0.40949062298645295,-0.43722757187119654,0.40949062298645544,0.2372275718711986
6.22,0.3129058697819798,0.1576871868792775,-0.3129058697819771,-0.35768718687927525,-0.3129058697819771,-0.35768718687927525,0.3129058697819798,0.1576871868792775
6.23,0.211386404090125,0.07408292101539704,-0.21138640409012216,-0.2740829210153947,-0.21138640409012216,-0.2740829210153947,0.211386404090125,0.07408292101539704
6.24,0.10653324852966357,-0.012266736504982945,-0.10653324852966069,-0.18773326349501468,-0.10653324852966069,-0.18773326349501468,0.10653324852966357,-0.012266736504982945
6.25,-4.1743217879230026e-16,-0.10000000000000035,3.333143827845201e-15,-0.09999999999999726,3.333143827845201e-15,-0.09999999999999726,-4.1743217879230026e-16,-0.10000000000000035
6.26,-0.10653324852965243,-0.1877332634950079,0.10653324852965532,-0.012266736504989745,0.10653324852965532,-0.012266736504989745,-0.10653324852965243,-0.1877332634950079
6.2700000000000005,-0.2113864040901258,-0.2740829210153977,0.21138640409012863,0.07408292101540004,0.21138640409012863,0.07408292101540004,-0.2113864040901258,-0.2740829210153977
6.28,-0.31290586978198054,-0.35768718687927814,0.31290586978198326,0.15768718687928032,0.31290586978198326,0.15768718687928032,-0.31290586978198054,-0.35768718687927814
6.29,-0.4094906229864562,-0.4372275718711992,0.4094906229864588,0.23722757187120133,0.4094906229864588,0.23722757187120133,-0.4094906229864562,-0.4372275718711992
6.3,-0.49961746444859517,-0.5114496766047254,0.4996174644485975,0.31144967660472733,0.4996174644485975,0.31144967660472733,-0.49961746444859517,-0.5114496766047254
6.3100000000000005,-0.581865040039383,-0.5791829741500801,0.5818650400393851,0.37918297415008184,0.5818650400393851,0.37918297415008184,-0.581865040039383,-0.5791829741500801
6.32,-0.6549362563594222,-0.6393592699430536,0.6549362563594241,0.4393592699430551,0.6549362563594241,0.4393592699430551,-0.6549362563594222,-0.6393592699430536
6.33,-0.7176787366767104,-0.6910295478514086,0.7176787366767119,0.49102954785140984,0.7176787366767119,0.49102954785140984,-0.7176787366767104,-0.6910295478514086
6.34,-0.769102994596117,-0.7333789367262139,0.7691029945961182,0.5333789367262151,0.7691029945961182,0.5333789367262151,-0.769102994596117,-0.7333789367262139
6.3500000000000005,-0.8083980388508825,-0.765739561406609,0.8083980388508835,0.5657395614066099,0.8083980388508835,0.5657395614066099,-0.8083980388508825,-0.765739561406609
6.36,-0.8349441631193854,-0.787601075510082,0.8349441631193859,0.5876010755100824,0.8349441631193859,0.5876010755100824,-0.8349441631193854,-0.787601075510082
6.37,-0.8483227191640303,-0.7986187098997897,0.8483227191640306,0.5986187098997898,0.8483227191640306,0.5986187098997898,-0.8483227191640303,-0.7986187098997897
6.38,-0.8483227191640309,-0.7986187098997901,0.8483227191640307,0.59861870989979,0.8483227191640307,0.59861870989979,-0.8483227191640309,-0.7986187098997901
6.390000000000001,-0.8349441631193847,-0.7876010755100814,0.834944163119384,0.587601075510081,0.834944163119384,0.587601075510081,-0.8349441631193847,-0.7876010755100814
6.4,-0.8083980388508814,-0.7657395614066081,0.8083980388508805,0.5657395614066074,0.8083980388508805,0.5657395614066074,-0.8083980388508814,-0.7657395614066081
6.41,-0.7691029945961154,-0.7333789367262127,0.7691029945961142,0.5333789367262116,0.7691029945961142,0.5333789367262116,-0.7691029945961154,-0.7333789367262127
6.42,-0.7176787366767149,-0.6910295478514122,0.7176787366767133,0.49102954785141095,0.7176787366767133,0.49102954785141095,-0.7176787366767149,-0.6910295478514122
6.43,-0.6549362563594275,-0.6393592699430579,0.6549362563594257,0.4393592699430564,0.6549362563594257,0.4393592699430564,-0.6549362563594275,-0.6393592699430579
6.44,-0.5818650400393803,-0.5791829741500779,0.5818650400393781,0.37918297415007607,0.5818650400393781,0.37918297415007607,-0.5818650400393803,-0.5791829741500779
6.45,-0.4996174644486019,-0.511449676604731,0.4996174644485995,0.311449676604729,0.4996174644485995,0.311449676604729,-0.4996174644486019,-0.511449676604731
6.46,-0.4094906229864635,-0.4372275718712052,0.40949062298646094,0.2372275718712031,0.40949062298646094,0.2372275718712031,-0.4094906229864635,-0.4372275718712052
6.47,-0.3129058697819771,-0.35768718687927525,0.3129058697819744,0.157687186879273,0.3129058697819744,0.157687186879273,-0.3129058697819771,-0.35768718687927525
6.48,-0.21138640409012216,-0.2740829210153947,0.21138640409011933,0.07408292101539238,0.21138640409011933,0.07408292101539238,-0.21138640409012216,-0.2740829210153947
6.49,-0.10653324852966069,-0.18773326349501468,0.10653324852965779,-0.012266736504987705,0.10653324852965779,-0.012266736504987705,-0.10653324852966069,-0.18773326349501468
6.5,3.333143827845201e-15,-0.09999999999999726,-6.2488554768981015e-15,-0.10000000000000515,-6.2488554768981015e-15,-0.10000000000000515,3.333143827845201e-15,-0.09999999999999726
6.51,0.10653324852965532,-0.012266736504989745,-0.10653324852965822,-0.18773326349501265,-0.10653324852965822,-0.18773326349501265,0.10653324852965532,-0.012266736504989745
6.5200000000000005,0.21138640409012863,0.07408292101540004,-0.21138640409013143,-0.2740829210154023,-0.21138640409013143,-0.2740829210154023,0.21138640409012863,0.07408292101540004
6.53,0.31290586978197205,0.15768718687927105,-0.31290586978197477,-0.35768718687927337,-0.31290586978197477,-0.35768718687927337,0.31290586978197205,0.15768718687927105
6.54,0.4094906229864588,0.23722757187120133,-0.40949062298646133,-0.4372275718712034,-0.40949062298646133,-0.4372275718712034,0.4094906229864588,0.23722757187120133
6.55,0.4996174644485975,0.31144967660472733,-0.4996174644485999,-0.5114496766047293,-0.4996174644485999,-0.5114496766047293,0.4996174644485975,0.31144967660472733
6.5600000000000005,0.5818650400393851,0.37918297415008184,-0.5818650400393873,-0.5791829741500837,-0.5818650400393873,-0.5791829741500837,0.5818650400393851,0.37918297415008184
6.57,0.6549362563594241,0.4393592699430551,-0.654936256359426,-0.6393592699430566,-0.654936256359426,-0.6393592699430566,0.6549362563594241,0.4393592699430551
6.58,0.7176787366767119,0.49102954785140984,-0.7176787366767136,-0.6910295478514111,-0.7176787366767136,-0.6910295478514111,0.7176787366767119,0.49102954785140984
6.59,0.7691029945961131,0.5333789367262108,-0.7691029945961143,-0.7333789367262118,-0.7691029945961143,-0.7333789367262118,0.7691029945961131,0.5333789367262108
6.6000000000000005,0.8083980388508797,0.5657395614066068,-0.8083980388508806,-0.7657395614066075,-0.8083980388508806,-0.7657395614066075,0.8083980388508797,0.5657395614066068
6.61,0.8349441631193859,0.5876010755100824,-0.8349441631193865,-0.7876010755100828,-0.8349441631193865,-0.7876010755100828,0.8349441631193859,0.5876010755100824
6.62,0.8483227191640306,0.5986187098997898,-0.8483227191640307,-0.79861870989979,-0.8483227191640307,-0.79861870989979,0.8483227191640306,0.5986187098997898
6.63,0.8483227191640307,0.59861870989979,-0.8483227191640306,-0.7986187098997898,-0.8483227191640306,-0.7986187098997898,0.8483227191640307,0.59861870989979
6.640000000000001,0.834944163119384,0.587601075510081,-0.8349441631193835,-0.7876010755100805,-0.8349441631193835,-0.7876010755100805,0.834944163119384,0.587601075510081
6.65,0.8083980388508805,0.5657395614066074,-0.8083980388508796,-0.7657395614066066,-0.8083980388508796,-0.7657395614066066,0.8083980388508805,0.5657395614066074
6.66,0.7691029945961193,0.5333789367262158,-0.7691029945961181,-0.7333789367262148,-0.7691029945961181,-0.7333789367262148,0.7691029945961193,0.5333789367262158
6.67,0.7176787366767133,0.49102954785141095,-0.7176787366767118,-0.6910295478514097,-0.7176787366767118,-0.6910295478514097,0.7176787366767133,0.49102954785141095
6.68,0.6549362563594257,0.4393592699430564,-0.6549362563594239,-0.6393592699430549,-0.6549362563594239,-0.6393592699430549,0.6549362563594257,0.4393592699430564
6.69,0.5818650400393869,0.3791829741500833,-0.5818650400393849,-0.5791829741500816,-0.5818650400393849,-0.5791829741500816,0.5818650400393869,0.3791829741500833
6.7,0.4996174644485995,0.311449676604729,-0.49961746444859717,-0.5114496766047271,-0.49961746444859717,-0.5114496766047271,0.4996174644485995,0.311449676604729
6.71,0.40949062298646094,0.2372275718712031,-0.4094906229864584,-0.437227571871201,-0.4094906229864584,-0.437227571871201,0.40949062298646094,0.2372275718712031
6.72,0.3129058697819856,0.15768718687928227,-0.31290586978198287,-0.35768718687928003,-0.31290586978198287,-0.35768718687928003,0.3129058697819856,0.15768718687928227
6.73,0.21138640409011933,0.07408292101539238,-0.21138640409011653,-0.2740829210153901,-0.21138640409011653,-0.2740829210153901,0.21138640409011933,0.07408292101539238
6.74,0.10653324852965779,-0.012266736504987705,-0.10653324852965491,-0.18773326349500993,-0.10653324852965491,-0.18773326349500993,0.10653324852965779,-0.012266736504987705
6.75,5.830371031023601e-15,-0.0999999999999952,-2.9146593819707004e-15,-0.1000000000000024,-2.9146593819707004e-15,-0.1000000000000024,5.830371031023601e-15,-0.0999999999999952
6.76,-0.10653324852965822,-0.18773326349501265,0.10653324852966109,-0.012266736504984985,0.10653324852966109,-0.012266736504984985,-0.10653324852965822,-0.18773326349501265
6.7700000000000005,-0.21138640409013143,-0.2740829210154023,0.21138640409013426,0.07408292101540467,0.21138640409013426,0.07408292101540467,-0.21138640409013143,-0.2740829210154023
6.78,-0.31290586978197477,-0.35768718687927337,0.31290586978197743,0.15768718687927555,0.31290586978197743,0.15768718687927555,-0.31290586978197477,-0.35768718687927337
6.79,-0.4094906229864507,-0.43722757187119476,0.4094906229864533,0.23722757187119684,0.4094906229864533,0.23722757187119684,-0.4094906229864507,-0.43722757187119476
6.8,-0.4996174644485999,-0.5114496766047293,0.4996174644486022,0.3114496766047312,0.4996174644486022,0.3114496766047312,-0.4996174644485999,-0.5114496766047293
6.8100000000000005,-0.5818650400393873,-0.5791829741500837,0.5818650400393893,0.3791829741500853,0.5818650400393893,0.3791829741500853,-0.5818650400393873,-0.5791829741500837
6.82,-0.6549362563594182,-0.6393592699430503,0.6549362563594201,0.43935926994305186,0.6549362563594201,0.43935926994305186,-0.6549362563594182,-0.6393592699430503
6.83,-0.7176787366767136,-0.6910295478514111,0.7176787366767151,0.4910295478514124,0.7176787366767151,0.4910295478514124,-0.7176787366767136,-0.6910295478514111
6.84,-0.7691029945961143,-0.7333789367262118,0.7691029945961155,0.5333789367262128,0.7691029945961155,0.5333789367262128,-0.7691029945961143,-0.7333789367262118
6.8500000000000005,-0.8083980388508806,-0.7657395614066075,0.8083980388508815,0.5657395614066082,0.8083980388508815,0.5657395614066082,-0.8083980388508806,-0.7657395614066075
6.86,-0.8349441631193865,-0.7876010755100828,0.834944163119387,0.5876010755100834,0.834944163119387,0.5876010755100834,-0.8349441631193865,-0.7876010755100828
6.87,-0.8483227191640307,-0.79861870989979,0.8483227191640309,0.5986187098997902,0.8483227191640309,0.5986187098997902,-0.8483227191640307,-0.79861870989979
6.88,-0.8483227191640312,-0.7986187098997904,0.8483227191640311,0.5986187098997903,0.8483227191640311,0.5986187098997903,-0.8483227191640312,-0.7986187098997904
6.890000000000001,-0.8349441631193858,-0.7876010755100824,0.8349441631193852,0.5876010755100819,0.8349441631193852,0.5876010755100819,-0.8349441631193858,-0.7876010755100824
6.9,-0.8083980388508796,-0.7657395614066066,0.8083980388508786,0.5657395614066059,0.8083980388508786,0.5657395614066059,-0.8083980388508796,-0.7657395614066066
6.91,-0.7691029945961181,-0.7333789367262148,0.7691029945961169,0.5333789367262138,0.7691029945961169,0.5333789367262138,-0.7691029945961181,-0.7333789367262148
6.92,-0.7176787366767118,-0.6910295478514097,0.7176787366767101,0.4910295478514084,0.7176787366767101,0.4910295478514084,-0.7176787366767118,-0.6910295478514097
6.93,-0.6549362563594239,-0.6393592699430549,0.654936256359422,0.4393592699430534,0.654936256359422,0.4393592699430534,-0.6549362563594239,-0.6393592699430549
6.94,-0.5818650400393849,-0.5791829741500816,0.5818650400393827,0.37918297415007984,0.5818650400393827,0.37918297415007984,-0.5818650400393849,-0.5791829741500816
6.95,-0.49961746444860694,-0.5114496766047352,0.4996174644486046,0.3114496766047332,0.4996174644486046,0.3114496766047332,-0.49961746444860694,-0.5114496766047352
6.96,-0.4094906229864584,-0.437227571871201,0.40949062298645583,0.2372275718711989,0.40949062298645583,0.2372275718711989,-0.4094906229864584,-0.437227571871201
6.97,-0.31290586978198287,-0.35768718687928003,0.3129058697819802,0.15768718687927777,0.3129058697819802,0.15768718687927777,-0.31290586978198287,-0.35768718687928003
6.98,-0.2113864040901282,-0.27408292101539966,0.21138640409012538,0.07408292101539737,0.21138640409012538,0.07408292101539737,-0.2113864040901282,-0.27408292101539966
6.99,-0.10653324852965491,-0.18773326349500993,0.10653324852965201,-0.012266736504992465,0.10653324852965201,-0.012266736504992465,-0.10653324852965491,-0.18773326349500993
7.0,-2.9146593819707004e-15,-0.1000000000000024,-1.0522670822002081e-18,-0.1,-1.0522670822002081e-18,-0.1,-2.9146593819707004e-15,-0.1000000000000024
7.01,0.10653324852964911,-0.012266736504994866,-0.10653324852965201,-0.18773326349500755,-0.10653324852965201,-0.18773326349500755,0.10653324852964911,-0.012266736504994866
7.0200000000000005,0.21138640409013426,0.07408292101540467,-0.2113864040901371,-0.274082921015407,-0.2113864040901371,-0.274082921015407,0.21138640409013426,0.07408292101540467
7.03,0.31290586978197743,0.15768718687927555,-0.3129058697819802,-0.3576871868792778,-0.3129058697819802,-0.3576871868792778,0.31290586978197743,0.15768718687927555
7.04,0.4094906229864533,0.23722757187119684,-0.40949062298645583,-0.4372275718711989,-0.40949062298645583,-0.4372275718711989,0.4094906229864533,0.23722757187119684
7.05,0.4996174644486022,0.3114496766047312,-0.4996174644486046,-0.5114496766047332,-0.4996174644486046,-0.5114496766047332,0.4996174644486022,0.3114496766047312
7.0600000000000005,0.5818650400393893,0.3791829741500853,-0.5818650400393915,-0.5791829741500871,-0.5818650400393915,-0.5791829741500871,0.5818650400393893,0.3791829741500853
7.07,0.6549362563594201,0.43935926994305186,-0.654936256359422,-0.6393592699430534,-0.654936256359422,-0.6393592699430534,0.6549362563594201,0.43935926994305186
7.08,0.7176787366767087,0.49102954785140707,-0.7176787366767101,-0.6910295478514084,-0.7176787366767101,-0.6910295478514084,0.7176787366767087,0.49102954785140707
7.09,0.7691029945961155,0.5333789367262128,-0.7691029945961169,-0.7333789367262138,-0.7691029945961169,-0.7333789367262138,0.7691029945961155,0.5333789367262128
7.1000000000000005,0.8083980388508815,0.5657395614066082,-0.8083980388508824,-0.7657395614066089,-0.8083980388508824,-0.7657395614066089,0.8083980388508815,0.5657395614066082
7.11,0.8349441631193847,0.5876010755100816,-0.8349441631193852,-0.7876010755100818,-0.8349441631193852,-0.7876010755100818,0.8349441631193847,0.5876010755100816
7.12,0.8483227191640309,0.5986187098997902,-0.8483227191640311,-0.7986187098997902,-0.8483227191640311,-0.7986187098997902,0.8483227191640309,0.5986187098997902
7.13,0.8483227191640311,0.5986187098997903,-0.8483227191640309,-0.7986187098997901,-0.8483227191640309,-0.7986187098997901,0.8483227191640311,0.5986187098997903
7.140000000000001,0.8349441631193852,0.5876010755100819,-0.8349441631193847,-0.7876010755100815,-0.8349441631193847,-0.7876010755100815,0.8349441631193852,0.5876010755100819
7.15,0.8083980388508786,0.5657395614066059,-0.8083980388508778,-0.7657395614066052,-0.8083980388508778,-0.7657395614066052,0.8083980388508786,0.5657395614066059
7.16,0.7691029945961169,0.5333789367262138,-0.7691029945961155,-0.7333789367262128,-0.7691029945961155,-0.7333789367262128,0.7691029945961169,0.5333789367262138
7.17,0.7176787366767167,0.49102954785141373,-0.7176787366767151,-0.6910295478514124,-0.7176787366767151,-0.6910295478514124,0.7176787366767167,0.49102954785141373
7.18,0.654936256359422,0.4393592699430534,-0.6549362563594201,-0.6393592699430518,-0.6549362563594201,-0.6393592699430518,0.654936256359422,0.4393592699430534
7.19,0.5818650400393827,0.37918297415007984,-0.5818650400393806,-0.5791829741500781,-0.5818650400393806,-0.5791829741500781,0.5818650400393827,0.37918297415007984
7.2,0.4996174644486046,0.3114496766047332,-0.4996174644486022,-0.5114496766047313,-0.4996174644486022,-0.5114496766047313,0.4996174644486046,0.3114496766047332
7.21,0.40949062298645583,0.2372275718711989,-0.4094906229864533,-0.4372275718711969,-0.4094906229864533,-0.4372275718711969,0.40949062298645583,0.2372275718711989
7.22,0.3129058697819802,0.15768718687927777,-0.31290586978197743,-0.3576871868792756,-0.31290586978197743,-0.3576871868792756,0.3129058697819802,0.15768718687927777
7.23,0.21138640409012538,0.07408292101539737,-0.21138640409012255,-0.27408292101539505,-0.21138640409012255,-0.27408292101539505,0.21138640409012538,0.07408292101539737
7.24,0.10653324852966399,-0.012266736504982598,-0.10653324852966109,-0.187733263495015,-0.10653324852966109,-0.187733263495015,0.10653324852966399,-0.012266736504982598
7.25,-1.0522670822002081e-18,-0.1,2.916763916135101e-15,-0.0999999999999976,2.916763916135101e-15,-0.0999999999999976,-1.0522670822002081e-18,-0.1
7.26,-0.10653324852965201,-0.18773326349500755,0.10653324852965491,-0.012266736504990078,0.10653324852965491,-0.012266736504990078,-0.10653324852965201,-0.18773326349500755
7.2700000000000005,-0.21138640409012538,-0.2740829210153974,0.2113864040901282,0.0740829210153997,0.2113864040901282,0.0740829210153997,-0.21138640409012538,-0.2740829210153974
7.28,-0.3129058697819802,-0.3576871868792778,0.31290586978198287,0.15768718687928,0.31290586978198287,0.15768718687928,-0.3129058697819802,-0.3576871868792778
7.29,-0.40949062298645583,-0.4372275718711989,0.4094906229864584,0.237227571871201,0.4094906229864584,0.237227571871201,-0.40949062298645583,-0.4372275718711989
7.3,-0.4996174644485948,-0.5114496766047251,0.49961746444859717,0.311449676604727,0.49961746444859717,0.311449676604727,-0.4996174644485948,-0.5114496766047251
7.3100000000000005,-0.5818650400393827,-0.5791829741500798,0.5818650400393849,0.3791829741500816,0.5818650400393849,0.3791829741500816,-0.5818650400393827,-0.5791829741500798
7.32,-0.654936256359422,-0.6393592699430534,0.6549362563594239,0.43935926994305496,0.6549362563594239,0.43935926994305496,-0.654936256359422,-0.6393592699430534
7.33,-0.7176787366767101,-0.6910295478514084,0.7176787366767118,0.49102954785140973,0.7176787366767118,0.49102954785140973,-0.7176787366767101,-0.6910295478514084
7.34,-0.7691029945961169,-0.7333789367262138,0.7691029945961181,0.5333789367262148,0.7691029945961181,0.5333789367262148,-0.7691029945961169,-0.7333789367262138
7.3500000000000005,-0.8083980388508824,-0.7657395614066089,0.8083980388508833,0.5657395614066097,0.8083980388508833,0.5657395614066097,-0.8083980388508824,-0.7657395614066089
7.36,-0.8349441631193852,-0.7876010755100818,0.8349441631193858,0.5876010755100824,0.8349441631193858,0.5876010755100824,-0.8349441631193852,-0.7876010755100818
7.37,-0.8483227191640303,-0.7986187098997897,0.8483227191640306,0.5986187098997898,0.8483227191640306,0.5986187098997898,-0.8483227191640303,-0.7986187098997897
7.38,-0.8483227191640309,-0.7986187098997901,0.8483227191640307,0.59861870989979,0.8483227191640307,0.59861870989979,-0.8483227191640309,-0.7986187098997901
7.390000000000001,-0.8349441631193847,-0.7876010755100815,0.8349441631193841,0.5876010755100811,0.8349441631193841,0.5876010755100811,-0.8349441631193847,-0.7876010755100815
7.4,-0.8083980388508815,-0.7657395614066081,0.8083980388508806,0.5657395614066075,0.8083980388508806,0.5657395614066075,-0.8083980388508815,-0.7657395614066081
7.41,-0.7691029945961155,-0.7333789367262128,0.7691029945961143,0.5333789367262118,0.7691029945961143,0.5333789367262118,-0.7691029945961155,-0.7333789367262128
7.42,-0.7176787366767151,-0.6910295478514124,0.7176787366767136,0.4910295478514112,0.7176787366767136,0.4910295478514112,-0.7176787366767151,-0.6910295478514124
7.43,-0.6549362563594279,-0.6393592699430581,0.654936256359426,0.43935926994305663,0.654936256359426,0.43935926994305663,-0.6549362563594279,-0.6393592699430581
7.44,-0.5818650400393806,-0.5791829741500781,0.5818650400393784,0.3791829741500763,0.5818650400393784,0.3791829741500763,-0.5818650400393806,-0.5791829741500781
7.45,-0.4996174644486022,-0.5114496766047313,0.4996174644485999,0.31144967660472933,0.4996174644485999,0.31144967660472933,-0.4996174644486022,-0.5114496766047313
7.46,-0.4094906229864639,-0.43722757187120553,0.40949062298646133,0.23722757187120344,0.40949062298646133,0.23722757187120344,-0.4094906229864639,-0.43722757187120553
7.47,-0.31290586978197743,-0.3576871868792756,0.31290586978197477,0.15768718687927333,0.31290586978197477,0.15768718687927333,-0.31290586978197743,-0.3576871868792756
7.48,-0.21138640409012255,-0.27408292101539505,0.21138640409011972,0.07408292101539271,0.21138640409011972,0.07408292101539271,-0.21138640409012255,-0.27408292101539505
7.49,-0.10653324852966109,-0.187733263495015,0.10653324852965822,-0.012266736504987358,0.10653324852965822,-0.012266736504987358,-0.10653324852966109,-0.187733263495015
7.5,-9.162462591786602e-15,-0.10000000000000756,6.246750942733701e-15,-0.09999999999999486,6.246750942733701e-15,-0.09999999999999486,-9.162462591786602e-15,-0.10000000000000756
7.51,0.10653324852965491,-0.012266736504990078,-0.10653324852965779,-0.1877332634950123,-0.10653324852965779,-0.1877332634950123,0.10653324852965491,-0.012266736504990078
7.5200000000000005,0.2113864040901282,0.0740829210153997,-0.21138640409013104,-0.274082921015402,-0.21138640409013104,-0.274082921015402,0.2113864040901282,0.0740829210153997
7.53,0.31290586978197166,0.15768718687927077,-0.3129058697819744,-0.35768718687927303,-0.3129058697819744,-0.35768718687927303,0.31290586978197166,0.15768718687927077
7.54,0.4094906229864584,0.237227571871201,-0.40949062298646094,-0.4372275718712031,-0.40949062298646094,-0.4372275718712031,0.4094906229864584,0.237227571871201
7.55,0.49961746444859717,0.311449676604727,-0.4996174644485995,-0.511449676604729,-0.4996174644485995,-0.511449676604729,0.49961746444859717,0.311449676604727
7.5600000000000005,0.5818650400393849,0.3791829741500816,-0.5818650400393869,-0.5791829741500834,-0.5818650400393869,-0.5791829741500834,0.5818650400393849,0.3791829741500816
7.57,0.6549362563594239,0.43935926994305496,-0.6549362563594257,-0.6393592699430564,-0.6549362563594257,-0.6393592699430564,0.6549362563594239,0.43935926994305496
7.58,0.7176787366767118,0.49102954785140973,-0.7176787366767133,-0.6910295478514109,-0.7176787366767133,-0.6910295478514109,0.7176787366767118,0.49102954785140973
7.59,0.769102994596113,0.5333789367262106,-0.7691029945961142,-0.7333789367262116,-0.7691029945961142,-0.7333789367262116,0.769102994596113,0.5333789367262106
7.6000000000000005,0.8083980388508796,0.5657395614066066,-0.8083980388508805,-0.7657395614066074,-0.8083980388508805,-0.7657395614066074,0.8083980388508796,0.5657395614066066
7.61,0.8349441631193858,0.5876010755100824,-0.8349441631193864,-0.7876010755100828,-0.8349441631193864,-0.7876010755100828,0.8349441631193858,0.5876010755100824
7.62,0.8483227191640306,0.5986187098997898,-0.8483227191640307,-0.79861870989979,-0.8483227191640307,-0.79861870989979,0.8483227191640306,0.5986187098997898
7.63,0.8483227191640307,0.59861870989979,-0.8483227191640306,-0.7986187098997898,-0.8483227191640306,-0.7986187098997898,0.8483227191640307,0.59861870989979
7.640000000000001,0.8349441631193841,0.5876010755100811,-0.8349441631193836,-0.7876010755100805,-0.8349441631193836,-0.7876010755100805,0.8349441631193841,0.5876010755100811
7.65,0.8083980388508806,0.5657395614066075,-0.8083980388508797,-0.7657395614066067,-0.8083980388508797,-0.7657395614066067,0.8083980388508806,0.5657395614066075
7.66,0.7691029945961194,0.5333789367262161,-0.7691029945961182,-0.733378936726215,-0.7691029945961182,-0.733378936726215,0.7691029945961194,0.5333789367262161
7.67,0.7176787366767136,0.4910295478514112,-0.7176787366767119,-0.6910295478514098,-0.7176787366767119,-0.6910295478514098,0.7176787366767136,0.4910295478514112
7.68,0.654936256359426,0.43935926994305663,-0.6549362563594241,-0.639359269943055,-0.6549362563594241,-0.639359269943055,0.654936256359426,0.43935926994305663
7.69,0.5818650400393873,0.3791829741500836,-0.5818650400393851,-0.5791829741500818,-0.5818650400393851,-0.5791829741500818,0.5818650400393873,0.3791829741500836
7.7,0.4996174644485999,0.31144967660472933,-0.4996174644485975,-0.5114496766047274,-0.4996174644485975,-0.5114496766047274,0.4996174644485999,0.31144967660472933
7.71,0.40949062298646133,0.23722757187120344,-0.4094906229864588,-0.4372275718712013,-0.4094906229864588,-0.4372275718712013,0.40949062298646133,0.23722757187120344
7.72,0.312905869781986,0.15768718687928254,-0.31290586978198326,-0.35768718687928036,-0.31290586978198326,-0.35768718687928036,0.312905869781986,0.15768718687928254
7.73,0.21138640409011972,0.07408292101539271,-0.21138640409011691,-0.27408292101539045,-0.21138640409011691,-0.27408292101539045,0.21138640409011972,0.07408292101539271
7.74,0.10653324852965822,-0.012266736504987358,-0.10653324852965532,-0.18773326349501027,-0.10653324852965532,-0.18773326349501027,0.10653324852965822,-0.012266736504987358
7.75,6.246750942733701e-15,-0.09999999999999486,-3.3310392936808004e-15,-0.10000000000000275,-3.3310392936808004e-15,-0.10000000000000275,6.246750942733701e-15,-0.09999999999999486
7.76,-0.10653324852965779,-0.1877332634950123,0.10653324852966069,-0.012266736504985318,0.10653324852966069,-0.012266736504985318,-0.10653324852965779,-0.1877332634950123
7.7700000000000005,-0.21138640409013104,-0.274082921015402,0.21138640409013387,0.07408292101540434,0.21138640409013387,0.07408292101540434,-0.21138640409013104,-0.274082921015402
7.78,-0.3129058697819744,-0.35768718687927303,0.3129058697819771,0.15768718687927522,0.3129058697819771,0.15768718687927522,-0.3129058697819744,-0.35768718687927303
7.79,-0.4094906229864504,-0.43722757187119443,0.40949062298645295,0.2372275718711965,0.40949062298645295,0.2372275718711965,-0.4094906229864504,-0.43722757187119443
7.8,-0.4996174644485995,-0.511449676604729,0.4996174644486019,0.3114496766047309,0.4996174644486019,0.3114496766047309,-0.4996174644485995,-0.511449676604729
7.8100000000000005,-0.5818650400393869,-0.5791829741500834,0.5818650400393891,0.37918297415008506,0.5818650400393891,0.37918297415008506,-0.5818650400393869,-0.5791829741500834
7.82,-0.654936256359418,-0.63935926994305,0.6549362563594198,0.43935926994305163,0.6549362563594198,0.43935926994305163,-0.654936256359418,-0.63935926994305
7.83,-0.7176787366767133,-0.6910295478514109,0.7176787366767149,0.4910295478514123,0.7176787366767149,0.4910295478514123,-0.7176787366767133,-0.6910295478514109
7.84,-0.7691029945961142,-0.7333789367262116,0.7691029945961154,0.5333789367262127,0.7691029945961154,0.5333789367262127,-0.7691029945961142,-0.7333789367262116
7.8500000000000005,-0.8083980388508805,-0.7657395614066074,0.8083980388508814,0.5657395614066082,0.8083980388508814,0.5657395614066082,-0.8083980388508805,-0.7657395614066074
7.86,-0.8349441631193864,-0.7876010755100828,0.8349441631193869,0.5876010755100833,0.8349441631193869,0.5876010755100833,-0.8349441631193864,-0.7876010755100828
7.87,-0.8483227191640307,-0.79861870989979,0.8483227191640309,0.5986187098997902,0.8483227191640309,0.5986187098997902,-0.8483227191640307,-0.79861870989979
7.88,-0.8483227191640312,-0.7986187098997904,0.8483227191640311,0.5986187098997903,0.8483227191640311,0.5986187098997903,-0.8483227191640312,-0.7986187098997904
7.890000000000001,-0.8349441631193859,-0.7876010755100824,0.8349441631193854,0.587601075510082,0.8349441631193854,0.587601075510082,-0.8349441631193859,-0.7876010755100824
7.9,-0.8083980388508797,-0.7657395614066067,0.8083980388508788,0.5657395614066061,0.8083980388508788,0.5657395614066061,-0.8083980388508797,-0.7657395614066067
7.91,-0.7691029945961182,-0.733378936726215,0.769102994596117,0.533378936726214,0.769102994596117,0.533378936726214,-0.7691029945961182,-0.733378936726215
7.92,-0.7176787366767119,-0.6910295478514098,0.7176787366767104,0.4910295478514086,0.7176787366767104,0.4910295478514086,-0.7176787366767119,-0.6910295478514098
7.930000000000001,-0.6549362563594164,-0.6393592699430488,0.6549362563594145,0.4393592699430473,0.6549362563594145,0.4393592699430473,-0.6549362563594164,-0.6393592699430488
7.94,-0.5818650400393851,-0.5791829741500818,0.581865040039383,0.3791829741500802,0.581865040039383,0.3791829741500802,-0.5818650400393851,-0.5791829741500818
7.95,-0.4996174644486073,-0.5114496766047354,0.4996174644486049,0.31144967660473344,0.4996174644486049,0.31144967660473344,-0.4996174644486073,-0.5114496766047354
7.96,-0.4094906229864588,-0.4372275718712013,0.4094906229864562,0.23722757187119922,0.4094906229864562,0.23722757187119922,-0.4094906229864588,-0.4372275718712013
7.97,-0.31290586978198326,-0.35768718687928036,0.31290586978198054,0.1576871868792781,0.31290586978198054,0.1576871868792781,-0.31290586978198326,-0.35768718687928036
7.98,-0.21138640409012863,-0.27408292101540005,0.2113864040901258,0.0740829210153977,0.2113864040901258,0.0740829210153977,-0.21138640409012863,-0.27408292101540005
7.99,-0.10653324852965532,-0.18773326349501027,0.10653324852965242,-0.012266736504992146,0.10653324852965242,-0.012266736504992146,-0.10653324852965532,-0.18773326349501027
