6.31089229015287e-05 0.06162343730049772 0.06830112483266851 
6.278774465510342e-05 0.061633964925498615 0.06831159249867705 
6.149579318438117e-05 0.06165501767975401 0.06833289002513596 
6.17527901573411e-05 0.06168665793937732 0.06836512376199791 
6.31233032580083e-05 0.06172885639371837 0.06840826867382103 
6.30668360905805e-05 0.061781618889697215 0.06846225218764461 
6.20042186685808e-05 0.061844942283958995 0.06852693326272633 
6.245441236331088e-05 0.06192036585150648 0.0686015429025767 
6.400906354897411e-05 0.062017746006410905 0.06868183003866175 
6.420592836645416e-05 0.062137076489461325 0.06876759369056899 
6.344872289071389e-05 0.06227835758237223 0.06885861590987234 
6.4145680463196e-05 0.06241641233391337 0.06896525594205088 
6.379327412091422e-05 0.06255670618208804 0.06908519265409802 
6.523980835958274e-05 0.0627025154759618 0.06921684055400493 
6.625145981576194e-05 0.06287022743317364 0.06935310704514291 
6.748382144652952e-05 0.06305974017059159 0.06949362317803537 
7.163887792207505e-05 0.06327080978186479 0.06963795606430503 
7.654411829919298e-05 0.06350365102958186 0.0697859211938478 
8.272614512850018e-05 0.06372399983393356 0.0699518616139366 
9.103049694988256e-05 0.06396601952909801 0.07012097226057128 
0.00010204850850554356 0.06419938928120664 0.0703058917374914 
0.00011666040593632268 0.0644542599515892 0.07049327817026628 
0.0001356001119174177 0.0647304950567769 0.07068261171053025 
0.00012898872531311905 0.0650015969840503 0.07090181045424507 
0.00010910685477831728 0.06527170162172581 0.07114110121164002 
8.562724379240511e-05 0.06554384453231779 0.0713962596542509 
6.396162896050243e-05 0.06581932919068786 0.07166523272608817 
4.628730670173031e-05 0.06609944200055125 0.07194513492575196 
3.383067919056365e-05 0.06638503787436884 0.07223432966995688 
2.7254782288369547e-05 0.06667672806343178 0.07253188496168676 
2.688315241714792e-05 0.0669749868865094 0.07283726654782462 
4.0815516591367646e-05 0.06728207840029723 0.07314402628999085 
6.89441442116019e-05 0.06759924000829748 0.07345187926392639 
0.0001112859874449976 0.0679270882377637 0.07376073829974716 
0.00016618186049905987 0.06826606357290757 0.07407127755485754 
0.00024825229609324136 0.06862347096400803 0.07437093302659044 
0.0003368365826358985 0.0689889743235856 0.07467811405227516 
0.0004515466333646131 0.0693749453806598 0.0749783763408735 
0.0005664064804038303 0.06976773126341002 0.07529201627342165 
0.000685575214308801 0.07016950242291578 0.07561458722599017 
0.0007639629652356301 0.07057506297749508 0.07598388922103567 
0.0008606806067426976 0.07100287904999078 0.07634042082069875 
0.0009751843453812235 0.07145361294195154 0.07668521120114317 
0.0011122638599148236 0.07192519295966074 0.07701924293331855 
0.0012725549816726995 0.07241721958511638 0.07734310785569878 
0.0014544027781095326 0.07293037947108444 0.07765719059883773 
0.0016534368632554269 0.07346655824583295 0.07796187237706345 
0.0018331295059115754 0.07400537070995816 0.07829141615553017 
0.00200690683319388 0.074550729497903 0.0786351781938867 
0.0021802047357424395 0.07510560593039511 0.07898746875612711 
0.0023721291351417213 0.0756817418608442 0.07932873283931777 
0.0025790706758648764 0.07628075800786682 0.07965928473079364 
0.0028037419495516064 0.07690293476378185 0.07998095271486366 
0.00304716562774202 0.07754711416640138 0.0802926157569379 
0.00330809121836812 0.07821325917108754 0.08059356467678015 
0.003536251194382665 0.07888076623752185 0.08096208503022986 
0.0037331649713460806 0.07956408894380435 0.0813396416514044 
0.003943080445855815 0.08026509233394605 0.08169627131340713 
0.004146914627356235 0.08096632745219283 0.0820140993095165 
0.004345030803098428 0.08166784393103887 0.08229316452069049 
0.004537792056161135 0.08236968604559411 0.08253348796687321 
0.004763689610378917 0.08312412714443942 0.08279014023941804 
0.005016030663532094 0.08391653817411865 0.08304740878592023 
0.005285455830974654 0.08474015525567377 0.08329807756667268 
0.005568778484993242 0.08559051353234838 0.08353721481289936 
0.005842859783612611 0.08644129585539968 0.0837376955240215 
0.006102639131646118 0.08729263896395954 0.08389988245440007 
0.006348834509240889 0.08814460789577873 0.0840238114749583 
0.006628150641476748 0.08905315132656211 0.08416558565945537 
0.006929740633469303 0.09000160684940495 0.08430806782352199 
0.007245057446007872 0.09098098636517676 0.0844419944350703 
0.0075501252734368075 0.09196095170963958 0.08453732726137937 
0.007846215765698038 0.09294152584345935 0.08459398399501958 
0.008134426112202263 0.09392273833785111 0.08461190525231044 
0.008450951404563135 0.0949537590264509 0.08463820020347301 
0.008758403752899274 0.09598545935695119 0.08462585679945953 
0.00905785621374738 0.09701785253526768 0.08457479555554626 
0.009383165649547954 0.09810179994103618 0.08453303605598847 
0.009699374479232761 0.09918642647997733 0.0844525494682424 
0.010005554108712095 0.10027177918340861 0.08433336844380188 
0.010298894984183463 0.10135796365647287 0.08417570171247771 
0.010517737548195173 0.10239364526091277 0.08413750217027452 
0.010731042272331267 0.10343021364888345 0.08405986973596927 
0.010942066107831902 0.1044675484427825 0.08394249281067175 
0.011152265657358953 0.10550557528829105 0.08378523336007708 
0.011361629494583261 0.10654427080069245 0.08358807999100903 
0.011567813293925411 0.10758371802187239 0.08335119832020592 
0.011770679893151437 0.10862389602822084 0.08307455684223491 
0.011973084124545376 0.10966460433377992 0.0827578759376752 
0.012131737701474535 0.11066795940155055 0.08251538450413345 
0.012288490429312932 0.11167208843222928 0.08223227544176857 
0.012441978002253294 0.11267703232844786 0.08190863301507245 
0.012597760950903664 0.11368235820619793 0.08154409188176212 
0.012732211610082325 0.11466234944992146 0.0812132958181499 
0.012869314088068184 0.11564274359171497 0.0808411747099534 
0.013003635183369628 0.11662393386442704 0.08042812429102322 
0.013119619366544353 0.11758701636022345 0.08002738968493137 
0.013241193393968474 0.11855017457970557 0.0795846703602488 
0.013367843717878563 0.1195133022314564 0.07910005123207034 
0.01348717788021288 0.12046272469099308 0.0786122027717288 
0.013652634787153457 0.12102297886710395 0.07829984847938697 
0.013790370840913623 0.12134956854160645 0.07815173918599465 
0.01390602968314918 0.12155155323429839 0.0780816850857128 
0.014003460125902818 0.12168352384723433 0.07804503818230393 
0.014085170559564217 0.12177284440184857 0.07801890989051774 
0.0141528518324045 0.1218333543076336 0.07799177130593636 
0.014206307119427402 0.12187114693417836 0.07795701391142956 
0.0142505241718743 0.1218978757819463 0.07789005722284603 
0.014278504921709326 0.12190394690721604 0.07782189938680656 
0.014288818831287717 0.12189734923197881 0.07775137543790622 
0.014280317272439016 0.12188371024333661 0.0776785746592923 
0.014252138394192718 0.1218657810843809 0.0776035765573206 
0.014203693095673424 0.12184494929300854 0.07752645995147321 
0.014139291757349997 0.12182912770854404 0.07744303119603549 
0.01405877712892262 0.12181849137636372 0.07735403857029154 
0.013962222100485628 0.12181317939066778 0.07725999572506725 
0.013848958947250372 0.1218130715545363 0.07716085934105314 
0.01371894284363287 0.1218181533406135 0.0770567728704451 
0.013573805440316087 0.12182872646484816 0.07694838564933208 
0.013416893444388782 0.12184473982099218 0.07683703106268089 
0.013250432936751337 0.12186592001418015 0.0767235865499519 
0.013075752598840105 0.12189191987484913 0.07660861969769545 
0.012893635310935826 0.12192248563449079 0.07649246842040651 
0.012693702208493259 0.121961034046491 0.07636911163890182 
0.012475533314642415 0.12200699023343348 0.07623874926063684 
0.012256440699151494 0.1220522676331621 0.07611254198161879 
0.012034439284026302 0.12209867905945541 0.07598845232191237 
0.0118081815481784 0.12214747283718798 0.07586508086953145 
0.011563656343111723 0.1222094973192458 0.07573076219068865 
0.011300005620909243 0.12228905146015559 0.07558359570325143 
0.011040821733625321 0.12236104183756133 0.07544593070210746 
0.010784865753124113 0.12243383349487957 0.0753118497617329 
0.01052582223204243 0.12250672634017115 0.07517967365522607 
0.010247366840594217 0.1225969559128126 0.07503312004061068 
0.009958099937280212 0.1227078962206466 0.07487231501828599 
0.009676596961723486 0.12281413439008255 0.07472083716921282 
0.009395941786898392 0.12291689271753996 0.07457345631605478 
0.00885275394832948 0.12293267020307211 0.07456831879225334 
0.008229561934991272 0.12284940844721483 0.07469974057061904 
0.007572042080191646 0.12269349170692943 0.07491786625575594 
0.006894298831666348 0.12249129546448576 0.07517780290760538 
0.006177695278160578 0.12226891704317433 0.07543184885799459 
0.005433526334443647 0.12202993982715107 0.0756741054047726 
0.004703874936063231 0.12179035072521939 0.07587494274593842 
0.003988244992103318 0.12155009565177918 0.07603472324059682 
0.00328624063961553 0.12130911105276568 0.07615377837600712 
0.002597471414862618 0.12106735177473879 0.07623243697760955 
0.0019214964412496462 0.12082480550759375 0.07627103515046826 
0.001333926341543971 0.12057167064622311 0.07638930673717526 
0.0008024867377904761 0.12031832083110752 0.07653855867769332 
0.0004753305287912386 0.1200671576432095 0.07687697156165035 
5.031043758185229e-05 0.11977600466026164 0.07725093514767854 
-0.0004340060505308996 0.11945670217929899 0.07763878816110414 
-0.0009593481363265868 0.11912166196334595 0.07801678408326518 
-0.0014009031653074537 0.11877579129646162 0.0785219465967423 
-0.0018566222513794368 0.11842034232013583 0.07900651646201476 
-0.0022991518051959934 0.1180627621453941 0.07946098329610467 
-0.0027310923009720737 0.11770379314106358 0.07987674831186047 
-0.0031529882340551683 0.11734348138185975 0.0802538386416187 
-0.003565047206922788 0.11698183626532671 0.08059232511773477 
-0.003974145531366777 0.11661989966865373 0.08089123078847887 
-0.004380049469044069 0.11625766256262113 0.08115064172619232 
-0.004850961831565869 0.11587176796528062 0.0814134704422779 
-0.0053946877024274335 0.11543491220566823 0.08169175065707986 
-0.005936936449984772 0.11498080425545051 0.08194424813706327 
-0.006473212630158528 0.11451669604811726 0.08216552731756793 
-0.0069745781440038205 0.1140414779225957 0.0824103971079845 
-0.0074549794633758165 0.11355975285540731 0.08264991919325353 
-0.007916978654159836 0.1130165698735105 0.08297757268718096 
-0.00837612705782704 0.11243896312114766 0.08333665790182336 
-0.008833052048196302 0.1118603146673407 0.0836624375606493 
-0.009282184479331127 0.11127998684771509 0.08395536842381703 
-0.009723605490516266 0.11069861137045266 0.08421066248311951 
-0.010163898200053312 0.11011713754679131 0.08442703336358248 
-0.01060305293605135 0.1095355403339735 0.08460446326607007 
-0.011040847728493338 0.10895376605278281 0.08474296388473931 
-0.011472097731328283 0.10837111333919142 0.08484359499831459 
-0.011899264639597775 0.10778794619199528 0.08490589164823228 
-0.01234449573106837 0.10719154447293974 0.08493863780580635 
-0.012769847836601504 0.1066300711897124 0.08498179460360991 
-0.013173431809317113 0.10609725801752543 0.08502425049323323 
-0.013567869211652107 0.10554431593462878 0.08511243305459149 
-0.013939785161073118 0.10501448208277123 0.08519142551293493 
-0.014294517006120736 0.10450881180686478 0.08525744217766892 
-0.014631966963924287 0.10402670416414153 0.08531004194928718 
-0.014951960962817593 0.10356805522493193 0.08534926967934905 
-0.01527337284497444 0.10310897173569378 0.08540437109958747 
-0.015574490063241313 0.1026730494362282 0.0854469456992816 
-0.015857575509956544 0.10226148764652657 0.0854773379927563 
-0.016122198660100718 0.10187521166156485 0.08549647216460886 
-0.016377158201826787 0.10148907449572744 0.08553105159567548 
-0.016609916980476817 0.10112709952695365 0.08555508320595571 
-0.016820096855641415 0.10078902676092708 0.08556880547771989 
-0.017011737638330904 0.10047659202630888 0.0855717609263282 
-0.017196743603458804 0.10017543884928731 0.08558130504531057 
-0.01736343262827784 0.0999006904731177 0.08558079644439806 
-0.01751207446774278 0.09965252499656349 0.08557034928264051 
-0.017651758530186093 0.09942009690076928 0.0855627056717295 
-0.01777301165220467 0.09921445827691536 0.08554542280404481 
-0.01787588602092142 0.09903561361092197 0.08551849287247809 
-0.017966418728551734 0.09887470998658551 0.08549161201518155 
-0.0180384152097626 0.09874032863364049 0.08545542154672892 
-0.018096623029677204 0.09862552093148483 0.08541727918248876 
-0.01813659129404518 0.09853694336010535 0.08536982802035577 
-0.01816256607763661 0.09846833056697755 0.085319514894058 
-0.018173699398907874 0.09842075658863486 0.08526493282888169 
-0.018169540350451242 0.09839119543602964 0.08520665772712334 
-0.01815072269602024 0.09837687179103952 0.08514641995930301 
-0.018118362457536907 0.09837326388621485 0.08508790728288274 
-0.018068925874786954 0.09837538959617445 0.08503442793701495 
-0.018000652858889372 0.09838332400800942 0.08498496137300862 
-0.017916295612958006 0.09839954422368431 0.08493717837710174 
-0.017819964482376868 0.09842520735711413 0.08489010166160689 
-0.01771359727042659 0.09845971820986849 0.08484392689589938 
-0.017591562894293124 0.0984984453632626 0.08480095488953544 
-0.017454063551761247 0.09855988794353507 0.08474633627568637 
-0.017301464510047607 0.09864339553057183 0.08467932423752292 
-0.017141579728991867 0.09872231097820326 0.0846199822849722 
-0.016973111459580963 0.09880055043549507 0.08456516240083131 
-0.016793426827863115 0.09888082170135554 0.08451186326039842 
-0.016599444318051132 0.09898150036283848 0.08444507902399989 
-0.016391704129271597 0.09910185621861259 0.08436402488281605 
-0.016170721024664873 0.09924125982483292 0.08426806930726795 
-0.015943855586589523 0.09936372836824517 0.08418444697927327 
-0.01570245891784337 0.09947132254031843 0.0841107696420901 
-0.015451008959830748 0.09957415452865553 0.08403927614304699 
-0.015182259142849108 0.09969220496146389 0.0839530236442955 
-0.01490089711146736 0.09982691952870076 0.08384994243175983 
-0.014607361538538019 0.09997762629405185 0.08372937387276198 
-0.01430326565252905 0.1001022051205531 0.08362349489647708 
-0.013993243365126935 0.10021171465431469 0.08352466148183814 
-0.013669094682013664 0.10030394785348519 0.08343310274732081 
-0.013332665777942228 0.10041069876218414 0.083323533462607 
-0.013056405625182082 0.10050761109315717 0.0832422405793162 
-0.012820133298536339 0.10059572858730889 0.0831787381594987 
-0.012610989641208896 0.10067431029875962 0.0831275679728482 
-0.012422583870480548 0.1007453017213891 0.08308368780148347 
-0.012251195423175282 0.10080973868437576 0.08304410930906704 
-0.01209756665792133 0.10087425184490731 0.08300279715085102 
-0.01196074572383744 0.10094006184924133 0.08295798321143087 
-0.011839613467012542 0.1010063161150154 0.08290967062554852 
-0.011732001254096566 0.10106722881623556 0.08286212425278561 
-0.011638465555750583 0.10112221831781515 0.08281582294600014 
-0.011559712474869595 0.10117175840219304 0.08277022668556545 
-0.011497837296403055 0.10122154579226209 0.08272019062752084 
-0.011452738271153822 0.10127141147563734 0.08266563014658967 
-0.011423247877351762 0.1013171202354065 0.08261004247999479 
-0.01140897812307521 0.10135592920111153 0.08255567788503004 
-0.011410292903504385 0.10138747493376929 0.08250270838056552 
-0.011428689960190102 0.10141592774033553 0.08244731108101254 
-0.01146477846440335 0.10144357848498323 0.08238727408972421 
-0.011506587719150441 0.10145293374075098 0.08233616924620368 
-0.011551270844597911 0.10143929155555624 0.08229826051537188 
-0.011598975437820045 0.10140415815764398 0.08227215034315383 
-0.011649488373993537 0.10134767959303514 0.08225753812934596 
-0.011704582174856417 0.10127558746407925 0.08224908599418751 
-0.01176692490847829 0.10119473442817331 0.0822405920540867 
-0.011819924586296993 0.10111015743965293 0.08222258965785903 
-0.011857758039689997 0.10101615607990631 0.08219894189633645 
-0.011878893592683907 0.100910896410719 0.08217094965867708 
-0.011884792288665832 0.10079548311203157 0.08213788034542041 
-0.011881537342473523 0.10067573587811335 0.082095688211084 
-0.011869249296286475 0.100551914458925 0.08204410385702048 
-0.011905644724362511 0.10039660992041448 0.08202455831834787 
-0.011972398645681349 0.10022631179109914 0.08201629324088552 
-0.012022303495243209 0.10006042687940454 0.08198795501014171 
-0.012055414000099384 0.09989896946900001 0.08193944755852776 
-0.01208080666336766 0.09971640121779571 0.08189767482638886 
-0.012144460692117904 0.09950392324381274 0.08188387505092144 
-0.012194037731976028 0.09927781690463 0.08186912693326827 
-0.012225927404595213 0.09903711593868987 0.0818534879819171 
-0.012240135602653662 0.0988012879423652 0.0818186389435441 
-0.012236654042949775 0.0985703323309671 0.08176424277063904 
-0.01227796563427619 0.0982993119836566 0.08174877129140966 
-0.012348200408247502 0.09802235024605252 0.08173687723529953 
-0.012403331718237015 0.09775236564228235 0.08170491990012692 
-0.012438872010827632 0.09745606902511085 0.08168557690223474 
-0.012456108210278248 0.09716496230077137 0.08164754799883384 
-0.012460918653576465 0.09685135065168532 0.08161799707251939 
-0.012456411430972208 0.09652686302996498 0.08158796793859024 
-0.012438848420598007 0.09621191025005563 0.0815382517824711 
-0.012403862460199786 0.09590413680437215 0.0814696517973231 
-0.01241148572877415 0.09557541638058818 0.08142340805673468 
-0.012433014038826403 0.09520844860198827 0.08140795700815562 
-0.01243805438353124 0.09485048913427206 0.08137365707501475 
-0.012429185569031224 0.09450289778798161 0.08131995688213176 
-0.012410211036407815 0.09413041286284814 0.08127928360746488 
-0.012376460088348017 0.09373792997736416 0.08124711538588139 
-0.012322124208915375 0.09335332849311362 0.08119791004112614 
-0.012248529508766273 0.09297752314859373 0.08113091472217333 
-0.012160535894894142 0.09261344247498861 0.08104501286496743 
-0.012093571289147391 0.09221636593116694 0.08098894837719464 
-0.012006788728166833 0.09182891954693648 0.08091573402919723 
-0.011924381486570473 0.09140581463028992 0.08087066153044434 
-0.011820600124429165 0.09099201725897821 0.08080902085875744 
-0.011700992887501873 0.090590669167116 0.08072962110813686 
-0.011595482441037993 0.09018929538010648 0.08065298312027952 
-0.011488428294190268 0.08976727100930341 0.08059180354010181 
-0.011375320025059005 0.08934645318942616 0.08052703137847367 
-0.011257874879296147 0.08892654396013594 0.08046056723778519 
-0.011137661466371076 0.08850762895631181 0.08039403129947184 
-0.011005446939789665 0.08806934137574517 0.08033831237730125 
-0.010867141444523548 0.08764171834502127 0.08027455195302728 
-0.010725260658626397 0.08722380596025542 0.0802050833155522 
-0.010579330229182664 0.08680965544988298 0.08013500870445348 
-0.010430503679113027 0.08639881225254252 0.08006532448883003 
-0.01028138465945385 0.08599591782518476 0.07999337573118676 
-0.010131936397431703 0.0856008974684569 0.07991952396787402 
-0.0099820551847946 0.08521359120093681 0.07984417570250316 
-0.009831760093053424 0.08483414827156084 0.07976752083808106 
-0.00968096054507133 0.08446257999001008 0.0796898122372392 
-0.009529491473787713 0.08409887825741276 0.07961127169144772 
-0.009377108844199207 0.0837430052808244 0.07953209009934348 
-0.009223526859303402 0.08339489571088388 0.07945243660852795 
-0.009068477160524651 0.08305446684693678 0.07937247386635808 
-0.00891121968393978 0.08272214592640281 0.07929320461645147 
-0.008751901084379288 0.08239763267320162 0.07921443228406547 
-0.00859059124622126 0.08208070619401178 0.0791361306528724 
-0.008425449048570734 0.08176661469805364 0.07906130359961358 
-0.008258072688047874 0.08145877747347624 0.07898775611602674 
-0.008088617621106103 0.08115798921021668 0.07891490733860283 
-0.007916910521998978 0.08086291911882612 0.07884377377303557 
-0.00774131477166491 0.0805703311878774 0.07877623745983683 
-0.007561826973234547 0.08028030222370805 0.07871216304425704 
-0.007379668107985864 0.07999594339287777 0.0786495232738993 
-0.007194923180634682 0.07971784974378981 0.07858784209874087 
-0.00700716242401532 0.07944524364989927 0.0785274963164562 
-0.006815117113813336 0.07917508112148598 0.07847024389437135 
-0.006618814130601546 0.07890732083925502 0.07841597497565161 
-0.006419241398649079 0.078644574958023 0.07836290970069758 
-0.006216350657066834 0.0783871580165702 0.07831063193213224 
-0.006009682403383761 0.07813413103571654 0.07825950412194131 
-0.005798165984566069 0.07788265956223651 0.07821105027355141 
-0.005581977440097991 0.07763270313601223 0.0781651345567509 
-0.005362159770829751 0.07738662748217234 0.0781201541988989 
-0.005138778844389246 0.0771447627371279 0.07807565499090648 
-0.004911354970353635 0.07690609922349993 0.07803194571864569 
-0.004678794273846067 0.07666790859040444 0.07799032445946917 
-0.0044411124083103375 0.07642994634574017 0.07795065394428172 
-0.004199209767820186 0.07619422322420873 0.07791149436150299 
-0.003953378532576538 0.07596139147745651 0.07787217988894213 
-0.0037032540470694373 0.07573039588399594 0.07783302428459365 
-0.003447598179719193 0.07549901804123382 0.07779565380007843 
-0.0031865522682433143 0.07526662430011874 0.07775984877192361 
-0.002920965473038815 0.0750347701596113 0.0777242524015335 
-0.002651324112702364 0.07480451818833 0.07768781975095553 
-0.002377227287240132 0.07457480977826905 0.07765071195022107 
-0.0020950205393679127 0.07434707202991288 0.07762031175309743 
-0.0018130158018078626 0.0741168019217821 0.0775983660373074 
-0.001530824587809277 0.07388584840328141 0.0775807354834813 
-0.0012484510116463118 0.07365600767226799 0.07756460698343574 
-0.0009653688328314872 0.07342699590212426 0.07754887102254282 
-0.0006806332015054069 0.0731968317371805 0.0775336173381332 
-0.0003937245147745908 0.07296415350015639 0.07751887739325423 
-0.00010493656480612627 0.0727296072958096 0.07750390078860678 
0.00018515180251841082 0.07249464175589439 0.07748765494521838 
0.000476486010252109 0.0722593385195759 0.0774697730469154 
0.0007696093510498308 0.07202202067397094 0.07745070052588664 
0.00106497549435751 0.0717810650308746 0.07743086927661084 
0.0013624060422822385 0.07153657923451591 0.07740994971597787 
0.0016609511594232176 0.0712896660467569 0.07738743102294693 
0.0019606086717873124 0.07104087385670271 0.07736267758395352 
0.0022619369038591667 0.07078897952734252 0.07733585616518848 
0.0025655173585861593 0.07053230664537895 0.07730736654935155 
0.002871331246707282 0.07027054882454549 0.07727707022553296 
0.0031788572012718176 0.07000482744492914 0.07724425316020739 
0.003487766466168789 0.06973596855849999 0.07720831491058053 
0.003798369426887196 0.06946320043880783 0.07716928612701593 
0.004111279781533268 0.0691848754533215 0.077127540119077 
0.004327171495270319 0.06903783331691499 0.07717733798814257 
0.004484833164014299 0.06896576574177739 0.07727195094859261 
0.00460503042866783 0.06893588784725477 0.07738449608808226 
0.00469888370519843 0.06892968515878069 0.07750089133491268 
0.004775100481059079 0.06894919234906274 0.07760216362616648 
0.004837329107216454 0.06898974518558267 0.07768394646807505 
0.004886842214129616 0.06904884235625872 0.07774394094274295 
0.004924651988867358 0.06912521354466089 0.07778093706077893 
0.004951320342390995 0.06921831320736595 0.07779438302147787 
0.004979241434093928 0.0693113985741522 0.07776841867041752 
0.0050081083926342244 0.0694044865267888 0.07770306093337606 
0.004977336941144241 0.06944766615782627 0.07765141085471004 
0.004949741091615714 0.06945145411069421 0.0776351417055686 
0.004923517954983605 0.06942738294882302 0.07763880102633137 
0.004897073917718699 0.0693830578207797 0.07765265857431375 
0.00486773075720046 0.06932578238403221 0.0776691989962401 
0.0048341670296314365 0.06925992663572293 0.07768386850799788 
0.004797630922499821 0.06918534404652396 0.07769562258198645 
0.004760600728965931 0.06909936076314863 0.07770553694329611 
0.004723712439768332 0.06900150524842434 0.07771374567301326 
0.004686305345863281 0.06889513674911635 0.07771923030731474 
0.004648459223762811 0.06878404764769104 0.07772123947109993 
0.004611025595227641 0.06866853558033344 0.0777200314400193 
0.004575719772908456 0.06854555574885975 0.07771703609718542 
0.004543375942458133 0.0684135492568028 0.07771304774397686 
0.004513353722639618 0.06827459190179141 0.07770735924886704 
0.004484665625106621 0.06813188777969736 0.07769874164514548 
0.004457461525943897 0.06798573093290668 0.07768710007446655 
0.004432820597648158 0.06783367126353113 0.07767347834050464 
0.004411591200238964 0.06767356686327286 0.07765884464869144 
0.0043933991001066 0.06750659550744847 0.07764282815145147 
0.004377327581379465 0.067335827374023 0.07762423423139667 
0.004363399386238456 0.06716212793536641 0.07760271111419129 
0.004352532038522877 0.06698379905459385 0.07757897073838531 
0.004345290009686355 0.06679820244803762 0.07755446851310327 
0.004341760139304728 0.06660590543215227 0.07752899705514352 
0.004341686555104329 0.06641072830864783 0.0775012014799071 
0.004345224314600127 0.06621404350791722 0.077470494549594 
0.004288666452164313 0.0661018945969605 0.07749195703647119 
0.004233670438032437 0.06597942067304113 0.07750041038779827 
0.004181566698392414 0.0658488346427636 0.07750088162513319 
0.004130649076324686 0.06571277787518286 0.0774945732661549 
0.004078525685525954 0.06557175515817762 0.07748231410528307 
0.004026029100710779 0.06542515193768601 0.07746568518734084 
0.003976396362692621 0.06527140656506643 0.07744762021213497 
0.003930551388665801 0.06510999304534072 0.0774288801290045 
0.003888247756841871 0.06494422225810166 0.07740893182701128 
0.0037976367925867684 0.06485507723398291 0.07742547676724755 
0.0037084188283787456 0.06476143743944404 0.07743248965053315 
0.003622687792806651 0.06466143945295791 0.07743417130349126 
0.003540723904460779 0.0645543420615736 0.07743259335122321 
0.0034601515837482124 0.0644407823183862 0.07742755663409115 
0.003380287155544122 0.0643223746247041 0.07741888213065895 
0.0033035565176247565 0.06420064356660457 0.07740755481951073 
0.0032323816425520084 0.0640745693864256 0.07739485066588092 
0.0031680184785793553 0.06394355137626087 0.0773815464213673 
0.0031280522331223097 0.06382003770653116 0.07735056135931304 
0.003111932353359321 0.06370483116993671 0.07730245622434517 
0.0030880813341550508 0.063582364788032 0.07726746637991536 
0.0030226731361443345 0.06352671113780559 0.07727188309687075 
0.002960756813157628 0.06346299987059047 0.0772775295156408 
0.0029007299266355043 0.06339196794249835 0.07728203231824389 
0.00283922137761771 0.06331501328147618 0.07728251825385557 
0.002776051839646781 0.06323227425860552 0.07727817030158785 
0.0027347160722487737 0.06315465502794552 0.07725315325113874 
0.00269306298708362 0.06306852544554474 0.077234997864258 
0.0026527900444756644 0.06297411031236139 0.07721965371682607 
0.002636143533363235 0.06288744815640816 0.0771868228727421 
0.0025782215062540117 0.06285832912442185 0.07718713694591026 
0.002518957259704684 0.06282268101260333 0.07718654892815402 
0.002462411579890776 0.06277906613595124 0.07718531905563479 
0.002429766916521724 0.06273889401430936 0.07716245558420576 
0.0023926354702542368 0.06269090785086108 0.07714618888153331 
0.002354701650578165 0.0626382966890537 0.07713164294988717 
0.0022879120231680365 0.0626308802906076 0.07713767559322003 
0.002244235910896234 0.06262662636727394 0.07712088799120005 
0.0021986540733384134 0.06261351488126998 0.07711113461105111 
0.002151996246002805 0.06259327756807276 0.07710283658260472 
0.0021083261201606997 0.06256944512879654 0.07709419642618395 
0.0020708054875080827 0.06254215822028593 0.07708492430411265 
0.0021039953872514063 0.06251797569210592 0.07709694944965184 
0.002146419604325134 0.0625374119664772 0.07714036882729872 
0.0022006829477451088 0.06258460659205403 0.07719691445375551 
0.0022620403276983 0.06265188556977432 0.07725288934060151 
0.0023326075414137437 0.06273386113949994 0.07730496157706448 
0.0024136267069160898 0.06282778261902296 0.07735242662354695 
0.0025057121158397434 0.06293171610431769 0.07739524721096286 
0.002609254635537075 0.06304463799745519 0.0774333811259399 
0.0027244866663195515 0.06316599492534362 0.07746678286983424 
0.0028515319557887004 0.06329547444892027 0.07749540198322549 
0.0029904577641848133 0.0634328985316524 0.07751917949499963 
0.003141352716534173 0.06357816742687047 0.07753799356353643 
0.003255880931988752 0.06369453120518524 0.07757451361923248 
0.0033473123836485034 0.06379377978811467 0.07762006811313676 
0.003449498685975493 0.06390246997657434 0.07765746593584492 
0.0035627315468099987 0.06401992690918018 0.07768808677128776 
0.0036510943953892185 0.06411884497150287 0.07772916801566808 
0.003750181979792622 0.06422669651423475 0.07776326024809152 
0.003860290421012587 0.06434300136686234 0.07779126007130623 
0.003944875224973957 0.0644403456631916 0.07783025008451508 
0.004040081160920139 0.06454643804516368 0.07786263902243565 
0.004146278106417067 0.06466086989651813 0.07788912971666613 
0.0042260958679420715 0.06475570640673484 0.07792719926675354 
0.004316558368611668 0.06485924479276017 0.07795870516955113 
0.004418031360530337 0.06497108898307867 0.07798432671095393 
0.004492876489889028 0.06506319531486461 0.07802174811103824 
0.004578371433868506 0.06516396274644086 0.07805263480894756 
0.0046749246838814155 0.065273004894052 0.07807764041682946 
0.00474504819479495 0.06536243613902402 0.07811445813854337 
0.004825974945859384 0.06546050323799005 0.07814476637574777 
0.004918160611521573 0.06556683918411148 0.0781691824011254 
0.004984264700365877 0.06565373567097849 0.07820539660225004 
0.005061355543640911 0.06574924054075869 0.07823511903008099 
0.005149875242541625 0.06585298496972393 0.07825894351603749 
0.005250140055404545 0.06596473566666439 0.07827718806905079 
0.005319859232505638 0.0660532405781733 0.07831025468328814 
0.0053705241118 0.06612828495487076 0.07835057184686327 
0.0054322949641184845 0.06621211021435966 0.07838399822443247 
0.005505766367444066 0.06630428045464001 0.07841126683263565 
0.005591352192320192 0.06640452549983562 0.07843277798634032 
0.005651741333618683 0.06648492421832161 0.07846657608015581 
0.005696791797933156 0.06655382479059686 0.07850695255048168 
0.005754930450617116 0.06663275957933258 0.07854027466089633 
0.005824999411310115 0.0667197835511941 0.07856766063619366 
0.005907478561615178 0.06681468867118022 0.0785893923762567 
0.0060026978365665925 0.06691733217073834 0.07860560984237569 
0.006070805846351594 0.06699740739130138 0.0786362584111408 
0.006122636832426415 0.0670642607911674 0.07867419988829873 
0.006164927548137024 0.06712384313365886 0.07871544533256972 
0.006219336838636205 0.06719188818903693 0.07875016343361683 
0.006286471454394854 0.06726803404677896 0.07877883981919294 
0.006339909213710216 0.06733194980739941 0.0788148107358546 
0.006406356036257916 0.06740429088144732 0.07884445204180124 
0.006460291108293427 0.06746527413883548 0.07888074595147798 
0.006506875740278827 0.06751936682265694 0.078920619860628 
0.006566307769135688 0.06758182803506452 0.07895406427835093 
0.00661658306994166 0.06763543679703064 0.07899246480971525 
0.006661394335259195 0.06768341114076072 0.07903358572204362 
0.006719102625731419 0.06773960807671081 0.07906827011785564 
0.006768609649329427 0.06778758478864005 0.0791074684659201 
0.006813146584454707 0.06783021343538427 0.07914917482361222 
0.006854846260685546 0.06786903494078281 0.0791923251241016 
0.006895056309023388 0.06790490008271909 0.0792363234547536 
0.0069345616221522 0.06793834970898219 0.07928078228053115 
0.006972658020017458 0.06796969748832249 0.07932562953423125 
0.007009074296365085 0.06799963331609468 0.07937072116404939 
0.0070436160184330346 0.06802871151255101 0.07941601002164797 
0.007076189924855604 0.06805712406652588 0.07946125593263945 
0.0071067892170846 0.0680849863267261 0.07950627659326834 
0.007135176475981426 0.06811239768216235 0.07955093342776834 
0.007161117068751968 0.06813923371496053 0.07959523590129006 
0.0071843737358708686 0.06816532557732402 0.07963928925796603 
0.0072047849691671845 0.06819055372740199 0.07968315651465965 
0.007222245273905265 0.06821482819919006 0.07972687728230027 
0.007236691851034915 0.06823807667750652 0.07977047871232304 
0.007248095189836363 0.06826023750084234 0.07981398171579261 
0.007256450944956986 0.06828125545055283 0.07985740436075911 
0.007261794338372106 0.06830109694248607 0.07990074979940598 
0.007264314356537405 0.06831983989732396 0.07994397885532006 
0.007264128006883769 0.06833753151637317 0.07998707387739859 
0.007261155850537663 0.0683540889129607 0.08003007005405177 
0.0072553776932008296 0.06836944380895565 0.08007298882837252 
0.007246814106443336 0.068383536603871 0.08011584535115121 
0.007235513693636812 0.0683963125669792 0.08015865268414073 
0.00722153987990219 0.06840772901699069 0.08020141819757079 
0.007204972400874413 0.06841771973107216 0.08024416508135475 
0.007185883053762236 0.06842623120699226 0.08028691055385105 
0.007164337253068389 0.0684332057257188 0.08032967539430527 
0.007140389797177067 0.0684385911020888 0.0803724775787222 
0.007114097567424672 0.06844230828412405 0.08041535168285746 
0.007085509089671609 0.06844429110843457 0.0804583251182865 
0.007070288129243325 0.06845302603542396 0.08049476054962029 
0.007069153872468516 0.06846818572262554 0.08052523926054105 
0.00706257470897658 0.0684758796137073 0.08056311556545308 
0.007051478563906498 0.06847830049034707 0.0806050745369332 
0.007036278485069315 0.06847670077879871 0.08064925912619962 
0.007017143856899719 0.06847178992682412 0.08069462422082121 
0.006994125317481847 0.0684639514696605 0.08074058950367467 
0.0069816939192797805 0.06846303213416675 0.08077763996985049 
0.006981626148259756 0.0684684347496248 0.080807521452548 
0.006972456480596014 0.06846469866637002 0.08084640151539484 
0.006953435185527722 0.06845420257119485 0.08089020717211202 
0.006923627786005496 0.0684380797909932 0.08093682417760151 
0.006883617261302594 0.06841733136039495 0.08098471215996952 
0.006852276693102179 0.06840109955795812 0.08102434360335602 
0.006832726684341351 0.06838992564064778 0.08105720673097702 
0.006803261794228541 0.0683713885833482 0.08109788267026152 
0.006762542617600478 0.06834616657986226 0.08114297748467253 
0.00670921437452566 0.06831449678413946 0.08119121513669966 
0.0066639040376549755 0.06828548502182087 0.08123236548689784 
0.006631158478236432 0.06826096447375259 0.08126727628448874 
0.006612932532124058 0.06824130331703476 0.08129668423130189 
0.006581839739604384 0.06821527050051986 0.08133808267495021 
0.006534101778841016 0.06818333277413935 0.08138846969869558 
0.006470703118651352 0.06814562780197767 0.08144556110250645 
0.006417761667846692 0.06810629637651518 0.0814920557243516 
0.006379704985955984 0.06806961539702625 0.0815302778233253 
0.006357092877870211 0.06803625047833149 0.08156214829577345 
0.0063484971969296426 0.06800510618192473 0.08158929141744799 
0.006313984877949161 0.06797006031246054 0.08163855962912508 
0.006259846975086102 0.06793021268619753 0.08170057629447314 
0.006219467745764965 0.06788534424579998 0.08174830778864614 
0.006195401099407371 0.067840804049699 0.08178597546881539 
0.0061877092390734325 0.06779821315423333 0.08181639477300572 
0.00615960327123476 0.06775113148381331 0.08186483033692651 
0.006142127343678524 0.06769986349321482 0.08190368524013768 
0.006136330618303083 0.06764687582583774 0.08193603425648285 
0.006112890301690964 0.06759094255157203 0.08198563789885693 
0.006104879147612947 0.06753479524197908 0.08202392378792503 
0.0061111618657994984 0.06747891899447092 0.08205488209504136 
0.006091170258000938 0.06741952566482075 0.08210921996805995 
0.006082439068198454 0.06735430616356138 0.08215166352035204 
0.006088762410703115 0.06728878381313928 0.08218542834224468 
0.006111759810730762 0.06722540110508314 0.08221250447221737 
0.006151578812151005 0.06716482143979792 0.08223424279860934 
0.006161344427728598 0.06710182669360817 0.08228639909579794 
0.006147380214017549 0.06703495445585995 0.08235726431698125 
0.006144402224823685 0.06695860022916883 0.08241130661249949 
0.006155337424133133 0.06687814118022173 0.0824520046987206 
0.006182726428488192 0.06679837018748602 0.0824831610112136 
0.006226637781783544 0.0667206877349813 0.08250735310020106 
0.006283538155907905 0.06664299335809415 0.08252715974685854 
0.006352555737457028 0.06656486756138676 0.08254373072096238 
0.00638715475505865 0.06648702438558114 0.0825969296556419 
0.00642076511929883 0.06639907636520351 0.08264298150679202 
0.006465771759396028 0.06630868673349205 0.08267714619832453 
0.006522320308586528 0.06621810191989748 0.08270328129686261 
0.006591413833031656 0.06612871771811742 0.08272341492195441 
0.006674815507871945 0.06604198677702067 0.08273835662777565 
0.006773733805861899 0.06595879605085692 0.082748485311365 
0.006841627596311419 0.06587502252615099 0.08279358413841623 
0.0068826391167773615 0.06578874616160535 0.08286120447706025 
0.006933458114452967 0.06569283527254517 0.08290992782524227 
0.006994538310230468 0.06559101255489494 0.08294309859827846 
0.00707670071131569 0.06548123448897218 0.08295342836563267 
0.0071708050102331725 0.065378219221565 0.08296085887323627 
0.007276419961574701 0.0652792626336401 0.08296546801936705 
0.007391928397422297 0.06518164385190936 0.0829678832612086 
0.007465310413206374 0.06508596600791922 0.08301413002821642 
0.00755110844717268 0.06498438508468275 0.08304189418959396 
0.007651549445473988 0.06488305532146965 0.08305674383637485 
0.00772648712743466 0.06478179162570841 0.08309768160924338 
0.007810831014001101 0.0646749452678397 0.08312177033477447 
0.007908744157392653 0.0645567940763852 0.08312706600327166 
0.00801705850118288 0.06444394466891358 0.08312818085422372 
0.008138620281097025 0.06433720468202768 0.08312441809301656 
0.008230374501883308 0.06423192787966578 0.08315318631113121 
0.00832968690292423 0.06412246907008516 0.08316757957413394 
0.008437350441831335 0.06401144683350647 0.083172659361126 
0.008554686681224603 0.06390073138114526 0.08317102210300086 
0.008644147449115236 0.06379264191606467 0.08319963910541599 
0.008745981797988321 0.06368392821545528 0.08321042435141304 
0.008857229849334665 0.0635745968985989 0.08321047907593451 
0.008977199147486774 0.06346502725268055 0.08320358410989012 
0.009108606359161641 0.06335793585510374 0.08319052566935739 
0.009209313371380276 0.06325388351932927 0.08321167602843196 
0.009288381168276483 0.06314986065659227 0.0832497630675325 
0.009377568631048551 0.06303527554206519 0.08326302491311224 
0.009477280691458069 0.0629092042052293 0.08325498367049147 
0.00958429146649358 0.06278852862687886 0.08324198285860722 
0.009702734182813214 0.06267518873119736 0.08322305645016184 
0.009833462808531267 0.06256867192368279 0.08319846530160416 
0.009974151056441609 0.06246589471337882 0.08316991440022212 
0.01006754861867961 0.06236748112148662 0.08319174895185023 
0.01017122517450067 0.06226110799343814 0.08319480744698222 
0.010286256735045612 0.06215490598295964 0.08318244584106851 
0.010414004084085673 0.06205237142700449 0.08315869408452065 
0.01051195790826489 0.06194428982067899 0.08317231143611847 
0.010604470574036523 0.06181338192486225 0.08319404664611184 
0.01069045329711277 0.0616681832554612 0.0832220007526439 
0.010769602804084883 0.06151353709142779 0.0832546846188985 
0.01083241939766104 0.06136044552534053 0.08328003259898623 
0.010883815481910482 0.061213003583047924 0.08329440811323413 
0.01092629263475345 0.06108066522706535 0.08328649793652987 
0.010958502550766035 0.06096308636062715 0.08325658507535398 
0.011007041992993198 0.0608291436782822 0.08324649787564835 
0.011062924006835815 0.060686923487763056 0.08324614060765538 
0.011121436652642742 0.06054103238080219 0.0832495785259353 
0.011180117537843653 0.060393974008202955 0.08325348707168792 
0.011226682601652629 0.060261741715847264 0.08323635351722025 
0.011257863545192398 0.06014320155426517 0.08319884502639782 
0.011291279380155013 0.06000332053137225 0.08318562565447223 
0.01132283726434685 0.05984987623802548 0.08318752103846952 
0.01135497384220266 0.05969295251585075 0.08319263405058455 
0.011386151634378698 0.05953491321042987 0.0831978261402869 
0.011404966574231465 0.05939158082361337 0.08318215817231023 
0.011431372946660582 0.05924927954456784 0.0831625832691125 
0.011452227118857336 0.059092293624197836 0.08315839273337518 
0.011470509081547448 0.058929470493530645 0.08315974414985683 
0.011476339511841986 0.058770381952822345 0.0831540887659476 
0.011471956711789256 0.058626421851850186 0.08312720989138583 
0.011481080441665221 0.058482390142077914 0.08309943593432986 
0.011487272548382879 0.05832297474190193 0.08308800479747397 
0.011490678571779022 0.058155627966274895 0.08308454766483195 
0.011491644072366263 0.057984843055431695 0.08308381697297684 
0.011495628238902418 0.057822491069086684 0.08307173313193855 
0.01150504069127581 0.05766604961558488 0.08305216595175907 
0.011507923891698739 0.05749887671720448 0.08304272092259278 
0.011505128008964341 0.05732518973238103 0.0830389327298194 
0.011505613888002537 0.057159441208594494 0.08302477726978211 
0.011513083804918566 0.05700064078188455 0.08300281311323793 
0.0115150101711162 0.056831853008500056 0.0829900231256423 
0.011510447390155268 0.0566556420679348 0.08298368861465921 
0.011493040916073578 0.05649362068823783 0.08295700256079183 
0.011489194981758051 0.05633468755432292 0.08292799663178434 
0.011483196671239074 0.05616427747831638 0.08291025696721974 
0.01147275525911529 0.05598588697323224 0.08289982557613679 
0.011455404295338313 0.05580003214853127 0.08289575077175233 
0.011439558253292488 0.055619427250923184 0.08288342453618744 
0.011430883582292457 0.0554453154667687 0.08286381756332345 
0.011431979299862756 0.05527753617259459 0.08283801085378575 
0.011427853941943985 0.0550983644307838 0.0828224029443097 
0.011415385354128914 0.054908755751572835 0.08281601221478133 
0.011394534472961244 0.05471071652453897 0.08281661700481487 
0.011375616350719611 0.054520284139502405 0.0828064186104394 
0.01134709978988107 0.054344682296057434 0.0827751062236753 
0.011334717311664879 0.05417245739556617 0.08274280482804086 
0.011316348722762631 0.05398375546106937 0.0827260655074304 
0.011289975575439475 0.053782274969864916 0.08272098483364082 
0.011267322375698158 0.05358636047295422 0.08270824303300163 
0.011253063349174426 0.05339719907395089 0.0826885155044114 
0.011235677517660891 0.05319959285733526 0.08267573800674821 
0.011211229080755478 0.05299378544444833 0.08266950709867815 
0.011187304669430069 0.052792212356958204 0.08265657216489312 
0.011169090483577561 0.05259559684901408 0.08263791913702773 
0.011160304350103938 0.052405156429192856 0.08261350294989758 
0.011147789475385595 0.05220439743300159 0.08259774716801536 
0.011127199231058307 0.05199380022419472 0.08259012952232604 
0.011106592778023118 0.05178769510518837 0.08257561202048967 
0.011090984036549767 0.051586349226768725 0.08255555603406295 
0.011071748746723602 0.05137614264658129 0.08254268233684123 
0.011048861399086127 0.051161559989957264 0.08253261978365842 
0.011026963970162637 0.05095362883231559 0.08251460365578692 
0.011007737691078255 0.050748549350568356 0.08249266713596039 
0.010995564665084195 0.05054779349843975 0.08246653597185774 
0.01097936072143343 0.05033652031210142 0.08244905593677229 
0.010958520719413646 0.05011931761267181 0.082435885303038 
0.010937961912227626 0.04990813211765637 0.08241542868078122 
0.010919940124826586 0.04969983282403894 0.0823912418857159 
0.010893984367979427 0.04947882755632893 0.08237761898627616 
0.01085752774913126 0.049273041774330686 0.08234395415728307 
0.010818411005828962 0.04905467366114871 0.08232197839481611 
0.010771814684088107 0.04882522270584252 0.08230957292644844 
0.010726407996545081 0.04859928695941147 0.08229324701441859 
0.010687242185542473 0.04837877389534914 0.08227235065438371 
0.010656758428832788 0.04816435115284568 0.08224677170493888 
0.010635599736932101 0.04795555344646179 0.08221705510975334 
0.010604585706795525 0.04773049100300593 0.08220098641864039 
0.010562592941925892 0.04749275769535591 0.08219531909101499 
0.010520757970682297 0.047261542831525116 0.08218154269078429 
0.010484255684426645 0.04703786477026663 0.0821606165980237 
0.01045488133151216 0.04682079448040355 0.08213413425452136 
0.010433706819378422 0.04660973918660247 0.0821030576433325 
0.010407482470508437 0.04638824804217298 0.08208013886627755 
0.010374573602102305 0.04616005287595647 0.08206208177758342 
0.010343572890372802 0.045941301301910376 0.08203507296719571 
0.010315459877903312 0.045727860952027605 0.08200331595202304 
0.01029049665179664 0.04551645146387334 0.0819699144159946 
0.010271133209706991 0.04530783539041533 0.08193475285640467 
0.010244019427523648 0.04508559071876518 0.08191062563076584 
0.010209479260010063 0.04485584016225523 0.08189216031601368 
0.010164952656374272 0.04461878079593816 0.08187904885189673 
0.010116723354588771 0.044387120443996425 0.08185916586368788 
0.010070457741233853 0.04416137170269725 0.08183385087710396 
0.010029848624240561 0.04394244805616884 0.0818033510766447 
0.009995994640109957 0.04372963311072463 0.08176869942027226 
0.009967641379028846 0.043519892699189114 0.08173244701999485 
0.009927186437979636 0.04329193820499484 0.08171099604735585 
0.009876457646670025 0.04305340736972103 0.081697787455632 
0.009825718226239823 0.0428239113635198 0.08167568996602462 
0.009778402916071106 0.04260226337337132 0.0816471364159656 
0.009735812029896856 0.04238669563559887 0.08161428032638919 
0.009697600652100055 0.0421745102869831 0.08157960561084912 
0.009648539907735046 0.04194699948362042 0.08155694080396965 
0.009590130832815017 0.041711215006041 0.08154032771944777 
0.009518984937118818 0.04149138671530732 0.081505573090184 
0.009456629192823297 0.04127571022781411 0.08146978887310707 
0.009401948470021973 0.04106384327373645 0.08143302101281101 
0.009353828234561446 0.040854773941454196 0.08139589545947218 
0.009295749842111177 0.04063149503668641 0.08136963005021573 
0.009239600679398809 0.04041328516409279 0.08133982370205659 
0.009187732324834271 0.04020031448150991 0.08130696298753237 
0.009127109555792007 0.039977550894235686 0.08128101189008648 
0.00906795551155581 0.03976076640113269 0.08125081904513608 
0.009011338607839259 0.03954834688792917 0.08121893040904762 
0.00895907971139193 0.039340212816393764 0.0811854733600571 
0.008897582844874208 0.03912166815994005 0.08115957419273323 
0.00883793704400508 0.03890947174811832 0.08112946021444783 
0.008781143007496656 0.038701577902027044 0.08109718089303274 
0.00871365263803745 0.03848258507202984 0.08107271358419306 
0.00864713433408235 0.03826903451502245 0.08104453273525922 
0.008583962717473395 0.03806067270086545 0.08101346079206204 
0.00852590042067116 0.037857249321712465 0.08098017944380662 
0.008473101913270716 0.03765801664643115 0.08094538442204444 
0.008409671284363384 0.03744678986513203 0.08091884895838662 
0.00834691976394736 0.037239444206712255 0.08089005563105808 
0.00828704717414322 0.03703598987959893 0.08085953586894003 
0.008217836896600873 0.03682393370877218 0.08083441968474563 
0.008150401564923292 0.0366180236935649 0.08080541277493224 
0.008085427598275869 0.03641601013778723 0.08077467153020647 
0.008023691441465013 0.036216921565188756 0.08074319817432743 
0.007966432634267839 0.03602135353237926 0.08071071740565727 
0.007899472480310808 0.0358160716574281 0.0806842496468432 
0.007833932243186846 0.035615637401601 0.0806550094447837 
0.007770559653569234 0.035418261604310664 0.0806247379053935 
0.007710559853577038 0.03522391881211706 0.08059369225605509 
0.007640453180812784 0.035020022415663835 0.08056834845238608 
0.007571748536290986 0.03482111824317442 0.08054010255616702 
0.0075053244864270955 0.03462562617148568 0.08051053452904866 
0.0074420321709579105 0.03443304069695347 0.08048024141218393 
0.007382777209434993 0.034243738874117684 0.08044906461097734 
0.007313192986938883 0.03404464672439236 0.08042349928398773 
0.007244357604449748 0.03384937343998855 0.08039588950922089 
0.007177267011721911 0.033656633495478615 0.08036757041572748 
0.007113303668661925 0.033466850703278435 0.08033844245297402 
0.00703923117779277 0.03326834487572524 0.08031389895298752 
0.006966172543000509 0.033074011658294045 0.08028704828203778 
0.006894738591108339 0.032882122487875934 0.08025950199114718 
0.006825847096142898 0.03269246167541128 0.08023159937393726 
0.006760563619739015 0.03250582202129459 0.08020284983936753 
0.006699086487558578 0.032322895720881935 0.08017355449090177 
0.006626437619680842 0.032129971813155946 0.08014996448274095 
0.006553508006392707 0.03193931121844997 0.08012558994739254 
0.006481759010759154 0.03175038922042613 0.08010108099270141 
0.006413131363318295 0.03156470953669897 0.0800754694433039 
0.006348421998487223 0.03138287052049115 0.0800483573572696 
0.006287089474061287 0.03120371105046165 0.08002059081844386 
0.006213256085275585 0.031012239366074612 0.07999953151175285 
0.006138335117457521 0.030822012483376293 0.07997794384085385 
0.006064830556164479 0.030634235126004855 0.07995537472191491 
0.005994495314629717 0.030450299621144587 0.07993101043951541 
0.0059275749269721715 0.03026994913877616 0.07990511637482205 
0.005848617393882462 0.03007865891329229 0.07988460694615691 
0.005768148466545108 0.029887776914349483 0.0798641143496867 
0.0056884060945419385 0.029698238189365504 0.07984333284928194 
0.005611552490126759 0.029512231337822784 0.0798208500681986 
0.005537765993407297 0.029329528201354017 0.07979688488917301 
0.005466312032684476 0.029147735124971312 0.07977334605223162 
0.005396066639803144 0.028964894180752133 0.07975160345002053 
0.005327984232764612 0.028782406598354182 0.07973064540220519 
0.005249446955457782 0.028591292007491602 0.07971292012964278 
0.0051717523781677315 0.028404421223295784 0.07969236999000137 
0.005094522460849335 0.02821907665656518 0.07967122933819432 
0.005017580203657378 0.028033539787385278 0.07965087524716348 
0.004941998452040561 0.02784871107181918 0.07963074343801808 
0.004869104556657998 0.027666483632468444 0.07960950899619829 
0.004798938771134766 0.02748695158290368 0.07958709572031991 
0.004730419361748931 0.027308306429653734 0.07956477945977444 
0.004662676890232876 0.027128923111216265 0.07954371629462603 
0.004596171303210979 0.02694941303077221 0.07952347742642975 
0.004517901966149024 0.026759857156667337 0.07950696407699233 
0.004439168943943493 0.026573401358856698 0.07948809842560331 
0.004360225980334687 0.026388240696035646 0.07946849730676937 
0.004280916068527453 0.02620364087687454 0.07944972209125575 
0.004202091973324613 0.02601976135345195 0.07943137785344356 
0.004124644675728711 0.025837486843871993 0.07941266588619457 
0.004048747156993401 0.02565689987124159 0.07939341218534379 
0.0039738307486481515 0.025476956779478664 0.07937427562146483 
0.0038993723129917258 0.025296672542107636 0.0793559063149856 
0.003825525031525189 0.02511623872467062 0.07933814133317516 
0.003752839531404552 0.024936658321547754 0.07932024905181748 
0.003681479457166042 0.02475839554141488 0.07930187261970566 
0.0035973970886831567 0.024569679950220503 0.07928699566194171 
0.003510765583693382 0.024381151012312717 0.07927158355385777 
0.0034226787007270855 0.02419238161363617 0.07925627520370274 
0.0033346569785741974 0.024004757686546196 0.07924026007233578 
0.003247486451986818 0.023819161199818736 0.07922297510600054 
0.003160641316534986 0.02363454438921525 0.0792051529142046 
0.0030731489589991144 0.02344907813956064 0.079188060218569 
0.0029848597682139203 0.023262307411506304 0.07917201279884793 
0.0028965821715519697 0.023075565743821247 0.07915608051404088 
0.0028089864999845037 0.022890176098329322 0.07913932414656888 
0.0027217021457884285 0.02270574748977909 0.07912197938361228 
0.0026337243169422256 0.022520674516314225 0.07910512440666045 
0.0025445766093631665 0.022334130673376876 0.07908930877003217 
0.0024551810635642128 0.02214676395736416 0.07907423871520511 
0.0023660833874672013 0.021960100012905666 0.07905877476748854 
0.002277096169115189 0.021774309056395533 0.07904272721558574 
0.002187317973084626 0.021588120501672782 0.07902691325648349 
0.0020960927837496805 0.02140048140152484 0.07901202100265434 
0.0020036591845026853 0.021211856153028057 0.07899771065877653 
0.0019106807266726627 0.021023579669675427 0.07898304115995566 
0.0018172729181413433 0.020836143516334414 0.07896763328751873 
0.0017223894050674904 0.020649025604938205 0.07895271586310482 
0.0016254738616674619 0.020460847345136104 0.07893880704487806 
0.0015266296104191708 0.020271520778649285 0.07892572672143783 
0.0014265129627476433 0.020082126521433243 0.07891259606806698 
0.0013254803834119103 0.019893413172856117 0.07889880304133345 
0.0012230979451155893 0.019704797696452364 0.07888465670950313 
0.0011186162581641752 0.01951506498058471 0.07887091061726434 
0.0010117956200157187 0.019323828826492896 0.07885777546166618 
0.0009030590688927 0.01913191994071843 0.07884464958753704 
0.0007928185987155015 0.018940261989732747 0.07883086420651467 
0.0006808419886657688 0.018748678356915682 0.07881648196205669 
0.0005664390941646944 0.018556100942176697 0.07880216369676327 
0.00044920481141177537 0.018361868523197655 0.0787883060550884 
0.0003293815838868808 0.01816647548334723 0.07877453845215326 
0.00020740852669817646 0.017970870465217774 0.07876017999688797 
8.324136606607021e-05 0.017775221278430627 0.07874505504316663 
-4.371282448171077e-05 0.017578682874153907 0.07872965311520916 
-0.0001739877437102813 0.017380414501919378 0.07871446643795346 
-0.0003075441277498427 0.017180552728314855 0.07869935121789996 
-0.0004439734385697832 0.01697995138784327 0.0786836914848967 
-0.0005831428937373099 0.016779054135397917 0.07866712972822823 
-0.0007254795768822011 0.016577311380689803 0.07864994742225713 
-0.0008715647490816613 0.01637383102016008 0.07863264713082362 
-0.0010215618063765365 0.016168419144244127 0.07861528134819647 
-0.0011751798595103198 0.015961726060415897 0.07859735618417196 
-0.0013321929932376035 0.015754355999143356 0.07857840098081464 
-0.0014924112440908585 0.01554573983901164 0.07855888800650679 
-0.0016565542131982665 0.015335194439279165 0.07853908996131924 
-0.0018254561430335482 0.015122804779524157 0.07851977116627865 
-0.0019987795356079235 0.014908867264734005 0.07850024874771222 
-0.0021761525661046412 0.01469399105047238 0.07847981390740477 
-0.002357627068493467 0.014478179830374728 0.07845822934082076 
-0.0025436703721228365 0.014260724239959596 0.07843575609216343 
-0.0027346905381884536 0.014040987137726474 0.07841264389766922 
-0.002930670661637851 0.013819082914254266 0.07838869600027518 
-0.0031313432155706342 0.013595626185872782 0.07836341359178566 
-0.0033366674182669174 0.013370887709123182 0.07833650655192483 
-0.0035470186103993074 0.013144401369647216 0.07830813008291805 
-0.003762873661642294 0.012915478559877451 0.0782785722027354 
-0.003985271722942808 0.012686999256968631 0.07825216808475527 
-0.0042128309964073315 0.012458595426451592 0.07822679119366308 
-0.0044402908845495945 0.012228037840677712 0.07820390121065623 
-0.004668921206795338 0.011995788429651426 0.07818190287863683 
-0.004899758159326041 0.011761526705489425 0.07816017054807484 
-0.005133295808109606 0.011525280185006453 0.07813821051923259 
-0.005369515092732781 0.011287747575670554 0.07811535470596913 
-0.0056083519991777745 0.011049593637420342 0.07809104624904743 
-0.0058500987426966695 0.010810699816554838 0.07806517802798126 
-0.00609529772630963 0.010570338683726088 0.07803797857867413 
-0.006344299668798543 0.010328050436843088 0.07800955601308573 
-0.006597056066914516 0.010084142359352448 0.07797964306032938 
-0.006853392112736328 0.009839218811222301 0.0779478267601271 
-0.007113420887958073 0.009593360979300782 0.07791395077448 
-0.007377586815402792 0.009345970561072704 0.07787818760282961 
-0.007646305644699674 0.00909644668850354 0.07784070711600251 
-0.007919661973911923 0.008844928815862844 0.07780256994618318 
-0.008197454786140717 0.008591939080919743 0.07776288527459227 
-0.008479664199486266 0.008337740598847974 0.07772110707954104 
-0.0087666112264345 0.00808195061486005 0.07767711602364481 
-0.009058718015455502 0.007823952209961217 0.07763096945785745 
-0.009356167638431563 0.007563574960575449 0.07758255450612708 
-0.009658877325720017 0.00730120534636991 0.07753152076587277 
-0.009966803980346148 0.00703721321365184 0.07747753155069627 
-0.010280196267442414 0.0067714183742307935 0.07742049743695693 
-0.010464200524797967 0.006628153841961637 0.07746267514276156 
-0.010572552875476288 0.006553469039077775 0.07755196169403893 
-0.010634294551765181 0.0065164288932704414 0.07765908234108472 
-0.010664453963502563 0.006499871134215372 0.07776861995248482 
-0.010673386882452769 0.00650572036735992 0.077861801578043 
-0.010665661745460596 0.006529598799710483 0.07793409425122136 
-0.010643560961082831 0.00656919690762519 0.07798310757040178 
-0.010608339694400126 0.0066233332563482294 0.0780075748529944 
-0.010560628927094199 0.006691500917810837 0.07800690007742195 
-0.010513623549920342 0.006759759544829443 0.07796681243474862 
-0.01042358505586732 0.006779774288033669 0.07793013196141663 
-0.010345093508549112 0.006772138718790462 0.07792059335429091 
-0.01027589792929729 0.006746847894959031 0.07792723490769293 
-0.010214467276522875 0.0067099711688744165 0.07794311024751138 
-0.010158992387521833 0.0066669317300806635 0.07796312855771095 
-0.01010837390109779 0.006621307723732511 0.07798400054967214 
-0.010063044388499658 0.006573323371012463 0.07800457021418652 
-0.010024241862616289 0.0065211383948336615 0.078025046499413 
-0.00999248390061486 0.006463907330146734 0.07804548318569851 
-0.00996699556786064 0.00640316992521682 0.07806501249004316 
-0.00994670037161905 0.006341139171731597 0.07808251863948071 
-0.009931505628758733 0.0062781594217385245 0.07809775710719878 
-0.009922344040359278 0.006212469631486098 0.07811147320957833 
-0.009920002097792398 0.0061424743531518985 0.07812437063103214 
-0.009924206967110246 0.0060686947971072824 0.07813619468328133 
-0.009934049647178802 0.005993074363163507 0.07814601885829507 
-0.009949157731494332 0.005916592135637097 0.07815333832756549 
-0.00997015763605981 0.005838136429047548 0.07815862013736205 
-0.009997896595753649 0.005755946623713558 0.0781626687891417 
-0.010032419022214212 0.005669785427478424 0.07816561634420181 
-0.0100193899570907 0.005625209943581629 0.07819435538126342 
-0.009973216146539156 0.005603567366031195 0.07823203266571768 
-0.009904838622661147 0.005594160549782477 0.078272035013137 
-0.009838265594362117 0.005576914494738572 0.0783045678147149 
-0.009775057344753847 0.005552745028769582 0.07833189954291271 
-0.009715869228853917 0.005524577221640993 0.07835516694145075 
-0.009661115994551361 0.005494299889180522 0.07837482813829452 
-0.00961153949399364 0.005461971796140393 0.07839159856116598 
-0.009568113133054421 0.00542650676165287 0.07840639856487573 
-0.009531445915244956 0.005387584650231869 0.07841994331688712 
-0.009501192895092936 0.005346042288267273 0.07843185200624542 
-0.009476843144539181 0.005303125319544563 0.07844152874202483 
-0.009458507704824046 0.005258930352903625 0.07844886958814956 
-0.00944662402898103 0.005212208600607289 0.07845443174439805 
-0.009441220102062291 0.005161691489292984 0.07845885015498076 
-0.009441878928972542 0.005107503072979323 0.07846208632468066 
-0.00948425945560084 0.0050557884004320056 0.07847757260933476 
-0.009508346008563364 0.005044459434180484 0.07852287220033115 
-0.009523742953538384 0.005054964490499719 0.07858438519140079 
-0.009535706044853948 0.005077256197616432 0.07865453399456997 
-0.009546822509434392 0.005106181703079665 0.07872842106373797 
-0.009555473063645532 0.0051389615137701974 0.07880126731476006 
-0.009563322376612091 0.0051746498994877516 0.07887200412237352 
-0.00957950558368835 0.005222326531673933 0.07893459520801854 
-0.009604409431768195 0.00528147641175717 0.07898986628127529 
-0.009638345646982207 0.005351273547358974 0.07903889437264444 
-0.0096816207421495 0.005431268891964748 0.07908229403976559 
-0.009734483375853862 0.0055212068426281555 0.07912041864749944 
-0.009768690967604453 0.005591540364847485 0.07916752874675957 
-0.009790924154814609 0.0056506771755239354 0.07921859469363854 
-0.009805448291483453 0.005703776502105996 0.07927101737728875 
-0.009828289904199459 0.005767051777323513 0.07931730581826635 
-0.00986009155889136 0.005840211191934758 0.07935810367886775 
-0.009901270324588343 0.0059230620680794585 0.07939379524588962 
-0.009952106102613567 0.006015471633710259 0.07942460947112825 
-0.009986110301013512 0.006090466388799981 0.07946318417967628 
-0.010009806815367355 0.0061561734240432875 0.0795050373558634 
-0.010027341676123135 0.006217042973114484 0.07954809086879225 
-0.010041297327780883 0.006275598611439455 0.07959126078214666 
-0.010064279433172578 0.0063438787848884015 0.07962901831474686 
-0.0100967712760523 0.006421677036232948 0.07966180120847943 
-0.010139090819100971 0.006508844710521794 0.07968987160354252 
-0.010168919299206299 0.006583506172666807 0.07972363995373635 
-0.010191162820768618 0.006651199514849396 0.07976011172803235 
-0.01020893744717731 0.006715124005899735 0.07979767424922501 
-0.010224212969290835 0.006777116521238621 0.07983547605133472 
-0.010248971971969754 0.006848515322300887 0.07986817637563541 
-0.010283660542961398 0.0069291404063915735 0.07989616074718761 
-0.01031008764167482 0.007001029854880429 0.0799281383447292 
-0.010346341890557019 0.007082101319849439 0.07995527938130752 
-0.010374110330899083 0.007154339291744111 0.07998655542424876 
-0.010396922177556396 0.007221504338437726 0.08001985897183983 
-0.010429644211097908 0.007297880688925937 0.08004821204688398 
-0.010472767370685351 0.0073832951610644584 0.08007195915236201 
-0.010505970629603354 0.007457697151303358 0.08010091257529411 
-0.010533382664602641 0.007525673660925748 0.08013254236562856 
-0.010570947625072522 0.007602695845948512 0.08015925503750043 
-0.010619143690738578 0.007688598792860699 0.0801813786725172 
-0.0106569316454246 0.007762581237388842 0.08020912628363991 
-0.010688771845620868 0.007829608248277532 0.08023975478989193 
-0.010731037628349059 0.007905634346828151 0.08026537422828717 
-0.01078422869336163 0.007990502955750121 0.08028630998778057 
-0.010827176397251104 0.00806324401366379 0.08031293264488815 
-0.0108644321233058 0.008128945125811825 0.08034242661373031 
-0.010912337091327464 0.008203569998276955 0.08036683369032788 
-0.010971394386252966 0.008286958190969577 0.08038647181314881 
-0.011041948711140722 0.008379003743126744 0.08040150286261111 
-0.011099089455812165 0.008455169493747763 0.0804241080676716 
-0.011148829467832955 0.0085222247453864 0.08045053793498207 
-0.011195005073972523 0.008584129128304578 0.08047871026972055 
-0.011252233633630707 0.008654944512847353 0.0805015714259066 
-0.011321033214116656 0.008734502264262742 0.08051945766793718 
-0.011382187640823006 0.008803749056826855 0.08054208702190252 
-0.011439787280361697 0.008867233351596095 0.080566904124619 
-0.011508846141647325 0.008939533329046595 0.08058641017208443 
-0.011573850772196973 0.009005110004711728 0.0806087564885963 
-0.011637662269205096 0.00906705665344349 0.08063221215138919 
-0.011702457782408495 0.009127014956402064 0.0806559485701909 
-0.011769434137432686 0.009186105036905846 0.08067932677072942 
-0.011838217424303804 0.009245186235248108 0.08070198571268361 
-0.011908221137999088 0.009305057696618844 0.08072370553344714 
-0.011978699474391057 0.009365397621989374 0.08074455992884977 
-0.01204854345373887 0.009425510540302794 0.08076489632415351 
-0.012116831690448027 0.009484903013234743 0.08078493230490791 
-0.012182940927294163 0.009543217529248492 0.0808048126930215 
-0.012246407149441904 0.009600182788310138 0.08082464148437869 
-0.012306885665579885 0.009655588233342567 0.08084449659313414 
-0.012364126314756146 0.009709267922459214 0.08086443851254448 
-0.01243280416154639 0.009771375415384496 0.08087836358469497 
-0.012496440334234828 0.009828753074672222 0.08089599912877005 
-0.012555488777406663 0.00988244168270385 0.08091571114160488 
-0.012625094477353604 0.009944492615030318 0.08092832651213942 
-0.012706334653632285 0.010014716595475308 0.08093482972957504 
-0.01278182783049127 0.0100762433503064 0.08095046167755898 
-0.012852431390671434 0.010131781411598845 0.08097103826674282 
-0.012918475021902713 0.01018289695677873 0.0809941987311355 
-0.012991255343843076 0.010242614559707292 0.08100689745006562 
-0.013058412803108689 0.010295184916685532 0.08102611203714362 
-0.013131252684200253 0.010354465173617496 0.08103597340150502 
-0.013190934142424653 0.010404694610826458 0.08105525808097458 
-0.013255508777914747 0.010458967812611596 0.08106552655912756 
-0.013327296301883375 0.0105176138024441 0.08106903821561454 
-0.013379959842800417 0.010569163154342927 0.08108894850106592 
-0.013418343718779589 0.010613707494570128 0.08111653763360914 
-0.013463764164131448 0.010659067350056332 0.08113182961931324 
-0.01351795403629695 0.010707263549834499 0.08113852707985371 
-0.013553362299261379 0.010749447710392275 0.08115992364927363 
-0.013599359733840157 0.010793997485323198 0.08117014189702236 
-0.013626798780595781 0.010832172822595298 0.08119321321283242 
-0.013663754522089743 0.010870149128420138 0.08120523262007945 
-0.013711755900835015 0.01091076725660374 0.08120929722298706 
-0.013773399096952993 0.01095702530966193 0.081206661040403 
-0.013818048463641987 0.010997926274815127 0.08122071030798364 
-0.013845638983131608 0.011032442681446444 0.08124476393101608 
-0.013882217273603187 0.011063979638099589 0.08125697481580102 
-0.013929003846600715 0.011095794645498286 0.08126109150264019 
-0.01396006814371422 0.0111231373961658 0.08127715828471263 
-0.014005541125512208 0.011153729271444111 0.08128276362589602 
-0.01406409865703232 0.011187485362307119 0.08128121363387855 
-0.01409949536373438 0.011215064085979255 0.08129745316053585 
-0.014146561185773864 0.01124033001683921 0.08130382614421539 
-0.01417722656646943 0.01126038325829374 0.08132033164985145 
-0.014224180951284261 0.01128255773202895 0.08132615988440453 
-0.014286848668983724 0.011308542869307874 0.08132431939455814 
-0.014363819324325731 0.011337968038411458 0.0813169138573965 
-0.014420743827497386 0.011361435068590067 0.08132542432605898 
-0.014462396267807227 0.01137846038448926 0.08134256523589158 
-0.014518237751445943 0.011393158479696727 0.08134915045657393 
-0.014590040583423078 0.011410479918909464 0.08134769871782674 
-0.014678541924702512 0.011432688719459412 0.08133972586743399 
-0.014753247191488853 0.011449301941522307 0.08134303367904153 
-0.014812134919199887 0.011459284819828087 0.08135594659810608 
-0.014858150529005146 0.011462634740223833 0.08137595239903585 
-0.014918314351652993 0.01146210628517072 0.08138534543984806 
-0.01499609541846069 0.011464901246522989 0.08138606213767076 
-0.015091078502717606 0.011472384823975203 0.08138006510338365 
-0.01520202718669591 0.011484171985418595 0.08136882757335738 
-0.01528884052456635 0.011490308387051347 0.08137808271724944 
-0.01535852970536238 0.01149044159417699 0.08139978073655148 
-0.015443459955580878 0.011485459528034425 0.0814085038627971 
-0.015552939716075909 0.011476124113335096 0.08139558445608347 
-0.015654122847597488 0.011464419582317295 0.08139314890488895 
-0.01574230326746934 0.011447043234684602 0.08139760177091036 
-0.015841108333689017 0.011430288100071288 0.0813970259266024 
-0.01595134326863209 0.01141467801213393 0.08139243721718109 
-0.01603996717063985 0.011394427768609515 0.08140490303448122 
-0.016121109119379286 0.011369622948186602 0.08141920542895159 
-0.01621984553964005 0.011347026249387056 0.08142346863855249 
-0.0163335111499396 0.011326109548369323 0.08142103485997855 
-0.016460904895685875 0.011306780050946943 0.08141366384694873 
-0.016566351926311215 0.011282764698708751 0.08142596852982688 
-0.016666666307869886 0.011239349466993627 0.08145053339875376 
-0.016766137924228784 0.011180818348594003 0.08148174501660305 
-0.016863778265234525 0.011111535556203894 0.08151802784687223 
-0.01695972790985121 0.011034877316928267 0.08155727941439878 
-0.017054306637425146 0.010953102487948195 0.0815977813116169 
-0.017147300824209274 0.010866995048536679 0.08163898604003081 
-0.017238167607996378 0.010776370691057822 0.08168120852702626 
-0.017326712138403096 0.010681126763905563 0.08172463023510426 
-0.017417794930888183 0.010592470049493284 0.08175485017878291 
-0.017507145987831832 0.010496379337184912 0.08179006869937624 
-0.017584949440799216 0.010412037470427342 0.08180197443342271 
-0.017646537842414073 0.010322235142178199 0.08181275158394226 
-0.017717619035213503 0.01021979881166258 0.08183883953603377 
-0.017792118667917953 0.010107815471856546 0.08187474665925613 
-0.017867300930676955 0.009988849866220305 0.08191638712068289 
-0.017946874103321523 0.009876542542162144 0.08194562818023683 
-0.018025442407380406 0.00975637389514953 0.08198109013108763 
-0.018091966940989315 0.00964793026278056 0.08199356796094309 
-0.018161268428160165 0.009526182706884469 0.08202031475644796 
-0.018230251079725243 0.009394625511034586 0.0820563853665102 
-0.01829761519823305 0.00925580058342814 0.08209820631084801 
-0.01835270357329056 0.009128817732103056 0.0821173845616581 
-0.018412018872679473 0.008991756854857584 0.0821471675913191 
-0.018479124055259862 0.0088607280193602 0.08216718118762394 
-0.018543885561960165 0.008717726058325742 0.08219853580284116 
-0.01860510106488457 0.008565385272548 0.08223785611814832 
-0.018668766902802555 0.008419541284242833 0.08226493915983507 
-0.018721752187314887 0.00828608521656219 0.08226882828770159 
-0.01877786604854427 0.008138857171134384 0.08228864348631032 
-0.018832680894874606 0.007980904024952488 0.08231947214634078 
-0.018883437809107114 0.007813242498815862 0.08235910242612544 
-0.018930267914318375 0.007638605633185962 0.08240394505415106 
-0.01897925064191122 0.007472193586414218 0.0824348190840569 
-0.019017450028773523 0.007318371801129514 0.08244271522399177 
-0.019072460700550912 0.007170146126326986 0.08244791491789334 
-0.01912540572380969 0.007005097621182704 0.08247068677804587 
-0.019174381845433266 0.006827820358854472 0.08250540667158236 
-0.01922022978780856 0.006643684697537386 0.08254575967746026 
-0.019269059089228123 0.006469013591330529 0.08257221564268097 
-0.019324798098478854 0.006303164571937012 0.08258823591555531 
-0.019388807964129444 0.006144194138569821 0.0825966396921832 
-0.019448076152628814 0.005970015549042668 0.08262000964411217 
-0.019502439396294386 0.005785693536789392 0.08265269620472934 
-0.019553063553146472 0.005596099294959092 0.08268960524946407 
-0.01959287993781234 0.005419919024044435 0.08270432297094263 
-0.019622077688026464 0.005256980221076464 0.08269658658665967 
-0.0196559948121097 0.005078985144744072 0.08270700617902424 
-0.01968902263326527 0.004889632202338484 0.08272970675527618 
-0.01972649670648561 0.004705693951317688 0.08274442602567395 
-0.019772677087577854 0.004529391158761345 0.08275164800393331 
-0.01981802250130733 0.004344179476782679 0.08276795492337703 
-0.019860193895870983 0.004152704178363192 0.08278982707399667 
-0.019903249129316323 0.003967828988757166 0.08280183522194197 
-0.019951052896802924 0.003788934022920014 0.0828065593973482 
-0.019995867120564385 0.0035996992462994995 0.08282150154075282 
-0.020038353273405946 0.0034057439133898734 0.08284060802821784 
-0.020082395088282037 0.0032210533821588755 0.08284806973672154 
-0.020130547883384232 0.00304289752627325 0.08284780278263185 
-0.0201736602167747 0.0028525681471784914 0.08285928983124605 
-0.02021266176703159 0.002655750760239703 0.08287649110410034 
-0.020253185850160102 0.0024687278136189816 0.0828813391161629 
-0.020282226359998535 0.0022951008066777606 0.08286453577879159 
-0.02031091215650189 0.0021078395972335545 0.08286287837683058 
-0.020336211609497876 0.0019110630699718384 0.08287094282553943 
-0.020364592463036322 0.0017210352367673515 0.08287091116842087 
-0.020399905038360047 0.001538683105749214 0.08286385610564762 
-0.02043270217245752 0.0013471769532521632 0.08286573366786804 
-0.020461404642470586 0.0011496191678885964 0.08287289805873202 
-0.020490866944153443 0.0009593923315489028 0.08287070515492224 
-0.020524868650597466 0.0007758272407458189 0.08286161351665078 
-0.020555241149782164 0.0005825144131076099 0.0828617699688011 
-0.02058206207083814 0.0003842887492462449 0.08286608887690691 
-0.020610034871180564 0.00019494065950823036 0.08286012724427634 
-0.020642082789443 1.2409409256966542e-05 0.08284721682917554 
-0.020681356083441335 -0.00016284584112538636 0.0828282961202231 
-0.020717405506025348 -0.00034960191421536113 0.08282057202808382 
-0.02074888694209667 -0.0005437044340890484 0.08281954131212338 
-0.020763737215901586 -0.0007405703342241582 0.08281672647766428 
-0.02076360284133616 -0.0009248267331290194 0.08279415820059004 
-0.02077894901505476 -0.0011033733141929264 0.08276968338000598 
-0.02079621086039055 -0.001291594386174988 0.08275589044013329 
-0.02081069369451882 -0.0014872436551187501 0.08274923026586023 
-0.020826656536682604 -0.0016775340021990964 0.0827361972026435 
-0.02084754577637927 -0.0018622752225580103 0.0827182043793219 
-0.02086524848581918 -0.00205616681081483 0.08270860413015516 
-0.02087993388689267 -0.002254022840507769 0.08270217891488066 
-0.020896067770518088 -0.0024432834461979996 0.08268695242147471 
-0.020915690306392457 -0.002626985332627285 0.08266650502026682 
-0.02094193930313421 -0.0028043726907642785 0.0826413508297425 
-0.020964770877508157 -0.0029927513807089245 0.08262625520809076 
-0.020983165950454602 -0.0031876450783347027 0.08261664379122477 
-0.020994351618211796 -0.0033893610717822403 0.082612198314735 
-0.021003400752426606 -0.003584624480181514 0.08259912683637702 
-0.021016209571311895 -0.0037720192956045423 0.08257878965923042 
-0.02103613754735748 -0.003950875533468637 0.08255200598672238 
-0.02105238249521897 -0.004140276892957109 0.08253446485891472 
-0.021060975026286375 -0.004340174183321818 0.0825255972105431 
-0.02106078902619322 -0.00454948418203531 0.08252400537308986 
-0.021046159418967085 -0.0047457718375154695 0.08250302644073773 
-0.02104181105150085 -0.004934727476039236 0.08247755384413763 
-0.02104759452058444 -0.0051163864584019 0.08244790938538482 
-0.02104786664509533 -0.005313103870021277 0.08243141308170754 
-0.021040410916446924 -0.0055221559437948625 0.08242510937284592 
-0.021032812821075587 -0.005725517085878387 0.08241161466147494 
-0.021030774638275077 -0.005920244669832486 0.08239092862883149 
-0.021026060586263304 -0.006122444525808443 0.08237606892324033 
-0.02102419441897535 -0.006317006758381927 0.08235446626767476 
-0.021013937765745054 -0.006525730851924844 0.08234419520286332 
-0.021004475104657354 -0.006728970374028115 0.08232784478455296 
-0.02100114888540761 -0.006923761280139579 0.08230497503899625 
-0.020995133495237822 -0.007126635425420552 0.08228830251148911 
-0.020985745869961367 -0.007333311621355684 0.0822737825976825 
-0.020978295699985435 -0.007529949494101268 0.08225041591749456 
-0.020975186913616564 -0.007719005718702446 0.08222114724583043 
-0.020978993367741 -0.00790028096090778 0.08218662684419573 
-0.020977218872447634 -0.008093358409870507 0.08216093942669891 
-0.020976434467405835 -0.008283357019775131 0.08213203097020393 
-0.02096627719851386 -0.008490092470961219 0.0821162013790252 
-0.0209496028320246 -0.008704249891901578 0.08210568451706696 
-0.02092002344410072 -0.008904480379987229 0.0820759130876695 
-0.020900838729248986 -0.009098412121895383 0.08204391530565085 
-0.02088962041340127 -0.00928936756781612 0.08201155209628551 
-0.02087153283561434 -0.009497652725633368 0.08199311843931775 
-0.02084699333178333 -0.009716101503550512 0.08198200748246126 
-0.02082442134118569 -0.009926069320085495 0.08196287451698257 
-0.020806815956991954 -0.010128110346579663 0.08193755361389825 
-0.02079514483524103 -0.010324106890462093 0.08190813634569544 
-0.020776298463781172 -0.010534708901668563 0.08188940144340343 
-0.020759094404485798 -0.010740630186606814 0.08186616674382934 
-0.020735271074969912 -0.010958227002693388 0.08185105004254276 
-0.020713858281785465 -0.011167670273389635 0.08182871584315349 
-0.02069724984111338 -0.011370060610785465 0.08180112215110447 
-0.02067386037676972 -0.011584984331847431 0.08178215547983739 
-0.020651618486806682 -0.011795143842152606 0.08175865830435056 
-0.020633450043115762 -0.012000574632000216 0.08173176127422195 
-0.02060948623252943 -0.012217802285470147 0.08171288804275162 
-0.020579177548585646 -0.012442371021867293 0.08169811628401066 
-0.020548408778569567 -0.012660900424785557 0.08167727069111583 
-0.0205200043136513 -0.012875038348834675 0.08165285577693633 
-0.02049692570048548 -0.013083567610012461 0.08162484315174401 
-0.020480849410116804 -0.013285670590723414 0.08159311233850255 
-0.020458546491216527 -0.01350129845420188 0.081570550193759 
-0.02042727981539708 -0.013729184704173655 0.08155591355210912 
-0.020394059831825524 -0.01395332853302185 0.08153659598309318 
-0.02036386388538651 -0.014171550423417986 0.08151264652068875 
-0.020339232809956094 -0.014382992390834667 0.08148429350606542 
-0.0203086546566493 -0.014605819910746248 0.08146307507658562 
-0.020278384572422828 -0.014825053278267386 0.08143861092776257 
-0.020238267766424445 -0.015060176862433494 0.08142470254649117 
-0.020198750287934525 -0.01528888089162371 0.08140489129152936 
-0.020163208803892448 -0.015510412661943501 0.08137990018343405 
-0.020133011652048727 -0.01572539213131882 0.08135083301248827 
-0.02009422428743363 -0.015955676245033676 0.08133162235366503 
-0.020055086562435286 -0.016183409655618763 0.08130981615271346 
-0.020019541274534997 -0.016406199683258488 0.08128481127276818 
-0.019978728228040286 -0.01663771478357909 0.08126445765622534 
-0.019940004785152537 -0.016861398997338448 0.08123823132776538 
-0.019903500922200956 -0.01708167910266635 0.08120997936549448 
-0.0198699916140569 -0.017300361455828472 0.08118147539701381 
-0.019828614337305785 -0.017533048494626974 0.081161548135015 
-0.019780373551203483 -0.017771152497393444 0.0811442530825047 
-0.01973187892542639 -0.018001311693048527 0.0811207369648333 
-0.0196845192871561 -0.018227163537342578 0.08109444695550973 
-0.019639879976769723 -0.01844975133375222 0.08106668703528974 
-0.019599994608357544 -0.018667514040692543 0.0810367366652932 
-0.0195658641496054 -0.018879603092840744 0.08100420016786734 
-0.019537713292551433 -0.019086909451715983 0.08096999586785014 
-0.01950035678619386 -0.01931036595857527 0.08094574621790954 
-0.01945252652158441 -0.019546602622635578 0.0809288094628669 
-0.019402872043195504 -0.019778176510451995 0.08090743278878337 
-0.019355569752939568 -0.020002882748750977 0.0808813952693886 
-0.019311946710963583 -0.020221373925084676 0.08085181187612137 
-0.019272002549800174 -0.020435671941633024 0.08082045279044078 
-0.01923506017175743 -0.020648624318736722 0.08078952970868389 
-0.019202124609516293 -0.020859335164663068 0.08075864291644591 
-0.01916124900306064 -0.02108275593167193 0.08073476748446745 
-0.019112194796019215 -0.021313115273479774 0.08071358639982304 
-0.019061406046600015 -0.02153857954235855 0.08068845599776749 
-0.019010723023008574 -0.02176135796786817 0.08066190449229396 
-0.018962528224514226 -0.021980193807758258 0.08063366343911428 
-0.018918432770000295 -0.022193584079159667 0.08060301364101002 
-0.018878713683996125 -0.022401771978419305 0.08057027646184896 
-0.018842407824052974 -0.022607333734333296 0.08053731803158602 
-0.018795368082877108 -0.022829094173982184 0.08051340579396932 
-0.018747819624545282 -0.023047677000309935 0.08048749025594308 
-0.018702535493184756 -0.0232612539674642 0.080459059040705 
-0.01866063665475324 -0.023469487022742125 0.08042824685097759 
-0.01860938080059688 -0.02368908835032839 0.0804027995932875 
-0.018556902834938077 -0.02390672985363039 0.0803763410749169 
-0.018504988216634512 -0.024122759884310674 0.08034974472370082 
-0.018456100223620545 -0.024334212629342947 0.08032134951174662 
-0.018410805578255997 -0.024540824311909626 0.08029113486648913 
-0.018355970938008285 -0.024758724901932996 0.08026594374249321 
-0.01829945498360084 -0.02497528405995343 0.08024113941086801 
-0.018243242218818068 -0.025190534452014718 0.08021695667159524 
-0.01819005001064345 -0.025400814668078087 0.08019100745757571 
-0.018140114457380396 -0.02560638448461211 0.08016345215189918 
-0.018093012819995934 -0.02580863049172602 0.08013522539736873 
-0.01803386171192015 -0.026027070829047483 0.08011520205786518 
-0.017973086359816277 -0.026244366624039006 0.08009469582742594 
-0.017914092315352417 -0.02645676400317218 0.0800717854812778 
-0.017857559646200734 -0.026664455077871407 0.08004686610345743 
-0.017803523405123103 -0.026868293412663224 0.08002064771857248 
-0.017750451833568093 -0.027072387433097728 0.07999597128783495 
-0.017698940371356674 -0.027276158116711344 0.07997253228577199 
-0.017650702542975884 -0.02747592125408381 0.07994788182754084 
-0.017593676205201615 -0.027683819701504117 0.07992543267017599 
-0.017536955427978663 -0.027886605078421167 0.07990003816589608 
-0.01748197449665637 -0.028084958089844667 0.07987276261726649 
-0.017428368815990563 -0.028280964770875716 0.07984512348836453 
-0.017377153780077904 -0.02847308611621152 0.07981616213627243 
-0.01732778522982964 -0.02866277696321265 0.07978684676811605 
-0.01727903516965726 -0.02885317717215359 0.07975927483050385 
-0.01723092801739743 -0.02904475243292723 0.07973379292403607 
-0.01718472433621972 -0.029234844200342835 0.07970865688697276 
-0.01714112713366898 -0.029421610175700663 0.07968262174754834 
-0.017099723949272238 -0.029605683730239557 0.07965607259091473 
-0.01704648909903026 -0.029803933189482462 0.07963523876620943 
-0.016990831635982247 -0.03000288888673168 0.07961505356543194 
-0.016934900384048678 -0.030200734492828493 0.07959475889401738 
-0.016880311467360173 -0.030395151596607328 0.07957300440448074 
-0.016827218069633134 -0.030586337788497536 0.07954997738918335 
-0.016774601437019122 -0.03077713788788 0.07952758716574435 
-0.016721935621698596 -0.03096942448776699 0.07950711802273634 
-0.016670174845378617 -0.031161394801566294 0.07948742035052715 
-0.01661998168295185 -0.03135017689923596 0.07946737696862347 
-0.016571341299352754 -0.0315359441880643 0.07944670087392494 
-0.01652326906971156 -0.031721087032325956 0.07942671889621669 
-0.016475059798545997 -0.0319075420345704 0.07940857604407392 
-0.01642740816568174 -0.03209390970669343 0.07939128999068534 
-0.01636919119076064 -0.03229023629498147 0.07937629046429746 
-0.01631002957800199 -0.03248315250292326 0.07935893333923466 
-0.016249936726271078 -0.03267523987511001 0.07934124568811862 
-0.016188972451082608 -0.03286806838238966 0.07932443040072298 
-0.01612791890359761 -0.03306073538063177 0.07930797250196624 
-0.016067646343417164 -0.033251421475637866 0.07929067916413216 
-0.016008177359893863 -0.033439951524751 0.0792723874611016 
-0.015948733623231088 -0.03362814627715327 0.0792542417438063 
-0.015888729795963126 -0.03381762164826051 0.07923728353446882 
-0.015828469609215606 -0.03400788660228371 0.07922119616254167 
-0.01576869326185987 -0.03419711636366948 0.07920477213559045 
-0.015709580528589076 -0.03438455702353754 0.07918746041176186 
-0.015650459889720802 -0.03457151169842375 0.0791700325813163 
-0.015590564444063072 -0.03475973851025964 0.07915357076252476 
-0.0155298659498849 -0.03494934368529555 0.07913810820260542 
-0.015468965871815284 -0.03513879962114003 0.0791226246482121 
-0.015408227134752886 -0.035326982095261694 0.0791063485819807 
-0.015347687248417632 -0.03551480313366186 0.07909003433737523 
-0.01528647994131903 -0.03570384311527214 0.07907457623688602 
-0.0152243027068612 -0.035894615085391435 0.07906022682544736 
-0.015161533567784869 -0.03608594820175219 0.07904616801523887 
-0.015098539927096402 -0.03627653239424539 0.07903148050673585 
-0.015035057406566636 -0.036466605324864024 0.07901623060691484 
-0.014970399540529387 -0.03665766501515347 0.07900131227111004 
-0.014904210493307302 -0.036850630377303795 0.07898727949584719 
-0.014836799656969633 -0.03704478114606112 0.07897365207065636 
-0.014768248960764742 -0.03723838751780463 0.07896012322579303 
-0.014698725492087861 -0.037431355408280145 0.07894622067794084 
-0.014627744803033568 -0.03762496558655029 0.0789324863033117 
-0.014554851820490138 -0.037820433709923315 0.07891951784743466 
-0.014480156679064994 -0.038017558869021 0.07890708057720927 
-0.01440411618757955 -0.038215140079655416 0.07889433699597843 
-0.01432688654596366 -0.03841258718231676 0.0788808408313763 
-0.014248070478132993 -0.03861070005743114 0.07886702440970572 
-0.014167148060955974 -0.03881069713326213 0.07885359284150809 
-0.01408402808850508 -0.03901276703072866 0.07884061098262009 
-0.013999031477749373 -0.03921594998261599 0.07882741667883357 
-0.013912354463087381 -0.039419444194311745 0.07881343050692761 
-0.013823701519695487 -0.03962366966562235 0.07879882971573053 
-0.013732543416344415 -0.03982978505448115 0.07878426483600631 
-0.0136386634251159 -0.04003830791433641 0.07877000801508326 
-0.013542308577381586 -0.040248567890153644 0.07875560018316792 
-0.013443767007365687 -0.04045963710485374 0.07874040658031528 
-0.01334290234300917 -0.04067154546791307 0.07872436052276902 
-0.013239211048838406 -0.040885283448647086 0.07870797753230122 
-0.013132314988905464 -0.04110163551711256 0.07869165521659918 
-0.013022278382214664 -0.04132031246220122 0.07867514625489659 
-0.012909378318590552 -0.041540426277239556 0.07865784025020875 
-0.01279363575044416 -0.04176167209479982 0.07863947425323509 
-0.012674684791381337 -0.041984746484876406 0.07862038659052609 
-0.012552117886597037 -0.04221052702020679 0.07860102459544505 
-0.012425858284428961 -0.0424390680219594 0.07858133872238257 
-0.012296594890217612 -0.042669916238336894 0.0785612188012759 
-0.012164208810962383 -0.0429024467744725 0.0785400928222938 
-0.01202830803611983 -0.043136996196938115 0.0785179992851044 
-0.011887905462157086 -0.043373994394255475 0.07849596557381462 
-0.011743044603576431 -0.04361386671211216 0.07847377355333479 
-0.011593996890074853 -0.04385615804775371 0.07845085570975749 
-0.011440977603318154 -0.04410028595240062 0.07842665050408079 
-0.01128385329268522 -0.044346385525108806 0.07840104969205182 
-0.011122225911679844 -0.044595233953396374 0.07837433880434899 
-0.010955803412491937 -0.044847391535562844 0.07834669795137846 
-0.010784599172971223 -0.045102632568681814 0.07831787192070341 
-0.010608766147917604 -0.04536034564147022 0.07828739092727253 
-0.010427067870676546 -0.04561757317814491 0.07825937724039994 
-0.01024041975912046 -0.04587551341376707 0.07823228839068867 
-0.01005386956511692 -0.04613665884323252 0.07820810776141693 
-0.00986625907886447 -0.046400493963555944 0.0781851654927064 
-0.009677047873853279 -0.04666622209431914 0.07816223792472485 
-0.00948591839544494 -0.04693320775781741 0.07813850753170884 
-0.009292493571899874 -0.04720148023160728 0.07811366648023334 
-0.009096353343549043 -0.04747155657704219 0.0780877502629648 
-0.008897229247374225 -0.04774375771026024 0.07806075942015411 
-0.008695075883355734 -0.04801783777305775 0.07803245142545584 
-0.008489545018976412 -0.04829265229961195 0.07800232128682467 
-0.008280414950212702 -0.04856808199970168 0.07797021081156444 
-0.008067301105969496 -0.048844521731371965 0.07793620500357494 
-0.007849849742942653 -0.04912238254916551 0.07790039723394082 
-0.007627899116131598 -0.0494015870358358 0.0778626561143635 
-0.007401413952414368 -0.04968168211114404 0.07782267634993872 
-0.007170786166611558 -0.04996270088420762 0.07778064388415304 
-0.006934968185663358 -0.050244380655506585 0.0777371288195235 
-0.00669376392217555 -0.05052722239290253 0.07769179075271533 
-0.006447041793841085 -0.050811352756203604 0.07764430515792908 
-0.00619476997616014 -0.05109646326984145 0.07759425398635088 
-0.005936870308297846 -0.051382278145602214 0.07754128557214628 
-0.0056731055351061845 -0.051668966282455875 0.07748526839961939 
-0.0054031549156265055 -0.051957000461893124 0.07742621520761442 
-0.005234594846987566 -0.05211595766829237 0.07745548551419959 
-0.00512857308797 -0.052198112374678085 0.0775281134172127 
-0.00506232903312203 -0.052235235297267424 0.07761703774858286 
-0.0050231032852308816 -0.05224566282409658 0.07770759799597726 
-0.005001707048669374 -0.05223040133808603 0.07778220291491944 
-0.004994189667621174 -0.052194467303710704 0.07783629405865666 
-0.004998789726382504 -0.05214043765995949 0.07786752906600981 
-0.005002341829659715 -0.052086461907237466 0.07785940927256117 
-0.005004817579591233 -0.05203254775143082 0.07781192272844614 
-0.0050451394221040155 -0.052012446318842706 0.07775996403130891 
-0.005075870392214997 -0.05201136471471829 0.07773608771831088 
-0.005099181298193046 -0.05202367148888051 0.07772770043504894 
-0.005116401318716917 -0.05204625361534883 0.07772696202443895 
-0.005130929957308496 -0.05207711942540476 0.07772836826476946 
-0.005142082392882489 -0.05211291828417486 0.07772944302789739 
-0.005148310686321844 -0.052152132724908054 0.07772929459179476 
-0.005148185043448525 -0.05219535157819881 0.07772793000560368 
-0.0051761055554891185 -0.05220454274162149 0.07774314747495228 
-0.005200645991865579 -0.052220200930808966 0.07775320280332948 
-0.005220757744971961 -0.052239657455272426 0.07775891423925599 
-0.005235839254006849 -0.05226149290217964 0.07776077091563055 
-0.005245282806115367 -0.0522861920755401 0.07775960319619614 
-0.0052482636319213915 -0.05231508765762487 0.07775622237730723 
-0.005278730208538267 -0.052313669208186794 0.07776714194263279 
-0.0053056859551401415 -0.05231817772164128 0.07777290565855502 
-0.005328067600194474 -0.052326928242014195 0.07777444465814798 
-0.005345230839710511 -0.05233907574763651 0.07777230502494131 
-0.005356545800900064 -0.052354986553491356 0.077767157547446 
-0.005361540680027374 -0.052375408469590864 0.07775963613660179 
-0.005360163270543214 -0.05240035714639932 0.07774994206145432 
-0.005387577760828796 -0.05239373406886989 0.07775427081856667 
-0.005411953548762453 -0.05239265605696411 0.07775306984638504 
-0.005431843410381432 -0.05239659989441921 0.07774778970748222 
-0.0054464709599217455 -0.05240520038039191 0.07773921183130704 
-0.005455495655896668 -0.05241804657250301 0.077727690646512 
-0.005458787840528162 -0.05243482503252292 0.07771339954869627 
-0.005456266489605262 -0.05245548684940163 0.07769650267271373 
-0.005400850877366836 -0.052480122766581025 0.07770094891487633 
-0.005344522407898832 -0.052467441531973524 0.07773774528105934 
-0.005285090889048227 -0.052434913494864024 0.07779216412537729 
-0.005222117414731487 -0.05239169391802111 0.07785553878454857 
-0.0051597958289911865 -0.05234239085905221 0.07792031175520929 
-0.005087560454986576 -0.052280798096587464 0.0779785983675 
-0.005005048195242343 -0.05220789958799206 0.07802931672285648 
-0.004912151689479751 -0.052124330487238385 0.07807287702544122 
-0.004808832981733067 -0.05203097591510307 0.07811004869595917 
-0.004694978261086491 -0.05192833008259287 0.07814124933852366 
-0.004570457555103079 -0.05181667820387688 0.07816669667125818 
-0.004435148532772448 -0.05169619189996623 0.0781864930219532 
-0.00428888230271019 -0.051566978529650406 0.07820058637214261 
-0.004131613562032831 -0.05142911445233753 0.07820903789123884 
-0.003963375239191439 -0.05128268299312998 0.07821190429983028 
-0.0037841530449949073 -0.05112776514753041 0.07820912484583238 
-0.003655058478701692 -0.05101145013309516 0.0782316190120397 
-0.003556900459592914 -0.050917275785715616 0.0782666948584735 
-0.0034781776096609405 -0.05083569420486317 0.07830733163796952 
-0.0033897302659166148 -0.050743599857232785 0.078337391111475 
-0.0032911649373041467 -0.05064151911663885 0.0783590362698538 
-0.0031821714919793454 -0.05053010744393632 0.07837358508875307 
-0.0030624602526278626 -0.0504097671868603 0.0783817716656727 
-0.002931790659335182 -0.05028075949928165 0.07838399738380422 
-0.002839352015605848 -0.05018018898795627 0.07840467917122265 
-0.002770597625624373 -0.05009588308868354 0.07843445030069925 
-0.0026916040926533444 -0.05000173568135015 0.07845594230079427 
-0.0026018790077774155 -0.049898363672357865 0.07847042040585056 
-0.002501025261446124 -0.04978615043118771 0.0784785921027793 
-0.002388749765504068 -0.049665351047622874 0.07848084948853065 
-0.0022648330672492955 -0.04953614739261343 0.07847740140544131 
-0.0021800380425240056 -0.04943635250019676 0.07849366776104075 
-0.0021195251579644303 -0.049353511328960514 0.0785196656408117 
-0.0020482750438632832 -0.04926117332095148 0.07853770731036352 
-0.0019656824679765966 -0.04915990627531146 0.07854894137684176 
-0.0018712833960401656 -0.04905006760787556 0.07855400693096012 
-0.0017647428582497487 -0.04893189904537673 0.07855325453759902 
-0.0016917800349218418 -0.04883928415753622 0.07856941898820657 
-0.0016395248470337 -0.04876130467063863 0.07859382917933824 
-0.001575919587240399 -0.04867429221331161 0.078611187615451 
-0.0015002808840203496 -0.048578710292391136 0.07862227030709562 
-0.0014120484611858317 -0.04847480448828413 0.07862748444096924 
-0.001349006760619954 -0.048390891559506446 0.0786455208627938 
-0.0012728625468654007 -0.0482976032292176 0.07865694834275552 
-0.0012164364059189412 -0.04822028035308212 0.0786783721259948 
-0.001147936066080507 -0.048134533321854245 0.07869354784085253 
-0.0010667034699248295 -0.04804068914697404 0.07870290487983542 
-0.0010058382104891055 -0.04796385044428163 0.07872302929204031 
-0.0009567731182492786 -0.047897081957191584 0.07874920348466025 
-0.0008937596429139391 -0.04782072956448513 0.07876863390538043 
-0.000817714322763629 -0.04773642982404552 0.07878224089003229 
-0.0007282298972204103 -0.04764438882964073 0.07879023531530602 
-0.0006610981368320367 -0.047571991050050666 0.07881063179877246 
-0.0006074891095386396 -0.04751180447635875 0.07883844447570484 
-0.0005626407799170646 -0.04745999390376224 0.07887119395783702 
-0.0005227160673300915 -0.04741344224965416 0.07890653284887943 
-0.00048478342099256017 -0.047369777312967765 0.07894261698779904 
-0.0004341318214474421 -0.04731803897205286 0.07897244808924997 
-0.0003701538995932122 -0.04725852309916902 0.07899635961584284 
-0.0003166612858244381 -0.04721044955044777 0.07902721203692972 
-0.0002697424364979696 -0.04716919079987282 0.07906165759192602 
-0.00022765029354888076 -0.04713286543047489 0.07909845447282543 
-0.00018920772070626923 -0.047099744965346815 0.07913689322848552 
-0.0001533877182884986 -0.047068992370460874 0.07917645921433121 
-0.00012049680950840594 -0.04703965706400992 0.07921673626098708 
-9.049614392274939e-05 -0.047011278243509494 0.07925739930558745 
-6.373157432563135e-05 -0.046983985393027755 0.07929838173806804 
-4.053406655293336e-05 -0.0469579626513003 0.07933979805542951 
-2.1113521347701676e-05 -0.04693333695831578 0.07938171214680867 
-5.710738342741897e-06 -0.046910160324468875 0.07942417733969667 
5.645739427878604e-06 -0.04688847911323121 0.07946721312749946 
1.2994396036122846e-05 -0.04686833759658322 0.07951082402717496 
1.643884062035167e-05 -0.04684976559453477 0.07955498874799316 
1.62834602325055e-05 -0.04683272839206655 0.07959963021722907 
1.2526082782359643e-05 -0.04681703035535856 0.07964485316108016 
5.125074171275813e-06 -0.04680278544228711 0.07969060696204343 
-5.880338545181246e-06 -0.04679008244277316 0.07973685049383855 
-2.040538549619164e-05 -0.046778997096749 0.07978355077842944 
-3.832061490636855e-05 -0.04676960004412467 0.07983067777442353 
-5.9522802218680594e-05 -0.046761918759535295 0.07987821329944444 
-8.397359849743411e-05 -0.04675596501008797 0.0799261504666545 
-0.00011160936754640687 -0.046751764935492934 0.07997448310815587 
-0.00014235804774037197 -0.0467493541108437 0.0800232081557464 
-0.00017614518517496732 -0.04674877465787129 0.08007232676483171 
-0.0001966598106571578 -0.04674131864245025 0.08011481005559365 
-0.0002031452500412768 -0.04672730655270965 0.08015125142050297 
-0.00021508303305035371 -0.0467207316929556 0.0801957186324489 
-0.00023151660438547415 -0.0467193617340359 0.08024470510494253 
-0.00025201583246301125 -0.046721912196589874 0.08029624017141232 
-0.00027640389064369567 -0.04672765818003549 0.08034921756650579 
-0.0002909305440871599 -0.046726011942877996 0.08039249168072556 
-0.00031069507029149283 -0.046730643056719576 0.08044168460705582 
-0.00032012867272083675 -0.04672820297388425 0.08048169465767503 
-0.00033601474475494515 -0.046733741643533014 0.08052985392931758 
-0.00035695942120644517 -0.04674486468605456 0.08058245282312765 
-0.00038691918085504654 -0.04676093513620351 0.08063765078201637 
-0.00042949657397240836 -0.04678243439641128 0.08069526803600816 
-0.00046701734134837417 -0.04680014108307955 0.08074354320101933 
-0.0004939103257408208 -0.04681225495191879 0.08078402996896572 
-0.0005280510754816139 -0.046830891246067666 0.08083281845729855 
-0.0005709922237932584 -0.04685533742515442 0.0808860773253142 
-0.0006079062656520516 -0.04687661269749065 0.08093107833252777 
-0.0006636962635428257 -0.04690275102306589 0.08098697465705193 
-0.0007093798417485359 -0.04692674296812145 0.08103346698477393 
-0.0007643449166660852 -0.04695614586355594 0.08108633874882083 
-0.0008069791169344771 -0.046981417299213166 0.08113028625363283 
-0.0008640040358646123 -0.04701280331459749 0.08118325092247596 
-0.0009122278382940885 -0.047043894495979566 0.08122843798012569 
-0.0009776715979637725 -0.04707990639660173 0.08128426899302951 
-0.001030179545273533 -0.04711446794093167 0.08133084283184824 
-0.001067733181203674 -0.04714564450985849 0.08137018995335421 
-0.001118726227172375 -0.04718245152679276 0.08142111858231509 
-0.0011850490096887087 -0.04722505798564865 0.08147983404519044 
-0.001242325234792693 -0.047270140779263614 0.08152941679519016 
-0.001286861599762215 -0.04731414294845042 0.08157194458046947 
-0.001315744356387932 -0.04735468069236076 0.08160842013233201 
-0.001328613193424524 -0.04739150943431608 0.08163981258905673 
-0.001365264267737424 -0.047432132806907834 0.08169303857487623 
-0.0014233501303217155 -0.047477337112949894 0.08176086976608674 
-0.0014709290852754362 -0.04752969413437154 0.08181470568958346 
-0.0015048698351644053 -0.04758345873040232 0.08185883037080406 
-0.0015225235710443503 -0.04763509695935482 0.08189546208454274 
-0.0015237371343605963 -0.047683801218502894 0.08192626727209926 
-0.0015535332926117553 -0.0477350961370122 0.08198321148294091 
-0.001571744631046295 -0.04779192993448783 0.08202839975036608 
-0.001578379060560152 -0.047851503419670635 0.08206597503414692 
-0.001608534919686066 -0.04791250573867992 0.08212524196319683 
-0.0016225048678222415 -0.04797530984063737 0.08217080436973236 
-0.0016205946631434823 -0.04803746739366212 0.08220712521068904 
-0.0016058434190972144 -0.048100049814210996 0.08223762438671399 
-0.0015776600097536734 -0.04816203364191349 0.08226359281540775 
-0.0015755747571263787 -0.048225360636588346 0.08231719388860306 
-0.0015898262128356318 -0.04829202433041811 0.08238295718392863 
-0.0015927621002068508 -0.04836547234768801 0.08243220770824458 
-0.001583957303080032 -0.04844189683596889 0.08247099590849843 
-0.0015601404473823393 -0.0485171683606747 0.0825018722385123 
-0.001520105059815537 -0.04858960510806433 0.0825264772479423 
-0.0014640262926761613 -0.04865898113977958 0.08254599225492706 
-0.0014392309866321333 -0.04873028911507671 0.08259744206695964 
-0.0014041856446392609 -0.04880823587554621 0.08263531119777211 
-0.0013576146956250802 -0.04888875120261579 0.08266422576581184 
-0.0012950348661530534 -0.04896687503076863 0.08268559794525976 
-0.0012521784956510962 -0.04904650508351052 0.08273107647566573 
-0.0012130309373872732 -0.04913701795325574 0.08277002006666773 
-0.0011680941950489116 -0.04923016151126573 0.08280085104843592 
-0.0011156507819437807 -0.049324156781497125 0.08282599027709185 
-0.0010503864129888778 -0.04941508216230944 0.08284548069214447 
-0.0009703098868407483 -0.04950175444713378 0.08285971314199733 
-0.0008749671800067785 -0.04958414108386995 0.08286913901092194 
-0.000818716104952477 -0.04966625690173078 0.08291795607192096 
-0.000751963276573675 -0.049756035493252346 0.08295037541194626 
-0.0006750388849314651 -0.04984961015194843 0.08297253904417451 
-0.0005834085732499099 -0.04994131197416385 0.08298623069532732 
-0.0005134816857670747 -0.050032528522983344 0.0830250942205591 
-0.00043039024187101985 -0.0501244181913484 0.08304804699355556 
-0.00033821823688141243 -0.05021828118652415 0.0830618538595759 
-0.00028178017724614715 -0.050312282504319905 0.08310871778449785 
-0.0002153368173730347 -0.050414218976213204 0.083138820817791 
-0.00013681803069485327 -0.05051747821723099 0.08315665973673717 
-4.385719484581701e-05 -0.05061810167091904 0.08316510392415713 
6.368774052369509e-05 -0.05071501875468318 0.08316624043382699 
0.00018218099435956224 -0.05081090409017554 0.08316281133760449 
0.000258648020684921 -0.05090488624535511 0.08320128582861543 
0.00034703807867317565 -0.051010345808716495 0.08321818532696629 
0.0004560625420023971 -0.05112363830559895 0.08321111174966511 
0.000576020722753214 -0.05122818330080936 0.08320138260055425 
0.0006641102445277026 -0.051330592457955834 0.08322430486075764 
0.0007637424142016725 -0.05143164878669318 0.08323185972566657 
0.0008705998653996874 -0.05153380636683992 0.0832308875947515 
0.000988549273722915 -0.05163338913788457 0.08322259590829043 
0.001120230850518311 -0.05172799611473898 0.0832074093574918 
0.0012270065409158183 -0.051821528054774926 0.08322096002904945 
0.0013059696291764988 -0.05191610939837625 0.08325686736063405 
0.0013932987711304783 -0.05201886328044203 0.08327254147141121 
0.001487825240710063 -0.052125144601704934 0.08327432273855508 
0.001589934637380816 -0.052232702280735496 0.08326698767831385 
0.001704772051480067 -0.05233626222395424 0.083251180196788 
0.001833210650002231 -0.052434726987890035 0.08322819621249117 
0.0019373632359628691 -0.05253078441434991 0.08323411760340496 
0.0020500476403564694 -0.05262833909949571 0.08322441798773775 
0.0021766860564089224 -0.05273671649345846 0.08319423177192531 
0.002260678874527855 -0.05284165851352955 0.08320764004227774 
0.0023514560238077978 -0.05295028625657261 0.08320602335171487 
0.002435186361252499 -0.05308007036909515 0.08321907499977733 
0.0025171575577049195 -0.05321867345968756 0.08323700688473101 
0.0025971031713594352 -0.05336160949278006 0.08325656252448074 
0.0026703451077523775 -0.053510270179534344 0.08327996571367773 
0.0027245375010923984 -0.053657173995422955 0.08329727812049863 
0.002764340673361298 -0.05379032491990492 0.08329361092635257 
0.0027951011446151414 -0.05390845375044721 0.08326747725004276 
0.0028385428830254925 -0.05404262967562151 0.08326043743885227 
0.0028874684846636346 -0.054185216081553356 0.08326300850693204 
0.002938128817616897 -0.05433177320599787 0.08326944992053092 
0.0029829955763330026 -0.05448576796198863 0.08328296015553802 
0.0030161361294283196 -0.05462502540311147 0.08327508924254758 
0.003059884267377408 -0.054758865825369415 0.08325785005311964 
0.0031030533662440886 -0.05490189284135888 0.08325026178613884 
0.0031397763082990316 -0.05505481809123272 0.08325265459971931 
0.003155995768983069 -0.05520789124714212 0.08325206221927893 
0.003159205648663551 -0.05534665579288829 0.08323055108166164 
0.003171564733722639 -0.05549651181604692 0.08322142191603756 
0.0031874842181395142 -0.05565203102438705 0.08321785859138753 
0.0032077604167639407 -0.05580324742897261 0.08320633120029139 
0.0032329716094800093 -0.055952125763809854 0.08318953908033797 
0.003250726672649659 -0.05611494771153211 0.08318669646729163 
0.00326573110196093 -0.05628276286400531 0.08318817685810971 
0.0032783419307105916 -0.056452605578549 0.08319055258383794 
0.0032928475750216325 -0.05661425515001536 0.08318131090304609 
0.003310454686451968 -0.056771959291390756 0.08316551118218149 
0.0033205645826455896 -0.05694164732930233 0.08316113880473426 
0.003336708126544672 -0.05710291036912141 0.08314660108945099 
0.0033499511739656183 -0.057271169427312446 0.08313841707342831 
0.003357799631188459 -0.05744528017185101 0.08313511723123254 
0.003350959079119243 -0.057605785022427886 0.083111603988343 
0.0033418960804709316 -0.05777960773499012 0.08310166084234015 
0.0033420968988739407 -0.057946989217687234 0.08308434274553932 
0.00334028017825506 -0.05812160635159244 0.083073529084769 
0.003344591002062032 -0.05828989476886544 0.08305522199732845 
0.0033413522961164652 -0.05846956368748718 0.08304719627514659 
0.0033417606597283458 -0.058644471325035655 0.08303208598488626 
0.0033509085894333655 -0.05881305400906178 0.0830102539457439 
0.003356928297547938 -0.05899074661958159 0.08299663845532251 
0.0033577007299668005 -0.059175270084510886 0.08298873154822752 
0.003359850254374473 -0.05935474461723275 0.08297314167045411 
0.0033537790421727526 -0.05954536492743978 0.08296748469906057 
0.0033521566801779585 -0.0597284915049794 0.08295242579748062 
0.003358644398760137 -0.05990452502663139 0.08292984075792845 
0.0033599312144233463 -0.06009110619530349 0.0829165705689029 
0.0033530413714222343 -0.060287469769386634 0.08291174326088475 
0.003331306466548072 -0.06047030491425641 0.08288716563386504 
0.0033236467270386753 -0.06065003545908959 0.08286010887161822 
0.0033151926183547986 -0.06084037049916553 0.08284304675174978 
0.00330269334040031 -0.061038376901682886 0.08283259027148698 
0.003292005627351006 -0.061232828411106166 0.08281632834048522 
0.00328636425625859 -0.06142441582898191 0.08279603804900665 
0.0032758881278583474 -0.06162659962535856 0.08278501956430998 
0.0032622199064270873 -0.0618334398327586 0.08277733814457133 
0.0032517691095880416 -0.0620324911530086 0.0827606210277541 
0.0032453480379751676 -0.06222797311022611 0.0827391872256166 
0.003245929850784786 -0.06241989840841353 0.0827138763302635 
0.003241388011061828 -0.06262402210524676 0.08269931722083046 
0.003232483737361379 -0.06283450614890843 0.08268976219610392 
0.0032252503532993583 -0.06303777149455105 0.08267142261416902 
0.0032217809049525127 -0.06323695503280798 0.08264801280258825 
0.0032105189226173184 -0.06344918748370207 0.08263597814188614 
0.0031937160325869714 -0.06366796434876895 0.08262892954972761 
0.0031664751816296082 -0.06387160197471789 0.08260160728496116 
0.0031498739290069704 -0.0640717107342761 0.0825719540717007 
0.0031431319341404763 -0.06426886712792163 0.0825403233523309 
0.0031295985331622833 -0.06448126676123088 0.08252229168690442 
0.003109104286200954 -0.06470330876300838 0.08251234083082833 
0.0030903059213086195 -0.0649186160979457 0.08249414527858263 
0.003076879043030934 -0.06512785413480263 0.08246972814166016 
0.003071286632443223 -0.06533117701018705 0.08244005633254292 
0.0030587532907430494 -0.06554760631478264 0.08242152107145326 
0.003037790107242056 -0.06577384419957774 0.08241099971124852 
0.0030162818384236526 -0.0659942681939841 0.08239272917624126 
0.0029993997568156837 -0.06620872246764069 0.08236841418246334 
0.002990240270054921 -0.0664166558136175 0.0823385456604455 
0.0029745555929141052 -0.06663648070676893 0.08231917831296082 
0.002949583157185854 -0.06686645329899148 0.08230846956768693 
0.00292298919137407 -0.0670912698103726 0.08229087258507932 
0.0029005421213192106 -0.06730984649229967 0.08226723703078354 
0.002885431708850283 -0.06752166961681626 0.08223806637723469 
0.0028641777115198256 -0.06774496490642988 0.08221844391954694 
0.0028441756001258527 -0.0679631103497108 0.0821933757119633 
0.0028130186948946223 -0.06819623661272702 0.08218110468441991 
0.0027693202794206936 -0.06841415324701391 0.08214970058668335 
0.002724471022888657 -0.06864202268536991 0.08212756098638009 
0.0026861805134204423 -0.0688626972392949 0.08209985883740006 
0.0026531083880997437 -0.06908000529228614 0.08206986165833277 
0.0026253373742754797 -0.06929555168835554 0.08203904083338232 
0.002589323435207183 -0.06952520663347421 0.08201995935542862 
0.002547452569164107 -0.06976060184308523 0.08200506329447992 
0.0025070860079191813 -0.06998706992156235 0.08198175087288007 
0.002469559152820203 -0.07020820118503789 0.08195387872415058 
0.0024365980974119733 -0.07042525930071278 0.08192309169082478 
0.0024106397419900918 -0.07063715990228435 0.08188902042937218 
0.002377540687814812 -0.070860787155952 0.08186425427011651 
0.002335967373915125 -0.071092397859358 0.08184558287542415 
0.002293031600950528 -0.07131831966761767 0.08182112066532818 
0.002252403350085399 -0.0715393761007463 0.08179272268468843 
0.002217967270866964 -0.07175376792425517 0.081759757973716 
0.0021906168078635584 -0.07196207026278235 0.08172302754378695 
0.0021540687195264006 -0.07218388027205788 0.08169700419198024 
0.0021056937444270517 -0.07241758832286774 0.08168043495989485 
0.002055047518598473 -0.07264615142183362 0.08165828432889799 
0.0020082981444189867 -0.07286701326095993 0.08163010284007585 
0.001967054672221545 -0.07308113085228009 0.08159734314030834 
0.0019318111367958718 -0.07328976437769276 0.08156136671208564 
0.0018843290862992695 -0.07351519202394795 0.08153869094176536 
0.001825187826639844 -0.07375199334265636 0.08152478949106925 
0.0017658832650909563 -0.07398034336631278 0.08150291703295097 
0.001709908888642784 -0.07420094972727295 0.08147504245382284 
0.0016589487534507188 -0.07441479167659397 0.08144266844216472 
0.0016116721517221017 -0.07462580672313217 0.08140915462499138 
0.0015688295079107593 -0.07483454868571049 0.08137520774140185 
0.0015174222888839758 -0.07505544803286424 0.08135027844352422 
0.0014591714356193006 -0.0752807793162637 0.08132804677515336 
0.0014010792205989622 -0.07549808029290536 0.08129936766894562 
0.001344250094005692 -0.07571102756434808 0.08126791946397509 
0.0012908063522976219 -0.0759200045420022 0.08123452743798046 
0.0012431170568353387 -0.07612287874466614 0.08119860148464471 
0.0012017166830286929 -0.07632003441965352 0.08116027614285733 
0.0011503760030725022 -0.0765293929059027 0.08113098697678787 
0.0010869535611662002 -0.07674941928113274 0.08110955358065226 
0.001021378940335104 -0.07696502794904142 0.0810843157420971 
0.0009589026993645526 -0.0771739173723679 0.08105461008720813 
0.0009011290607754798 -0.07737656990386092 0.08102132028405105 
0.0008487496131804476 -0.07757425342756112 0.08098582149430236 
0.0007998320823340973 -0.07777065052826582 0.08095096064281344 
0.0007436477833021697 -0.07797518587261226 0.08092127952232105 
0.0006799469135172279 -0.07818327424472493 0.08089325873484715 
0.0006176292478706491 -0.0783835219323957 0.08085981287612251 
0.0005563619078599912 -0.07858058459534202 0.08082498583198766 
0.0004958967369872195 -0.07877779858199083 0.08079160060289697 
0.0004385306950857176 -0.07897373892547692 0.08075883229909389 
0.0003871639431565358 -0.07916491680268938 0.08072421694073359 
0.00032809185345407995 -0.07936365323235117 0.08069397187762148 
0.0002578682478050591 -0.07957074353758084 0.08066892987910161 
0.0001851216331227451 -0.07977620459625742 0.0806429174558873 
0.00011279561233815735 -0.07998017930531473 0.08061674005391617 
4.504757191258965e-05 -0.0801789031512267 0.08058799621404437 
-1.7703210834781047e-05 -0.0803727456329703 0.08055710572584492 
-7.645119482975818e-05 -0.08056384303839967 0.08052571935281472 
-0.00014899992916790443 -0.08077099840958304 0.08050494319600053 
-0.00022227101498564251 -0.08097612803250928 0.08048303178960228 
-0.0002919242296525624 -0.08117582122906924 0.08045808407712611 
-0.0003572567738227509 -0.0813705405402477 0.08043071761210326 
-0.0004330374856368318 -0.08157522192735824 0.0804090364137753 
-0.0005069267597787143 -0.08177370426173194 0.0803833257270634 
-0.0005776658016792991 -0.08196682770056161 0.08035464513208063 
-0.0006445521061588062 -0.08215514576922452 0.0803236272106711 
-0.0007072113466794318 -0.08233902961372312 0.08029066456682397 
-0.0007686619172863002 -0.082523949109467 0.08025982253020239 
-0.0008287242308768717 -0.08271058715957617 0.08023168551276225 
-0.0009015302801542134 -0.08291181671214168 0.08021233376350481 
-0.0009727639824298195 -0.08310729438460858 0.0801890881108161 
-0.001041440134218816 -0.08329735345889636 0.08016349418761787 
-0.001106735776740155 -0.08348265754640198 0.08013594388751105 
-0.0011806493017900658 -0.08367367846228897 0.08011068088603995 
-0.0012531846001482844 -0.08385952790016114 0.08008237571900652 
-0.0013230994111906175 -0.0840407290503435 0.08005167185950103 
-0.0013912495494439554 -0.08422018347762603 0.08002080534125035 
-0.0014593798927879818 -0.08440194286541049 0.07999279742361826 
-0.0015260441774086458 -0.08458470787170724 0.07996677921467 
-0.0015883915658435827 -0.08476415857414045 0.07993964490339434 
-0.0016597418335974464 -0.08495071355268849 0.07991523939302705 
-0.0017309741168409897 -0.08513467006395548 0.07988944149327423 
-0.001803099299379279 -0.08532019929687479 0.07986558535802842 
-0.0018743390274092286 -0.08550612388175925 0.07984300669592889 
-0.0019420098943897252 -0.08568873566524544 0.07981910620684314 
-0.0020190412716868684 -0.08587818002377771 0.07979748745144669 
-0.0020964092119427095 -0.08606523858461385 0.0797744630464319 
-0.002174457629450113 -0.0862539376373756 0.07975341724269211 
-0.002251452596385945 -0.08644284111692671 0.07973345452913122 
-0.0023250923488305937 -0.08662864932785148 0.07971225763597724 
-0.002408085380289006 -0.08682081843675311 0.07969274141610158 
-0.002491468820553909 -0.08701104948913095 0.07967213903191216 
-0.002575884861543294 -0.08720269421808853 0.07965311031280706 
-0.0026595355849639898 -0.08739425850478351 0.07963474281040141 
-0.0027403695131467563 -0.0875828902747548 0.079615062846443 
-0.0028184204429917044 -0.08776867690691968 0.0795941277624373 
-0.0028949624848012105 -0.08795381187475476 0.07957348971681973 
-0.00297126943758059 -0.08814069201838166 0.07955485403523054 
-0.0030460897621923206 -0.08832743552232482 0.07953690019722079 
-0.0031181032716267503 -0.08851162608731804 0.07951789730661757 
-0.0031875192721047465 -0.08869324567036588 0.0794977941203937 
-0.0032698462569035833 -0.08888664941834748 0.07948258800150787 
-0.003355176627998637 -0.08908090028651633 0.07946775052923788 
-0.0034413163395787365 -0.08927400605656627 0.07945317330211003 
-0.0035260457316060086 -0.08946392767432013 0.07943722485564433 
-0.00360911541727575 -0.08965096587021172 0.07941996800733356 
-0.003690431353369456 -0.08983532642320222 0.07940145238074352 
-0.003769987314518844 -0.09001715748115591 0.07938172440778278 
-0.0038479623588613694 -0.09019681656716211 0.07936099591247406 
-0.003924275281597149 -0.09037416500495088 0.07933914371527351 
-0.004000247205900967 -0.09055146496489146 0.07931773110808635 
-0.004077471174362381 -0.09073166945888105 0.07929881447434556 
-0.004155161859755851 -0.0909137054271733 0.07928164759395805 
-0.004231298386160471 -0.0910939934942983 0.07926371363796866 
-0.00430598299799815 -0.09127230462520056 0.07924480696002019 
-0.004380299967170091 -0.09145027337692646 0.079226035564777 
-0.004455909600097249 -0.09163081052749708 0.07920941512183861 
-0.004532210765309872 -0.09181304575135385 0.07919434617133257 
-0.004607333333874834 -0.0919935901921154 0.07917845836922381 
-0.0046935749856611515 -0.09218127051844544 0.079163626909801 
-0.004782010365313399 -0.09236758629288158 0.07914735413524844 
-0.004873379086092295 -0.0925559079598084 0.07913228390247139 
-0.004966659846080219 -0.09274581144155229 0.07911828421225568 
-0.005059754856368888 -0.09293420095947748 0.07910328254251317 
-0.005152533657245479 -0.093120844902497 0.07908711026573138 
-0.005245359820990591 -0.09330732597398443 0.0790710112569638 
-0.005339954952894915 -0.09349637986904562 0.07905677575706486 
-0.0054359863712278664 -0.09368740559335943 0.07904395324306991 
-0.005531822760750271 -0.093877324750921 0.07903040052560815 
-0.005627506960656587 -0.0940657768967435 0.07901580740149147 
-0.005723833624679946 -0.09425385739306068 0.07900086688683289 
-0.005822370566167246 -0.09444425748534549 0.07898736828120516 
-0.00592282985620733 -0.09463655664547906 0.07897500818215748 
-0.006024061446870887 -0.0948275011906757 0.0789624819068262 
-0.0061258369472513155 -0.09501684588556336 0.07894918034712768 
-0.0062287664213259535 -0.09520569570562293 0.07893558195520795 
-0.006334269206185444 -0.09539665360496871 0.07892327759322387 
-0.006442117671098004 -0.09558949042298599 0.07891201921299987 
-0.00655092149087938 -0.09578169048539377 0.07890004190812719 
-0.006660538786300443 -0.09597269944241367 0.07888689142418834 
-0.006771631231492598 -0.09616343763943576 0.07887311469325375 
-0.006885601378028877 -0.09635631417494898 0.07886026540249483 
-0.007002389836936358 -0.09655129139345164 0.0788482821055613 
-0.0071207883396879924 -0.09674613810701656 0.0788356367703542 
-0.007240500153817988 -0.09694002893407538 0.07882171460361781 
-0.007362118036190017 -0.09713374239493909 0.0788069631425703 
-0.007486972780892281 -0.09732953065016876 0.07879280907357354 
-0.007615203460407692 -0.09752767266096395 0.07877939077519677 
-0.007745812538985377 -0.09772631634610665 0.07876544030651961 
-0.007878273655751233 -0.09792425596617127 0.07875009694009667 
-0.008013070553435097 -0.09812206841985731 0.0787336609074299 
-0.008151437983490384 -0.09832181577012004 0.07871740460200265 
-0.008293771599394935 -0.09852421143859898 0.0787017324730187 
-0.008439340533567869 -0.09872789925833746 0.07868570347036938 
-0.008587383467383431 -0.09893128878357069 0.07866821185477457 
-0.008738194900240078 -0.0991346034550907 0.07864931117680404 
-0.008892879032933874 -0.09933963117380296 0.07863006251252902 
-0.009052125898346381 -0.09954757351951504 0.07861115944836643 
-0.009215536808212662 -0.09975769108842254 0.07859205698021414 
-0.009381853119392002 -0.09996869209067369 0.07857205037204845 
-0.009551176841347327 -0.10018002312898582 0.07855061308877984 
-0.0097249243661914 -0.10039248962965415 0.07852905980385082 
-0.009903789032372155 -0.10060766301456962 0.07850786482414615 
-0.010087622053187304 -0.10082548137319251 0.07848666634248368 
-0.010275647322256897 -0.1010445624099815 0.07846437621242788 
-0.010467496559763713 -0.10126406849511252 0.07844029053079654 
-0.010663744146755527 -0.10148481382998648 0.07841474991890675 
-0.0108653010424112 -0.10170830833051511 0.0783885413226 
-0.01107243670842548 -0.10193498886998262 0.07836180746985258 
-0.011284627848758694 -0.10216381530463835 0.0783337955865245 
-0.011501376795114855 -0.10239367231752619 0.078303700381625 
-0.01172383852689732 -0.1026217892101336 0.07827607157746211 
-0.011951750370264084 -0.10285032765083502 0.07824972343173167 
-0.012180357537226676 -0.10308282642214982 0.07822684197309221 
-0.012410418788221557 -0.10331796196301493 0.07820534213368098 
-0.012642021527795571 -0.10355414199609018 0.07818357738827941 
-0.012875471261962894 -0.10379077728066191 0.07816074384224708 
-0.013111535403719992 -0.10402860824218772 0.07813690214361918 
-0.013350918518456132 -0.10426857782745018 0.07811231594350407 
-0.013593723692100395 -0.10451060521409025 0.07808678184207146 
-0.01383961010414057 -0.10475371907718568 0.0780596745582469 
-0.014088456335189438 -0.10499731163660646 0.07803056487241268 
-0.014340713235536437 -0.10524192278964946 0.07799960113820603 
-0.014597036989957223 -0.10548860242723589 0.07796718604857039 
-0.01485767909830725 -0.10573767986119734 0.07793336788253456 
-0.015122390663268604 -0.10598846211193692 0.07789769464193481 
-0.01539094072466915 -0.10624019413372737 0.07785968125740902 
-0.015664090594919203 -0.10649259469473903 0.07782004632512746 
-0.015941700717249027 -0.1067471699070111 0.07777923974809942 
-0.01622423444264973 -0.10700445549970908 0.07773704914566991 
-0.016511627488512134 -0.10726402816386674 0.07769295775583382 
-0.016803628941764317 -0.10752506044805946 0.07764633985128218 
-0.017100338937471753 -0.10778738300263135 0.0775969137885782 
-0.017402289498461506 -0.10805172417899582 0.0775448280381037 
-0.017709991940207347 -0.10831885699787293 0.07749026101222684 
-0.018023524749700207 -0.10858872867497919 0.07743302515508152 
-0.018207878956407422 -0.10873559265600151 0.07747498701834515 
-0.018315236988766168 -0.10881326119989662 0.07756390025725653 
-0.0183756427483686 -0.1088526347607599 0.07767057649609428 
-0.018405533989783944 -0.1088712634417214 0.07778005320778356 
-0.0184147453639686 -0.10886724725568725 0.0778732238671065 
-0.018407208076779796 -0.10884511583698046 0.07794555568579097 
-0.01838530987557615 -0.10880720245102107 0.07799462759289094 
-0.018350325563038027 -0.10875470601640652 0.07801915940527296 
-0.018316215395323278 -0.10870210645429683 0.07800431909783187 
-0.018282756236550284 -0.10864943187325463 0.07795009960353036 
-0.018239892147413853 -0.10864188811644998 0.07792817313563184 
-0.01819383956845471 -0.1086619375367218 0.07792503033160875 
-0.01814916752923125 -0.10870086908948658 0.07793328705495566 
-0.01810763113578477 -0.10875166620515654 0.07794763005762226 
-0.01806923269582074 -0.10880803832284272 0.07796387357862769 
-0.018034663010768136 -0.10886738039536753 0.0779799668143943 
-0.018005381276308144 -0.1089301711056348 0.07799557833633439 
-0.01798302566164164 -0.10899837806279786 0.07801128153201822 
-0.01796764484636318 -0.10907152955619978 0.07802670485030846 
-0.017958043799525748 -0.10914691133834085 0.07804052338559052 
-0.017953723322391164 -0.10922319763280475 0.07805205368565671 
-0.017955159207941045 -0.10930111841967158 0.07806157013253787 
-0.017963550714420073 -0.10938303231899442 0.07807011478059836 
-0.017979067949236028 -0.10946936785768968 0.07807787416329856 
-0.017951296786296124 -0.10951771743778536 0.07810888617064976 
-0.01789265598386781 -0.10954489393455134 0.07814734830979261 
-0.01783580470211029 -0.1095785212161238 0.07817774258195918 
-0.017783227196431835 -0.1096181745489336 0.07820335269311404 
-0.017735908100052322 -0.10966282726767125 0.07822573387947207 
-0.017693757432788774 -0.10971056291909195 0.0782451829527071 
-0.017656659083253704 -0.10976001549792835 0.07826172679943158 
-0.017625142143199574 -0.10981146175166356 0.07827583565412809 
-0.017600059495537123 -0.10986611973800268 0.07828824863845821 
-0.017581791394167032 -0.10992447962298349 0.07829929389822546 
-0.017569980105341332 -0.10998564646998114 0.07830862284957338 
-0.017564095004738742 -0.11004839991887022 0.07831571052312745 
-0.017519109209763573 -0.11007906912831102 0.07833926066454842 
-0.01747798416281466 -0.11011509214245896 0.07835793123402557 
-0.017442290570774815 -0.11015630646446015 0.07837358659362255 
-0.0174123542903594 -0.11020096671880682 0.07838686727117039 
-0.01738777141701145 -0.11024718522171204 0.07839737208618433 
-0.017330038344842945 -0.1102666337299268 0.07842009630541007 
-0.01727683571907247 -0.11029110827338752 0.07843856655278554 
-0.017229356666404242 -0.11032130533462596 0.07845469465219666 
-0.01718743607965455 -0.11035601544909945 0.07846884648312866 
-0.01715036024495566 -0.11039303953217502 0.07848051984611319 
-0.017118101922622784 -0.11043148520903463 0.07848955068370529 
-0.017129913451947986 -0.11046716669482573 0.07851179370990917 
-0.01713551868587515 -0.1104709316683276 0.07856075376145288 
-0.01713958843824083 -0.11045779819958292 0.07862459279399636 
-0.017144044408757258 -0.1104353619301548 0.07869551647106685 
-0.017149690057785723 -0.11040714252342705 0.07876830768003198 
-0.017154795926696192 -0.11037528434128635 0.07883954386132493 
-0.01715982356045145 -0.11034091560004086 0.07890875280644434 
-0.01717630485763787 -0.11031994636810404 0.078962875696643 
-0.017195354563680893 -0.11028049713654803 0.07901512434781599 
-0.01721979314169605 -0.11022668828212513 0.07906415685640283 
-0.017251498418771792 -0.11016060385367735 0.07910922114258974 
-0.017291596011684528 -0.11008341528223092 0.07914993227074688 
-0.017340769349012786 -0.10999578787880047 0.07918609860740929 
-0.017399432940646706 -0.10989811545359514 0.07921762808862698 
-0.017436675084020376 -0.10982242566586227 0.07925991857302395 
-0.01746066665600501 -0.10975900827982048 0.07930694144514051 
-0.01747600294576669 -0.10970249470032338 0.07935573721925022 
-0.01748604441093554 -0.10964953339758259 0.07940489749112342 
-0.01749358316515641 -0.1095975007165576 0.0794531708987925 
-0.017509895610508218 -0.10953552281941795 0.07949579423987638 
-0.0175355269762499 -0.10946383322144584 0.07953326569064786 
-0.017570816357744514 -0.10938259963825736 0.07956589168682036 
-0.01761598672235907 -0.109291949235375 0.07959386013554805 
-0.017646462102643822 -0.1092161971778353 0.07962851921262928 
-0.017668060843602458 -0.10914854068205687 0.0796663024665015 
-0.017684428378392278 -0.10908515107516055 0.07970531453684497 
-0.017710020258188734 -0.10901218410340997 0.07973903989903156 
-0.01774533326303103 -0.10892983451667468 0.07976789949223664 
-0.01777077484089186 -0.10885734213901924 0.07980119869798807 
-0.017790308449753316 -0.10879030669308197 0.07983656064625141 
-0.017819323887650177 -0.1087139189732649 0.07986685042132172 
-0.017841542494264 -0.10864437313507269 0.07990009270998874 
-0.017873501653729147 -0.10856558654088982 0.07992841683909993 
-0.01789804977513667 -0.10849455192435872 0.07996020553106523 
-0.017932461848816163 -0.10841424897538057 0.07998719071119353 
-0.017958981837012042 -0.10834226030993235 0.0800180352295238 
-0.017995518509677892 -0.10826114359288415 0.08004404070138396 
-0.018023915520425884 -0.1081888430994521 0.08007411586160343 
-0.018047630326777076 -0.10812165921930478 0.08010623439813004 
-0.018081465965699966 -0.10804543250506682 0.08013345846138836 
-0.018125927802838192 -0.10796033057234232 0.08015613757188222 
-0.018181339543775925 -0.10786646906101362 0.08017444446258307 
-0.01822312891941188 -0.10778776879787355 0.08020006318450985 
-0.018256939943202797 -0.10771790325647906 0.08022948387202965 
-0.018286370676796893 -0.10765318967256327 0.08026077291530928 
-0.01832619738781141 -0.107579525165211 0.08028699339488056 
-0.01837694859177272 -0.10749708336562044 0.08030850151901753 
-0.01843897559576311 -0.10740598569967426 0.08032548585874079 
-0.018488158858817928 -0.10732981947919391 0.08034961532657697 
-0.018530147251302188 -0.10726227577767235 0.08037738208095946 
-0.018568544006408155 -0.1071996763911528 0.0804068461457829 
-0.01861781030312577 -0.10712820903050349 0.08043112077555965 
-0.018678466650618814 -0.10704803983143002 0.08045054227895365 
-0.018750847548099463 -0.10695928671585252 0.0804652872516379 
-0.018811642663072302 -0.10688472630997047 0.08048681049456484 
-0.01886633682212627 -0.10681822360937286 0.0805116734118127 
-0.018932302475558833 -0.10674293595185104 0.08053123633259054 
-0.01899251904943381 -0.10667582084959584 0.08055435347911637 
-0.01905043341252784 -0.10661321526495705 0.08057899619607074 
-0.019119933559823103 -0.10654185034481548 0.08059831254609431 
-0.019186201352858836 -0.10647642378090877 0.08062008795071517 
-0.01925180666014896 -0.10641417002016201 0.08064275918229079 
-0.019318390096997082 -0.10635346913680739 0.08066545548490987 
-0.019386575575702215 -0.10629341461643221 0.08068774589973318 
-0.019456168869880486 -0.10623306605354536 0.08070934247235718 
-0.019526222606776833 -0.10617230312183577 0.08073013398539167 
-0.019595584954309592 -0.106111793086738 0.08075043954465663 
-0.019663407674417238 -0.10605202027917436 0.08077046467442422 
-0.01972906346959255 -0.1059933426631338 0.08079035042122393 
-0.019792091326935747 -0.10593603022322591 0.08081019952579344 
-0.019852158837326394 -0.10588029019890871 0.08083009023082344 
-0.019909033490533412 -0.10582628396649645 0.08085008381991654 
-0.019962558609777137 -0.1057741389294068 0.08087022925181983 
-0.020027626283042995 -0.10571368411957623 0.08088436034283183 
-0.020104983721240217 -0.10564507914859378 0.08089300324314214 
-0.020176839559122226 -0.10558384091483972 0.0809090308087918 
-0.020243926048002053 -0.10552782778856837 0.08092911257614412 
-0.020306536035317135 -0.1054758070329464 0.08095137853109981 
-0.02037746154717872 -0.10541531753766488 0.08096449273555664 
-0.02044298632591017 -0.1053614761483846 0.0809835890485124 
-0.02051697269530858 -0.10529934313197808 0.08099370774318868 
-0.02058519476006682 -0.10524530120997312 0.08101172348069463 
-0.020660091301368227 -0.10518435408500386 0.08102071683976206 
-0.02072003618700427 -0.10513261907548162 0.08104053633690383 
-0.02078457534072097 -0.10507817979147642 0.0810514010989634 
-0.0208296039336553 -0.10503115235963842 0.08107559565019445 
-0.020883016280944206 -0.10498108058153949 0.08108874878054866 
-0.020947288803141045 -0.10492562891511352 0.08109357349997716 
-0.020994729230539032 -0.10487711175944825 0.08111322999577374 
-0.021024830556930073 -0.10483572476969691 0.08114248405864805 
-0.02106149654334788 -0.10479627042669575 0.08115952267754029 
-0.021108039709922193 -0.10475433115302024 0.08116768013086215 
-0.021167814310864713 -0.10470636245376236 0.08116844631771981 
-0.02121245829730638 -0.10466369459749776 0.08118462507646071 
-0.02123836402727104 -0.10462750221315928 0.08121178505459845 
-0.021272515425391873 -0.10459394978758067 0.08122669257840089 
-0.0213155588465336 -0.10456063535706152 0.08123348470018557 
-0.021372813096720972 -0.10452166877573223 0.08123297539005576 
-0.02141878082496982 -0.10448660559908977 0.08124597191862423 
-0.021454322212934925 -0.10445678860411307 0.08126493498256988 
-0.021498072867407424 -0.10442791687218257 0.08127387593175507 
-0.02155102310685471 -0.1043985020137763 0.08127598940511188 
-0.02161395419618307 -0.10436778643933749 0.08127309545879907 
-0.02166211557926615 -0.10434021492012546 0.08128443369154849 
-0.02170428985798761 -0.10431641709892853 0.08129956131919987 
-0.021733413318098044 -0.10429905991530386 0.08131852962042314 
-0.02177294909641546 -0.10428363357388712 0.08132819936839841 
-0.02182327204099894 -0.10426831956820469 0.08133153916225298 
-0.021885799037378202 -0.10425113315832975 0.08132987401043568 
-0.021964439929746872 -0.10422798509109482 0.0813228939728404 
-0.022033059434814182 -0.10420781780007293 0.08132744809143144 
-0.022083797460712932 -0.10419356845649545 0.08134240150353696 
-0.022146786788769007 -0.10418153821721905 0.08134807457096076 
-0.02222196158729794 -0.1041697009581823 0.0813474040570544 
-0.022272859401351132 -0.10416281515266995 0.08136550693849649 
-0.022341965333611158 -0.10415479148840834 0.08137181082760647 
-0.022428491215363916 -0.10414318253084352 0.08136966128353226 
-0.022498517682839475 -0.10413676733592661 0.08137869881611981 
-0.02258221880792378 -0.10413192691373549 0.08137984413367327 
-0.022645291878135205 -0.10413250347350093 0.08139663119264975 
-0.022722532528641638 -0.10413667851533616 0.08140357872011011 
-0.022817788235343178 -0.1041371404887331 0.08140210461738626 
-0.02290614160998719 -0.10414064071052528 0.08140703996473547 
-0.023011281934616396 -0.10414018223641908 0.0814036972771475 
-0.02309779414354938 -0.10414589018581082 0.08141434457949936 
-0.023170350517938514 -0.10415790591255941 0.08143387129040397 
-0.02325689861175631 -0.10417418260030926 0.081442776202357 
-0.023357845680262213 -0.10419069460477609 0.08144412376260621 
-0.02347642404152378 -0.1042022565563202 0.0814383629809784 
-0.023587010033377147 -0.10421696063280499 0.08144248379274807 
-0.02368069125560627 -0.10423747664615376 0.08145774447643112 
-0.023787183210141505 -0.10426052752296185 0.08146298871955666 
-0.023873036262854922 -0.10428905172100132 0.08148455538378277 
-0.02397590057650313 -0.10432690835265376 0.08148886966663273 
-0.024078133251608257 -0.10438015970642858 0.08150685163796312 
-0.02418089402476883 -0.10444169483590701 0.08153199892312891 
-0.024283284548852105 -0.10450878394926484 0.08156120014423612 
-0.024380688877511585 -0.10458480682274686 0.08159725031504675 
-0.024473609473687288 -0.10466884796108124 0.08163906186911324 
-0.024562809443941753 -0.10475980401408681 0.08168528671466574 
-0.02465211484445098 -0.10485203393471403 0.08172958259857929 
-0.024741431295003776 -0.10494524461796338 0.08177146188748202 
-0.024828565100848004 -0.10504204118386616 0.08181352652659368 
-0.02490025452709881 -0.10512851594067815 0.08183338011150348 
-0.024974762473644156 -0.10522871740360536 0.08186743230329147 
-0.02503593667856329 -0.10532869182909399 0.08189399927451782 
-0.025110785234340047 -0.10542329051282469 0.08191108597539346 
-0.025188719133826004 -0.10552770581630073 0.08193829054087613 
-0.025264914564623854 -0.10564263344347438 0.08197515865894858 
-0.025338354626302254 -0.10576645801805667 0.08201931257712325 
-0.025398960078318187 -0.10587863165789596 0.08204072996614362 
-0.025465811043562277 -0.10599903906059205 0.0820707218491454 
-0.025541972679908483 -0.1061120247015851 0.0820896419003624 
-0.0256193264295512 -0.10623283192048327 0.0821157903252693 
-0.02569268409264794 -0.10636359800572992 0.08215039500455393 
-0.025754104092243324 -0.10648230348483018 0.08216216487973457 
-0.025819848825622188 -0.10661069112313182 0.08218446680419979 
-0.025885668384046344 -0.10674681680046284 0.08221379076148388 
-0.025947983750817735 -0.10689190226320149 0.08225055265688933 
-0.02601307407149845 -0.10703315238929005 0.08227866670942623 
-0.026084810068550363 -0.10716818858557899 0.08229704286751163 
-0.02615612694921707 -0.10731189057473067 0.08232354148663881 
-0.026225072839709845 -0.1074621631834363 0.08235528900778055 
-0.026278557986336975 -0.107601610341459 0.08236540062248551 
-0.026332137630852626 -0.10775656857858493 0.08239216095075144 
-0.026384980136480104 -0.10792027172210372 0.08242724485482161 
-0.02644342990546267 -0.1080756704621848 0.08245028250508088 
-0.026510371607493356 -0.10822323257318596 0.08246410328302345 
-0.02657353940589135 -0.1083834344001944 0.08248992385911098 
-0.026631397387258737 -0.10855398670960073 0.08252486855527486 
-0.026675128102157167 -0.10871285610455302 0.08253810724197062 
-0.02672169609811481 -0.10888223478827021 0.08256282632006812 
-0.026768882738252182 -0.10905731705440694 0.08259283512435024 
-0.026819706125861372 -0.10922570140882812 0.08261237510647758 
-0.026875914670387534 -0.10938939405240083 0.08262484171672752 
-0.02692785437580772 -0.10956603825882842 0.08264983498547485 
-0.026985288513053846 -0.10973404194341402 0.08266412744826385 
-0.02704044381352981 -0.10991093808824927 0.08268735295403123 
-0.027091345661163963 -0.11009483701857312 0.08271670591433572 
-0.0271273939407225 -0.11026693955880466 0.0827249186642302 
-0.0271751426263072 -0.1104341568226582 0.0827285488765136 
-0.027222942213794194 -0.11061298756437575 0.08274480028125912 
-0.02726893428508623 -0.11079880733237332 0.08276791597992021 
-0.027316834481813212 -0.1109774095928809 0.08278053503263395 
-0.02735921815157099 -0.11116704388674088 0.08280353266084148 
-0.027404022099801324 -0.1113488540074897 0.08281560942170253 
-0.027456270805764706 -0.11152158168906806 0.08281841642524677 
-0.027506336356398053 -0.11170429803209682 0.08283125138693764 
-0.027551448398825697 -0.11189510754614984 0.0828514289713787 
-0.02758106616052356 -0.11207404880985027 0.08285101404715033 
-0.027610767669423247 -0.11226502998079478 0.08286375046080201 
-0.027647655278996944 -0.11244707068667853 0.08286682867629822 
-0.0276830391597429 -0.11263686625426592 0.08287759363773625 
-0.027721920537509968 -0.11281910564432435 0.08287919137093687 
-0.027766283219760712 -0.11299561549590907 0.08287447325156319 
-0.02780631750671395 -0.1131846912178277 0.0828821839118049 
-0.027842950709870355 -0.1133799970683209 0.08289561067885082 
-0.027868074573955015 -0.11356148315712589 0.08288766362309308 
-0.027892548205941482 -0.11375340344758852 0.08289105551696509 
-0.02792194536649286 -0.11393854923640523 0.08288710672664235 
-0.027958769263921372 -0.11411679765989721 0.08287705951688037 
-0.02799267023356505 -0.11430587029668973 0.08287778613978979 
-0.028022707187151913 -0.11450141721533294 0.0828844219749643 
-0.02805380189378421 -0.11468876661776985 0.0828809637120756 
-0.028089556060812607 -0.11486891117000601 0.08287015468543987 
-0.028121283389731716 -0.11505949622182529 0.08286933237853757 
-0.02814885056679045 -0.11525590326922129 0.08287357894978825 
-0.028163284237906233 -0.11543893871788635 0.08285726623347457 
-0.028188397335960017 -0.11561611671432383 0.08283764029088674 
-0.028211183719424337 -0.11580526362678983 0.0828301894859647 
-0.028230085737868935 -0.11600186109455202 0.08282972733232391 
-0.02825098593366341 -0.11619054986532754 0.08282033280646861 
-0.028277358759532592 -0.11637171125305162 0.08280406862519138 
-0.028299813010198155 -0.11656268842258243 0.08279688801995896 
-0.028317482763803338 -0.11675987533918118 0.08279490806389585 
-0.02833593432114584 -0.11694908039952029 0.08278368925108959 
-0.028358882433233062 -0.1171310718945909 0.08276568354767089 
-0.028377564768748274 -0.11732282320215927 0.08275647035846952 
-0.028400089929023386 -0.11750535605506528 0.08273849184042936 
-0.02841739697058626 -0.11769751036324848 0.08272896566853831 
-0.028436578405382412 -0.1178823531473299 0.0827116077295639 
-0.028461103383988377 -0.11806015704723039 0.08268819760909278 
-0.028481497621255195 -0.11824889333856647 0.08267477556871819 
-0.028497009195195717 -0.11844435117645441 0.08266698363046424 
-0.028496007504382432 -0.11864188197922856 0.0826564795151673 
-0.028479850755177154 -0.11882670854479115 0.08262657146515731 
-0.02847917393901143 -0.11900664366679461 0.08259624552752243 
-0.028492280931207793 -0.11917998622152169 0.08256369621928453 
-0.02850330307869048 -0.1193662522848497 0.08254347482880903 
-0.028508175588542618 -0.1195637465367679 0.08253312613955255 
-0.028505676951466614 -0.11977028394282034 0.08253001802962526 
-0.028503636294186112 -0.1199687843202668 0.08251750303987704 
-0.02850673505473403 -0.12015842108374915 0.08249720151122111 
-0.02851703777391292 -0.1203399117791316 0.08247077019945659 
-0.028534274655975276 -0.12051618578847587 0.08244081362016951 
-0.02854440969939417 -0.12070927273811732 0.082425441004094 
-0.02854804066131529 -0.12091243523455852 0.08241825153015622 
-0.028546669809952456 -0.12112000286054081 0.08241370431391074 
-0.028545378980419697 -0.1213171244519419 0.08239782747549892 
-0.028547476391731705 -0.12150609678455912 0.08237441604409679 
-0.028554797353945872 -0.1216888754110138 0.08234607123764962 
-0.028569222417263625 -0.12186587608087121 0.08231393583322408 
-0.02857862034455784 -0.12205714968457111 0.08229386290050694 
-0.028582033127116328 -0.12225779705638284 0.08228113582417554 
-0.028578213433285853 -0.12246593404153173 0.08227359768176708 
-0.028572509893877482 -0.12266656210565148 0.08225689885283348 
-0.02855406538354125 -0.12285363845572903 0.08222044016435491 
-0.028535107254641347 -0.12305230161237739 0.08219498972817318 
-0.028511914465503402 -0.12325973928721305 0.08217682001996905 
-0.02849098101577686 -0.12346283717419547 0.08215509392741369 
-0.028474960010418618 -0.12366170033466052 0.0821306226859187 
-0.028467219247427872 -0.12385342827707237 0.08210189375877433 
-0.028456288150881515 -0.12405470570299032 0.08208028955344307 
-0.028438730053988358 -0.124264383077944 0.0820649593520986 
-0.02842054554166257 -0.1244700520790968 0.08204531993219777 
-0.028405752833856834 -0.1246714319120049 0.08202237358622091 
-0.02838654812030734 -0.12488228452213682 0.08200629427860548 
-0.02837105839037431 -0.12508442364742242 0.08198314195289551 
-0.028360310072580455 -0.12528089096253697 0.08195589874444087 
-0.02834088140758666 -0.12549385421546033 0.0819411843868163 
-0.02831322073612763 -0.12571788962643715 0.08193413807416546 
-0.02828634315966514 -0.1259335152006091 0.08191841783327138 
-0.02826382169241289 -0.126141135851455 0.08189605377441833 
-0.028247327477919332 -0.1263418590246576 0.08186877262930874 
-0.028236425280456216 -0.12653896417916774 0.08183936705660447 
-0.02821786305390985 -0.12675321238385107 0.08182285025274876 
-0.02819239805001371 -0.1269773511453925 0.0818128927672593 
-0.02816741857383622 -0.1271929368644248 0.08179436555734543 
-0.0281462551861431 -0.12740084991985193 0.08176954763793155 
-0.028130329285523045 -0.1276027454086895 0.08174051402810892 
-0.028107235127355194 -0.12781907277656687 0.08172168590769131 
-0.028085369201362693 -0.12803033381906478 0.08169804465182448 
-0.028056285582132655 -0.12825379160330214 0.08168261713697511 
-0.028028661955444643 -0.1284697738098819 0.08166037291403686 
-0.028005202365851543 -0.128679024556086 0.08163307353537833 
-0.027987117400017577 -0.1288827914682631 0.08160228869505853 
-0.027961651623570113 -0.12910143269477742 0.08158180396966971 
-0.027927744317659355 -0.12933118329909332 0.08156834506671734 
-0.027892747955042523 -0.12955522458493565 0.08154868076682274 
-0.027860889062173953 -0.12977266387537584 0.0815237691615434 
-0.02783439750500099 -0.12998331357219917 0.08149433294496244 
-0.027813791126477316 -0.1301884686015101 0.08146174125107083 
-0.02778491616610897 -0.13040988636289594 0.0814402218750941 
-0.027746593042512327 -0.13064398320628265 0.08142674654036074 
-0.0277069147904876 -0.1308725397208142 0.08140724196657095 
-0.02767051744617152 -0.13109370171820506 0.08138202099476809 
-0.02763902642657459 -0.1313081968278182 0.08135242448516036 
-0.027612562430832113 -0.13151808329856174 0.08132035413964617 
-0.027576790276575943 -0.13174531978388393 0.0812998497154846 
-0.027541121063083943 -0.13196901379096337 0.08127601935899795 
-0.027509446181547582 -0.13218670165187632 0.08124823043660778 
-0.027472081161901644 -0.13241379407993925 0.08122570919812963 
-0.027436070536316068 -0.1326340202401663 0.08119790620399313 
-0.027401847675767893 -0.1328514728736707 0.08116851335191622 
-0.02735799293395148 -0.1330846162820199 0.08114904984629993 
-0.027314579931306177 -0.1333114343432127 0.08112517333161626 
-0.027274637755314624 -0.13353131799774123 0.081097142653709 
-0.02723930126653534 -0.1337450239830844 0.08106584763582418 
-0.027194994508363483 -0.13397294118906986 0.08104333522881298 
-0.02715018980768426 -0.1341979985262237 0.0810185235935991 
-0.027107924225429902 -0.13441915601598792 0.08099158764552264 
-0.02705880247591259 -0.13465013707073448 0.08096993804370778 
-0.02701160268804236 -0.13487383109883078 0.08094327098784644 
-0.026966647267573585 -0.13509362409926612 0.08091458234760031 
-0.026924443716510624 -0.13531129018144739 0.08088552465172397 
-0.02688656692375097 -0.1355254629534423 0.08085544935137463 
-0.02684111666936607 -0.13575120088558534 0.08083170735097442 
-0.026797065231873 -0.13597079665023604 0.08080390815450728 
-0.02675500884741968 -0.1361869967705429 0.0807746016727172 
-0.026702971320279198 -0.13641717719157748 0.08075323170304471 
-0.026650932981295884 -0.13664282168190817 0.08072865436648298 
-0.02660149832557123 -0.1368630011227624 0.08070102388222147 
-0.026555877199168042 -0.13707762093877124 0.08067069642246048 
-0.02651395573661875 -0.13728828204114465 0.08063900919155093 
-0.02647540089235752 -0.13749668124650632 0.08060730052463987 
-0.026426843252087478 -0.13772013748675732 0.08058405946558579 
-0.026368443127939754 -0.1379529345186272 0.08056508622114882 
-0.02630866495089003 -0.13818040051474395 0.08054188097199054 
-0.026250003586690294 -0.13840282557432548 0.08051563961280064 
-0.026193741090969183 -0.13862070866390974 0.08048724038432015 
-0.026140286501485123 -0.13883505243965677 0.08045766819436788 
-0.026089802014815328 -0.1390466876755421 0.08042767649026344 
-0.026042641379983425 -0.13925561484809468 0.08039739589416833 
-0.025999250664145185 -0.139461271138893 0.08036652937852276 
-0.02595979308112784 -0.13966340710420333 0.08033495841161986 
-0.025924038198916678 -0.13986248225467487 0.08030302476799929 
-0.025877965750710188 -0.14007601873577907 0.08027856959207388 
-0.025820821707034418 -0.140300277379865 0.08025894241210359 
-0.025760712621004607 -0.14052065262085578 0.08023692733798318 
-0.025700839229956106 -0.14073633022361282 0.08021260598111574 
-0.025643010102092273 -0.14094677393435368 0.08018593029711533 
-0.025587517135720866 -0.1411532343059253 0.08015790903820334 
-0.02553391899872602 -0.1413579301585905 0.08013015112950093 
-0.025482371808739378 -0.14156146469693853 0.08010315251792169 
-0.025433756996075096 -0.14176238661172297 0.08007598264470199 
-0.025388700032254685 -0.14195928023511245 0.0800476860635404 
-0.025346838221603833 -0.1421526909928909 0.08001860483544082 
-0.025307300871301435 -0.14234447069343564 0.07998998511417985 
-0.025256208902118632 -0.14255165797916258 0.07996887525625669 
-0.025193669083020887 -0.14276918010214826 0.07995180943111106 
-0.025128705483778404 -0.1429827723583946 0.07993156194918112 
-0.02506388445634741 -0.14319185769203635 0.07990862273510717 
-0.025000221541428613 -0.1433970095684145 0.07988381320054369 
-0.02493807196720694 -0.14360018582209946 0.07985888086252128 
-0.024877216021146377 -0.1438025966448816 0.07983468785687658 
-0.0248180953039514 -0.14400373191037252 0.07981093352276343 
-0.024761372390677824 -0.1442022339724035 0.07978672174974805 
-0.024707147444975527 -0.1443977574408921 0.07976180860930204 
-0.024654863425513318 -0.14459145802489068 0.0797369434567318 
-0.024604002517296577 -0.14478455603702622 0.07971293297215742 
-0.024554672754418336 -0.14497686685600175 0.07968964858654147 
-0.024507361058704664 -0.1451671535060703 0.07966624596200711 
-0.02446220787665466 -0.14535479420287023 0.07964227158662221 
-0.02441874767542702 -0.14554061550908237 0.07961823564238914 
-0.024376429479386733 -0.1457258658298895 0.07959495479548417 
-0.024335235511350764 -0.14591068671354823 0.07957252793452957 
-0.024295614443973868 -0.14609402530475496 0.07955024938101571 
-0.024245091418347773 -0.14628913298542262 0.07953187355958997 
-0.024183044742428394 -0.1464931505447375 0.07951557554756596 
-0.024117543419067553 -0.1466963768992354 0.0794981616930756 
-0.024050200969291075 -0.1468983037897998 0.07948077107522909 
-0.023982963390812847 -0.14709739564230512 0.07946236405838766 
-0.023916572408564516 -0.14729338796448044 0.07944270390626644 
-0.02385061728569508 -0.14748805715768531 0.07942289870904146 
-0.023784542047288193 -0.14768337151842703 0.0794042130233145 
-0.02371862559934218 -0.1478791879017432 0.07938654158377298 
-0.023653698418379825 -0.1480736800242245 0.07936865511423963 
-0.02359009062542466 -0.14826581986483478 0.07934981788258437 
-0.023527194767209568 -0.1484567516330785 0.07933070630454303 
-0.02346418505158265 -0.1486483837551011 0.07931252397142032 
-0.02340097138268222 -0.1488410650872639 0.07929548203316421 
-0.023338198604541338 -0.14903328141721456 0.07927857518220383 
-0.023276332851823078 -0.14922368394023106 0.07926088001904086 
-0.02321500583545756 -0.14941283572705658 0.07924270082464165 
-0.023153415186306075 -0.14960251019920257 0.07922514021492971 
-0.02309124002928168 -0.14979351147771564 0.07920868837551413 
-0.023028914148960675 -0.14998478495229356 0.07919263076413938 
-0.022966948127006018 -0.1501748763320358 0.07917597757125383 
-0.022905190257269368 -0.15036383380351642 0.07915869732971607 
-0.022842944938256757 -0.1505531634995701 0.07914171372720749 
-0.0227797683386947 -0.1507439705712944 0.07912571104193807 
-0.022715919989001042 -0.1509356657741342 0.0791102847718081 
-0.022652351971723682 -0.1511270191183029 0.07909481680472674 
-0.02258892507322331 -0.151317552769834 0.07907885320345605 
-0.022524955663772456 -0.151508379026339 0.07906299676186071 
-0.02245984030683148 -0.15170074389461333 0.07904797363539294 
-0.022393615493038258 -0.15189449449087455 0.07903364357948361 
-0.02232674426955617 -0.15208835736354076 0.07901915159763968 
-0.022259406304749305 -0.15228160548799086 0.07900397668284832 
-0.022191178996210807 -0.15247499428358846 0.07898853315826158 
-0.022121472557809788 -0.15266983370368126 0.07897359730699081 
-0.022049741024734035 -0.15286602941669625 0.07895991602370357 
-0.021976549210804178 -0.153062742112261 0.07894656122029786 
-0.021902288295085674 -0.1532591329567271 0.07893274675327391 
-0.021826772969110855 -0.15345558940762916 0.07891854124962741 
-0.021749491341227885 -0.1536533358094856 0.07890459864141083 
-0.021670206868199062 -0.15385299462825497 0.07889123370014428 
-0.02158916949104351 -0.15405392851636263 0.07887798433245785 
-0.021506699091945924 -0.15425515513331797 0.07886416464737621 
-0.021422684597506805 -0.1544566516334322 0.07884967881612649 
-0.021336621936413162 -0.1546594263552163 0.07883507980284207 
-0.021248131766668586 -0.15486431712545862 0.07882082927066303 
-0.021157304415118816 -0.15507104137585587 0.07880670219165922 
-0.021064458106481325 -0.15527865674425134 0.07879205885266619 
-0.020969628620240894 -0.15548681319135754 0.07877661290875099 
-0.02087242376293588 -0.15569623017520434 0.078760731551658 
-0.02077240116706387 -0.15590784539036792 0.07874492048522291 
-0.02066948660377881 -0.15612173224355053 0.0787291592479044 
-0.020563920114384463 -0.15633712060738963 0.07871290728879236 
-0.02045581938964932 -0.15655345063529924 0.07869574367228363 
-0.020344913048057855 -0.15677112644894747 0.07867783094377168 
-0.020230762893328424 -0.15699105871619135 0.07865964446540506 
-0.020113182300283982 -0.15721360448915261 0.07864133007638491 
-0.01999232843317026 -0.15743822574183206 0.07862248936385538 
-0.019868365591078106 -0.15766425721513103 0.0786026345766156 
-0.01974112755932986 -0.15789180336901704 0.0785817285673756 
-0.019610672439780655 -0.15812192549156584 0.07856055459701324 
-0.019476520999815016 -0.1583550829576032 0.07853920259141561 
-0.01933861679022596 -0.15859094473573598 0.0785173407128591 
-0.019197089579911907 -0.15882878449797155 0.07849442172847895 
-0.01905134524089474 -0.1590679977603277 0.07847089344988152 
-0.01890127217747811 -0.15930930559271733 0.07844668196217497 
-0.018746638857621706 -0.1595534828308548 0.07842191333134421 
-0.018587435315181672 -0.1598006049511339 0.07839640329988135 
-0.018423840580556634 -0.16005013162379939 0.07836966158328518 
-0.01825591110417342 -0.16030170983572067 0.07834132897407692 
-0.018083403679984407 -0.16055570237299477 0.07831146854018557 
-0.017905953275411127 -0.1608128173547877 0.07828034974771823 
-0.01772209873063098 -0.16107046456237123 0.07825235615436185 
-0.017533224983979866 -0.16132892268045507 0.07822541803635463 
-0.017344847290526155 -0.161589644242831 0.07820097921879454 
-0.01715568588094002 -0.16185220249702087 0.07817737998610565 
-0.01696476125289896 -0.1621169848514672 0.07815396596127702 
-0.0167715379808277 -0.16238410924244984 0.07813029099966398 
-0.01657590040530174 -0.16265299721184767 0.07810575761441235 
-0.016377831963948396 -0.16292297955673574 0.07807982483162561 
-0.016177106078662015 -0.16319408439694738 0.07805233984094889 
-0.015973310209202812 -0.16346699623849326 0.07802349183640167 
-0.015766130327701175 -0.16374224614760946 0.07799341199405306 
-0.01555516638063092 -0.16401893758736574 0.07796172025145054 
-0.015340418391469952 -0.16429640267347928 0.07792800869569355 
-0.015121727428891972 -0.16457439568336812 0.07789206776356944 
-0.014898707549409532 -0.16485338041110353 0.07785401399341291 
-0.014670969747917085 -0.1651339322929225 0.07781401251719815 
-0.014438348298055181 -0.16541603049345366 0.07777195157959538 
-0.014201364932147836 -0.16569941664864296 0.07772788554815384 
-0.013959150851713922 -0.1659831772308647 0.07768210434470682 
-0.013711542895220329 -0.16626764649568454 0.07763416567727213 
-0.013458228810805344 -0.1665534437434701 0.07758394627404644 
-0.013199019754565628 -0.16684078879428216 0.0775312562728074 
-0.012933908006743329 -0.16712931983860746 0.07747571057581414 
-0.012662872739552857 -0.16741862739215913 0.07741692831924908 
-0.012495646398600724 -0.16757826786896535 0.07744730149364773 
-0.012391410314387391 -0.16766096298283897 0.07752139042407578 
-0.012326187525884056 -0.16769887004228284 0.07761211732237396 
-0.012287517589305106 -0.16771043459282864 0.07770470756265913 
-0.012267091207775043 -0.1676964540119537 0.07778132050713524 
-0.012260926545508212 -0.16766193303612553 0.07783739447187292 
-0.01226698657033766 -0.16760945313741854 0.07787055686622806 
-0.01227207011084508 -0.16755701600337256 0.0778643687054778 
-0.012276136175165629 -0.16750463113530567 0.0778188142565038 
-0.0123174978178664 -0.16748576938775184 0.0777684803969228 
-0.01234990718612665 -0.16748559084192496 0.07774505073783802 
-0.012374906380696726 -0.16749904726203868 0.07773676650285162 
-0.012393711979224141 -0.16752292761398607 0.07773627834316013 
-0.012409272736774817 -0.16755521421750944 0.0777379417225661 
-0.012421273669254641 -0.16759183104878544 0.07773915736737799 
-0.012428349923617556 -0.1676311939533491 0.07773898138574338 
-0.01242890039022002 -0.16767445464731784 0.07773763235531408 
-0.012422137545301701 -0.167722451621433 0.07773527949047376 
-0.012446420997067904 -0.16773410868665709 0.07775048576444998 
-0.012492065491395924 -0.16772439010469942 0.07777202907747097 
-0.012535886020562983 -0.16772023750550874 0.0777864688175815 
-0.012575920822623795 -0.16772098044470923 0.07779623100542862 
-0.01261064623495883 -0.16772678900786941 0.07780275381264601 
-0.012639592115243297 -0.16773690514842296 0.07780649116282573 
-0.012662764617865535 -0.16775013790350515 0.07780733863009986 
-0.012680034012577938 -0.1677660876506204 0.07780530533298377 
-0.012690978884437154 -0.16778549703482518 0.07780078292398838 
-0.012695238239265763 -0.1678092784297931 0.07779420521350486 
-0.012692873696046025 -0.16783740249155013 0.07778559525478837 
-0.012684276533992983 -0.16786897062886763 0.07777458655656737 
-0.01266972427829494 -0.1679033318413684 0.07776089207318748 
-0.012688136097806073 -0.16790132832529286 0.07776375102147715 
-0.012703353196261357 -0.16790633323219328 0.07776091259982384 
-0.01271384950347664 -0.1679177441812768 0.07775417069239181 
-0.01271929136528006 -0.16793376016560538 0.0777438921607804 
-0.012719676757614127 -0.16795277983226253 0.07773001009487372 
-0.012714656154234248 -0.1679748758567874 0.07771290315806983 
-0.012739608387620758 -0.16796435203753962 0.07771114623131178 
-0.012710248296416768 -0.1679592416377391 0.0777310682381269 
-0.012644701275628884 -0.16796212557917037 0.0777602287645311 
-0.012581878409502055 -0.1679375191457476 0.0778096316374222 
-0.012518725734622487 -0.16789809745606005 0.07786874392692884 
-0.012457074802052503 -0.16785038498140892 0.0779305359879552 
-0.012385571533087262 -0.1677887736635732 0.07798636179010444 
-0.012291177937839133 -0.16773224549486265 0.07801944451344717 
-0.012192720234492537 -0.16765672562515 0.0780529591424835 
-0.012087265259081001 -0.16756682161549452 0.07808426068293543 
-0.011973124616156794 -0.16746506828604302 0.07811188781605191 
-0.01184931307789937 -0.16735287738336613 0.07813502525061616 
-0.01171524633270355 -0.16723104679849926 0.0781532087434658 
-0.01157050410772233 -0.16710003313130067 0.07816607597183543 
-0.011414895757911252 -0.1669601072808723 0.07817351623733464 
-0.011248362800224568 -0.1668114599660747 0.0781754908672878 
-0.011127594667637873 -0.166698282306331 0.07820038211331515 
-0.011035139179404654 -0.16660539039371677 0.07823659820846579 
-0.010960572318536758 -0.16652401698985925 0.07827774221521522 
-0.010876252503374822 -0.1664319365544475 0.07830886109078605 
-0.010781847960896372 -0.16633006807537148 0.07833197576678058 
-0.010676999483858939 -0.16621895301994566 0.07834822355590851 
-0.010561400173628763 -0.16609892671319382 0.07835824131784797 
-0.010434803089723962 -0.16597020888000902 0.07836237772176866 
-0.010345085765491402 -0.16586926928332646 0.07838429917348419 
-0.010244946230002308 -0.16575883343638792 0.0783985049745302 
-0.010133984253547636 -0.16563938753609653 0.07840601109855969 
-0.010055655146129293 -0.16554420835156725 0.07842884872385125 
-0.009966738107734009 -0.16543953459966604 0.07844406582204258 
-0.009866803000962567 -0.16532585793549348 0.07845263546762515 
-0.009755503135304294 -0.16520349016578856 0.078455098880311 
-0.009678980676921446 -0.16510730357111625 0.07847456245981375 
-0.009624110818877703 -0.16502611991572153 0.07850228799914918 
-0.009558541403006998 -0.16493544575439584 0.07852240266658742 
-0.009481656944974486 -0.1648358164819933 0.0785359151640301 
-0.00939300151109479 -0.16472757012093697 0.07854338978554719 
-0.009292246688535882 -0.16461093593973264 0.078545136073374 
-0.009179147136307634 -0.16448608001463316 0.07854131359865149 
-0.009102112412282466 -0.16438965596391725 0.07855625678857008 
-0.009047138584989407 -0.16430962141590633 0.07858063018351316 
-0.008978899853998034 -0.16421866473777452 0.07859717614570175 
-0.008898349038319462 -0.1641187703314566 0.07860726158728762 
-0.008805417384033532 -0.16401063261552676 0.07861148423534058 
-0.00873946831144911 -0.1639246793139904 0.07862978468858006 
-0.008689771330701456 -0.16385158965200913 0.07865559843066415 
-0.008625507128186374 -0.16376733585551748 0.0786738631571763 
-0.008548929848553048 -0.16367487157041632 0.078686138592019 
-0.00845956667812297 -0.16357447556817592 0.07869276589481981 
-0.008357060620643706 -0.16346632084688967 0.07869391290041283 
-0.00828234175154814 -0.1633823904951167 0.0787107763119681 
-0.008224519027101581 -0.16331243435134646 0.07873552818417753 
-0.008176804243826073 -0.1632505959351003 0.0787644630713008 
-0.008135067727060272 -0.16319383171682966 0.07879577546912644 
-0.008080883974213244 -0.1631287851445749 0.07882072512323159 
-0.008013627690027128 -0.16305579512897034 0.07883975606591877 
-0.00795990153970809 -0.162994874587014 0.0788663549024617 
-0.007914530488265289 -0.16294154861363158 0.07889736428777318 
-0.007874288595720407 -0.1628932862718948 0.07893103120126997 
-0.00783717583639569 -0.16284865478680813 0.07896638087623431 
-0.007801961657018816 -0.1628068582886751 0.07900287760597241 
-0.0077678980666461344 -0.16276746400244835 0.07904022969912147 
-0.00773453354147446 -0.16273024797462798 0.07907828172265928 
-0.007701054709956348 -0.1626957824046675 0.07911745891193814 
-0.007668112400665755 -0.16266424847049127 0.0791579164858646 
-0.007635498983438075 -0.16263426947258 0.0791985031109117 
-0.007604412905998953 -0.16260505607565728 0.0792392346863289 
-0.00757536201944964 -0.1625765888282913 0.07928007422478373 
-0.007548178326442719 -0.16254957956746896 0.0793215217813869 
-0.007521342565000498 -0.16252469886723764 0.07936417809073365 
-0.007497374778783032 -0.1625013088721738 0.0794075029971633 
-0.007477356036520312 -0.1624793657212087 0.07945132954641418 
-0.007461229227724601 -0.16245891757578396 0.07949564933957506 
-0.007448951219151616 -0.16244000554640387 0.07954045656157084 
-0.007440421472203787 -0.16242264377975893 0.07958571919178098 
-0.007435418539609886 -0.16240658116189194 0.07963148224994188 
-0.0074339532573558945 -0.16239189280393018 0.07967767832386158 
-0.0074360916414911715 -0.16237865036979543 0.07972428055560993 
-0.007441865217162063 -0.16236691008864743 0.07977126235064638 
-0.0074512872481936054 -0.1623567212271334 0.07981859992279026 
-0.007464359941456484 -0.16234813107127366 0.07986627355861624 
-0.007481080288273507 -0.1623411878995915 0.07991426788886802 
-0.007484730086542714 -0.16232699054370708 0.07995524518746434 
-0.007492959167298691 -0.16231739493714095 0.08000061494227229 
-0.007505291314687727 -0.16231122698585826 0.08004851214815645 
-0.007505792390642126 -0.16229768740222172 0.08008836139343026 
-0.007511333870441242 -0.16229003807134226 0.08013418584376884 
-0.0075212421191966665 -0.16228660809285894 0.08018336834998754 
-0.007535220163664024 -0.16228644417659305 0.0802344406929431 
-0.007553146712632632 -0.1622890156179589 0.0802865809305033 
-0.007561460945542356 -0.1622839178024884 0.08032892244552475 
-0.007575053750093792 -0.1622847771897421 0.0803769941077011 
-0.007578506722912881 -0.16227829992057508 0.08041579884909128 
-0.007592738264053269 -0.16228007462644395 0.08046276564798448 
-0.007617257061453937 -0.16228785798487955 0.08051416219148386 
-0.007651751544147198 -0.1623003469083616 0.0805678461678468 
-0.007695658445188861 -0.16231666872333855 0.08062247226070997 
-0.007731624065566737 -0.16232769139474928 0.08066803939038647 
-0.007756827269028399 -0.16233333427052782 0.08070638378845416 
-0.007793337200239284 -0.16234583893018173 0.08075358078052478 
-0.007841275729738487 -0.16236492710355446 0.08080533488682948 
-0.00790166706132537 -0.16239020089086958 0.0808600207958104 
-0.007954341401968993 -0.16241203388926223 0.08090675022030369 
-0.007995038295712496 -0.16242887031447797 0.08094666655014032 
-0.00804403810449037 -0.1624515639189687 0.0809944448899646 
-0.008102191066277256 -0.16248034021360927 0.08104612557469813 
-0.008152523741108884 -0.1625064860293875 0.08109058951211807 
-0.008192960838320013 -0.1625299853679386 0.0811294190393728 
-0.008247441098722566 -0.16255824344073752 0.08117919006193887 
-0.008309863931544028 -0.1625920253779774 0.08123267887040574 
-0.008361456747036491 -0.1626233480256423 0.08127774276007087 
-0.00840205659887976 -0.16265276402480838 0.08131678935680042 
-0.008459757444510762 -0.1626871512164316 0.08136840454228031 
-0.008529374822508139 -0.16272721803593654 0.08142492381679779 
-0.00858692981581351 -0.1627669979456447 0.08147228691772822 
-0.008631175752234868 -0.16280502492398513 0.08151289420997689 
-0.008660671638142967 -0.16284013196317718 0.08154796018499433 
-0.008706002135366868 -0.16288023068962082 0.08159740886293657 
-0.008739327893477849 -0.1629206420626477 0.08163859338574647 
-0.00879266235303472 -0.16296571905480745 0.08169457986447601 
-0.008833863798702315 -0.1630130603365128 0.08174048465409633 
-0.008860417462838254 -0.16305922778191873 0.08177887630567914 
-0.008870852560351666 -0.16310247469161332 0.08181123193736833 
-0.008899324825173084 -0.16315013701245984 0.08186126566127996 
-0.008917011149948428 -0.1632004547304295 0.08190213972351196 
-0.008923251292333623 -0.16325187306038702 0.0819368722093755 
-0.008951475576534093 -0.16330617610069043 0.08199190780163798 
-0.008964525294892934 -0.1633615133103992 0.08203488780217175 
-0.008962873156929842 -0.1634162854687783 0.0820697368334471 
-0.00894734125244203 -0.16347025525803813 0.08209887915824851 
-0.008958224216973992 -0.16352715033239257 0.08215351438232027 
-0.008989241221963576 -0.16358829415996431 0.08222230876772083 
-0.009008637610444395 -0.16365737142730935 0.08227469475572682 
-0.00901393749629974 -0.16372838928236483 0.08231607083237538 
-0.009003117266514609 -0.16379787245816635 0.08234934702901832 
-0.008976074358989705 -0.16386484911478258 0.0823764939710393 
-0.008934938915824892 -0.16393056257005553 0.0823992965596396 
-0.008880562202572762 -0.16399549186998474 0.08241867135098054 
-0.00885844365178002 -0.16406162844197797 0.08247169909364535 
-0.008823436526739833 -0.16413287687931755 0.08251011635025547 
-0.008813957786446731 -0.16420635621400825 0.08257142958933644 
-0.008792394278512 -0.16428658062236284 0.08261586401427737 
-0.00875784823931574 -0.16436897492180613 0.0826493234704191 
-0.008708449958975394 -0.16445024021936339 0.0826747494222859 
-0.008643380977332062 -0.1645288617768118 0.0826938776451852 
-0.00856348511671237 -0.16460509578417037 0.0827081043011399 
-0.008517040431300409 -0.164682295690401 0.08275705384913809 
-0.008477801705679532 -0.16477166021927514 0.08280285356414342 
-0.008429927669848358 -0.16486593735466398 0.08283689683856572 
-0.008369201679227813 -0.16495886725081005 0.08286181227325443 
-0.008294315317922487 -0.16504852822746138 0.0828795916937436 
-0.00820579508378462 -0.16513519446680552 0.08289187239707184 
-0.008105997861463005 -0.16522088843707586 0.08290037093178512 
-0.008045379853232167 -0.1653057669661219 0.08294853425417896 
-0.007973258890500962 -0.16539739660471384 0.0829795185175874 
-0.007887422049973876 -0.16548976069431806 0.08299864073600538 
-0.007786631842928974 -0.16557982463187768 0.08300892069795718 
-0.007715136287948435 -0.16566979562457262 0.08304930512041438 
-0.007634759158724015 -0.16576625656322114 0.08307423070690054 
-0.007545195051363541 -0.1658658083536176 0.08308937071266477 
-0.007486143333715069 -0.16596459876164857 0.08313314213860114 
-0.007410064151518296 -0.16607147460217087 0.0831506932392852 
-0.0073226679362641866 -0.16617595588036138 0.08315998158088769 
-0.007224391661681021 -0.16627838849168203 0.08316333303642173 
-0.007114587830249801 -0.16637840658271205 0.08316177707531269 
-0.006991418984574583 -0.16647457853171216 0.08315527228767969 
-0.006899679243131269 -0.16656941922801188 0.08318216357444694 
-0.006798171901320504 -0.1666683112082002 0.08319368696869144 
-0.006687359221367484 -0.16676889146094112 0.08319545086373624 
-0.006609041154157409 -0.16686810332972407 0.0832282558895253 
-0.006516156162754633 -0.16697643186626748 0.0832357471267536 
-0.006412785426284217 -0.16708248644017912 0.08323401632313762 
-0.006298012760308699 -0.1671851913503004 0.08322514862202948 
-0.006171118776647968 -0.16728398778576917 0.08321029459338813 
-0.006078064962536394 -0.16738110162283804 0.0832303073292042 
-0.005976429366647263 -0.1674831973499333 0.08323419659496636 
-0.005865303294517427 -0.1675864199105549 0.08322742365533285 
-0.005741175471466095 -0.16768621325307212 0.08321166590681521 
-0.0056450197006891675 -0.16778396939121104 0.0832257247988195 
-0.0055359281849322785 -0.1678914412858492 0.08321513019852322 
-0.005420758840352506 -0.1679976488723145 0.0831983416774977 
-0.005296532509306607 -0.16810081881624667 0.08317602070104269 
-0.005204318665899434 -0.16820063933878882 0.08318778197790136 
-0.005101372782195478 -0.1683014313365514 0.08318141332492253 
-0.004989497184404916 -0.16840244368597607 0.08316401955808861 
-0.0049147255975966605 -0.16850139793776805 0.08318318759023627 
-0.004828734861112511 -0.16861114920184805 0.08317822664449853 
-0.004722808698269949 -0.1687401952122373 0.08315292958694041 
-0.0046276939248693265 -0.168877826261139 0.08314809576406176 
-0.004541810940326585 -0.16902090401669517 0.08315593433771021 
-0.004465777848203175 -0.1691694697217532 0.08317334882500788 
-0.004409551227860153 -0.16931580814092878 0.08318764715850441 
-0.004363847385695228 -0.16944653457489256 0.08318095532348402 
-0.004331639156735581 -0.16957514139981517 0.08316936478108669 
-0.004283331613911241 -0.16970062077998177 0.08315264260066231 
-0.004235087496301795 -0.16984162976763556 0.08315389579400259 
-0.004190503493534327 -0.16999369102586562 0.08316719975085822 
-0.004148366385787429 -0.17015087944994173 0.08318524440948612 
-0.004115951847462064 -0.17029289261462482 0.08318143499477457 
-0.004093022850190711 -0.17041996096069464 0.08315553561440288 
-0.004066529924092873 -0.17056449992243855 0.08314933855156363 
-0.004041990892155373 -0.17072167348540906 0.0831567643855914 
-0.004019928543531619 -0.17088582009325165 0.08317087455935339 
-0.0039939372971617175 -0.17104099542400192 0.08317154729187773 
-0.003977493818538793 -0.17118125103342097 0.08315022543034792 
-0.003961696967871213 -0.17133530120605936 0.0831435659122201 
-0.00395064997500081 -0.17150048336476945 0.08314821969398792 
-0.0039442679195286975 -0.17167272481395068 0.08315927071601811 
-0.003947324813474957 -0.17182987314381964 0.08314872132401877 
-0.003937986909488455 -0.17198188648358997 0.08313131259003968 
-0.003930841455484103 -0.17214452466464727 0.08312432865489507 
-0.003929938543039675 -0.17231707290364148 0.0831267077887489 
-0.003927006656170912 -0.17248470758360898 0.08312020825264632 
-0.003915829615716827 -0.17264506119528064 0.0831050064461713 
-0.0039070754258448154 -0.17281332486776396 0.08309713277781347 
-0.0039027899737183683 -0.17298737696262956 0.08309412775474502 
-0.003917881908562669 -0.1731624777238584 0.08308869792386772 
-0.0039475402418228875 -0.17332406174515363 0.0830631430882409 
-0.00395690457733403 -0.17348367576169524 0.08303677870670864 
-0.003963669038554378 -0.17365360397074475 0.08302091683989975 
-0.003973084020400964 -0.17383170976766776 0.08301256906152497 
-0.00397460694910789 -0.1740024110888868 0.08299601745661324 
-0.003969889634007674 -0.17417042152393358 0.08297547950673564 
-0.003967739888279132 -0.17434618982463929 0.08296162803571708 
-0.003957792808782289 -0.17451437428483874 0.08293992568157041 
-0.003955036473955892 -0.1746934558504063 0.0829277635040909 
-0.003949843419289864 -0.1748694832651023 0.08291002654006706 
-0.003954145658416465 -0.17505934206035845 0.08290495465883618 
-0.0039532456857683295 -0.175241804208251 0.08289050818872722 
-0.003955358932416079 -0.1754306144102562 0.0828810723416784 
-0.00395221398858183 -0.17561162647307674 0.08286263408081651 
-0.003944626540441563 -0.1757901342936073 0.08284010286848367 
-0.003946214397534604 -0.17598412480618708 0.08283186270099263 
-0.003953078234915496 -0.17618532301067588 0.08282946857917774 
-0.003956286157261411 -0.17637758945415288 0.08281592021325909 
-0.0039528322359901336 -0.17656269700804017 0.08279438456768425 
-0.0039573112236435965 -0.1767606248026928 0.0827841183288214 
-0.003959585668148154 -0.1769541986779178 0.08276704030818283 
-0.003968237237637335 -0.17715849000220663 0.08275923241294222 
-0.003971965635026178 -0.1773543626991973 0.08274170338793059 
-0.003967988789682779 -0.1775431081323554 0.08271684652636915 
-0.003971190729401917 -0.17774481413894455 0.08270338674252803 
-0.003982889986270128 -0.17795682317333822 0.0826986452932583 
-0.003994034078445898 -0.17816273656381662 0.08268480199840292 
-0.00401510132787819 -0.17835375260241282 0.08265013202101149 
-0.004036823531267367 -0.17855729002855758 0.08262768119405017 
-0.004063392536849602 -0.17877048072839843 0.08261391209327051 
-0.004087316703545705 -0.1789806965508298 0.08259589874831205 
-0.004105254882707755 -0.17918769827637943 0.08257436335982497 
-0.004113180949278143 -0.17938884655692808 0.08254793160682408 
-0.004124570713336395 -0.17960004479645408 0.08252989927187787 
-0.004143166245063546 -0.17981996081145185 0.0825188797179361 
-0.00416206447868876 -0.18003577700637624 0.08250174534129834 
-0.004177351248221117 -0.1802482355461591 0.08248043344953654 
-0.0041977172909313425 -0.18047049720056574 0.08246711604859988 
-0.0042132598538622635 -0.1806844164129618 0.08244546080833662 
-0.004236454359882394 -0.1809089283361836 0.08243239642799942 
-0.004259311350578662 -0.18112953678274998 0.08241382499080002 
-0.004278344948022315 -0.18134692425050158 0.08239151291480717 
-0.004302340520255979 -0.1815743906117921 0.08237740879519759 
-0.004321660344413737 -0.18179347931704998 0.08235525857905888 
-0.004335446358308136 -0.18200678200127252 0.08232836417656944 
-0.004360357031256951 -0.18223667228170076 0.08231606751022466 
-0.004394709564944244 -0.18247692685424396 0.08231238916408128 
-0.004427461899176435 -0.1827076434709168 0.0822979708079941 
-0.004455306835394085 -0.18293037653973804 0.08227581454943597 
-0.004476635879185821 -0.18314667040917454 0.08224807626202513 
-0.0044925799764663765 -0.18336025579445484 0.08221805981721611 
-0.004518173114040472 -0.1835902729317544 0.08220200573850336 
-0.004540095734898953 -0.1838124281107268 0.08217824746978998 
-0.004567394300457182 -0.18404278812354002 0.0821608929875764 
-0.0045923161620563145 -0.18426463095097545 0.08213537302727524 
-0.004613919581290342 -0.18448168264050052 0.08210557898939101 
-0.004645206735550716 -0.18471250454043633 0.08208714391879082 
-0.0046888674993035085 -0.1849279919096089 0.08204971067048328 
-0.004735579788508654 -0.18515520858144507 0.0820229762469495 
-0.004776210421389571 -0.18537656918599615 0.08199224785126275 
-0.004811229062714631 -0.18559444067465825 0.08195955769262421 
-0.004839901032214851 -0.18580920178578436 0.08192537531575186 
-0.004876539860443452 -0.18603683818846703 0.08190157854823477 
-0.004920712292219118 -0.18627145941942697 0.08188297184187045 
-0.004964490052228401 -0.18649914827106592 0.08185779299456844 
-0.005005388307806377 -0.18672170168790808 0.08182851578616954 
-0.005040908135822355 -0.18693892946852236 0.08179565255771812 
-0.005069352349227124 -0.18715032860671799 0.08175920846980167 
-0.005106153499971644 -0.18737369297364148 0.08173202225507585 
-0.005141502885737373 -0.1875919998065513 0.08170072405064904 
-0.005187611936019547 -0.1878228020320796 0.08167922183024803 
-0.005232882359671625 -0.1880471396272451 0.0816520287811843 
-0.00527353202927052 -0.1882643133543571 0.08161966486688119 
-0.005308217472462751 -0.18847500833382216 0.08158319470030934 
-0.005352400644418139 -0.18869775985481646 0.08155590166014569 
-0.005396444350554353 -0.188916550228316 0.08152543793432615 
-0.005437467781537416 -0.18913148892399503 0.08149269995191298 
-0.00548659044237115 -0.189356315587621 0.08146727542101394 
-0.005533006402807332 -0.18957297335837575 0.08143571979065868 
-0.005576051158472829 -0.18978437836553724 0.08140092530751362 
-0.005630197873578541 -0.1900086998537095 0.08137587583011496 
-0.005684091433372961 -0.19022820992908812 0.08134709864926208 
-0.00573403970290272 -0.1904417476824049 0.08131456118218842 
-0.00577836666375403 -0.19064916419356842 0.08127859102991603 
-0.0058317056566207 -0.1908671351562416 0.08125018354373292 
-0.005884867079879331 -0.1910812565203158 0.08121921873334678 
-0.00593573989687359 -0.191292390387991 0.08118700564594772 
-0.005995745191186962 -0.1915130480840417 0.08116224959591384 
-0.006053404818236555 -0.1917257099436065 0.08113224727952321 
-0.006107698459919731 -0.19193264132571775 0.08109914096207034 
-0.006158751626561276 -0.19213647040910087 0.08106514949226673 
-0.006220779214793233 -0.19235303093016937 0.08104038814631911 
-0.006281334333331076 -0.19256366516827478 0.0810116015706928 
-0.006337850189279563 -0.19276811843186403 0.08097924697418134 
-0.006403109594451771 -0.19298103219461146 0.08095247925553162 
-0.006467346016039488 -0.19318931607750028 0.08092295999116325 
-0.006529323913761665 -0.19339454244642468 0.08089236261563984 
-0.006586932778015634 -0.1935956413175023 0.0808601889246678 
-0.006638780389208468 -0.19379154101681173 0.08082579721627846 
-0.00669977480140143 -0.19399709686099312 0.08079763654977581 
-0.0067601143646928916 -0.19419903576805447 0.08076758374407958 
-0.006818561699311235 -0.19439876325402497 0.08073715982237639 
-0.00688701195154816 -0.1946083932934774 0.08071307895909857 
-0.0069531945146212686 -0.19481116199463308 0.0806845635086937 
-0.0070161006834415455 -0.19500860388948188 0.08065324196001804 
-0.007075914410849441 -0.1952029530163637 0.08062102801360918 
-0.00713239229634856 -0.195395183695771 0.08058880265284384 
-0.0071994037240340845 -0.19559854964430073 0.08056356195388294 
-0.0072648721341815135 -0.19579682129918885 0.08053525929576598 
-0.007327400896175147 -0.19599075378570124 0.08050492033854709 
-0.007386395824658842 -0.19618118521609335 0.08047340960223502 
-0.007441576098939122 -0.19636874012965377 0.08044132059293602 
-0.0075075074958391354 -0.19656755618249522 0.0804160834490149 
-0.007572857441224504 -0.19676257174914236 0.0803886716576899 
-0.0076360147987049164 -0.19695423798525388 0.08035988498501992 
-0.007709330488744973 -0.1971547272827373 0.08033592403781965 
-0.007781928326789273 -0.1973508829013581 0.08030936486875079 
-0.007852686456162314 -0.19754399587518456 0.08028159693398718 
-0.007920600400271831 -0.19773433321024364 0.08025305041424274 
-0.007984850939235101 -0.19792161240900868 0.0802236372215463 
-0.008045164008197506 -0.1981058866687898 0.08019344679374196 
-0.008101782136480813 -0.19828779886247644 0.08016297179234168 
-0.008169831747416676 -0.19848164309676555 0.08013925297906035 
-0.00823827772194654 -0.19867247579219732 0.08011460004555215 
-0.008305140745272784 -0.19886038173873188 0.08008918774958101 
-0.00838226411731116 -0.19905654045766447 0.08006799599121557 
-0.008458881734578112 -0.19924846341241778 0.08004427536609258 
-0.00853431119940375 -0.1994379797563836 0.08001970622100725 
-0.008607824183696464 -0.1996257160808009 0.07999492195892022 
-0.008678451637753631 -0.19981111289981307 0.07996960598492972 
-0.008745598712989874 -0.1999936711981684 0.0799434323637339 
-0.008809444647689022 -0.2001739004569449 0.07991678423731453 
-0.008870511951748577 -0.2003528431736296 0.07989042548164085 
-0.008943653583357648 -0.2005442222780198 0.07987064739324576 
-0.009017303689494233 -0.20073326731527275 0.07984938192537332 
-0.00908962549443842 -0.20091967360712004 0.07982685744666325 
-0.009159459940431165 -0.20110297075802364 0.07980294415197739 
-0.009240175174899463 -0.20129534755793843 0.07978294393032531 
-0.009321818990700344 -0.20148602327173887 0.0797618938380624 
-0.009402936982458785 -0.2016761759801271 0.07974118312583478 
-0.00948197710337302 -0.2018644728239569 0.07972000124589251 
-0.00955788949878948 -0.20204966543055883 0.07969750966017666 
-0.009631019539989853 -0.2022324689250623 0.07967422137918914 
-0.009702427089862692 -0.20241480119474842 0.07965149948832344 
-0.00977246713058641 -0.20259747197447592 0.07962992234347725 
-0.009840386172939582 -0.20277930703473487 0.07960865607825952 
-0.009905363478083967 -0.2029587754737514 0.0795865993544508 
-0.009981506982220896 -0.20314799661701538 0.07956839615446255 
-0.010058999498178971 -0.20333597444421858 0.07954928317878744 
-0.010137160822029312 -0.2035241398465737 0.07953066320594976 
-0.010214335289797627 -0.20371115350042468 0.07951178245580912 
-0.010289246848126748 -0.20389542025400748 0.0794915854502703 
-0.010362002035479214 -0.20407724641238223 0.079470297871197 
-0.010433822855434873 -0.20425884510912318 0.07944947732059732 
-0.010505281771677576 -0.20444146583095119 0.07943001786720033 
-0.010589958689757753 -0.20463569070221704 0.07941612406189041 
-0.010675709771137064 -0.20482698739900912 0.07940038449600183 
-0.010761187663372515 -0.2050156133241497 0.07938316315185051 
-0.01084626556709505 -0.20520277732858672 0.07936537158058402 
-0.010931192500536879 -0.20538976267324544 0.07934792462227813 
-0.011015778542270703 -0.20557675560091843 0.07933095152540348 
-0.011099423732073978 -0.2057629382208792 0.07931386977088796 
-0.011181798358457347 -0.20594773672241368 0.07929626045974339 
-0.01126322975650508 -0.2061316544810765 0.07927845662645185 
-0.011344291979146137 -0.20631568747379547 0.07926114003730823 
-0.011425133213784645 -0.20650012141781826 0.07924450235997815 
-0.011505387007042974 -0.20668425213609132 0.07922803658181571 
-0.011584754228201165 -0.20686735160925096 0.07921120583763097 
-0.011663494789420428 -0.20704963022460043 0.0791941195953783 
-0.011742207466449099 -0.2072319914875524 0.07917737684531552 
-0.011821188194550525 -0.2074149257796559 0.07916130444622069 
-0.011900176553570547 -0.20759795185795032 0.07914556264045648 
-0.011978794508263026 -0.20778028414075875 0.07912959436739614 
-0.012057114753443088 -0.20796185423582617 0.07911332669507706 
-0.012135657429811597 -0.2081434064225412 0.07909724218416099 
-0.01221484531176524 -0.2083255853986414 0.07908175621532862 
-0.012294611678855843 -0.20850818464035833 0.07906670294203838 
-0.012374628981216424 -0.20869048134834436 0.07905155984618892 
-0.01245441809522748 -0.20887245373007995 0.07903646257418426 
-0.01253451743611414 -0.2090545160160337 0.07902160593932663 
-0.012615439943301702 -0.20923728592264468 0.07900735745977398 
-0.012697268301894927 -0.20942072828112127 0.07899365410491611 
-0.012779753331928883 -0.20960419355147358 0.07898001378273402 
-0.01286279944476983 -0.20978725062652737 0.07896609743384751 
-0.01294673039273201 -0.20997023855882152 0.07895209003139794 
-0.013032369576939247 -0.21015341638578294 0.07893903940707525 
-0.013119684162532057 -0.210337163752539 0.07892680078416342 
-0.013208340187372304 -0.21052109716118586 0.07891487950045246 
-0.013298064649283469 -0.2107047480773541 0.07890280937607397 
-0.013388990840513613 -0.21088826290147972 0.07889058304754915 
-0.013481538803794574 -0.21107228787812027 0.07887855540863803 
-0.013575981352247012 -0.21125722786015777 0.07886693553626034 
-0.013672228237215 -0.21144282361864647 0.07885549595327218 
-0.013770071935126128 -0.2116285579216423 0.07884384028757073 
-0.013869564459640632 -0.21181435785413805 0.0788318723829825 
-0.013971053565558732 -0.21200071778026636 0.07881987889134552 
-0.014074851120100417 -0.21218811688814843 0.07880813837829348 
-0.014180962436511096 -0.21237647855326108 0.07879655570538042 
-0.014289211917258895 -0.21256533733224664 0.07878476841700854 
-0.014399595816488062 -0.2127544819368728 0.07877257442353744 
-0.014512416096707366 -0.21294426474168796 0.07876014338484677 
-0.0146280332622198 -0.213135208369012 0.07874776260938388 
-0.01474655056428633 -0.21332741658200555 0.07873544865686703 
-0.014867817890935312 -0.21352051812307918 0.07872290498333144 
-0.014991742051731479 -0.2137141931416507 0.07870986170794618 
-0.015118518646795448 -0.21390861814142978 0.07869636541307583 
-0.015248510682323219 -0.21410429111367557 0.07868266739603551 
-0.015381936799233376 -0.21430147548863465 0.07866886460189595 
-0.01551875268177631 -0.21449995502495883 0.07865474194752992 
-0.015658856123409053 -0.21469938365516922 0.07863999920147073 
-0.015802348424218165 -0.21489977797047072 0.07862456924949066 
-0.01594953162751099 -0.21510154631479717 0.07860863657127892 
-0.01610021985952569 -0.21530535364151548 0.07859274038847025 
-0.01625460839146531 -0.21551099564657047 0.0785765949657409 
-0.01641313971183335 -0.21571762969785407 0.07856047457427393 
-0.01657569112193801 -0.21592525683180575 0.07854387131693326 
-0.01674242821123524 -0.2161342315359939 0.07852667763796593 
-0.01691359268170676 -0.21634498730089607 0.07850893890068553 
-0.01708926449155477 -0.21655763481915308 0.07849055703919494 
-0.017269361060980426 -0.21677194298620567 0.07847125018960173 
-0.017453853355513558 -0.21698772196852792 0.07845077295704492 
-0.01764292463962191 -0.217205135572027 0.07842910042092688 
-0.017836880433883002 -0.21742457203027865 0.07840634525278242 
-0.01803592547209361 -0.21764624927819898 0.07838251547176861 
-0.018240076797237787 -0.2178700427598203 0.07835740987455163 
-0.018449307369463243 -0.2180957330329986 0.0783307690834397 
-0.018663733504914824 -0.2183233560860902 0.0783024866753085 
-0.018884526665352678 -0.21855021544182773 0.07827705955329856 
-0.019110742657275193 -0.21877741259324246 0.07825275799808434 
-0.019337254657798897 -0.21900757741910704 0.07823125919267188 
-0.01956508361313394 -0.2192397989805267 0.07821071889006115 
-0.019794915236017556 -0.21947366629957255 0.0781901165834111 
-0.020027237836241215 -0.21970905876408486 0.07816889868276 
-0.020262373676952928 -0.2199459234134625 0.07814672405506937 
-0.020500514404700052 -0.22018416644234812 0.07812332908808356 
-0.020741802595886212 -0.22042370507520373 0.07809850815258534 
-0.020986410111442477 -0.22066456514202976 0.07807213606084405 
-0.02123454907990731 -0.22090687890313992 0.07804415180044123 
-0.021486422003597218 -0.22115077548724 0.07801449661520132 
-0.021742181126629265 -0.22139629277875084 0.07798306811543401 
-0.022001946959845257 -0.22164341080939 0.07794973671410593 
-0.022265866026643117 -0.22189205437256648 0.07791557585998664 
-0.022534062400303555 -0.2221423574119941 0.07788002686100219 
-0.02280668448333845 -0.2223944645901771 0.07784275447535333 
-0.023083853435440727 -0.2226484285182414 0.07780349871799429 
-0.02336567386858286 -0.22290422738986648 0.07776202771165483 
-0.023652284929795202 -0.22316187625475553 0.07771815977903837 
-0.023943881347620988 -0.22342149156638885 0.07767177771666971 
-0.024240673325646226 -0.22368323009345065 0.07762279246079534 
-0.024542830053629568 -0.2239471795607587 0.0775710883337191 
-0.02485047387619897 -0.22421333485277883 0.07751650852939136 
-0.025036939638036576 -0.22436348703745781 0.07755349779818034 
-0.025148835539952452 -0.22444600553780442 0.07763588649826077 
-0.025213835681943624 -0.22449039693006242 0.0777361946282025 
-0.02524711215734815 -0.22451372706376355 0.0778395717516143 
-0.025259042640760725 -0.2245140189013441 0.07792693886263777 
-0.025254026169589914 -0.22449582635214002 0.0779936951914361 
-0.025249479613091458 -0.2244775772516138 0.07802117764800225 
-0.025245395127105556 -0.22445926731608118 0.07800939502637735 
-0.025241810805962255 -0.2244409010795783 0.07795833131283332 
-0.02523147899754128 -0.2244617085776675 0.07793464262998998 
-0.025219740248467674 -0.22450697558444366 0.07792694494534881 
-0.02521009374934667 -0.22456856613315762 0.07792863347862695 
-0.025203756505310926 -0.22463989869329518 0.0779349110719239 
-0.025156542086066498 -0.2246826691840756 0.07796130743540837 
-0.025111813574358686 -0.22473132860330142 0.07798412428757322 
-0.025071812491760777 -0.22478588788760165 0.07800487597324471 
-0.025037698174144873 -0.22484608651871196 0.07802431580225642 
-0.025009369930518128 -0.22491017391178347 0.07804214042827987 
-0.02498638689902259 -0.2249762091016754 0.07805771883379435 
-0.024968972800819694 -0.22504390894150442 0.0780710394241919 
-0.024916415639458123 -0.22508335775075838 0.07810014971475801 
-0.02486893916127689 -0.22512978926301458 0.07812543335991817 
-0.0248270959301484 -0.2251816629498406 0.07814802436282062 
-0.024790238177206957 -0.22523601389925235 0.07816760749988756 
-0.024758247931409266 -0.22529141228872457 0.07818407618273297 
-0.02473203905021376 -0.22534891721074984 0.07819819848425139 
-0.02471282619813526 -0.22541061846269417 0.07821110143617474 
-0.024700757101593612 -0.22547672885640418 0.07822300872212247 
-0.024653144858481527 -0.22551305592282841 0.07825112614503288 
-0.02460863628791692 -0.22555319979165087 0.07827356964427841 
-0.02456864006478571 -0.22559659945954405 0.07829202172645797 
-0.024534380269520685 -0.22564380617976149 0.0783078527102947 
-0.024506411092390365 -0.22569487282165163 0.07832173888177921 
-0.02448456199878605 -0.22574878384137426 0.07833358294188011 
-0.02442952357864278 -0.2257756321919227 0.07835849732695188 
-0.024378504274659585 -0.2258063960113294 0.07837898517610793 
-0.024332969829825517 -0.2258412348262756 0.07839655231124146 
-0.024293447216641284 -0.22587969169706507 0.07841183068706158 
-0.02425978155640392 -0.22592057170396726 0.0784247602221003 
-0.024231820286150847 -0.22596298539825804 0.07843520117938972 
-0.024210017467321706 -0.2260072623798568 0.0784433924242905 
-0.024157449405299035 -0.22602565532960672 0.07846523433089625 
-0.02408630267096016 -0.2260300521877651 0.07849373142295163 
-0.024018330705480054 -0.22604153826408094 0.07851755564114836 
-0.023995862431831418 -0.22605127663035057 0.07855658256426046 
-0.024004031573109336 -0.22606355898629615 0.07860083925108599 
-0.024035357838636306 -0.2260810524221324 0.07864473493398694 
-0.02408601099053189 -0.22610556920820563 0.07868523742636632 
-0.024118456720365476 -0.22610460218151207 0.07874265590250766 
-0.02413942592212552 -0.22608956684043952 0.07880746205857611 
-0.024154258957813212 -0.22606623807271162 0.07887500199108864 
-0.02416573200117673 -0.22603759332041273 0.0789424155142837 
-0.024175253435124215 -0.22600531726805212 0.07900825478555444 
-0.024183327512151714 -0.22597051638214422 0.0790719011487632 
-0.02419960440118542 -0.2259240213504674 0.0791285503665176 
-0.024224595743571508 -0.22586671647111334 0.07917913964496727 
-0.02425870068950243 -0.22579909671317314 0.07922421489501995 
-0.024302221782565404 -0.22572144963444324 0.0792640946855475 
-0.02435538687434541 -0.22563394877094514 0.07929896437081224 
-0.024390546864888413 -0.22556474778439856 0.0793423079255078 
-0.024414417144198307 -0.2255055784961086 0.07938907123968897 
-0.02443136323804416 -0.22545152814916303 0.07943705654465273 
-0.02444422717148853 -0.22539981157007305 0.07948502406250992 
-0.024465740008753047 -0.22533805394634776 0.07952729079424481 
-0.024496439675415094 -0.2252664944913276 0.07956434472877114 
-0.02453667803834034 -0.22518530014723465 0.07959647941933101 
-0.02456461153209963 -0.22511598409715844 0.07963379821167052 
-0.024585117297081162 -0.22505298574991373 0.07967338216272267 
-0.024614746080416437 -0.22498024444846243 0.079707617013626 
-0.02463657410558879 -0.2249145456495829 0.0797447131966326 
-0.024667721956976165 -0.22483922524692324 0.07977662627660803 
-0.024690713498576006 -0.2247714725588763 0.07981175804173171 
-0.024708810934843846 -0.2247077787705128 0.07984823738542024 
-0.024736272855311506 -0.22463459137718148 0.07987957317199892 
-0.024773567839424363 -0.22455208148357428 0.07990613438649734 
-0.024800958419273572 -0.22447945694679283 0.07993722913005802 
-0.02482234252125567 -0.22441225569725565 0.07997057359725442 
-0.02485337532416987 -0.22433564011700885 0.07999887991322674 
-0.024877436666930597 -0.22426601049428152 0.08003029764708754 
-0.024911379016494744 -0.22418712774229274 0.08005678955754071 
-0.024955626475786277 -0.22409917474468788 0.0800786760320215 
-0.02498844651531441 -0.22402324400157492 0.08010626863594142 
-0.025014496163313093 -0.22395425341096317 0.08013677031816016 
-0.02503674585847836 -0.22388926565708794 0.08016866776290077 
-0.025069132806832366 -0.22381515591516712 0.08019559131234845 
-0.025112152089112195 -0.22373209690902074 0.08021789181477615 
-0.0251661118229424 -0.22364022212378962 0.08023576304472646 
-0.02520699952807068 -0.2235627933834758 0.08026057865705735 
-0.025240284042986998 -0.2234937348423791 0.08028896793861368 
-0.025283960246422883 -0.22341570108995124 0.08031229626253049 
-0.0253385694591217 -0.2233288600535216 0.08033090400332055 
-0.025381971894527747 -0.22325486154923074 0.08035555912566109 
-0.02541915688413733 -0.22318825608773457 0.08038325583500394 
-0.025467084522619556 -0.22311272582295516 0.08040582410889553 
-0.025526259097255113 -0.22302844891034496 0.08042360047052975 
-0.025597005785164405 -0.2229355560552959 0.0804367624795091 
-0.025654097115237143 -0.22285853715131876 0.08045753888509061 
-0.02570371767725085 -0.22279056328984453 0.08048213256902273 
-0.02576441289979006 -0.222713752279798 0.08050144158554313 
-0.02581840794189136 -0.22264575664289812 0.08052462443764119 
-0.025883872859520235 -0.2225689326452875 0.08054258623352692 
-0.025961226054354164 -0.2224834802096347 0.08055561969026438 
-0.02602909019397849 -0.22241035581699575 0.08057451474144614 
-0.02609244683683953 -0.22234415502135713 0.08059622134852058 
-0.026154524519375406 -0.2222818398558143 0.08061914055286382 
-0.026217342015895383 -0.22222158821886692 0.08064231394293876 
-0.026282282667128804 -0.2221620760098182 0.08066499551879672 
-0.026350039298148907 -0.22210253450833234 0.08068681985132126 
-0.026419784539936392 -0.22204242677335218 0.08070776188671229 
-0.026490861483273932 -0.2219814168307306 0.08072770773785098 
-0.02656180538432592 -0.22192033291289787 0.08074708024436761 
-0.026631552216508793 -0.22185977655494643 0.08076614417743695 
-0.026699331896721593 -0.22180018553828215 0.08078507402328837 
-0.026764588086749003 -0.22174188279930196 0.08080399181529295 
-0.026826918474371693 -0.2216851108077127 0.08082298781501847 
-0.026886031961480365 -0.22163005542627898 0.08084213178136235 
-0.02695671499202387 -0.221566643949546 0.08085531506630171 
-0.027022339673133527 -0.2215079664407008 0.08087230195443722 
-0.027083350291437963 -0.22145298778896413 0.08089145546065404 
-0.027154943237905724 -0.22138973567781386 0.08090354106842003 
-0.027221327599721776 -0.2213325354750814 0.08092104747616789 
-0.02729771746348707 -0.2212671006274457 0.08093091440524983 
-0.02736856214006911 -0.22120918041701446 0.0809481403253307 
-0.027434579926840747 -0.2211565804575028 0.08096935203981796 
-0.027508318207780984 -0.22109558256720277 0.08098089041390726 
-0.027591966357299044 -0.22102657447568144 0.0809848922778308 
-0.02766918987296345 -0.22096802510702573 0.08100023031111524 
-0.027736987119263593 -0.22091785748367404 0.08102187350905601 
-0.02779254434988084 -0.22087561031324077 0.08104758172795751 
-0.027849441490302485 -0.22082971444020078 0.0810629795269359 
-0.027912119494231682 -0.22077903028021043 0.08107067799129702 
-0.027985234184465878 -0.22072118579127167 0.08107160390509897 
-0.02804326954434004 -0.2206700865447628 0.08108856261267655 
-0.028084209711915723 -0.22062596325331968 0.08111573180538648 
-0.02810664980704536 -0.22058901222167993 0.08115157676902798 
-0.028135575669663203 -0.22055489443641002 0.08117368151112882 
-0.028174079315890877 -0.2205185359550138 0.08118548224201659 
-0.028225419416604593 -0.2204764694369492 0.0811891598712481 
-0.02829029440509724 -0.22042818712985401 0.08118637508406215 
-0.02832801723994116 -0.22038566474956833 0.08120671902404922 
-0.02837577019222506 -0.22034575373716253 0.08121579450060015 
-0.02839555344542929 -0.2203113090424788 0.08124625314633911 
-0.028429027451713735 -0.22027949514429418 0.08126182305962402 
-0.028477897750022192 -0.22024464098143348 0.08126677722533746 
-0.028542037087960673 -0.22020506861615846 0.08126393920222286 
-0.028581216747172587 -0.220170876387853 0.0812817192653246 
-0.028600558529345316 -0.22014284865620137 0.08131201946765693 
-0.02863225865769829 -0.2201207259457946 0.08132800055503286 
-0.028677585083133013 -0.22009873761735244 0.0813341674189667 
-0.028739083805429423 -0.22007225290588261 0.08133250239374079 
-0.028790683352334007 -0.2200492196228927 0.08134106079266445 
-0.028854000274802727 -0.22002570223627194 0.08134169780178335 
-0.02889430928120592 -0.22000780440278161 0.08135902230810182 
-0.02894701821956532 -0.21999292497262382 0.08136626507911801 
-0.029016446241113214 -0.21997408049879635 0.08136512640372759 
-0.029078673489274467 -0.21995876834087244 0.08137114207057228 
-0.02913420303659165 -0.21994868297445758 0.08137943572527635 
-0.02920107265978413 -0.21993887888618296 0.08138106035528717 
-0.02927966933631844 -0.2199283450835321 0.08137783131211516 
-0.02937164709444306 -0.21991520719092297 0.08137027452675241 
-0.029454898877444728 -0.21990507473729043 0.08137252578613939 
-0.029534330183269834 -0.2198990838379573 0.08137778175941424 
-0.029602074900302283 -0.21989988604070249 0.0813871139813401 
-0.02968147799999472 -0.21990143437688886 0.08138969550641562 
-0.029772834095460166 -0.2199025969186162 0.08138737417261675 
-0.029846933290701847 -0.219908632500868 0.0813966581492393 
-0.029938763475910256 -0.21991139963558054 0.08139729643052822 
-0.030047946119060892 -0.21990952107634698 0.08139113722081513 
-0.03014036053254724 -0.2199134795814479 0.08139770314589446 
-0.030217652606067867 -0.219923758127279 0.0814146155239728 
-0.030308683421947112 -0.21993793296344238 0.08142171407834223 
-0.03041520837182459 -0.2199509051977312 0.08142117407987735 
-0.030515030728475903 -0.21996703432324533 0.08142706333859721 
-0.030631370234724464 -0.21997917501991876 0.08142440303055465 
-0.030729804722360136 -0.21999734930845788 0.08143543515260893 
-0.03084092202005732 -0.22001787954289354 0.0814378640920467 
-0.030930051747571078 -0.22004386120481637 0.08145859505668053 
-0.031034267988465626 -0.22007238710420418 0.0814672308571265 
-0.031141391204442335 -0.22011662486198136 0.0814848731901199 
-0.03124972564470959 -0.22017079166648684 0.08150828544884957 
-0.03135438962469201 -0.22023556253884674 0.08153878135389737 
-0.031454322870593944 -0.22031036435886692 0.08157637198814394 
-0.03154997037282457 -0.22039375141644768 0.0816197944120212 
-0.031644846187226607 -0.22048009092353096 0.08166291191493044 
-0.03173957457234735 -0.22056797198111636 0.08170416424787144 
-0.0318325714209088 -0.220658880095794 0.08174499681752212 
-0.03192148297857007 -0.22075629297832017 0.08178922657086224 
-0.03199459333807334 -0.22084348031100437 0.08181140018531241 
-0.03205411999332954 -0.2209325495229485 0.08182846029753148 
-0.03212611000633395 -0.22102956861471823 0.08185530324588063 
-0.032202773837843465 -0.22113366371869847 0.08188884669103796 
-0.03228519636505907 -0.221234517637384 0.0819146128572942 
-0.032364741735119044 -0.22134809443424974 0.0819521632145511 
-0.032442339169261016 -0.22146929119500183 0.08199549557451084 
-0.03250928142234691 -0.2215780250364701 0.08201552460629574 
-0.032581364615113614 -0.2216953485188244 0.08204449253424462 
-0.03263599761832909 -0.22181576700092653 0.08206983750571525 
-0.03270204448146931 -0.22193457326243915 0.08209072150938232 
-0.0327694484122333 -0.22206591594267733 0.08212461925677808 
-0.03283843639272336 -0.2222027398095086 0.08216310005347016 
-0.032912102844961245 -0.22233091645749703 0.08218781424975463 
-0.03298264906227212 -0.22246891529595253 0.08222112609281804 
-0.03305510695036753 -0.22260220871792646 0.08224410624639633 
-0.03312338865177434 -0.22274750009356642 0.08227836704059267 
-0.03317800645090251 -0.2228941106411556 0.08230794313250459 
-0.03322211610795778 -0.22302795076510762 0.08231456594696882 
-0.033273377586406125 -0.22317487953942627 0.08233720832642297 
-0.03332486925358527 -0.22333298027110016 0.08237152482019383 
-0.03338049965918938 -0.22348625535917474 0.08239635310261081 
-0.0334456207596017 -0.22363209874001716 0.08241263116199313 
-0.033510921241732945 -0.2237872247271219 0.08243837616617766 
-0.03357357104361361 -0.2239495064098068 0.08247037301820534 
-0.03363034386968321 -0.2241200741106576 0.08250900413033573 
-0.033687152318836754 -0.2242850753166234 0.08253656276486365 
-0.03375019597364917 -0.2244420404555193 0.08255355923720968 
-0.03381246156112716 -0.22460728804937305 0.08257857863874292 
-0.033879949321882534 -0.22476343482304914 0.08259239242951048 
-0.03394127836210313 -0.22493284095516114 0.08261873366054577 
-0.03399605752900961 -0.22511264549428023 0.08265429007028943 
-0.03403859611831158 -0.22527978640065327 0.08266790797338645 
-0.03409372867256807 -0.22543966354490375 0.08267422074415309 
-0.03414932728867811 -0.22561007529489782 0.0826921215701488 
-0.03420021909445001 -0.225790857385676 0.08272010329607236 
-0.03424516782968534 -0.22598043181539346 0.08275582500889317 
-0.034276387523854805 -0.22615766069503943 0.08277017349486789 
-0.03429710733897347 -0.22632147017536147 0.08276202910178895 
-0.03432594351201189 -0.22649744202543282 0.08276923781644906 
-0.03435458183514859 -0.2266846076734283 0.08278854737752125 
-0.034387634054819406 -0.22686784958575304 0.08280119201610578 
-0.0344275305021755 -0.22704685639619715 0.08280855548880105 
-0.034466884986305 -0.22723489321970947 0.08282536165510782 
-0.034505100418719625 -0.22742708709285533 0.08284603479290745 
-0.03453849997072274 -0.22762411695323692 0.08287024795149517 
-0.03457093246257105 -0.22781496833074805 0.08288420883864181 
-0.034606457996116675 -0.22800082766080526 0.08289112058442749 
-0.03465128943216079 -0.228177815298077 0.0828901960020542 
-0.03469541055001593 -0.22836383355633932 0.08289856666766279 
-0.034736341693056304 -0.22855587493941 0.08291249343361701 
-0.034769822659484695 -0.22875579637941834 0.08293301526243933 
-0.03480125626854909 -0.22894924671420505 0.08294257621905482 
-0.03483628188033188 -0.2291358517849017 0.08294376315858334 
-0.034879808905653766 -0.2293134278678893 0.0829369159718244 
-0.03492236887813418 -0.2295002125778699 0.0829395323952949 
-0.034963233215622516 -0.22969132296606365 0.08294628902304002 
-0.0349926873020488 -0.22988074525774088 0.08294689685768587 
-0.03501130632343853 -0.23005602661917246 0.0829261909913702 
-0.035045368207631586 -0.23022343215448565 0.0829026875010836 
-0.03509095611565574 -0.23038603618417702 0.0828773864176796 
-0.03513084163140001 -0.23056641785118767 0.08286988449369631 
-0.0351638221924916 -0.23075947424898313 0.08287453224657412 
-0.035191024549493514 -0.23095967017793556 0.082885271967472 
-0.03521920518176523 -0.2311493623494249 0.082882640078558 
-0.03525238751574239 -0.23132947457406308 0.0828701754227124 
-0.03529123125403395 -0.23150333995655617 0.0828516278468906 
-0.035322579931921144 -0.23169336781511704 0.08284838937119142 
-0.03534764614097778 -0.23189278262932217 0.08285356835586473 
-0.035374059117079484 -0.23208165854585777 0.08284620918649363 
-0.035405607548169175 -0.23226100833295943 0.08282958199003093 
-0.035432319290532595 -0.23245097504813853 0.08282269761141954 
-0.03544040922047503 -0.23264673572783384 0.08281704689449085 
-0.03545278410180156 -0.23283699630249416 0.08280466995832712 
-0.03547365225709072 -0.2330185164123193 0.0827851949382116 
-0.03549382956333396 -0.23320794284283305 0.08277354065229652 
-0.035517959351413324 -0.23338864543672797 0.08275374275083816 
-0.03553457212172125 -0.23358275037642315 0.0827460461797963 
-0.03555207805386591 -0.23377059137884795 0.08273080139713362 
-0.03556599363811081 -0.23396615581691296 0.0827223858720259 
-0.035583149998127485 -0.23415144516053693 0.08270410822453739 
-0.03559518350048171 -0.23434537348010276 0.08269317835142698 
-0.03559075546268356 -0.23452732732386694 0.08266318518507629 
-0.03558422263448595 -0.23472363437809277 0.08264765526288931 
-0.03557570436545882 -0.23492576625573836 0.08263758374603335 
-0.035572063832806915 -0.23511846986761065 0.08261934023336798 
-0.03557455316945317 -0.23530398292869553 0.08259552911444552 
-0.035583682869025635 -0.2354843978276842 0.08256820309958592 
-0.035587126941336956 -0.2356776942105132 0.08255187482012874 
-0.03558526234688574 -0.23587815445352447 0.08254106399685424 
-0.03558565380186709 -0.23606984938463055 0.08252168881684874 
-0.03559120949072642 -0.23625396816615724 0.0824960615192328 
-0.03559120642989153 -0.23644846505276132 0.08247873754915862 
-0.035594039118889975 -0.23663598663298924 0.082454929835168 
-0.035590472949875135 -0.2368340046112053 0.08243938988263248 
-0.035589463679610404 -0.23702450719188034 0.0824167311128678 
-0.03559421928629587 -0.237207669870549 0.08238836709313471 
-0.03559385894779884 -0.2374016282992707 0.08236861676512357 
-0.03558685423770449 -0.23760397035877012 0.08235504895545202 
-0.035580033686743236 -0.23780012816559065 0.08233472001080167 
-0.03557751181819244 -0.23798983402444213 0.08230900991224215 
-0.03557043567938525 -0.2381889079038716 0.08229041524657421 
-0.03556696276300334 -0.23837946324859283 0.08226456400854751 
-0.035556501924196966 -0.23858124725134605 0.08224715764676246 
-0.03554712542526727 -0.2387777963311047 0.08222434965380895 
-0.03554270966032227 -0.2389684009665912 0.08219694006949638 
-0.035533885264608565 -0.23916925627225002 0.08217731885061141 
-0.03551955236506432 -0.23937682556205447 0.08216210441504859 
-0.0355051325571587 -0.23957820505423058 0.08214045205157056 
-0.035493659787318284 -0.23977502041641133 0.08211487346416677 
-0.03548864049594759 -0.23996512547112242 0.08208517493593828 
-0.03547946059637402 -0.24016605212037972 0.08206396528932414 
-0.03546393167793774 -0.2403753261999263 0.08204866496595653 
-0.035439225627685034 -0.24059419666942367 0.08203987819106731 
-0.035396776327056866 -0.24080153001384072 0.0820130356588062 
-0.035365491579051916 -0.2410034228798934 0.0819843934053672 
-0.03534462790241592 -0.24119931565945957 0.08195325337597978 
-0.035319096708345536 -0.24140826935395016 0.08193212099731956 
-0.035295839256452397 -0.2416146535869342 0.0819087565428007 
-0.03526349303746157 -0.2418376278459421 0.08189790604412896 
-0.03523413853723481 -0.24205285059262982 0.08188004555015341 
-0.03521044856647612 -0.24226058917593563 0.08185657491778833 
-0.03518152073625508 -0.24247866469305113 0.08184005634108488 
-0.035153273143635054 -0.2426932850075993 0.08182000610189369 
-0.035128212216965216 -0.24290536027899215 0.08179807807819119 
-0.03509803171320227 -0.24312872930860963 0.08178391852201429 
-0.035063383107873033 -0.2433567894847464 0.08177182661982055 
-0.035029358969657476 -0.24357667662936594 0.08175233257183634 
-0.03499691414740848 -0.24379340975833702 0.08173011390772508 
-0.03496898135573802 -0.24400634744610958 0.08170551616777116 
-0.03494848522936834 -0.24421277961161506 0.08167711773571748 
-0.03492383341095095 -0.24442969623711844 0.08165555863714943 
-0.03489131874905995 -0.2446566268581164 0.08164019086425169 
-0.034856907598941174 -0.24487988166236524 0.0816205197088248 
-0.03482454821509919 -0.24509936158537865 0.08159781898661447 
-0.03478704759558249 -0.24532759748736066 0.0815801857569656 
-0.03475217120021105 -0.24554752591769943 0.08155597811602773 
-0.03472077964963145 -0.24576249781711296 0.08152837486534205 
-0.03469276002275194 -0.2459760349033835 0.08150035702571179 
-0.034656438655659955 -0.24620545078986764 0.08148302091469586 
-0.034613986588083276 -0.24644125651965543 0.08146862629883837 
-0.03457216346604226 -0.24666828389396978 0.08144649130951441 
-0.034532599529807195 -0.24688977485989744 0.08142011064724766 
-0.03449629353865849 -0.247108000722922 0.08139180986670198 
-0.03446513057913378 -0.24732210027568433 0.08136146504350472 
-0.03444076257547834 -0.24753032509451556 0.08132813467048693 
-0.034409846940832683 -0.24775120748947882 0.08130262683183861 
-0.03436978239996806 -0.24798315862441228 0.08128356563412693 
-0.034327396201416886 -0.24821176146239127 0.08126074764861622 
-0.0342869191905083 -0.24843570523533204 0.08123456752372255 
-0.03425124551169145 -0.24865319830080856 0.08120448652793245 
-0.03422114098716165 -0.24886467446677102 0.08117117755535644 
-0.034181584503598386 -0.24909131974959142 0.08114807564202352 
-0.034141019665353683 -0.2493158644098032 0.08112343072127833 
-0.03409100281242213 -0.2495535346842589 0.08110685334898732 
-0.034041903778599746 -0.24978322490790195 0.08108396899694685 
-0.03399585027417335 -0.2500059638166252 0.0810564716664716 
-0.033953071406186655 -0.25022445478682287 0.0810267934419654 
-0.03391378648464062 -0.2504412815003458 0.0809972697868911 
-0.03386547561131101 -0.2506729219061369 0.08097668002613306 
-0.03381905001270426 -0.25089758154294406 0.08095117500971832 
-0.03377620832604978 -0.2511157645948203 0.08092184252609022 
-0.03373721761743919 -0.25132925938501227 0.08089034082232675 
-0.033701861857115774 -0.2515400579139215 0.08085832092240888 
-0.03365691278919529 -0.25176599240931613 0.08083525164205205 
-0.03360269227995626 -0.25200081038135774 0.08081638613943323 
-0.033547369320275355 -0.2522293759650328 0.08079238922343215 
-0.03349344439363218 -0.2524524597490715 0.08076487309544791 
-0.03344227278220007 -0.25267080963310784 0.08073495971237857 
-0.03339447660849837 -0.25288526096989267 0.08070357930245264 
-0.03335041543372103 -0.25309635937065733 0.0806713291806271 
-0.03331044399347444 -0.25330411729030056 0.08063836182494573 
-0.03327484579154685 -0.2535082980141704 0.08060460621464936 
-0.033229865212153674 -0.2537259773073186 0.08057812216900681 
-0.03318484040510974 -0.2539398569849537 0.08054935530795529 
-0.033141313473675924 -0.2541506394275508 0.08051943767248923 
-0.03310083146810287 -0.2543573938156348 0.08048809697959525 
-0.03305125812994832 -0.25457527189072154 0.08046212439997291 
-0.03300154881262393 -0.2547888011405416 0.08043353513284186 
-0.03295269940681027 -0.2549998660734205 0.08040422816968208 
-0.03290607250414863 -0.25520807758772723 0.08037429648031702 
-0.0328500462798917 -0.2554270443720071 0.08034922211719939 
-0.03279427796237115 -0.25564117834989697 0.0803213274014011 
-0.03273957915306134 -0.255852326150636 0.08029239273487628 
-0.03268671447158944 -0.25606111511568264 0.08026315093695578 
-0.03263631083289033 -0.25626645834425643 0.08023381617907738 
-0.03258911047374764 -0.2564678291832534 0.08020378172604983 
-0.03254507622094199 -0.25666577823109166 0.08017327599670673 
-0.032490340279760846 -0.25687694669539374 0.08014924737183976 
-0.03243458754187722 -0.257085973119295 0.08012430246655915 
-0.032379670092385404 -0.25729248849288755 0.08009870449636615 
-0.0323272650227005 -0.2574948042957894 0.08007156625413904 
-0.03227784359196039 -0.2576927398842096 0.0800428745821774 
-0.03223076515214693 -0.2578881424274715 0.0800139346039942 
-0.03217215653457692 -0.2580977541148023 0.07999167632064846 
-0.03211216574012976 -0.258305849626397 0.07996877620884954 
-0.03205310033331283 -0.25851084330325563 0.0799446861491954 
-0.03199629000947425 -0.25871154380031797 0.07991884849625158 
-0.03194179812699259 -0.2589086267382231 0.07989182642926942 
-0.03188872626635435 -0.25910463871668044 0.07986539240680147 
-0.03183733455370694 -0.25930062924500963 0.07984050997043782 
-0.03178835313606904 -0.2594948836043383 0.0798159861590747 
-0.03172960673063427 -0.2596990696702921 0.0797947820984017 
-0.03167073385109701 -0.2598996586066369 0.07977169285395974 
-0.03161187597820471 -0.2600990268005292 0.07974864977445621 
-0.03155358421479639 -0.2602977011771301 0.07972619779965927 
-0.03149691568666541 -0.260494245108785 0.07970346807729975 
-0.0314425142919745 -0.2606874689263063 0.07967968008999772 
-0.03139002838063576 -0.26087815297929234 0.07965533459633221 
-0.031338675801066 -0.26106816528034044 0.07963166742563359 
-0.03128825702410698 -0.26125819803393024 0.07960915020251451 
-0.031239359589042632 -0.26144703371408 0.07958697603057382 
-0.031192545214713433 -0.2616332231009704 0.07956415400823055 
-0.031147585495635944 -0.2618169885629237 0.07954078674294074 
-0.031091069031064615 -0.2620133106718248 0.07952178260212144 
-0.031032354518852678 -0.2622096082387866 0.07950282900242953 
-0.03097298036678538 -0.262405344007424 0.07948396135796981 
-0.030914204735021558 -0.26259797542796814 0.07946447796300216 
-0.030856541217727285 -0.2627874562378575 0.07944406280342367 
-0.030799442073960716 -0.26297568236652846 0.07942379090993651 
-0.030742222819772888 -0.26316480070892684 0.0794049833782039 
-0.03068527794540353 -0.263354362113273 0.0793872978812725 
-0.030629596566885516 -0.2635421467714279 0.07936922000929608 
-0.030575359987279428 -0.26372745382340457 0.0793502144341368 
-0.03052188860552362 -0.2639116195516421 0.07933109229399768 
-0.030468286304899634 -0.2640967433915489 0.0793131970219797 
-0.0304146436633388 -0.2642827757384772 0.07929648424968301 
-0.030361789585232477 -0.2644677439806531 0.07927963574741234 
-0.03031007162561918 -0.26465052357984653 0.07926186158762306 
-0.03025894331962365 -0.26483208904287364 0.07924373893919859 
-0.030207504429965396 -0.26501448578680586 0.07922656696599742 
-0.030155615779108632 -0.2651981504482378 0.07921061275650446 
-0.030103939516929582 -0.265381508239461 0.07919482171402373 
-0.030052982135148378 -0.265563091000012 0.07917818573303807 
-0.030002375092662275 -0.2657434436701287 0.07916099762258687 
-0.02995127232652498 -0.2659244493572513 0.07914444132534273 
-0.029899327878359354 -0.26610701299771733 0.07912908493108028 
-0.029847014220571687 -0.26629004475007145 0.07911419775474145 
-0.02979490962339854 -0.26647196093258096 0.07909870513819474 
-0.0297428824318054 -0.26665274458576976 0.079082531160093 
-0.029690620605043995 -0.2668341761816312 0.07906699145748491 
-0.029637451382945997 -0.2670173974133746 0.07905271200151018 
-0.02958353815294862 -0.2672017841861907 0.07903922256592248 
-0.029529413367021345 -0.26738575783242985 0.07902544247735065 
-0.029475132228066477 -0.2675687894694422 0.07901095942498773 
-0.02942008490289084 -0.26775205118469364 0.07899646050999433 
-0.029363653916059947 -0.2679369501484714 0.07898280363244578 
-0.029305864027103876 -0.2681234354630252 0.07896992338563188 
-0.029247217392648864 -0.2683101772042204 0.07895692655039052 
-0.02918755454897712 -0.26849594192753656 0.0789438072615832 
-0.029126664176328025 -0.2686815896447115 0.07893070576766924 
-0.02906403334117716 -0.2688686056089479 0.07891832758990411 
-0.028999570666021164 -0.26905742169069063 0.07890680491978967 
-0.028933704297402524 -0.2692470520023739 0.07889541065263407 
-0.02886678901323653 -0.26943646532891474 0.0788833981648065 
-0.02879860064165837 -0.26962594656711275 0.0788708609758016 
-0.02872854563694884 -0.269816775053051 0.07885853954564605 
-0.02865630916762884 -0.27000968518189555 0.07884684839806594 
-0.028582129779961864 -0.27020405245404777 0.07883534919585787 
-0.028506381468542973 -0.2703987803419687 0.07882329517871864 
-0.028429004015258576 -0.27059373245008816 0.07881053217231018 
-0.02834948709660627 -0.2707899296638441 0.07879763369590209 
-0.028267403231248767 -0.27098831930141354 0.07878513743247013 
-0.02818281520941582 -0.27118868315298594 0.07877285644122647 
-0.028096064429959565 -0.27139001792987716 0.07876010568053515 
-0.028007226056972135 -0.2715918639012148 0.07874652688488562 
-0.027915911482131246 -0.27179491526125704 0.0787324771327702 
-0.027821645981398073 -0.2720001936897404 0.07871852473109994 
-0.027724335361391256 -0.27220785339118103 0.0787047075786346 
-0.027624247624621442 -0.2724170940861406 0.07869046895414418 
-0.02752155044179928 -0.2726272453090189 0.07867531914712227 
-0.027415987222475534 -0.27283865140760827 0.07865938390619072 
-0.027307080937146257 -0.27305228419405275 0.07864317731176923 
-0.02719459684309618 -0.2732686059721497 0.07862691028393429 
-0.027078692328830405 -0.27348709795406423 0.07861019652845658 
-0.026960064947725224 -0.27370726964944436 0.07859289896467969 
-0.026838410637362864 -0.2739290077126602 0.07857476658000885 
-0.026713201226601768 -0.274153048377219 0.07855609891016584 
-0.026583566518918352 -0.2743796210144783 0.07853780317186233 
-0.02644974194288137 -0.274608614726276 0.07851935259631904 
-0.026312048547144078 -0.27483937299871347 0.07850005339507748 
-0.026170538986778926 -0.27507168116368275 0.07847955802226646 
-0.02602490742798881 -0.2753061397093636 0.07845804966171585 
-0.025874793628996334 -0.2755435117754199 0.07843583888618552 
-0.02572011340798924 -0.2757838867637127 0.07841285942028639 
-0.025561025496188168 -0.2760266879671865 0.07838865977351644 
-0.02539759588532609 -0.27627148506507826 0.07836286785801799 
-0.02522957906354863 -0.27651859548018265 0.07833554031461228 
-0.025056581484241423 -0.2767687578163753 0.07830697749053671 
-0.024878392829087295 -0.277022308285333 0.07827725279294888 
-0.02469508212600241 -0.27727887625602077 0.0782460350515997 
-0.024505381530743383 -0.2775350411731931 0.0782174582775789 
-0.02431504692386097 -0.2777930766053861 0.07819231861582894 
-0.02412307055613291 -0.27805318943053514 0.07816875634068125 
-0.023928797602986024 -0.2783156880943639 0.07814578847839797 
-0.023732017606802387 -0.27858021365876606 0.07812256616439399 
-0.02353238822531332 -0.2788453196584276 0.078098131230189 
-0.023329718502079533 -0.27911063694624877 0.07807204612738841 
-0.023123586618390993 -0.2793765816816278 0.07804433473926907 
-0.02291356059969877 -0.27964376400610236 0.07801515656648472 
-0.02269945093884185 -0.2799121961565294 0.07798440600677901 
-0.022481272902296973 -0.28018127858986586 0.07795169376983764 
-0.022258966661031006 -0.2804505476141548 0.07791669359500156 
-0.02203222172159329 -0.28072023943831326 0.07787940382556593 
-0.021801110788738455 -0.2809912783851621 0.07784040064410125 
-0.021564637505909152 -0.2812634105588696 0.07780025844214415 
-0.02132292053754 -0.2815363001776061 0.07775826616543502 
-0.021076040866920925 -0.281809455098669 0.0777138233043907 
-0.020823833686707385 -0.28208292857149925 0.07766667058502041 
-0.02056593378175262 -0.28235732693229926 0.07761684568144901 
-0.020302033805753114 -0.2826331487576851 0.07756436464769136 
-0.02003204881592173 -0.2829102904736541 0.07750899114675969 
-0.019756000188221268 -0.28318831699358094 0.07745034615302009 
-0.019473699528724978 -0.28346720114716206 0.07738819333516564 
-0.019301304503347196 -0.28361053643093415 0.07742063886954419 
-0.019192909376876347 -0.28367658235601007 0.07749730347737913 
-0.01912356619908516 -0.2836986045527852 0.07758985761133955 
-0.019080419159974875 -0.28369506169625835 0.07768347864219682 
-0.01905471599363142 -0.2836665943507589 0.07776058049730722 
-0.019042710890310406 -0.2836180037313666 0.07781677486883982 
-0.01904247901182487 -0.28355180422689047 0.07784974649880118 
-0.019052986298151057 -0.2834692907167949 0.07785827385459634 
-0.019073657285225296 -0.2833711068839853 0.07784171323022399 
-0.01910417100076816 -0.2832575471387293 0.07779973000542674 
-0.01918218806301642 -0.2831705098860372 0.07777052013630982 
-0.019256654885337315 -0.28310764120622234 0.07776655297494067 
-0.0193273277496515 -0.28306126479787674 0.07777618913842559 
-0.019394078939569563 -0.2830269262434878 0.07779249949960845 
-0.019457964868548207 -0.2830008792782296 0.07781018660866215 
-0.0195218160036481 -0.2829816412337851 0.07782568154485672 
-0.019584614885594816 -0.2829685514712933 0.07783812162986707 
-0.01964315422188993 -0.28296125763963603 0.07784839592561299 
-0.019695738676485757 -0.2829597705009651 0.07785708087680965 
-0.01974225371634277 -0.2829623367280131 0.07786373838690047 
-0.01978316546732155 -0.2829665678191181 0.07786748570188598 
-0.01981835343030469 -0.28297178913551596 0.07786807186833854 
-0.019846998334954596 -0.28297950198389216 0.07786615226021994 
-0.019868951113985657 -0.282991348788343 0.07786257853429326 
-0.01988425046121429 -0.28300746448987346 0.07785729631270827 
-0.01989353466823085 -0.2830262995414976 0.0778495274840308 
-0.019897161070835726 -0.28304694206749825 0.07783877712689088 
-0.019894805681784943 -0.2830704182983046 0.07782543724730037 
-0.01988595495322458 -0.2830985058898681 0.07781028591297293 
-0.019870631176581097 -0.2831316278340281 0.0777935347431734 
-0.01984944254683328 -0.2831684293277796 0.07777459056390154 
-0.019778917534427794 -0.2832076878569608 0.07777498056439625 
-0.019675084174831294 -0.28325282164184773 0.07778304928902538 
-0.019546168702642884 -0.28330647543753706 0.07779254594549405 
-0.019397775673338363 -0.2833700061621868 0.07779953670672779 
-0.01928483750409777 -0.28338010159510596 0.077836744932995 
-0.019193284138020003 -0.28336019992039657 0.07788837775588082 
-0.019114216022478932 -0.28332322063515525 0.07794635455062981 
-0.019032144514567792 -0.2832676054367617 0.0780004070573764 
-0.018943824863166914 -0.2831970960200439 0.07804818493814472 
-0.018847404875773244 -0.2831137187667656 0.07808913195380399 
-0.018741865645402433 -0.2830193203241207 0.07812382471501429 
-0.018626509472078966 -0.28291493069186113 0.078152604520048 
-0.018500879199010632 -0.28280113878001506 0.07817566601394488 
-0.01836468210165556 -0.28267829228553065 0.0781931102925564 
-0.01821772673658971 -0.2825466047915851 0.07820497644017713 
-0.018059887643233692 -0.2824062165481667 0.07821126541189237 
-0.017944721619312123 -0.2822990523816196 0.07823866009700607 
-0.01785600751638284 -0.28221075109055566 0.07827630939192198 
-0.017784140575604672 -0.28213308830059947 0.07831828631071672 
-0.01770257244165071 -0.2820448607251684 0.07835080086652271 
-0.017610919985850355 -0.2819468770582994 0.07837560821108333 
-0.017508827620643954 -0.28183961539690466 0.07839370560748656 
-0.017396003329800475 -0.2817233731599777 0.07840565397839475 
-0.017272205847443996 -0.2815983438306334 0.07841175759666788 
-0.017137227068278447 -0.28146465919922226 0.07841216642565352 
-0.017042802552501804 -0.28136168932957484 0.07843260528847215 
-0.016973692922949417 -0.28127635490176667 0.078462835100239 
-0.0168942740597761 -0.28118101074895363 0.07848455185375061 
-0.016804119017457438 -0.28107627256052725 0.07849909358837351 
-0.016702875440472116 -0.2809625236906098 0.07850721663794791 
-0.01659026374605299 -0.2808400176432188 0.07850934134618212 
-0.016512655406408373 -0.28074441773055536 0.07852858996655174 
-0.016423294116612724 -0.2806384175310528 0.0785401943817628 
-0.016322024797246253 -0.28052285940017246 0.07854509443153988 
-0.0162523783893284 -0.2804318326279198 0.078565388812248 
-0.016171908651794232 -0.2803314498382648 0.07857842078248672 
-0.01607973532300778 -0.2802219299975457 0.0785849146888587 
-0.01601590298413493 -0.2801347311279858 0.07860527849384985 
-0.01594038116073683 -0.28003773694496964 0.0786185373956546 
-0.015853328151315592 -0.27993209105013467 0.07862562394473621 
-0.015754256797360436 -0.27981806386976155 0.07862690429155256 
-0.015685313113390005 -0.2797286079484221 0.07864387673877375 
-0.015604867548758172 -0.2796302254740317 0.07865405979900011 
-0.01554707803739164 -0.27954959257573636 0.07867490738177663 
-0.015477620064014642 -0.27946009777206826 0.0786891182691319 
-0.015395896830380973 -0.2793621631917772 0.078697284578686 
-0.015335983982236366 -0.2792823969166032 0.07871695379493572 
-0.015261336909796547 -0.2791917251652423 0.07872944590851315 
-0.015173984719363431 -0.27909276068441735 0.07873604915031063 
-0.015109587475546913 -0.279013474938487 0.07875480037646093 
-0.015058736595265524 -0.27894523804380844 0.07877981438660588 
-0.014995672759747721 -0.27886851345366725 0.07879846002390631 
-0.014945211397039155 -0.2788026299723829 0.0788236215852132 
-0.014882228449051491 -0.2787284969072559 0.07884264436977341 
-0.014806187051778533 -0.27864639957567133 0.07885587300295405 
-0.014747982856088566 -0.2785796077731325 0.0788788245038438 
-0.014700807592693977 -0.2785222120545513 0.078907358815557 
-0.01466038789165465 -0.278470837527517 0.07893916166606371 
-0.014624060111199448 -0.27842357529203005 0.0789729520268055 
-0.014589731566645201 -0.27837946883118997 0.0790081031603932 
-0.01455698850230536 -0.2783389389145847 0.0790451315499449 
-0.014525449246497705 -0.27830158041077285 0.07908359179329821 
-0.014481158506169805 -0.27825614163254775 0.07911573327332219 
-0.014441047931470231 -0.2782164704978746 0.07915067374946103 
-0.01440453914638879 -0.2781809017048077 0.07918752790307934 
-0.01436899149729608 -0.27814854145937484 0.07922584904773872 
-0.014334297293632989 -0.2781196324495394 0.07926619832515112 
-0.014302129627830635 -0.27809253402299156 0.07930710596666495 
-0.014273151064449183 -0.2780667339503376 0.07934836918923145 
-0.014247658497837866 -0.2780422115527212 0.07939003352615415 
-0.014225853467741878 -0.2780190011706697 0.0794321262019313 
-0.014207856900747731 -0.27799715274781045 0.07947466446475013 
-0.01419373428669821 -0.27797671540098395 0.079517660661626 
-0.014183609325631986 -0.27795769248223673 0.07956113265479399 
-0.014177214302379667 -0.2779400782543744 0.0796050236105768 
-0.01417440889841937 -0.27792361354225575 0.07964940228356196 
-0.014175364839894837 -0.27790842028187945 0.07969424374779047 
-0.01418008977778772 -0.27789459130045846 0.07973951862322423 
-0.014188455527546832 -0.2778822187797893 0.07978519035909737 
-0.014200405763399131 -0.2778713451340167 0.07983124183941193 
-0.014215867938840346 -0.27786200348175794 0.07987766147329851 
-0.01423475106824151 -0.2778542277453776 0.07992444065826197 
-0.014256964688057806 -0.277848054407389 0.07997157415661925 
-0.014282429185481643 -0.277843523859604 0.08001906023651767 
-0.014294867636007022 -0.27783179505285777 0.08005982585545073 
-0.014293550857587798 -0.2778131881940896 0.0800944639841159 
-0.014297760277120947 -0.277801864077795 0.08013712870864298 
-0.014306557119590783 -0.2777955760862605 0.08018430426393283 
-0.01431950598200235 -0.27779302800806893 0.08023401394713561 
-0.014336409556638048 -0.2777934844230535 0.08028514835770961 
-0.014357192477465572 -0.2777965425661019 0.08033708683080197 
-0.014368610953708595 -0.2777918829233807 0.08037908177698429 
-0.014385297295423836 -0.27779318028092614 0.08042670595091397 
-0.014406553955281707 -0.2777988625681906 0.08047744446854951 
-0.014420952395798279 -0.27779890846442756 0.08051896881274873 
-0.0144469332341123 -0.2778061298088593 0.08056720915906396 
-0.0144831417529636 -0.27781864545622176 0.0806188936162005 
-0.014528890105259675 -0.27783539199502655 0.08067218588754083 
-0.01456643053654058 -0.2778469879669108 0.08071677995881421 
-0.014593093303674335 -0.277853381437291 0.08075440987368479 
-0.01463123749428846 -0.2778664643437337 0.08080128075811359 
-0.01468055646882202 -0.2778860599473988 0.08085278026450138 
-0.014742283749241738 -0.277911969305647 0.08090706082786714 
-0.014796110662935874 -0.27793470914779733 0.08095347743014714 
-0.014837935871390642 -0.27795269666718364 0.08099319250874046 
-0.014888183296394571 -0.27797644846789854 0.0810408967301173 
-0.014926716010310776 -0.27799565917893393 0.08108096417799021 
-0.01498144929936421 -0.2780208679415774 0.08113165188398945 
-0.015051703356328439 -0.2780519602877642 0.08118910294846197 
-0.015111824789721126 -0.2780829945580621 0.08123727863929395 
-0.015157639688738091 -0.27811049800494697 0.08127788412428999 
-0.015188318545249862 -0.2781339353912439 0.08131239758726289 
-0.015234160605050773 -0.27816315518715223 0.08136079581803743 
-0.01529894167655578 -0.27819783356430133 0.08142036185377623 
-0.015379822129715169 -0.27823808916747034 0.08148704988534745 
-0.015448550329651619 -0.2782816602192773 0.08154108132809527 
-0.015501701610956277 -0.278323607556406 0.08158577148567728 
-0.015539011183670405 -0.2783627467442152 0.0816235388061948 
-0.015562505713639797 -0.2784002579109665 0.0816564320143371 
-0.015573952000454597 -0.2784374050829266 0.08168584163377071 
-0.015611151602764162 -0.27847720293206824 0.08173891788102113 
-0.0156623744585351 -0.27852127692853773 0.08180090102560306 
-0.015699256882466373 -0.2785687460503621 0.08184922174342754 
-0.015721998489787937 -0.2786169272229617 0.08188854375684149 
-0.0157299317160247 -0.27866399056054836 0.08192132960065615 
-0.01572196117939549 -0.27870858267835036 0.08194890056239437 
-0.015735279214634437 -0.2787569287290368 0.08199880930908271 
-0.015767759985659657 -0.27880995313798884 0.08206222269843204 
-0.015790181543758545 -0.2788700091281594 0.08211155176055641 
-0.015799420832328725 -0.2789316486966081 0.0821512220606918 
-0.015792442590138234 -0.27899115458510026 0.08218340870352096 
-0.015769029024359508 -0.27904773975119684 0.08220979450192534 
-0.015772455040649648 -0.27910726284837606 0.08226253734586067 
-0.015765183788713378 -0.27917243892036275 0.08230344880467777 
-0.015747013774624882 -0.27924057858404366 0.08233678936331423 
-0.01571303644118848 -0.2793067021861279 0.08236355033063336 
-0.01569592588557077 -0.27937481489850463 0.08241238986864824 
-0.015693356892672147 -0.2794464313981512 0.08247243249456805 
-0.01568226808826527 -0.27952411036930547 0.08251770657527752 
-0.015661755761646662 -0.27960498155847346 0.08255371917569443 
-0.01563113064811755 -0.2796876217879175 0.08258362090625179 
-0.01558460737135403 -0.27976710542569805 0.08260750519492706 
-0.015521949311637119 -0.2798430978307168 0.0826263528170484 
-0.015442990950480575 -0.27991540492273853 0.08264068455577671 
-0.015403960290756098 -0.279987976559004 0.08269547019334694 
-0.015391816113145407 -0.28006305487138683 0.08277204444315572 
-0.015368457235582542 -0.2801496617889889 0.0828264056219591 
-0.015332209943382198 -0.2802478622045268 0.0828618289820452 
-0.015273786693605776 -0.2803537335426833 0.08287505486138867 
-0.015203057424628928 -0.28045146639779756 0.08288787966254729 
-0.015118768475117596 -0.28054249996551 0.08289860201804569 
-0.015024108944958488 -0.2806311529548087 0.08290775766794388 
-0.014918459581290894 -0.2807180710205407 0.08291488818955216 
-0.014834429954632404 -0.28080378321816957 0.0829522908452778 
-0.014763965207933284 -0.28089085146931647 0.08300252618007598 
-0.014682635679035314 -0.2809789790502458 0.08303304949545968 
-0.014592987685296176 -0.28106926464878096 0.08305185429647027 
-0.014494988085590334 -0.28116090784052256 0.0830631751628195 
-0.014387908153770614 -0.2812531130922045 0.08306923788518597 
-0.014269824839864647 -0.2813442808589378 0.08307075379916437 
-0.014177590174872443 -0.28143428362548084 0.08310288085679059 
-0.014099365614611739 -0.2815257620621302 0.08314658765595717 
-0.014014548018948574 -0.28162383038297956 0.08317159347380872 
-0.013922163189536738 -0.2817249278886914 0.08318491497453258 
-0.01382143839633735 -0.2818272795274991 0.08319056621883344 
-0.01370767557979942 -0.28192636602076354 0.0831890599615958 
-0.01357972312001412 -0.28202093379317894 0.0831812430785307 
-0.013478122167262083 -0.2821142539209794 0.08320359934164896 
-0.01340518048446634 -0.2822086085370653 0.08324886264083904 
-0.01332180150758553 -0.28231376041286443 0.0832701109240516 
-0.013226902638584347 -0.2824302696414418 0.08327075493804403 
-0.013125810970313541 -0.2825442587154348 0.08326716645150466 
-0.013015017320115941 -0.2826539022842186 0.08325890083646799 
-0.012891193682907146 -0.28275723072955594 0.08324512936206602 
-0.012753867561944868 -0.28285450890115915 0.08322603437162174 
-0.012644978795154237 -0.2829488209666136 0.08324016102740561 
-0.012528062670582658 -0.2830461176062221 0.08323858312921234 
-0.012447221351795624 -0.28314195694601846 0.08327044627090285 
-0.012356873938659583 -0.2832456222355251 0.08328199714515294 
-0.012258525537636686 -0.28335251491838476 0.08327973941634871 
-0.01215185134231914 -0.28346024304781237 0.08326853711712938 
-0.012036269232785482 -0.2835675631193852 0.08325113865905692 
-0.011906754735392377 -0.2836695489626831 0.08322665715779651 
-0.011809004803263641 -0.283766581940701 0.08323851557612984 
-0.011711980257376456 -0.2838714539079663 0.08324103988682859 
-0.0116143654432241 -0.28399203233499914 0.08324905597240054 
-0.01151790408771544 -0.28412023981809725 0.08325935794242076 
-0.011423464170150551 -0.28425178090460723 0.08326980209215804 
-0.011350566464488634 -0.28438410734214636 0.08327604115317466 
-0.011294519131175965 -0.2845037170322938 0.08326180073126122 
-0.01123728795979025 -0.2846409278409128 0.0832672150667214 
-0.011176823130604587 -0.28478354785260074 0.08327819379383741 
-0.011126126161642547 -0.2849109846786757 0.08326717228452529 
-0.011089058240402367 -0.28503731023779855 0.08325148802789878 
-0.011046330247497425 -0.2851775673244836 0.08325197368424 
-0.010996783746022308 -0.28531504660915474 0.08324677417299634 
-0.010951832694274397 -0.2854655236619274 0.08325517899582358 
-0.010904237580075804 -0.2856118194705407 0.08325574522673103 
-0.01086308470129126 -0.2857697573353826 0.08326800714554436 
-0.010835237645172463 -0.2859253771575333 0.08327443896874573 
-0.01081683912755991 -0.2860658139116701 0.08325902850923496 
-0.010791192414800027 -0.28621640232336965 0.0832552566536204 
-0.010767415021837846 -0.28637704319272955 0.08326195485209262 
-0.010757652897405282 -0.2865237695258408 0.08324807238234726 
-0.01074284594596356 -0.28667987147945345 0.08324424214253537 
-0.010720058934803522 -0.2868293028823423 0.08323065598106269 
-0.010698323614990724 -0.28698575963660455 0.08322381118984082 
-0.010678353693062217 -0.2871456346200041 0.08321958569877623 
-0.010655655918340159 -0.2872983553339191 0.08320525414583509 
-0.010628882350648636 -0.28744739833341637 0.08318502196226135 
-0.010610968713627548 -0.28761085420281196 0.08317896501671736 
-0.010601498466927081 -0.2877849099845091 0.08318299128322634 
-0.010607002898845308 -0.287957090208825 0.08318148747955331 
-0.01062233825533769 -0.2881142225639312 0.08315841704291144 
-0.010620149315042638 -0.28826799258995556 0.0831326054637355 
-0.010616048772531632 -0.28843161456816535 0.08311692077713362 
-0.010618042105791158 -0.2886068675162287 0.08311242788723332 
-0.010616272178539853 -0.28877734748554923 0.08310027563154299 
-0.010605226454214026 -0.2889407698755836 0.08308065548787655 
-0.01059657344864964 -0.289112068605507 0.08306809307972296 
-0.010594928073909781 -0.2892916857999347 0.08306268554576766 
-0.010592344532552912 -0.28946697818694667 0.08304980784623615 
-0.010585019395849604 -0.28963877758898193 0.08303173306283937 
-0.010580521387643656 -0.2898191293111364 0.08302140949999555 
-0.010578701974980804 -0.29000375889554647 0.08301438724368441 
-0.01057383155648848 -0.29018100087068704 0.08299825203072186 
-0.010564842205194665 -0.2903548724469836 0.08297719869145702 
-0.010564695768697256 -0.29054321653151644 0.08296958509192384 
-0.010568527753673763 -0.29073711096633914 0.08296625813007678 
-0.010568552999965203 -0.29092189248170625 0.0829518673965324 
-0.010562257024001057 -0.2911000021896603 0.0829299243394167 
-0.010558971275570924 -0.29128594262668994 0.08291454957512773 
-0.010550756176431956 -0.29146495979123804 0.08289129047523822 
-0.01054589468152022 -0.29165122960667195 0.08287400955280425 
-0.01053606457225669 -0.29182994133739804 0.08284841882653991 
-0.010535212661744503 -0.2920211564228036 0.08283373233708773 
-0.010550562728322287 -0.2921993145397741 0.08279960696130995 
-0.010567558811966344 -0.29239215416692615 0.08277977963290815 
-0.010586143993055899 -0.2925917703670969 0.08276577218004313 
-0.01059892151664047 -0.29278539316947566 0.08274480004982922 
-0.010605785443934784 -0.29297612840577 0.08272010599538066 
-0.01060511758904218 -0.29316439646581377 0.0826926190911211 
-0.010610471212235243 -0.29336591324264855 0.08267677362270896 
-0.010620911470208648 -0.2935746658256067 0.08266663421802713 
-0.010628970331067869 -0.2937765637717632 0.08264802354020358 
-0.010632469609426473 -0.293974107568591 0.08262418449222608 
-0.010643616252208622 -0.2941844338994701 0.08261127879574995 
-0.010650629469932124 -0.2943879027476083 0.08259050317293173 
-0.010663770949282914 -0.29460126195558956 0.08257784379212717 
-0.010673875880416066 -0.2948079429042597 0.0825573398678626 
-0.010678613554333614 -0.29500979074262634 0.08253161891503397 
-0.010690785492571915 -0.29522468419368336 0.08251702298124272 
-0.010699430682997436 -0.2954328280623438 0.08249481388165719 
-0.010715204987064547 -0.29565192131130025 0.08248166097323019 
-0.010728701260822145 -0.29586436996653315 0.08246071659620749 
-0.01073693054354084 -0.2960714380813519 0.08243426052063801 
-0.010752268374634947 -0.2962910866857197 0.08241840059850711 
-0.010764424510625568 -0.29650381059886693 0.08239499779544993 
-0.010784370474321717 -0.2967280228556313 0.08238109847872908 
-0.010802418929081481 -0.296945808804248 0.08235981255093207 
-0.010815289294463976 -0.2971578836623284 0.08233299278866636 
-0.010835209541733705 -0.29738160945753617 0.0823163579439945 
-0.010867278868973984 -0.29759027127340054 0.08228023968715296 
-0.010903774947425539 -0.2978140245864559 0.0822584328598519 
-0.010934698309081947 -0.29803355033219 0.08223319670210638 
-0.01095833511168964 -0.29824869310849617 0.0822048298108686 
-0.010988377525869602 -0.2984758915218152 0.08218659107858649 
-0.01101448265907002 -0.29869630609075115 0.08216204927782451 
-0.011049015858439327 -0.29892804389415856 0.08214666690901329 
-0.011082132294664438 -0.29915406690269414 0.08212520318791587 
-0.011110340920382208 -0.29937448778914866 0.08209888700708831 
-0.011130970367758198 -0.2995885823072333 0.08206783984407852 
-0.011158563871886644 -0.29981460399901216 0.0820464042875989 
-0.011183998005136985 -0.3000349564330722 0.08201958088041096 
-0.011219648574192905 -0.3002686368800562 0.08200364622532733 
-0.011254337287481252 -0.30049592375037026 0.08198113418695285 
-0.01128373369224725 -0.30071589680858346 0.08195262402759698 
-0.011306378801592725 -0.30092938000578007 0.08191939493763843 
-0.01133771509825118 -0.3011562271076508 0.08189692955489426 
-0.01136863255480388 -0.30137882731642957 0.0818702048552257 
-0.01140975140186477 -0.30161454916083663 0.08185408736737908 
-0.011449028159287559 -0.3018419362416593 0.08183020145302125 
-0.01148357408704644 -0.3020618521719998 0.08180040713546362 
-0.01151235583203266 -0.3022757745225356 0.08176646710360275 
-0.011551530780172674 -0.3025045304380358 0.08174440309815809 
-0.011590442849357622 -0.30272867124937947 0.08171796068000708 
-0.011638099050972687 -0.30296330854209225 0.08169960547888096 
-0.011683722418686227 -0.3031891338694763 0.08167361273145873 
-0.011724994535939188 -0.30340764639444207 0.0816421757171274 
-0.011761705079689743 -0.30362146573991744 0.08160783579694576 
-0.01179333977833126 -0.3038318093801848 0.08157186710274604 
-0.011834376065907173 -0.30405623166524703 0.08154690774964049 
-0.011884041915836193 -0.3042883046447557 0.08152754275237611 
-0.011934375285778493 -0.3045128376724388 0.08150132748596574 
-0.011982451720706524 -0.30473143577268896 0.08147070013119093 
-0.012025995462928742 -0.30494440412764834 0.08143658358260684 
-0.012063685759691556 -0.3051519001174744 0.0813994876734804 
-0.01211053617430638 -0.30537162390032024 0.08137152747728332 
-0.012156503190436015 -0.30558623735652907 0.08133979418598537 
-0.012213064215321517 -0.3058122794686823 0.08131652454074087 
-0.012269107669940226 -0.30603182311498367 0.0812880673421038 
-0.012321446838146434 -0.3062447617853193 0.08125525905126474 
-0.012368723367189464 -0.30645173679783 0.08121906920298136 
-0.012411033584966322 -0.30665447816586705 0.0811810668755045 
-0.012464319608938115 -0.30687064387902596 0.08115368620917074 
-0.012517160043034702 -0.3070821134670764 0.08112339199500562 
-0.012579792217914835 -0.30730309390847876 0.08110000401366052 
-0.012641241936127916 -0.30751674551336605 0.08107125900405786 
-0.012699587938551068 -0.3077244422603097 0.08103891830807251 
-0.012754148211476486 -0.30792778892480765 0.08100458174080735 
-0.012804416986812544 -0.30812772631966395 0.08096919496213717 
-0.012864680557905158 -0.3083398104602981 0.08094236521746775 
-0.012923309772708707 -0.30854673160515833 0.08091232957538329 
-0.012978558974235483 -0.30874905276471865 0.08088005563597066 
-0.01304338805537579 -0.30896108460050187 0.0808542154708042 
-0.01310715643260017 -0.309167929094148 0.08082508960277865 
-0.013168361998909733 -0.30937079554499725 0.08079413262120605 
-0.01322553657360174 -0.3095695951610138 0.08076159504327268 
-0.013277679931408801 -0.30976400209156 0.0807274133153984 
-0.01333961635606237 -0.3099690955701316 0.08070015770244103 
-0.013400836094370878 -0.31017023776750235 0.08067068891386903 
-0.013459877935537861 -0.3103684354931196 0.08064025632408861 
-0.01352894079616518 -0.3105763611771629 0.08061588074692884 
-0.013596490597487446 -0.3107784145952655 0.08058778061104219 
-0.013661376390644403 -0.310976013298656 0.08055750247265533 
-0.013723123578864488 -0.31117043373589676 0.08052625866207322 
-0.013781158977599892 -0.31136206555148904 0.08049449708577543 
-0.013849523782181933 -0.3115643881753857 0.08046921266417552 
-0.013916814909853647 -0.31176237339652507 0.0804414437578137 
-0.01398172368047823 -0.31195689089903467 0.08041227679229268 
-0.014043195433032212 -0.3121480169642394 0.08038200520848893 
-0.014100605028888666 -0.3123357151261221 0.0803507232086206 
-0.01416851814844194 -0.31253402380386164 0.08032560353137565 
-0.014236179923897762 -0.3127291118305192 0.0802987542084391 
-0.014302155390570392 -0.31292170020286353 0.08027114915171613 
-0.014378450636503191 -0.31312329880501577 0.08024834086361037 
-0.014453769847944858 -0.31332016948470864 0.0802226394919321 
-0.01452713217825186 -0.3135136420648829 0.0801954339113447 
-0.014598028304813973 -0.3137046772597771 0.08016764159596189 
-0.014665892652802416 -0.31389342725447683 0.08013948822388256 
-0.014730415494251758 -0.3140791548977496 0.0801112922834602 
-0.014791268794693958 -0.31426196716620536 0.08008281600491582 
-0.014863220187147707 -0.31445559774204923 0.080060390113785 
-0.014935344242621225 -0.31464673724855674 0.08003678275501871 
-0.015006164245841808 -0.31483582667381643 0.08001267420653498 
-0.015074054476316536 -0.3150217950030549 0.07998746618827571 
-0.01513827535292862 -0.315204148636209 0.07996087048871094 
-0.015213374183225421 -0.31539642631612036 0.07993917665374912 
-0.015289289360990324 -0.31558715220914746 0.07991675072205984 
-0.015364657346944748 -0.31577691291643184 0.07989441447641761 
-0.015437394109084027 -0.31596385491381046 0.07987103735588061 
-0.015506668223367022 -0.3161472678248017 0.07984618998851964 
-0.015572916651615533 -0.31632817306334493 0.07982063602381848 
-0.015651683799721608 -0.3165215704411616 0.07980147930853088 
-0.015731950569483046 -0.31671433038786284 0.0797820330040098 
-0.015811160920142734 -0.3169049420191588 0.07976164138511121 
-0.01588728937199628 -0.31709221160938483 0.07973980434077929 
-0.015960260192216226 -0.3172762802504028 0.0797166433292435 
-0.016031526163669266 -0.31745981256468114 0.07969406026976925 
-0.016101574925085772 -0.31764400761749095 0.07967292858554581 
-0.016169305935388924 -0.3178272276133123 0.07965209896515915 
-0.01624745975264249 -0.3180192654375472 0.07963458915438373 
-0.0163254090977901 -0.31820768700897917 0.07961461510540574 
-0.01640335572989915 -0.31839514330797214 0.07959440020479808 
-0.01648098141974971 -0.31858261879286953 0.07957482215758792 
-0.01655703517153037 -0.3187688342692034 0.07955506466704387 
-0.016630501418725227 -0.31895232339138246 0.07953411774788915 
-0.016701649405000636 -0.31913354235744523 0.07951229967594584 
-0.016771557696461215 -0.31931440387865107 0.0794909572902926 
-0.01684071926871858 -0.3194959448114987 0.07947082914104286 
-0.016922526626551405 -0.3196893678425603 0.0794556614469473 
-0.01700522822262341 -0.31988020234900383 0.07943845811573996 
-0.017087929495834007 -0.32006826455922305 0.07942034760936925 
-0.01717026170592186 -0.32025467382130074 0.07940192354838299 
-0.017252260777454093 -0.3204405441198266 0.07938384520137345 
-0.01733369764543915 -0.3206261168797191 0.07936620813328706 
-0.017414065994033834 -0.3208108223835435 0.07934856456077789 
-0.01749308871260275 -0.32099423519781756 0.07933057618099498 
-0.017571018725246374 -0.3211767428378834 0.07931247779573906 
-0.017648327969061153 -0.32135913120962667 0.0792947898654776 
-0.017725174286680214 -0.3215416632301283 0.07927767466146568 
-0.017801304620725364 -0.3217238314675631 0.07926075825597106 
-0.017876486165012685 -0.3219050746653484 0.07924362560269288 
-0.017950898297503938 -0.32208552928900874 0.07922634642954238 
-0.01802499407804096 -0.3222658768857853 0.07920937491206634 
-0.018099024698394663 -0.32244651263171376 0.07919297262054842 
-0.018186260715359642 -0.32263842307415225 0.07918035846563962 
-0.01827587107213447 -0.32282917422173535 0.07916639895702952 
-0.018366759328754305 -0.32301905325894087 0.07915164707583465 
-0.018458255799868338 -0.32320807432109344 0.07913627257781275 
-0.01855016313777426 -0.32339649675933646 0.07912051692748245 
-0.018642597000133168 -0.3235848394042698 0.07910475562798347 
-0.018735658281845376 -0.32377345286547343 0.07908923010702168 
-0.018829255655809066 -0.3239622405155095 0.07907386478190478 
-0.01892282087182639 -0.32415115114384085 0.07905878176082312 
-0.019016547740747635 -0.324340021071588 0.07904377566285023 
-0.019110780737186986 -0.32452910295827486 0.07902894806518843 
-0.01920581721407392 -0.32471868086344163 0.0790144372059386 
-0.019301733280226326 -0.32490870512897535 0.07900016471795113 
-0.01939846248562129 -0.3250988792560638 0.07898589004951069 
-0.01949602762102385 -0.3252890621296768 0.07897147998249895 
-0.01959463902918248 -0.3254794691286589 0.07895704364463879 
-0.019694920116827552 -0.3256699810457987 0.07894339535059401 
-0.01979677752532788 -0.32586083544695466 0.07893027176812781 
-0.019900054242521843 -0.3260519071257919 0.07891733034535985 
-0.02000468285213984 -0.3262430686193918 0.07890431750509538 
-0.020110798752294115 -0.32643448119072116 0.07889122541782828 
-0.020218639876961625 -0.3266264836352775 0.07887819789297208 
-0.0203283440666852 -0.3268192449680217 0.07886528570539345 
-0.020439887263012657 -0.32701262682737386 0.07885234416715485 
-0.020553229776549997 -0.32720642333901406 0.07883918447852284 
-0.020668482851969348 -0.32740067299753095 0.07882577703769443 
-0.02078589077195973 -0.3275956586463491 0.07881225181935148 
-0.020905656892179027 -0.3277916086386975 0.07879870263523396 
-0.021027830340103422 -0.32798847758041866 0.07878504335955645 
-0.021152386131529956 -0.3281860716682713 0.07877108997581506 
-0.021279390075937304 -0.3283843502738757 0.0787567578849245 
-0.02140904291571171 -0.32858352676312935 0.07874212741677687 
-0.021541556914189373 -0.3287838539223075 0.07872730267733252 
-0.021677026009910595 -0.32898537099649383 0.07871224506602005 
-0.02181545088922176 -0.32918792489842474 0.0786967858186089 
-0.02195688198292925 -0.32939142891868206 0.07868079431711533 
-0.02210149858192808 -0.3295960319566421 0.0786642899823075 
-0.022249526956367668 -0.32980199335731825 0.07864736402514694 
-0.022401101881712994 -0.33000942687103807 0.07863001504861182 
-0.0225562429836191 -0.3302182316050618 0.07861210236461236 
-0.022714972457788418 -0.33042828796721846 0.0785934680239768 
-0.022877428079087665 -0.3306396706119219 0.07857407101139158 
-0.02304338299855458 -0.33085294610982874 0.07855438057894634 
-0.023213194497258588 -0.33106815075850415 0.0785342481318148 
-0.023387485845885424 -0.3312847246279414 0.0785141440091401 
-0.02356609931424116 -0.3315026531180933 0.07849354417057554 
-0.023749023704989252 -0.3317219939664878 0.07847215009428443 
-0.02393639601605807 -0.3319429727097853 0.0784498670422113 
-0.024128389415992758 -0.3321658298950463 0.07842666341524678 
-0.024325102716228102 -0.3323906344204399 0.07840242954885751 
-0.02452657077754173 -0.3326173018569971 0.07837697438102947 
-0.024732868705251904 -0.33284579289137084 0.07835013925448045 
-0.02494417248898491 -0.33307624625245646 0.07832187571800252 
-0.025160699153105773 -0.3333088881893447 0.07829218971635467 
-0.02538358781646675 -0.3335407536835784 0.07826552892085635 
-0.025611668666363864 -0.3337726521294547 0.07823994496704187 
-0.025839710014644194 -0.33400719881537067 0.07821714038362383 
-0.026068914678689555 -0.3342437649962144 0.07819538002251936 
-0.026300106595318187 -0.3344822015199846 0.07817376063552262 
-0.026533725860381784 -0.3347222938342893 0.07815167127280291 
-0.02676994325213923 -0.3349636592559657 0.07812859662794816 
-0.02700889980143748 -0.33520604829719364 0.07810419001516847 
-0.027250860042196182 -0.3354495812131926 0.07807834661083025 
-0.027496145510654255 -0.33569458485782233 0.07805109372319904 
-0.02774496757236267 -0.33594121879581995 0.07802238793715294 
-0.02799738576364881 -0.3361893413739354 0.07799204095298382 
-0.028253446902761596 -0.3364387624873617 0.07795984125799826 
-0.028513331767527877 -0.3366895540386854 0.07792570487006024 
-0.02877732926341191 -0.33694203323497807 0.07788966579687018 
-0.02904567781510979 -0.33719644713140273 0.07785172310275026 
-0.02931897824644318 -0.3374522866966203 0.07781249616553021 
-0.02959649960031037 -0.33770992518791854 0.07777189824315112 
-0.029878431733235924 -0.3379692781769822 0.07772941975311022 
-0.03016506973017965 -0.33823055677825165 0.07768483209084866 
-0.030456694483682326 -0.33849400781466216 0.07763800161303941 
-0.030753458653051232 -0.3387596543350943 0.07758873499292858 
-0.03105542339271669 -0.33902733726959466 0.07753677897334924 
-0.031362698649132666 -0.3392969872588082 0.07748193137987083 
-0.03167551486955932 -0.33956878206254976 0.0774241032588335 
-0.03185925083189573 -0.3397155217008081 0.07746671950718906 
-0.031967352419809754 -0.3397923900866871 0.0775568673636717 
-0.032028969764336494 -0.3398308589412251 0.07766498878647368 
-0.03205939708962738 -0.33984842387038683 0.0777756592416644 
-0.032068979801589535 -0.3398433051139437 0.07787001900567578 
-0.03206210755440205 -0.3398199730196431 0.07794351549001309 
-0.032041050167220086 -0.339780772031024 0.07799374506220752 
-0.032007048183869395 -0.33972690205666295 0.07801943593196481 
-0.03196073691188386 -0.33965889288132267 0.07801997576925791 
-0.03191510306698344 -0.33959080033907607 0.07798110526439556 
-0.031826041861193886 -0.3395704246828058 0.07794565680329409 
-0.03174809712313587 -0.33957799189248594 0.07793638212695132 
-0.03167924838114871 -0.33960355293764755 0.07794278700128096 
-0.031618116598195856 -0.33964109977596874 0.0779582184985893 
-0.03156290404219112 -0.3396850764758083 0.07797769242520357 
-0.03151248681378006 -0.3397317617207942 0.07799795176341011 
-0.031467253980815325 -0.33978080311939907 0.07801782454416781 
-0.03142850393140263 -0.33983416483645135 0.07803758601633742 
-0.03139680942007734 -0.33989280503113445 0.07805734825177114 
-0.03137139569528409 -0.33995514429541046 0.07807623893506332 
-0.03135114694807458 -0.3400188300107488 0.0780930906336174 
-0.031335949394200174 -0.3400834507818336 0.07810762888321307 
-0.03132676079229536 -0.3401508502198539 0.07812062876421653 
-0.03132440615958839 -0.3402227482516358 0.07813284634204427 
-0.031328615812629954 -0.34029863635656843 0.07814403823329888 
-0.03133844519858395 -0.3403764608816304 0.07815323627196767 
-0.03135349278680638 -0.340455149016163 0.07815989335029608 
-0.03137439908902146 -0.3405358498357892 0.07816448420521827 
-0.03140205231160963 -0.34062044398407365 0.07816785885344008 
-0.03138594390273359 -0.34066561109212784 0.07819729427474759 
-0.03137189062467213 -0.3407182620817175 0.07821891845822017 
-0.03132355676937739 -0.3407450121474219 0.07825212620059646 
-0.03127680855168514 -0.34077745635897505 0.07827776235910996 
-0.03123407391951793 -0.34081511886068566 0.07829872109372515 
-0.031196660535571432 -0.34085764146106806 0.07831662102683445 
-0.03116479695834774 -0.3409037847925362 0.07833192898589666 
-0.031138297233751465 -0.34095212440273404 0.07834458083465899 
-0.03111730998094305 -0.3410022707057457 0.0783547169057171 
-0.031102564511593607 -0.34105479953843737 0.07836313295276882 
-0.03109448037154359 -0.3411105341670125 0.07837016507943104 
-0.031050693582295664 -0.34113592091514766 0.07839437017582995 
-0.030983670290006038 -0.3411442857968757 0.0784256353935925 
-0.030918618166894327 -0.341159126458184 0.07845072156987733 
-0.030857072742244255 -0.34117927292968725 0.07847159914544405 
-0.030799970043727615 -0.34120356617072306 0.07848938861999444 
-0.030747897952353977 -0.34123140326336393 0.07850473057012602 
-0.030701243673709595 -0.34126246244652175 0.07851797267334497 
-0.030700689650917407 -0.34129055488681853 0.07854584825729968 
-0.03073208946666838 -0.3413208894048141 0.0785790199375743 
-0.030787090833293992 -0.341356429122892 0.07861184790571378 
-0.03082023944082335 -0.3413604306332227 0.0786656717706346 
-0.030841985553907936 -0.3413468663227194 0.07873011816375627 
-0.030855928271308657 -0.3413236193829636 0.07879840131049143 
-0.030865618831024812 -0.3412946332702265 0.07886751298870773 
-0.03087287782793642 -0.3412618630635776 0.07893548051446148 
-0.030878714610866446 -0.34122634365405374 0.07900128050998335 
-0.030892762919947196 -0.3411788151301114 0.07905945369809558 
-0.030915574091374652 -0.3411203498740417 0.07911121513783961 
-0.030947574657400424 -0.34105155016289207 0.07915727299577244 
-0.03098907569533133 -0.34097276389862363 0.07919804445350065 
-0.031040294357585735 -0.3408842075680787 0.07923377691169495 
-0.031073303191714117 -0.3408142681889478 0.07927815117056336 
-0.03109483925029948 -0.34075470747669834 0.07932613751785246 
-0.03110929742590227 -0.3407005749179194 0.07937550533205086 
-0.031132448052771034 -0.34063632948297534 0.07941895862798314 
-0.031164846793258025 -0.3405623011163733 0.07945707992451458 
-0.03120686817836322 -0.3404786762997926 0.07949021186059087 
-0.031235133652837088 -0.34040845484659765 0.07952917538259269 
-0.03125513293927282 -0.3403453628823457 0.07957071059394988 
-0.031270278482121945 -0.34028586166887737 0.07961309404549984 
-0.03129457428351147 -0.34021669946223543 0.07965010617949367 
-0.031328532883743335 -0.3401380613806072 0.0796821605248328 
-0.031352888227941675 -0.3400686451996012 0.07971831136066193 
-0.03137150024004765 -0.3400042053680773 0.07975626000210166 
-0.031399567835053314 -0.33993030168924093 0.07978903713158404 
-0.03143752631819075 -0.33984711407727125 0.07981702124947948 
-0.031465056357209156 -0.3397742207361642 0.07984974414268069 
-0.031486334864746245 -0.3397070714509164 0.07988471069415275 
-0.03150401813206634 -0.3396430461402935 0.07992058026495129 
-0.03153138908725702 -0.33956974418200486 0.07995139287290834 
-0.03156892662794189 -0.3394873395981876 0.07997752708188362 
-0.03159736467074402 -0.3394142944378301 0.08000818091280361 
-0.03162045598533253 -0.3393465971482593 0.0800410617138132 
-0.03165352982477077 -0.33926976115278573 0.0800690065947987 
-0.03169705801270105 -0.3391839729882349 0.080092357668815 
-0.03173034985584146 -0.3391092399126623 0.08012098725521703 
-0.03175768352738115 -0.3390409255969654 0.08015232159055963 
-0.03179529032317441 -0.33896361504582084 0.08017872770279433 
-0.03184365525890473 -0.33887747469366813 0.08020053432656044 
-0.03188143040498452 -0.33880315780639736 0.08022797235203946 
-0.03191313646347939 -0.33873571990137086 0.08025828508053053 
-0.03195530941083711 -0.3386593717666341 0.08028359134347106 
-0.03200844069130597 -0.3385742841596153 0.0803042207281574 
-0.03207286111656264 -0.33848057599758063 0.08032034581150192 
-0.03212302625466977 -0.3384028650841159 0.0803441760907493 
-0.03216506449615809 -0.3383343995064766 0.08037195364658888 
-0.032202881470386094 -0.3382712444450865 0.08040160021097305 
-0.03225151255349771 -0.3381992320537264 0.08042602906536062 
-0.032311487316454855 -0.3381185413962593 0.08044559185940862 
-0.032383144451384877 -0.33802929995272185 0.08046047469728614 
-0.032442596585502304 -0.3379545510461131 0.08048230338489734 
-0.03249551858333736 -0.33788804556539875 0.0805075682032701 
-0.03254553428658448 -0.3378261417464404 0.08053432517011135 
-0.0326068683553998 -0.3377554720174676 0.08055575876503064 
-0.0326800428675177 -0.3376761936189153 0.08057218317830117 
-0.03274636759165065 -0.3376068039155224 0.08059324984354363 
-0.03280977464959922 -0.33754325000921226 0.080616699096861 
-0.03288553985639747 -0.3374701820148784 0.08063453491237756 
-0.03295754164765894 -0.33740389119748826 0.08065505134729403 
-0.033028683607494946 -0.33734113938774046 0.08067651903576062 
-0.033100350514027634 -0.3372801636033202 0.08069806115321738 
-0.03317369423231914 -0.3372196685840706 0.08071920867608472 
-0.03324752690836365 -0.3371595128642786 0.0807399322434184 
-0.033320171154468475 -0.3370998487738213 0.08076028783159718 
-0.033390916284742375 -0.33704102995778107 0.08078041807489388 
-0.033459215849568784 -0.33698334628859233 0.08080043204911015 
-0.033524658713824415 -0.3369270299468201 0.0808204160881147 
-0.033586942291237196 -0.336872266055456 0.08084044011144585 
-0.03364584883323584 -0.3368192028010176 0.08086056143036785 
-0.03370122532528016 -0.3367679600020567 0.08088082742180777 
-0.033768039991872646 -0.336708466490603 0.0808950594009014 
-0.033829683385212604 -0.336653711074997 0.08091308933786168 
-0.033902418055296084 -0.33659080858227436 0.08092455285186398 
-0.03396972643435463 -0.33653437599283514 0.08094210261126403 
-0.03403220735830022 -0.33648263748156537 0.08096298121865304 
-0.03410364606235718 -0.3364226103524224 0.08097534091173432 
-0.034185733362989634 -0.3363545970823904 0.08098079558041969 
-0.03426155666026169 -0.3362962629315891 0.08099668884740796 
-0.03433217266920766 -0.3362444630594439 0.08101813770945154 
-0.03439560133034301 -0.33619816148837045 0.08104253345283277 
-0.03446250850177161 -0.33614579227950053 0.08105635744050486 
-0.03453444516210416 -0.3360891364568762 0.08106288559637069 
-0.034585609524282565 -0.33603982303878727 0.08108492897488039 
-0.034644642928789875 -0.33598768419525094 0.08109627579685463 
-0.03468747251872606 -0.3359422352682988 0.08111938679828971 
-0.03473891513838438 -0.3358942936689657 0.08113134957031093 
-0.0347997888721379 -0.33584298180679373 0.08113546001024427 
-0.03483927513401795 -0.33579778963919105 0.08115704680012409 
-0.034862292073239654 -0.33575901058495183 0.08118730062261663 
-0.03489448883612526 -0.3357217467019737 0.08120426537995508 
-0.03493774691157971 -0.3356821984425657 0.08121189234036168 
-0.03499453149897121 -0.3356372756692657 0.08121204395334734 
-0.03503482540317693 -0.3355978197773019 0.08122748678945597 
-0.03505789546128363 -0.33556475750100845 0.08125258146201726 
-0.03508975427488818 -0.33553454212772515 0.08126607486318074 
-0.035132036147840086 -0.335503668679555 0.08127148831294617 
-0.03518887097685865 -0.3354673720069345 0.08126983643296681 
-0.03523439541034942 -0.3354352284670848 0.08128085416455375 
-0.035291497862930316 -0.3354007510742371 0.0812828630343298 
-0.03532443074701513 -0.3353724248780642 0.08130261187907889 
-0.03536793585566451 -0.3353472975892856 0.08131152386387953 
-0.035425305553965766 -0.3353197536727231 0.08131214201607587 
-0.03547362279274663 -0.33529578622100165 0.08132168656792813 
-0.035536493067253754 -0.3352679782041944 0.081321986386242 
-0.03558042258091982 -0.3352465086730308 0.08133502742953072 
-0.03563556821316488 -0.3352272236335928 0.08133931553827989 
-0.03570238011755386 -0.335207889422984 0.08133747245210839 
-0.03575619032035483 -0.33519229264058703 0.0813452437568856 
-0.035805795702205795 -0.33518061379480635 0.08135424053607873 
-0.03586916725873284 -0.3351674495700474 0.08135566354671613 
-0.03594413537628214 -0.33515404520661674 0.08135222738985506 
-0.03603226060570422 -0.3351384489964976 0.08134449993093139 
-0.036106419088530683 -0.3351268017530355 0.08134809560309544 
-0.03617373323030026 -0.33511996559099566 0.08135466522062487 
-0.036231721605537934 -0.3351196357071822 0.08136476736830385 
-0.03630190576145788 -0.3351209078349825 0.0813682341857333 
-0.036385158159975395 -0.3351215342682623 0.08136659673902091 
-0.03648547528915914 -0.33511680374735825 0.08135936749947324 
-0.036578752991524736 -0.3351155562666445 0.08136017365383943 
-0.03666055482207222 -0.3351203032015206 0.0813663887671831 
-0.03675436008386885 -0.33512598325634196 0.08136635297845381 
-0.03686033485147256 -0.3351314604619025 0.0813616699431693 
-0.03694488616046159 -0.33514145249233246 0.0813734218125889 
-0.03702283950044421 -0.3351560436935049 0.08138644806054217 
-0.03711878466060701 -0.3351687420957664 0.08138953649325473 
-0.037229982884195545 -0.335179920308267 0.08138597649812397 
-0.037321994383252434 -0.3351967186305255 0.08139755321437868 
-0.037428023447492596 -0.3352158048420024 0.08140033574095035 
-0.03751822565901935 -0.33523960122663765 0.08141406983342157 
-0.0376255140897024 -0.33526258555614674 0.08141738771635292 
-0.03774906399244267 -0.3352829166136023 0.08141303651813336 
-0.03785380809337145 -0.3353082326936644 0.08142473093478103 
-0.037950156684594345 -0.335353212962352 0.0814512778138298 
-0.038044733510598665 -0.335415134573171 0.08148550608040359 
-0.03813820504169216 -0.33548708787074955 0.08152347742357735 
-0.038231721539728106 -0.3355641609863318 0.08156168395443253 
-0.03832444309938953 -0.33564536815180174 0.08159986414029932 
-0.03841436704837398 -0.3357323200468728 0.08164011440708488 
-0.03850087665393889 -0.3358257620574524 0.08168354420862568 
-0.038585111579029635 -0.3359239174126689 0.08172830168134887 
-0.038672561858219594 -0.3360140228569131 0.08175808398887548 
-0.03876558051335685 -0.33609644373466496 0.08177414594175612 
-0.038855804381946114 -0.3361905205205102 0.08180060083761567 
-0.03892691406061317 -0.33628969659639635 0.08182540417208302 
-0.03900142263648429 -0.33639938736348773 0.08186119410205506 
-0.03906117678084388 -0.3365087971244693 0.08188953348150893 
-0.03912996160696251 -0.3366241141278938 0.08192445800339429 
-0.039205916816530656 -0.33673318426013754 0.08194797699495043 
-0.03928853650095578 -0.3368382001798982 0.08196265593821843 
-0.03936823183197725 -0.3369577400929446 0.08199174684274058 
-0.039445533036473836 -0.33708642608594075 0.08202903888979118 
-0.03950841632076373 -0.3372157946511686 0.08206050431795237 
-0.03957544440065426 -0.3373514222667289 0.08209821848426485 
-0.03962966686680016 -0.3374753675179291 0.08211348812415661 
-0.03969820580120226 -0.3375961937149465 0.08212393478135238 
-0.039768002822505234 -0.33773108549239683 0.08214959512604392 
-0.03983683461264404 -0.33787538550853613 0.08218441333750237 
-0.03990315075257799 -0.33802682556722863 0.08222508173531387 
-0.03997121372043131 -0.33817154264662064 0.08225308750370203 
-0.04003631660015516 -0.3383252201621233 0.08228894641736068 
-0.04009002877251015 -0.33846646806695735 0.08230211947400232 
-0.0401458376363092 -0.338619505023386 0.08232815269657423 
-0.040200439775788 -0.338781304309125 0.08236256781074947 
-0.04025796449545127 -0.338937440895979 0.08238625383212242 
-0.04032253828386876 -0.3390876075153385 0.08240160962888005 
-0.040384992861312655 -0.33924922876469915 0.08242843887470891 
-0.04044462802937997 -0.3394182442823993 0.08246187505575181 
-0.04049970730441343 -0.33959388652460115 0.08250042204380051 
-0.040540564432456766 -0.33975786829647825 0.08251746743847349 
-0.04057028024702671 -0.33990917524231407 0.08251195155107946 
-0.04060787037107482 -0.34007475601207837 0.08252423462926904 
-0.04064705576435134 -0.3402502930481195 0.08254760933810712 
-0.040683055958978274 -0.34043557998975876 0.08258038570914616 
-0.04072157737226973 -0.3406164884454471 0.08260470660700957 
-0.04076763220962544 -0.3407902418074594 0.08262033194263724 
-0.0408130357320861 -0.3409715291607438 0.08264362153259328 
-0.04086470162621298 -0.3411436071149678 0.08265668288113065 
-0.04091064183586256 -0.34132779600992064 0.08268123232635298 
-0.04095805803271601 -0.34150711031077785 0.08269689783472778 
-0.04100146836384598 -0.3416965508728816 0.08272232869272286 
-0.041043156134022304 -0.34188964110070946 0.08275060001449495 
-0.0410874290507778 -0.342072428813562 0.0827657562476844 
-0.041136266597849164 -0.3422483807301098 0.08277233463355209 
-0.0411918332792148 -0.34241879179373913 0.08277261163066713 
-0.041243589936367994 -0.3426027137820692 0.08278663941899589 
-0.04129219599785517 -0.34279377886122236 0.08280751686850811 
-0.04133656088333252 -0.34298973169492764 0.08283229001445837 
-0.041367281709411355 -0.34317300463160527 0.0828360977391646 
-0.04138573132908048 -0.34334321700703463 0.08281835228651085 
-0.041409719269710016 -0.34352764008582604 0.08281799637394942 
-0.04143420731720631 -0.3437209436283084 0.08282766717105877 
-0.04145518014823919 -0.34392205061676245 0.0828448900053908 
-0.04147782357175598 -0.34411744966532193 0.0828533336034202 
-0.04150721158846977 -0.34430515141534995 0.08285393647442163 
-0.04154613140223416 -0.34448437943600785 0.08284740345494186 
-0.04158234841615982 -0.34467385448326016 0.08285086837459577 
-0.04161222168823257 -0.3448728210545512 0.08286296233415925 
-0.04164178009367325 -0.34506608180538245 0.08286603191106404 
-0.041677261389182964 -0.34525113040485467 0.08286085177538101 
-0.04171133454407499 -0.3454437906685449 0.08286325256897747 
-0.04174220385965217 -0.3456410724146228 0.08286971791554343 
-0.04177262058868278 -0.34583138836728583 0.08286687595381267 
-0.04180619851757368 -0.3460163031896326 0.08285778717999392 
-0.04183588744265089 -0.3462115038899443 0.08285868400131705 
-0.04186338803543331 -0.34641022796726884 0.08286270855551292 
-0.04189248142458595 -0.346598523002977 0.08285534915175267 
-0.04192501129878501 -0.3467803021237468 0.08284110617516924 
-0.041951207760638196 -0.34697467456441367 0.08283866267696975 
-0.04196284662567196 -0.3471717675366597 0.08283489259605736 
-0.041981027021166545 -0.34735975387634876 0.08282227694826401 
-0.04200718621026333 -0.34753934738713443 0.08280273573454733 
-0.042041596969322574 -0.3477121928367437 0.08277811753561498 
-0.04207104186801576 -0.3478991875946865 0.08276709398071933 
-0.04209458634561316 -0.348095562190111 0.08276462177867133 
-0.042112452242068055 -0.3482975570850602 0.08276660070773231 
-0.04211797104936101 -0.3484856100860708 0.08274830753698585 
-0.04213341966182927 -0.34866604271534996 0.0827245635296903 
-0.04215873548199758 -0.3488393435191539 0.0826961732634422 
-0.0421795947114218 -0.34902613077894223 0.08268052170165424 
-0.04219390757338305 -0.34922317889625065 0.08267402925441901 
-0.0422085744654819 -0.34941322937337693 0.08265893442757018 
-0.04221869056766715 -0.3496109024913181 0.08265033572483393 
-0.04223176837128876 -0.3497985447091783 0.08263186658249624 
-0.042250130115436615 -0.3499782732740878 0.08260659126042127 
-0.04226222750950919 -0.35017032910026047 0.08259210646518814 
-0.04226718749644233 -0.3503714725719456 0.08258510347909717 
-0.042258035554082175 -0.3505594037975406 0.08255857250986218 
-0.04226072515359972 -0.3507404274144995 0.08252868797891041 
-0.04226178943262196 -0.3509313091528989 0.08250806938487927 
-0.04225730029659505 -0.3511309489060008 0.08249486954984334 
-0.042253451843527565 -0.35132599078477367 0.08247632304386274 
-0.04225451958217683 -0.35151527329287147 0.08245306551590456 
-0.04225237270316212 -0.3517128127876509 0.08243666229766698 
-0.04225475138999154 -0.35190110584408124 0.08241255876368368 
-0.04225037953063329 -0.3521003615825694 0.08239728133626642 
-0.04224654947940068 -0.3522953140596645 0.08237705185821449 
-0.042235846458182506 -0.35250158302396006 0.08236592913565427 
-0.04222850858884131 -0.3526985317643361 0.08234624557779129 
-0.042227375148992316 -0.3528871884955339 0.08232016587374114 
-0.042220259978270766 -0.35308756846699135 0.08230343025221179 
-0.04221443205101102 -0.35328347580889624 0.08228194135318656 
-0.04220150919645443 -0.3534918510368926 0.08227040223631354 
-0.04219185808835597 -0.35369099389350633 0.08225041878231243 
-0.04217858889529353 -0.35389644007281995 0.08223480308693557 
-0.04216764898509138 -0.35409394137221545 0.0822120186841781 
-0.042160341961647245 -0.3542869352163153 0.08218556129839852 
-0.04214600154640262 -0.35449347156494143 0.08216967303595687 
-0.04213498980313591 -0.3546920247172195 0.0821467080240122 
-0.04211930359117418 -0.3548988735293702 0.08212962839017857 
-0.04210600646072691 -0.35509807633486346 0.08210570207151947 
-0.04209664754275119 -0.35529199435061404 0.08207810680776119 
-0.04208029318682305 -0.35549921543037527 0.08206097939579429 
-0.04205739430809495 -0.35571438877861816 0.0820493284704864 
-0.04202071272545114 -0.3559161012020706 0.08201862407300733 
-0.04199478171381486 -0.35611289029894744 0.08198701557066063 
-0.04197872952999178 -0.35630480275142734 0.08195397834068578 
-0.04195732018490468 -0.3565111720118299 0.08193235018464579 
-0.041928660579437414 -0.35672853530295356 0.0819187062667309 
-0.04190077045676611 -0.35694050627341867 0.08189953011702097 
-0.04187764585990227 -0.35714597042066143 0.08187536521317709 
-0.04186148925983299 -0.35734444418098343 0.08184658746593612 
-0.04183959881752492 -0.35755492345030926 0.08182632793620156 
-0.041809139390965956 -0.3577766789978529 0.08181372830937253 
-0.0417776491934164 -0.3579943580155336 0.08179613794960786 
-0.04175020068669154 -0.3582057325534468 0.08177352376801308 
-0.04172925170648076 -0.35841015362095835 0.0817462316025662 
-0.04170285338984977 -0.35862577574596033 0.08172651818015522 
-0.041677498144551864 -0.35883761826785426 0.08170327148348544 
-0.041642743240383924 -0.3590650313990894 0.08169109009963813 
-0.04160946907098191 -0.3592855395499457 0.08167241559973915 
-0.04158104709795607 -0.35949864210176574 0.08164817413847826 
-0.04155890479522972 -0.35970497854797473 0.08161950443219887 
-0.041528515504170554 -0.35992715720380875 0.08160195242736455 
-0.04148829254974828 -0.3601626002756837 0.08159323174786898 
-0.04144712492334435 -0.3603919683944745 0.08157775467909567 
-0.04140966291823684 -0.3606137037430478 0.0815561174422589 
-0.04137763177424273 -0.3608285488317442 0.0815297263366838 
-0.04135081686719823 -0.3610392756829549 0.08150101712900049 
-0.04131464285602287 -0.3612680480608933 0.08148486726736817 
-0.041279564345945347 -0.3614918602700166 0.08146412108717341 
-0.04123882216992987 -0.3617242492608498 0.08144820595498645 
-0.041199805648138035 -0.36194824397400427 0.08142528304753835 
-0.041163781496480915 -0.3621668576446905 0.08139849333104428 
-0.041131187415397716 -0.362382819843154 0.08137036943497715 
-0.04109356680833027 -0.36260786590692423 0.08134734202594404 
-0.041058638179731516 -0.3628251048182738 0.08131855443741218 
-0.04102816001742569 -0.36303548440358546 0.08128538113790366 
-0.04100129080443064 -0.36324321878352284 0.0812511731011544 
-0.04096384668481266 -0.3634695142590042 0.08122932894432446 
-0.04091694415756144 -0.36370703425746254 0.08121400023107155 
-0.04086981251022961 -0.3639366693928727 0.08119138847644673 
-0.04082534014778841 -0.364159123326452 0.08116338448371582 
-0.04078413480544651 -0.3643761567759286 0.08113270018619888 
-0.04074607897847366 -0.36459087806462315 0.08110166171865246 
-0.04071235258292697 -0.3648030419738595 0.08107026200312775 
-0.04067096930823627 -0.3650283495298374 0.08104692269403137 
-0.040631586851475325 -0.36524658255538833 0.08101855325876338 
-0.040595098550827505 -0.36546007446150486 0.08098749917289001 
-0.04054914699665596 -0.36568791805804823 0.08096520754635719 
-0.0405031699799067 -0.36591187171613715 0.08093996334745229 
-0.040460034790650176 -0.3661309393493831 0.08091193084283194 
-0.04042155498990393 -0.36634407536673586 0.08088084900176039 
-0.04037498849297688 -0.3665685344545872 0.08085594955947137 
-0.04032839328908707 -0.36678949033069175 0.08082869366697025 
-0.04028333613102931 -0.3670082576338791 0.08080072154879699 
-0.040242253134880765 -0.3672226588127584 0.08077096730041675 
-0.04019372320969445 -0.36744691088039017 0.08074616147555377 
-0.040146282798488704 -0.367665295646835 0.08071756733558992 
-0.04010017595252779 -0.36788127483708083 0.08068818435729436 
-0.04004345933907734 -0.36811145008748 0.08066674724307801 
-0.039986893253921726 -0.3683368237402658 0.08064201194040621 
-0.03993313716161174 -0.36855617914779387 0.08061388346106094 
-0.03988301302832334 -0.3687700989043099 0.08058315368834708 
-0.039836058084156696 -0.3689809121638028 0.08055165345906874 
-0.03979204328960378 -0.36919015725167753 0.08052061146075032 
-0.0397517388983437 -0.3693969563282784 0.0804895514125805 
-0.03970243244858001 -0.3696160778447424 0.08046481999880917 
-0.03964357677413758 -0.3698430624593443 0.08044318793403067 
-0.03958269506160896 -0.37006635682639305 0.08041874052375247 
-0.03952192643034595 -0.37028695781730797 0.08039304083935972 
-0.039463507592151635 -0.3705033923258887 0.0803655709079955 
-0.03940856382081505 -0.3707148739375434 0.08033603741302124 
-0.039356952682519424 -0.3709224685839677 0.08030529230877353 
-0.03930788931547241 -0.37112841062707497 0.08027494909963985 
-0.03926143219727883 -0.3713331384538756 0.08024539582299534 
-0.03921820623070063 -0.371534563135945 0.08021604130395837 
-0.039165503060213436 -0.3717469330676141 0.08019201622134836 
-0.03911272674209836 -0.3719549380074031 0.08016575137123523 
-0.039060453420448095 -0.37216093431692876 0.08013926383762249 
-0.03900974765894065 -0.37236491446450637 0.08011279222277179 
-0.03894901581843025 -0.37257973186734206 0.08009096171188029 
-0.038888289936708086 -0.3727898437727727 0.08006638603981543 
-0.03882836963867236 -0.37299689702683514 0.08004066135957118 
-0.038769757848405244 -0.3732019299492446 0.08001476465775724 
-0.0387131544885263 -0.37340470230749023 0.07998868990689471 
-0.03865919246150789 -0.3736044471932392 0.07996199379727739 
-0.03860797412687364 -0.3738011263949022 0.07993467487730468 
-0.038559116938445666 -0.3739956376410657 0.07990734728830325 
-0.03851230241132168 -0.37418878048045023 0.07988056253566958 
-0.03845434089706832 -0.37439519575913327 0.07985957767559715 
-0.03839585605129878 -0.374599010306766 0.07983734055557956 
-0.03833817485400845 -0.37480010795557045 0.07981418874242358 
-0.03828209485162724 -0.3749982738152263 0.07979018292511596 
-0.0382277860303878 -0.37519394385085636 0.07976570885510832 
-0.03817508240731594 -0.3753879609546458 0.07974137224869071 
-0.03812394487987675 -0.3755807265978098 0.07971746499134147 
-0.03807460749306551 -0.3757718731879371 0.07969374954495709 
-0.038014525603189256 -0.3759743503231512 0.07967404601423927 
-0.03795347556663336 -0.3761745207045152 0.07965310983718815 
-0.03789233502414671 -0.37637325881075057 0.07963190554854205 
-0.03783195509344615 -0.3765702909556859 0.07961044192069978 
-0.037772935843485914 -0.37676506971694984 0.07958843209176565 
-0.03771533071563413 -0.3769578077367785 0.07956603385876798 
-0.03765881828242175 -0.3771494184711711 0.07954385157500292 
-0.037603208144343606 -0.3773405129572856 0.07952228712327054 
-0.03754869221293493 -0.3775307663224391 0.07950112076872315 
-0.03749556930497355 -0.3777194539627553 0.07947985409306921 
-0.037443486381917725 -0.37790607081561733 0.07945892214955111 
-0.037392260541218365 -0.37809143962097697 0.07943849897935468 
-0.03734167316307798 -0.37827631458247424 0.07941886460025799 
-0.037291813138062783 -0.3784606323904754 0.07939984627162594 
-0.037242949874283025 -0.3786437629469168 0.07938093787703474 
-0.03719514987901268 -0.3788254290053625 0.0793618861602983 
-0.037135769042543176 -0.3790189056538691 0.07934633897836944 
-0.03707416554620409 -0.379211903070759 0.07933028771641491 
-0.03701142133816459 -0.3794047292260172 0.07931430217866198 
-0.036948706571449955 -0.37959617648721194 0.07929775545336847 
-0.036886588966025785 -0.3797855463879106 0.0792802347930209 
-0.03682474669308338 -0.379973824329966 0.07926237760719322 
-0.03676258800804681 -0.3801626155692165 0.07924522130429543 
-0.036700065733875825 -0.3803522830297371 0.07922899757142615 
-0.03663772027310613 -0.38054165992716027 0.07921292937536203 
-0.036575953630602356 -0.3807296546685097 0.0791962655271842 
-0.03651448301193391 -0.3809166914813474 0.07917922635368979 
-0.03645264358532024 -0.38110420421206415 0.07916269640333823 
-0.036390138677040516 -0.3812928936286785 0.07914709471145548 
-0.036327291526585745 -0.3814819614018493 0.07913186616856378 
-0.03626451457403728 -0.3816702356250183 0.07911620119623812 
-0.03620169404197883 -0.38185771550875436 0.07910004178650736 
-0.03613868780110386 -0.38204578764720715 0.07908444875047974 
-0.03607494730055379 -0.38223528962515113 0.07906985258818604 
-0.03601056042991158 -0.38242574625910575 0.0790558733677425 
-0.03594588760429477 -0.3826159814293376 0.07904168303846831 
-0.0358809227378447 -0.3828056215519371 0.07902696251508867 
-0.03581516111785489 -0.3829955738860149 0.07901222071241422 
-0.035748107394110884 -0.383186911921088 0.0789980939344937 
-0.03567976850797746 -0.38337960124365694 0.07898452426424397 
-0.03561051961557347 -0.383572644202421 0.07897083527065898 
-0.03554013325908736 -0.383765029635271 0.0789571656194887 
-0.03546847354942466 -0.38395745822920324 0.0789435547845798 
-0.035395144780468485 -0.3841510885850929 0.07893048930133367 
-0.03532005684311573 -0.38434627552532785 0.0789180373332937 
-0.03524351002017467 -0.3845423017243016 0.07890563353096841 
-0.03516575180994689 -0.38473841516676033 0.0788927090254127 
-0.03508659656647792 -0.38493485125325977 0.07887933018626986 
-0.03500558501178171 -0.38513258520349536 0.07886604516753876 
-0.03492246791539549 -0.3853321744420014 0.07885315261774836 
-0.034837405892311483 -0.38553315746092515 0.07884031121718693 
-0.03475064803923035 -0.38573473183371654 0.07882695365307849 
-0.03466210564057487 -0.3859368288142534 0.07881296090413026 
-0.034571353034267845 -0.38614024637169536 0.07879875683882596 
-0.03447804081039546 -0.3863457109427645 0.07878473245979745 
-0.0343822032736697 -0.386553060319122 0.07877073392872255 
-0.03428408713643842 -0.3867615453822901 0.07875623886564787 
-0.034183728481529625 -0.38697083911229924 0.07874097456343956 
-0.03408080097608913 -0.3871814900757607 0.07872520202856474 
-0.03397490764732854 -0.3873942890920498 0.07870933258604944 
-0.033865940170975814 -0.3876093671318255 0.07869337566899767 
-0.03375406749429408 -0.38782613757877277 0.07867689921456972 
-0.03363938635846915 -0.3880441180194382 0.07865952865262468 
-0.03352167717046563 -0.38826359067017635 0.07864135183917112 
-0.03340055832461754 -0.388485300798767 0.0786227407459296 
-0.03327583241389315 -0.38870960103957003 0.07860383295466282 
-0.03314759107392285 -0.3889361094644031 0.07858431882765418 
-0.03301644501183714 -0.3891645534691418 0.07856419153265315 
-0.03288207015681623 -0.38939485144096136 0.0785432074759835 
-0.03274399782710101 -0.38962756788473046 0.07852154965535443 
-0.03260138978941422 -0.3898627695865679 0.0785000384510354 
-0.03245446384678497 -0.3901004005490828 0.07847816734490407 
-0.03230347478056422 -0.3903399924630908 0.07845535064012306 
-0.032148448904724965 -0.39058142093228015 0.07843128938141397 
-0.03198912430149736 -0.39082517595539046 0.07840608913149283 
-0.03182519182063665 -0.3910718558064472 0.07837994599277923 
-0.03165655255615998 -0.39132153977049394 0.07835277187628009 
-0.031483292379873525 -0.39157380955534804 0.07832419857966094 
-0.0313054252634662 -0.39182836891295747 0.0782939280211108 
-0.03112162328867385 -0.3920826981666823 0.07826624561931267 
-0.030932760991423766 -0.3923380053772355 0.07823964331729476 
-0.030743974980665317 -0.39259642255089955 0.07821587958867543 
-0.030554234358072196 -0.39285710876136437 0.07819315613922304 
-0.03036295051172922 -0.3931194220400918 0.07817034410132154 
-0.0301696739764361 -0.3933831436674801 0.0781468427079409 
-0.029973991857777514 -0.3936484528481677 0.07812242614542841 
-0.02977559047710637 -0.3939155715152032 0.07809699081042949 
-0.029574312421582902 -0.3941844579875643 0.07807036078461149 
-0.029370086404797716 -0.394454884841685 0.07804229830823889 
-0.029162442461350198 -0.39472606815102484 0.07801247121411323 
-0.028951088235984183 -0.39499813805868267 0.07798084521336783 
-0.028735717034840385 -0.39527131802235954 0.07794743369497668 
-0.02851610817740331 -0.3955456447477653 0.07791216107231941 
-0.0282921290586619 -0.3958209226919738 0.07787484067753524 
-0.028063638620426067 -0.3960969689120981 0.07783528745070882 
-0.027830911857232243 -0.3963741339471821 0.07779382512452468 
-0.027592927919211464 -0.3966521219978979 0.07775101063137652 
-0.027349603222316398 -0.3969311132501456 0.07770636608748978 
-0.027100876983190695 -0.39721101868026154 0.07765947574448993 
-0.02684666460395573 -0.39749167522278084 0.07760998892068217 
-0.026586785275916854 -0.39777311766883794 0.0775576931827982 
-0.026320979280517017 -0.39805560093420955 0.07750249809531343 
-0.026049007330488372 -0.3983393598324414 0.07744431630738183 
-0.02577071768868287 -0.3986244126225558 0.07738297004967588 
-0.025602677132214383 -0.39877337856261086 0.07741722320446451 
-0.025499494042874833 -0.3988446882892755 0.0774960506534337 
-0.025435802537950095 -0.39887167841583604 0.07759084806521592 
-0.025398056202906215 -0.39887300504826 0.07768681371216561 
-0.02537774389715044 -0.3988494194455869 0.07776631793183927 
-0.025371317836132765 -0.39880575651431077 0.07782494584012409 
-0.025376830073495452 -0.39874454992158603 0.07786035631301776 
-0.02539321884295525 -0.39866710654407533 0.07787131030979605 
-0.025419892233551695 -0.3985740774459531 0.07785715257739532 
-0.02545657993036012 -0.3984656726800504 0.07781762199305219 
-0.025535688701356744 -0.3983954579291821 0.07777774244979249 
-0.025607258257930057 -0.39834863063823034 0.07776561481454598 
-0.025672389270255447 -0.3983180386429477 0.07776911606875417 
-0.025731806686206074 -0.39829951063544516 0.07778085536622699 
-0.025787666461944324 -0.3982894972521145 0.07779490579273071 
-0.02584273367440496 -0.39828578099350465 0.07780743776164924 
-0.025894591294832826 -0.398285712693725 0.07781784029908424 
-0.025940823297121673 -0.398290269523896 0.07782671266084304 
-0.025980178200413415 -0.39830033818397076 0.07783453470435406 
-0.026012933210621966 -0.3983143778095426 0.07784070513476704 
-0.02603990855439219 -0.39832977516662327 0.07784409844186624 
-0.02606114958458246 -0.39834573251122096 0.07784430901470632 
-0.026076217291378437 -0.39836403174108814 0.07784215360171591 
-0.02608426867576066 -0.39838706783500505 0.07783854223826617 
-0.026085424877193755 -0.39841482850633414 0.0778333929133729 
-0.026080467661665902 -0.39844534736304477 0.07782576712818254 
-0.02606984859510474 -0.3984773710924731 0.07781502293071119 
-0.02605318738781068 -0.39851198179250935 0.0778015601617401 
-0.026029825444369534 -0.39855128535524253 0.07778627838571875 
-0.02599970921787756 -0.39859588319940475 0.07776945385429294 
-0.02596350658826274 -0.39864423968257834 0.077750410029356 
-0.025921827571940857 -0.39869465219596956 0.0777283439882189 
-0.025874514542411728 -0.398747358937852 0.07770326568731614 
-0.025867057718465584 -0.39875468161060357 0.07770250735155251 
-0.025885098484353684 -0.39873784381067334 0.07771266075709368 
-0.02590192669671438 -0.3987305572935113 0.07771413040535771 
-0.025867818175260168 -0.398727339619245 0.07773492201405278 
-0.02580115857023247 -0.3987306286416272 0.07776307407283295 
-0.02571049358543563 -0.39874221746539895 0.07779195278779516 
-0.025631289100413526 -0.39872251363909406 0.0778409160219639 
-0.02556102204034734 -0.3986858042336326 0.07789846431401326 
-0.025496073819408622 -0.39863949043572955 0.07795911176435748 
-0.025423947952040723 -0.39857874336213983 0.07801408450243973 
-0.025343147009056405 -0.39850531687439167 0.07806200138354752 
-0.02525295593160603 -0.39842076520573155 0.07810353198394569 
-0.025152737234678445 -0.3983259923429764 0.0781390455791671 
-0.0250423417669556 -0.3982217649354313 0.07816883845577616 
-0.024921525208895498 -0.39810843349162706 0.07819303420218768 
-0.024790094031178746 -0.39798620777287874 0.07821168326322761 
-0.024647903784830463 -0.3978552209732641 0.07822479523251119 
-0.024494840318913483 -0.3977155645596222 0.07823234722529748 
-0.024330829989296705 -0.3975673128867641 0.07823430157854867 
-0.024155829994860135 -0.39741053643832563 0.07823061081060749 
-0.0240319107067984 -0.3972939195210355 0.07825307569427858 
-0.02393933352095627 -0.39720027283226245 0.07828847215048333 
-0.023866297391701347 -0.39711963683859014 0.07832950934643693 
-0.02378356492806193 -0.39702839436450565 0.07835990033477715 
-0.023690727667102736 -0.3969271742959065 0.07838189442645022 
-0.023587421248967566 -0.39681660036328603 0.07839680449700095 
-0.023473323914941245 -0.39669705272476585 0.07840536361472936 
-0.023348086819348864 -0.3965687427703922 0.07840800153565913 
-0.02326025935059056 -0.39646894677793254 0.07842899543551729 
-0.023195790155605828 -0.39638547167951926 0.07845890309421528 
-0.02312110301708414 -0.3962921645901816 0.07848066514569726 
-0.02303565074353183 -0.39618961457915425 0.07849549436215553 
-0.022938998516910954 -0.39607818477341744 0.07850406766255255 
-0.022830825965369717 -0.3959581144916603 0.07850675853490698 
-0.022710898100733852 -0.395829573679589 0.07850376519996485 
-0.022629342080165076 -0.39573047345718326 0.07852025838860988 
-0.022571532254275557 -0.3956483163331265 0.07854630599178335 
-0.022502926399976152 -0.39555667244718606 0.07856457237768553 
-0.02242289583423171 -0.39545607688675977 0.07857613418458725 
-0.022330962413393215 -0.3953468657545584 0.07858158876829716 
-0.022226777427371315 -0.3952292648117066 0.07858126051951093 
-0.022155246277518807 -0.39513705831826107 0.07859749095736422 
-0.022103794680488877 -0.3950593680732165 0.07862177306583554 
-0.022063924121675942 -0.39498962754096295 0.0786501863701088 
-0.022012602422101117 -0.3949109852812634 0.07867194525181066 
-0.02194885843114939 -0.394823631919604 0.07868759179228957 
-0.021872217600652846 -0.39472784731447375 0.07869747739854772 
-0.021782522572442786 -0.3946239696528958 0.0787018442706782 
-0.021679523593660516 -0.3945121303632101 0.07870077681313284 
-0.0216055423738417 -0.39442472520228056 0.07871552033271276 
-0.021548907742992427 -0.3943516218641455 0.07873885432119987 
-0.021502581038562653 -0.3942873168381621 0.07876724089530401 
-0.02146220227374384 -0.39422847626654933 0.07879843135954229 
-0.021409654002183812 -0.39416116890493524 0.07882329192333672 
-0.021344229120727254 -0.3940857339108357 0.07884227065281292 
-0.02126550798263472 -0.3940024052624269 0.07885560889460155 
-0.021172738705386572 -0.39391094110823616 0.07886326090784812 
-0.021102660640216188 -0.3938407081864247 0.07888429520635672 
-0.021046568000456296 -0.3937830815899343 0.07891263473716612 
-0.02099878191988707 -0.39373336572895307 0.07894518944740495 
-0.02095577317711277 -0.3936888923756299 0.07898023064594253 
-0.020915388299210504 -0.39364808278431535 0.07901672735548522 
-0.02087644793339119 -0.39361002242869403 0.07905410471625324 
-0.020838418163999346 -0.39357424359187987 0.07909212582598481 
-0.02080165404254583 -0.3935407940132926 0.07913082893983167 
-0.020766318799315155 -0.39350910382434606 0.07917022765330337 
-0.020732742590837794 -0.393478720054547 0.0792101888249253 
-0.020701215023940477 -0.39344930948977686 0.0792505314434292 
-0.02067202188987998 -0.39342067823963556 0.07929107977528102 
-0.02064571382077582 -0.3933930376227215 0.07933188347791555 
-0.020622725809930062 -0.39336661286985464 0.07937306740668157 
-0.02060334112435168 -0.3933415575941101 0.07941470115394006 
-0.020587728412959815 -0.39331797866557927 0.07945682389012776 
-0.020576110235239357 -0.3932959076815304 0.0794994792051869 
-0.020568455970100305 -0.39327538713949106 0.07954267377321958 
-0.0205645783762287 -0.39325641434123837 0.07958636818875385 
-0.02056423923730239 -0.393238742633074 0.07963061059998225 
-0.020567554667168583 -0.39322247900080376 0.07967536892488267 
-0.020574526557317147 -0.3932077117232702 0.07972060699777579 
-0.020585091671999452 -0.39319452055432746 0.07976629147806197 
-0.020599148826388206 -0.39318297861390206 0.07981239477789948 
-0.020616508873932887 -0.39317316258764917 0.07985888635411562 
-0.020637148348682865 -0.3931650725954756 0.07990576570820189 
-0.020661005834138834 -0.3931587245643401 0.07995303015879289 
-0.020688008863560894 -0.39315414689458505 0.08000067748572011 
-0.020718087981526363 -0.39315137750022844 0.08004870735326891 
-0.02073498045937705 -0.39314150977550705 0.08009006460792545 
-0.020756549453124586 -0.39313637609008073 0.08013567918083478 
-0.02076529159088416 -0.39312427291789775 0.08017419631653494 
-0.020779096107729704 -0.3931187368872591 0.0802193338909592 
-0.020797195576503023 -0.3931179105402052 0.08026820948161995 
-0.020819242722921488 -0.39312073133523867 0.0803192066017415 
-0.020831019639387438 -0.3931161157289351 0.08036087306278784 
-0.020847935879908804 -0.3931179768001123 0.08040873036857911 
-0.02086926975994518 -0.3931245670749769 0.08046002864953797 
-0.020881108016088574 -0.3931237803912762 0.08050148726572334 
-0.020898467453042194 -0.3931302111024284 0.08054997001982722 
-0.020923320498170667 -0.3931421879094014 0.08060229953511075 
-0.020957289458060635 -0.3931589499852044 0.08065680955912995 
-0.020985145360677915 -0.39317100563195 0.0807020037681086 
-0.021003575102670667 -0.39317823025523263 0.0807399379120272 
-0.02103370967848905 -0.3931922647785926 0.08078817884333488 
-0.021073804218370587 -0.3932129695593223 0.08084126016080453 
-0.021125992806088678 -0.393240082950102 0.08089730411627721 
-0.021190657033480623 -0.3932733424194579 0.08095539652692113 
-0.02124771818542706 -0.3933029160578101 0.08100488929485912 
-0.021292532442240764 -0.3933271017084632 0.08104714543432417 
-0.021323432482871232 -0.39334592822131675 0.08108332494762238 
-0.021368374777651043 -0.3933710771610231 0.08113190356053984 
-0.02143040998230339 -0.3934021113523508 0.08118966082461058 
-0.021484336187208984 -0.39343467188819314 0.0812381767505124 
-0.02152518795390261 -0.39346458444138166 0.08127916300005206 
-0.021574077086764645 -0.3934993143135392 0.08132965648132745 
-0.02163075748376252 -0.39353942637289413 0.08138436401624105 
-0.021679339642763588 -0.3935793281664114 0.0814307422876813 
-0.02171882632156571 -0.39361892002683124 0.08147133227874014 
-0.02177584131165243 -0.3936623115074602 0.08152527149650671 
-0.021818224570148093 -0.39370374874182484 0.0815696461336961 
-0.02184572752156275 -0.3937424256255544 0.08160703792402518 
-0.021893191633002573 -0.3937859596596163 0.08166069163124083 
-0.021930198977527834 -0.39383238812081234 0.08170533776897913 
-0.021954101095684613 -0.3938783853875163 0.08174323435155958 
-0.021992810782310284 -0.3939281155765142 0.08179552641332125 
-0.022016715648174777 -0.39397675602618937 0.08183763274602267 
-0.022027726180041337 -0.39402485756151906 0.08187310093259724 
-0.02202622644574339 -0.3940723933583167 0.08190379981428976 
-0.022049051968083894 -0.3941231825826912 0.08195787868541778 
-0.022088059815190707 -0.3941785276190818 0.08202270277403481 
-0.02211477856645071 -0.39423902720190895 0.08207323758145862 
-0.02212827031691106 -0.394300913947869 0.08211430649682191 
-0.022126476042863358 -0.3943612080500061 0.0821482458047607 
-0.02210838226985659 -0.39441850011077445 0.08217643736652848 
-0.022074794895772257 -0.3944731401702979 0.0822000713627619 
-0.022069643837645234 -0.39453069093773513 0.08225277011760618 
-0.022088577563668874 -0.39459235749706817 0.0823239874694967 
-0.02209706331510875 -0.39466306159736897 0.08237809389593018 
-0.02209096608784865 -0.3947362169097934 0.0824194156753131 
-0.02206885727002589 -0.3948081384612994 0.08245166402422974 
-0.022030790042575805 -0.39487765969264765 0.08247722299080923 
-0.021980067006823954 -0.3949468428863479 0.08249848268374299 
-0.021916806743986075 -0.39501554641466297 0.08251627811246173 
-0.021885944870926394 -0.39508477152405486 0.082568449546562 
-0.0218751925223606 -0.39515671774636607 0.08263641622488821 
-0.021852436291049503 -0.39523919303442184 0.08268073473437781 
-0.02181383361862653 -0.3953316339441095 0.08270477341637036 
-0.021762791084655956 -0.39541960739125237 0.08272540814288515 
-0.02169743985961231 -0.395502624630759 0.082742163722749 
-0.02161781485390201 -0.3955814985084568 0.08275518576706328 
-0.021525612361041557 -0.3956581669450744 0.08276516108114745 
-0.021470810172391164 -0.39573488881417496 0.0828137957088938 
-0.021441959333594204 -0.39581395740753444 0.0828832737229322 
-0.021402426050737063 -0.3959018481603536 0.08293250616656445 
-0.021348987395885116 -0.39599378693645776 0.08296540087203774 
-0.021274372304663683 -0.3960932038978851 0.08297561661313982 
-0.021188066702097913 -0.3961865126141098 0.08298316777661068 
-0.021090919659509794 -0.39627648224640677 0.08298822828740614 
-0.02098238066041483 -0.3963638813799055 0.08299057381983091 
-0.02090837394173524 -0.396450631762802 0.08302897394532319 
-0.02082274347438881 -0.3965415010697964 0.08305165271493464 
-0.020725233959810914 -0.3966331069764559 0.08306390160690282 
-0.020657167479096857 -0.396724752055789 0.08310437869956758 
-0.02057822583970472 -0.39682145657242 0.08312790476572195 
-0.020488211398071856 -0.39691953192856644 0.08314038388519247 
-0.02038517827198468 -0.39701567421001616 0.08314447094259131 
-0.020267773134129773 -0.3971079343210867 0.08314154548370337 
-0.020180458587666348 -0.39719985119895057 0.08316958712280577 
-0.020081280305436527 -0.3973029443576871 0.08317647496341192 
-0.019974386290318037 -0.39740570486178706 0.08317700698699648 
-0.01985487391270849 -0.397503780583763 0.08317101037914806 
-0.01976018593282585 -0.39760036951125666 0.08319222964130692 
-0.019655640014185467 -0.3976979341071243 0.08319845436906194 
-0.01954332007707305 -0.39779674452912706 0.08319576270993469 
-0.01946895854177147 -0.39789465170433336 0.0832288174814533 
-0.019381534470721204 -0.3980024985038384 0.08323755802710918 
-0.01928167552817425 -0.3981071725572833 0.08323496999853414 
-0.019168973328306277 -0.3982073823216448 0.08322378329662289 
-0.019044911395026762 -0.39830428648319394 0.08320647441938615 
-0.01891064692287721 -0.39839904980379615 0.08318471378525552 
-0.018815734891862737 -0.3984911375416045 0.08320382824859611 
-0.018710266011371594 -0.3985880919998588 0.08320432889085488 
-0.018587619351190143 -0.39869397756279573 0.08318176184996681 
-0.01849776706557236 -0.3987973522057631 0.083192460268555 
-0.01840109263173416 -0.39890200236434287 0.08318826012742665 
-0.018296547532053956 -0.39900605291881863 0.08317429548640405 
-0.01818069737434152 -0.3991061794039495 0.08315210069866609 
-0.018094243570664765 -0.3992038676568924 0.08316079058461703 
-0.01799862019420996 -0.39930392394367753 0.08315254417979483 
-0.017910365695565277 -0.39942682978586713 0.08315965283678264 
-0.01782867675573048 -0.39956386414579775 0.08317681471796755 
-0.017750450894671345 -0.39970732797271824 0.08319752188248836 
-0.017674223152578578 -0.39985301189461475 0.08321800200543564 
-0.017612530207611946 -0.39999487977610837 0.08322970619864492 
-0.017564118915243294 -0.40012291528754806 0.08322008343767899 
-0.0175332584834474 -0.4002517322959587 0.08320742615381087 
-0.01748534897234042 -0.40037885419929603 0.08319077877311463 
-0.017433303035868535 -0.4005180730022487 0.08318791304657643 
-0.01738229646711129 -0.40066570349464253 0.08319389907487562 
-0.017335480805392267 -0.4008202521099259 0.08320649751979126 
-0.01728724667076286 -0.4009676992066967 0.08320779158052055 
-0.017248707622267594 -0.4011002554703945 0.08318699978435863 
-0.017208839741776335 -0.4012444471991953 0.08317884446201435 
-0.017171704009670462 -0.40139703143861816 0.08317929047994782 
-0.017140568119321915 -0.40155759681565006 0.08318741515344172 
-0.017123453354342393 -0.4017042418909365 0.08317492458119916 
-0.01712041726765068 -0.40185132289940123 0.08315958990927565 
-0.017109179568433917 -0.40200649059058197 0.08315342743752385 
-0.01709038528268478 -0.40215675391105277 0.08313912268874915 
-0.017065213172008604 -0.4023047638572992 0.08312025069591107 
-0.017046238817696235 -0.40246687880600146 0.08311561964454593 
-0.01703078180853357 -0.40263549851081903 0.08311698563116865 
-0.017017699645321932 -0.402806573421422 0.08311973151201282 
-0.01700252118613671 -0.4029691270909414 0.08311054143030913 
-0.01698306544427603 -0.403126431802667 0.08309390669940597 
-0.0169705309209466 -0.403295397387166 0.08308827718546413 
-0.016963071007780002 -0.40347078238441314 0.08308810475241135 
-0.016965480149655335 -0.40363130529710917 0.08306647121298644 
-0.016954832619659993 -0.40378726095363937 0.08304098782022519 
-0.016948024633798187 -0.4039560529146565 0.08302817147111408 
-0.016947082758321574 -0.4041344963350638 0.08302436314904436 
-0.016952085595289434 -0.4043197815807298 0.08302624804903921 
-0.01695432511438217 -0.40449767070749354 0.08301745342810567 
-0.01694910640325078 -0.4046680713826015 0.08300013523558332 
-0.016934453239465717 -0.4048320101584423 0.08297617278279848 
-0.016926089771932946 -0.40500872990785236 0.0829639248927439 
-0.016925271074970327 -0.40519549285171086 0.08296057101687662 
-0.016922597713959344 -0.40537636674655303 0.08294808545571297 
-0.016929612934161654 -0.4055426290394206 0.08291410169760641 
-0.01693650640949579 -0.40572189943831843 0.08289373023659076 
-0.016947332552430777 -0.40591089589363105 0.08288276176067365 
-0.016965503598755344 -0.4061094903799394 0.08288039831514823 
-0.01698181754493988 -0.4063038106279481 0.08287090506791375 
-0.016989968799174568 -0.4064912901656429 0.0828541913833993 
-0.016988169434427408 -0.4066725422446096 0.0828315255154623 
-0.01699167135162713 -0.40686556765924403 0.08281920000214354 
-0.017004109805076606 -0.4070700901940808 0.08281688754440096 
-0.017016111779529212 -0.40727066164883857 0.08280724100986159 
-0.017020440159641263 -0.40746411726247544 0.08278996936583585 
-0.017027772453065335 -0.40766606846370856 0.08277983183181745 
-0.01702932343828914 -0.4078598475231948 0.08276098568643547 
-0.017040342635290476 -0.4080674089260937 0.08275425965690494 
-0.017050288018814877 -0.40827122442629427 0.08274102987186326 
-0.017052530497929336 -0.40846834122263953 0.08272085428261576 
-0.017057980569344194 -0.40867492037789366 0.0827087518046709 
-0.01706832435018867 -0.408887857212401 0.08270154187598089 
-0.017078969017288385 -0.40909582545413725 0.08268694836943294 
-0.01708646684111858 -0.4093006907451031 0.08266788687768725 
-0.017099645902891022 -0.4095168541097095 0.08265854036067583 
-0.01712289029294199 -0.40971802755683734 0.0826286119335968 
-0.017148284216403423 -0.40993209885605714 0.08261120255124516 
-0.01718133658288633 -0.4101584563323307 0.08260492117706249 
-0.017212862618369087 -0.41038122819421796 0.08259320940954375 
-0.017236830819106472 -0.4105974084935179 0.08257522118838095 
-0.017251559062311628 -0.41080729950113404 0.08255182308557715 
-0.017269712859753036 -0.41102648995919233 0.0825359102822905 
-0.017282060572170133 -0.41123764718332356 0.08251237247267257 
-0.0172886206637203 -0.411444439973379 0.08248463507933185 
-0.017299908124959736 -0.41166123937188215 0.08246500454480062 
-0.017316563095708934 -0.4118838949156347 0.08244954310248878 
-0.0173330773398237 -0.4121009559541523 0.08242729406098637 
-0.017347106291562612 -0.4123151123463026 0.08240149414652172 
-0.01735399980447344 -0.41252445553707695 0.08237166780918566 
-0.01736565822417227 -0.4127443775830897 0.08235047394899866 
-0.01738376712965329 -0.4129710572490759 0.0823349670435827 
-0.01740274792368201 -0.4131924082609123 0.08231322721503892 
-0.01741945294818192 -0.4134104015715542 0.08228792383342404 
-0.01742893724497186 -0.4136223899962652 0.08225788786989355 
-0.017443051034958825 -0.4138445410603033 0.08223624423524192 
-0.01746420017481399 -0.4140740804844085 0.08222040367908652 
-0.01748739362966389 -0.41429885916851794 0.08219855704745904 
-0.017508844431331272 -0.4145202412204785 0.08217312645066276 
-0.017537240774888684 -0.41475233863008804 0.08215641657834596 
-0.017562321268787633 -0.41497561545070816 0.08213157470599386 
-0.017582492884541178 -0.4151925037910099 0.08210143620255007 
-0.0176135277930693 -0.4154248053901897 0.08208416660263865 
-0.01764434520520692 -0.4156524607942476 0.08206164269216848 
-0.017669556115460026 -0.41587308336637907 0.08203339286410204 
-0.01770004721628107 -0.4161026023652199 0.08201211939172064 
-0.01773793606983078 -0.41633853503214174 0.08199559437454651 
-0.0177932590379766 -0.4165606415517822 0.08196138547812593 
-0.017839895281284768 -0.4167822265716953 0.08192871530120784 
-0.017875968527844316 -0.4169989940575196 0.08189418563214836 
-0.017916244731433627 -0.41722554646486126 0.08186760783784756 
-0.017964474517473863 -0.4174602799144944 0.08184742596986237 
-0.018013800368810694 -0.41769131136456755 0.08182358543791803 
-0.01806096938844641 -0.41791921527105896 0.08179749528846511 
-0.01810139589046727 -0.4181406404880358 0.08176725740774796 
-0.018134436449762117 -0.41835602855317056 0.08173347786075905 
-0.01817651980074709 -0.41858450942639436 0.08170990603416367 
-0.018218454925261578 -0.41880957388205664 0.08168343164171434 
-0.018272743814145367 -0.41904972792800654 0.08166896530252887 
-0.018325044825815658 -0.4192811344471419 0.08164689648605641 
-0.0183730230828472 -0.4195050315875824 0.0816192858616302 
-0.018415269268977526 -0.4197222222723945 0.08158736530330646 
-0.01845401631004384 -0.41993765489408275 0.08155515825324842 
-0.01849901314250697 -0.4201624474864932 0.08152980104962651 
-0.01855027620531756 -0.4203910940599963 0.08150676044200732 
-0.018600432058303352 -0.42061042734038956 0.0814763712625925 
-0.018649395757163248 -0.4208255003038326 0.08144326237179572 
-0.018696591668193218 -0.4210390734040234 0.0814100155533746 
-0.018740368369254162 -0.42125111476819793 0.08137694555476566 
-0.01879085383930101 -0.42147202453216737 0.08135006811059474 
-0.018838323145763818 -0.42168503134655005 0.08131776212716024 
-0.018882737883781173 -0.42189354764239767 0.08128311659556918 
-0.018933941528347115 -0.4221089040665599 0.08125293556870297 
-0.018984294025335864 -0.4223184092390556 0.08121962118683423 
-0.019030271336720344 -0.4225209711385981 0.08118263548134995 
-0.019084357522476045 -0.42273085712156067 0.08115066171045024 
-0.01913933994127232 -0.4229384575581221 0.0811177198989898 
-0.019193507074007125 -0.4231452808513633 0.08108543341316803 
-0.01924287491550368 -0.42334784179713636 0.08105152924088725 
-0.01929941897569318 -0.4235579507281565 0.08102248731001718 
-0.019364167321963527 -0.42377251691735857 0.08099594218605786 
-0.019430622939469233 -0.4239844233946667 0.08096783696022639 
-0.01949671445465052 -0.4241951812878136 0.08093994197640296 
-0.019557868290204276 -0.4244005959958428 0.08090954642013007 
-0.019613379033105317 -0.4246006306150276 0.08087676970634253 
-0.0196632029411331 -0.4247957866406967 0.08084206851952183 
-0.019726008905215982 -0.42500668987443585 0.08081838957362747 
-0.019789708794280665 -0.42521587009745954 0.08079383927296568 
-0.019849259055060263 -0.42541920227308994 0.08076608502721562 
-0.019916325968352352 -0.42562877392331566 0.08074173707612964 
-0.019981330150256132 -0.42583155870884365 0.08071306718611305 
-0.02004581048635368 -0.4260332221883664 0.08068470155838238 
-0.020108190812406383 -0.42623377397884044 0.080656947834012 
-0.020179173922668547 -0.4264424224743223 0.08063378091921507 
-0.02024778682118395 -0.426644493561704 0.08060652688372855 
-0.020312738628276705 -0.42684081880892955 0.0805762185168512 
-0.020373265987678572 -0.427031935624742 0.08054348506580315 
-0.020429736824003585 -0.4272194646957016 0.08050963975225413 
-0.020481111387681297 -0.42740240653016104 0.08047403092741277 
-0.020542317470267267 -0.4275950750445773 0.08044400773815524 
-0.02060431810395797 -0.4277867916971514 0.08041404901001611 
-0.020665556646098825 -0.42797813302330123 0.08038499459258247 
-0.020722744611113744 -0.42816556500679864 0.0803544949424041 
-0.02078810277322288 -0.42835960471225687 0.08032702686944362 
-0.020852064521787648 -0.4285489463568619 0.08029690407871992 
-0.02091560334747692 -0.42873797318866463 0.08026767397068171 
-0.02097756208725761 -0.4289267911714608 0.08023962577231884 
-0.021049447757148093 -0.42912482301840704 0.08021635622635352 
-0.021119645111044517 -0.4293173021601939 0.0801896101485329 
-0.021188072402058944 -0.4295058839955741 0.08016174207581249 
-0.021255307149870395 -0.4296936448251498 0.08013486031650116 
-0.021320334478915605 -0.42988043769745543 0.08010881395761035 
-0.021381186362302344 -0.4300637754760527 0.08008177288732171 
-0.021451137148908984 -0.43025496446705913 0.08005835685558299 
-0.02152047211982456 -0.430442588179893 0.08003294030242002 
-0.021589433643092307 -0.430629664882267 0.0800080434480446 
-0.021656783946505873 -0.4308158638886119 0.07998361360664664 
-0.021720523202154174 -0.4309987006188373 0.07995794597964734 
-0.02179364824908059 -0.4311891847951172 0.07993542184062095 
-0.02186661948898297 -0.43137668507397786 0.07991115847048078 
-0.02193955722365222 -0.4315640955526392 0.07988760621549146 
-0.022011077936452208 -0.4317508407635116 0.07986455481125368 
-0.022079181491152074 -0.431934328554894 0.07984022970989846 
-0.022156733064445176 -0.43212508451342263 0.0798185082367636 
-0.022234435208837805 -0.43231337343809917 0.07979533199860539 
-0.022312527745555533 -0.4325020736573224 0.0797730839321319 
-0.02238922320828536 -0.43269066447333154 0.07975173591522194 
-0.02246259682845328 -0.43287632076477367 0.07972930673405901 
-0.022532639560129665 -0.43305896940095023 0.07970572635328468 
-0.022600365831416513 -0.433240291039154 0.07968216943645283 
-0.022667091485849198 -0.43342265955014814 0.07966031164021833 
-0.02273223139192889 -0.4336052617050583 0.07963958137854918 
-0.022808302882937833 -0.4337978129179947 0.07962290249114251 
-0.02288408457015536 -0.43398615395562595 0.07960320036109259 
-0.02295954097665067 -0.43417260427215587 0.07958251026840835 
-0.023034856138294403 -0.4343590779736771 0.07956239363748213 
-0.023109230116582023 -0.4345452098281261 0.07954270708554859 
-0.023181435451898942 -0.43472928800399724 0.07952228837233495 
-0.023251163517396325 -0.43491075451104566 0.079500739611704 
-0.02331927279885152 -0.43509100999049694 0.07947902732408471 
-0.023386701117650354 -0.4352717628899112 0.07945834589083531 
-0.023467249142072502 -0.4354654407103733 0.07944329953452281 
-0.023549596428940223 -0.4356568029092177 0.079427193196981 
-0.0236317781786285 -0.43584539392096305 0.07940976283293541 
-0.02371312855595801 -0.43603162796676614 0.0793912867955281 
-0.023793989931613857 -0.4362169811690771 0.07937276636920931 
-0.02387468465283405 -0.4364025841696591 0.07935496475805398 
-0.023954848431800378 -0.436588131030732 0.07933764798438432 
-0.024033812448885333 -0.43677252046307086 0.07932002511985609 
-0.024111435319784665 -0.4369554019615248 0.0793018243827665 
-0.024188284743355954 -0.43713768213790777 0.07928365342773322 
-0.024264950587946258 -0.43732041302727226 0.07926623105901504 
-0.024341377221752256 -0.4375035242264331 0.07924949977209952 
-0.02441704800142094 -0.4376859986642541 0.07923273549702398 
-0.02449175630116318 -0.43786722565413266 0.07921548239230426 
-0.024565971165514143 -0.43804779854643006 0.07919811633346117 
-0.024640347564987824 -0.43822877926270665 0.07918134898222423 
-0.02471501535300035 -0.4384104003100949 0.07916533155339334 
-0.02478953742376453 -0.43859184174133076 0.07914948957917417 
-0.024876553131158802 -0.43878324086504306 0.0791364556402924 
-0.024966038150334793 -0.43897346005595955 0.07912199760855122 
-0.02505750003282917 -0.4391637883302549 0.07910734934647216 
-0.025150243041390487 -0.4393542093919188 0.07909266090209036 
-0.02524351645736417 -0.43954395985111827 0.07907747046701004 
-0.02533709601411679 -0.4397328321057393 0.0790616445976719 
-0.025430954152210212 -0.4399218912688505 0.07904608392558958 
-0.025525716483665077 -0.44011194230652767 0.07903125686255671 
-0.025621430609651726 -0.4403029052851412 0.07901705979428114 
-0.0257177174016118 -0.440493900664209 0.07900285239278076 
-0.025814420402968014 -0.44068436244584097 0.07898819965344786 
-0.025911947333723116 -0.4408747475912041 0.07897335461747418 
-0.02601089783312779 -0.4410659684008239 0.07895888445989455 
-0.026111838043408483 -0.4412578394346496 0.07894556390548758 
-0.026214261657687185 -0.4414498872191153 0.07893265323155102 
-0.026317767807653367 -0.4416415284245043 0.07891950587083948 
-0.0264224882299626 -0.44183298018373035 0.07890610219887698 
-0.02652891685504375 -0.442025086827718 0.07889289391767038 
-0.02663735178269157 -0.4422183481856364 0.07888013238051016 
-0.026747636511642914 -0.44241239540111155 0.07886750374903145 
-0.026859492397444704 -0.44260655106784486 0.07885449275694653 
-0.02697299519693684 -0.4428007430231384 0.07884098870239084 
-0.0270885932288409 -0.442995631551093 0.07882737331161382 
-0.02720665969043466 -0.4431918243133052 0.07881400176476981 
-0.027327151159415645 -0.44338918257744864 0.07880073847042754 
-0.027449794785318574 -0.4435870722718842 0.07878711369716614 
-0.02757455955741813 -0.44378521825741096 0.07877288157471221 
-0.02770182336287386 -0.4439840900215155 0.07875827784367975 
-0.02783203879817113 -0.4441843622289128 0.07874367483272607 
-0.027965319557277796 -0.4443861447862917 0.07872908266794142 
-0.028101450870853608 -0.4445889324017199 0.0787141134858016 
-0.02824029333452588 -0.44479230680274495 0.07869843169636682 
-0.0283820750099865 -0.4449965039074355 0.07868211831228784 
-0.028527226571494924 -0.44520216030370063 0.07866550800727745 
-0.028675984624226727 -0.44540958387162766 0.07864872111645076 
-0.028828257168723104 -0.44561845891018714 0.0786314746106449 
-0.028983900523359547 -0.44582832728065114 0.07861338975083682 
-0.02914304708486984 -0.4460392250394488 0.07859439974657284 
-0.029306077835712645 -0.44625168970591716 0.07857475729080281 
-0.029472833850320762 -0.44646647827806346 0.0785550607905195 
-0.029643475134032274 -0.44668332140741873 0.07853497896319885 
-0.029818407126780216 -0.4469012389562455 0.07851472809908318 
-0.029997487873141153 -0.44712020037269806 0.07849376266437028 
-0.030180942034623775 -0.44734065730478956 0.07847201466168778 
-0.03036907806802648 -0.44756315224121646 0.07844957599467672 
-0.030561980535539855 -0.4477877906278747 0.07842633053190819 
-0.030759519411946528 -0.44801423922568256 0.07840192619851552 
-0.030961636085487357 -0.44824224176949184 0.07837607174016041 
-0.031168542849802736 -0.44847201270312365 0.07834876482764554 
-0.03138059791536376 -0.44870404196986874 0.078320168486951 
-0.03159802101146217 -0.4489385746158643 0.07829029622698949 
-0.031821865815359424 -0.44917227337564397 0.07826347572341286 
-0.032046337944029016 -0.44940780209422515 0.07824035097323419 
-0.03227223537788297 -0.4496447240628677 0.07821872713806181 
-0.0325002517301686 -0.4498832261180329 0.07819756240021411 
-0.03273079461205204 -0.4501234066590497 0.07817623458193383 
-0.03296394255581152 -0.4503649297963239 0.0781541564539648 
-0.03319968792011161 -0.45060735828871384 0.07813082978274151 
-0.03343821533986263 -0.450850676324048 0.07810604597670644 
-0.03367990418520368 -0.451095322096175 0.07807986656069163 
-0.03392507645849595 -0.45134168865328117 0.0780523538129409 
-0.03417381209724317 -0.4515897119014175 0.07802335594344383 
-0.03442605771944314 -0.45183903887018056 0.0779925853100083 
-0.03468188737267119 -0.45208954552831937 0.07795986836103251 
-0.03494159525196387 -0.45234155725033 0.07792524819378643 
-0.035205517527362666 -0.45259551474103754 0.0778888186874098 
-0.035473816359463714 -0.4528515134178686 0.07785050265210172 
-0.0357470051264004 -0.45310881400460806 0.077810812991501 
-0.03602436091905561 -0.45336777120583693 0.07776964567325312 
-0.03630618119632203 -0.4536285138413481 0.07772658563798301 
-0.03659283133127658 -0.4538914287579938 0.07768148658857152 
-0.036884532775184935 -0.4541566872483264 0.07763418440003075 
-0.03718131647414856 -0.45442408324719563 0.07758438474835033 
-0.03748320332931195 -0.45469335699277874 0.07753178794785502 
-0.03779039048283551 -0.4549645847601592 0.07747625141819617 
-0.037977341353280396 -0.4551188222908831 0.07751272078065172 
-0.03809051600536583 -0.4552046558098446 0.0775952255145055 
-0.03815705333501736 -0.4552518879963593 0.07769619738424702 
-0.03819151950669256 -0.4552776899100129 0.07780047547190556 
-0.038204330523023605 -0.45528023743263774 0.07788898312891658 
-0.03820009381910931 -0.45526408398730694 0.07795708383161701 
-0.038196291636202376 -0.45524787657713084 0.07798591281912652 
-0.038192932870798224 -0.45523161163572323 0.07797547423092968 
-0.03819007572521442 -0.4552152939547351 0.07792574808429908 
-0.038180328225612764 -0.45523824385127754 0.07790247102149256 
-0.038169176689317796 -0.455285950312066 0.07789472694801622 
-0.038160103633443444 -0.4553503486970712 0.07789620171763617 
-0.038154195214603406 -0.45542462378185655 0.0779021728062948 
-0.03815155378727443 -0.4555034906743015 0.07790921433571335 
-0.03815301543304078 -0.455585192087438 0.07791584951481542 
-0.03811290559268563 -0.4556331774295125 0.0779448493847812 
-0.03804702502785423 -0.4556642636380333 0.0779849379447254 
-0.03798442373228326 -0.4557052185235853 0.078019000694688 
-0.03792525013603897 -0.4557510287694526 0.078048085840779 
-0.037869891253503284 -0.4557991337230349 0.07807289088836003 
-0.037819363307125695 -0.4558495936819975 0.07809450923823225 
-0.03777546167478325 -0.455905011695798 0.07811476093084369 
-0.03773854441145036 -0.45596573282489966 0.07813421628909681 
-0.03770748885444025 -0.4560291890508089 0.07815193384523432 
-0.037681615084619424 -0.4560935282921351 0.0781671309063501 
-0.037661238216119504 -0.45615893119432027 0.07817987324620251 
-0.037647727219968 -0.45622798028103984 0.07819132367253506 
-0.03764155348046532 -0.4563017663990838 0.0782020209986736 
-0.03764180993387993 -0.45637861593661433 0.07821126061232477 
-0.03764736046571231 -0.4564561866007208 0.078217993881083 
-0.03765823192491309 -0.45653435210981896 0.07822213112050766 
-0.037626344716203845 -0.4565752886947399 0.07824837656086381 
-0.0375679077708135 -0.4565971568753068 0.07828517598095606 
-0.03751195535569726 -0.45662795162691094 0.07831505361595859 
-0.037458711666016234 -0.45666367679614484 0.07833915631393885 
-0.037408867127081136 -0.4567012574181136 0.07835828527488647 
-0.03736372152840979 -0.4567408619879485 0.07837377647379416 
-0.03732497166716429 -0.4567847336624074 0.078387406091847 
-0.03729318485061775 -0.45683346422665333 0.07839990245742921 
-0.037267710470040114 -0.45688479481973765 0.07841082671653786 
-0.037247585039306946 -0.4569364349161753 0.07841907613738539 
-0.03723305223995566 -0.4569885105080792 0.07842463174193634 
-0.0372252877512033 -0.45704330449639385 0.07842850643092653 
-0.037182850063073904 -0.4570677920199001 0.07845118668917775 
-0.03711825477388148 -0.45707570721924995 0.07848240901394017 
-0.037055268920829096 -0.4570898876709468 0.07850706867035924 
-0.03699407298988081 -0.45710851366562794 0.07852630200418495 
-0.03693647436851973 -0.45713070450752835 0.07854167296142339 
-0.036884267838731395 -0.457157549732388 0.07855476314912468 
-0.03688013572620305 -0.4571824438645372 0.07858362771898404 
-0.03690862540289962 -0.45721003672378385 0.07861818627414105 
-0.0369597452364708 -0.4572424773939221 0.07865194323755847 
-0.036990716734255656 -0.4572444434382499 0.07870535598290831 
-0.037011459498136355 -0.4572293488031576 0.0787689154616783 
-0.03702534078121957 -0.4572050749601158 0.07883676229588314 
-0.037034762674777164 -0.4571756165224428 0.0789056250597712 
-0.03704181356235455 -0.45714249200346085 0.07897326796433732 
-0.03704770893480748 -0.45710645421141166 0.07903856475940285 
-0.03706187875672719 -0.45705859078404465 0.07909653995127378 
-0.03708484325976863 -0.45699990523479267 0.07914827051162585 
-0.03711700006785591 -0.4569309643086883 0.07919438480180221 
-0.03715864399792363 -0.4568521016640889 0.07923525246342486 
-0.037210000429745274 -0.4567635216094226 0.0792710900814248 
-0.037243448811487216 -0.45669316896829154 0.07931533773051277 
-0.037265407778682806 -0.4566331548988281 0.07936327897303513 
-0.03729692398568665 -0.45656212091567205 0.07940494796407653 
-0.03731850135329809 -0.4565000561108548 0.07944979200677137 
-0.03734906900964275 -0.4564281687973415 0.07948907068198027 
-0.03738909418844193 -0.45634668437660075 0.07952321891777595 
-0.03741654194180487 -0.456277208159336 0.07956249108302663 
-0.03743647232265341 -0.45621409340128705 0.07960396192453072 
-0.037452030987585476 -0.4561541506544399 0.07964608705447937 
-0.03747684407988723 -0.4560846018196235 0.07968285638359945 
-0.037511410763485374 -0.456005627864303 0.07971467119636513 
-0.03753661570841854 -0.45593564704338246 0.07975047518116184 
-0.03757144272673149 -0.4558562769893692 0.07978120945068003 
-0.037597106899018434 -0.45578564855469456 0.07981579372906354 
-0.03761730469999918 -0.4557198211783309 0.07985210021926196 
-0.037647072309882415 -0.45564468395293645 0.07988328497838276 
-0.03767029080440145 -0.4555759614414431 0.07991721159132141 
-0.037703364304607474 -0.45549803695854896 0.07994617728672057 
-0.0377291271865527 -0.45542757026774594 0.07997847104694952 
-0.03776484426845972 -0.45534787649721975 0.08000592911336653 
-0.03779267036259915 -0.45527627587890884 0.08003715259331447 
-0.03783058363153789 -0.45519560241286894 0.08006350886889874 
-0.03786031864619837 -0.4551235684284862 0.0800938595089448 
