/home/user/anaconda3/lib/python3.12/site-packages/stable_baselines3/common/on_policy_algorithm.py:150: UserWarning: You are trying to run PPO on the GPU, but it is primarily intended to run on the CPU when not using a CNN policy (you are using ActorCriticPolicy which should be a MlpPolicy). See https://github.com/DLR-RM/stable-baselines3/issues/1245 for more info. You can pass `device='cpu'` or `export CUDA_VISIBLE_DEVICES=` to force using the CPU.Note: The model will train, but the GPU utilization will be poor and the training might take longer than on CPU.
  warnings.warn(
[v3.1 env init] xvel_boost_multiplier = 5.0
[v3.1 env init] Ours reward weights = {'alpha_W_pos': 0.3, 'alpha_W_neg': 0.6, 'alpha_E_damp': 0.5, 'alpha_E_fric': 0.5, 'alpha_E_norm': 0.0}
[v3.1 env init] xvel_boost_multiplier = 5.0
[v3.1 env init] Ours reward weights = {'alpha_W_pos': 0.3, 'alpha_W_neg': 0.6, 'alpha_E_damp': 0.5, 'alpha_E_fric': 0.5, 'alpha_E_norm': 0.0}
[v3.1 env init] xvel_boost_multiplier = 5.0
[v3.1 env init] Ours reward weights = {'alpha_W_pos': 0.3, 'alpha_W_neg': 0.6, 'alpha_E_damp': 0.5, 'alpha_E_fric': 0.5, 'alpha_E_norm': 0.0}
[v3.1 env init] xvel_boost_multiplier = 5.0
[v3.1 env init] Ours reward weights = {'alpha_W_pos': 0.3, 'alpha_W_neg': 0.6, 'alpha_E_damp': 0.5, 'alpha_E_fric': 0.5, 'alpha_E_norm': 0.0}
Using cuda device
Logging to logs/w3_ours_v3.1_ablation_no_norm/seed0/tb_logs/PPO_1
---------------------------------
| energy/            |          |
|    E_damp_J        | 0.141    |
|    E_fric_J        | 0.0261   |
|    E_norm_J        | 0.0126   |
|    W_neg_J         | 0.15     |
|    W_pos_J         | 0.311    |
| reward/            |          |
|    r_energy        | -0.266   |
|    r_pose          | -0.0379  |
|    r_vel           | 0.268    |
|    r_xvel          | -1.76    |
| rollout/           |          |
|    ep_len_mean     | 82       |
|    ep_rew_mean     | -181     |
| time/              |          |
|    fps             | 46       |
|    iterations      | 1        |
|    time_elapsed    | 87       |
|    total_timesteps | 4096     |
---------------------------------
-----------------------------------------
| energy/                 |             |
|    E_damp_J             | 0.143       |
|    E_fric_J             | 0.0279      |
|    E_norm_J             | 0.0118      |
|    W_neg_J              | 0.152       |
|    W_pos_J              | 0.309       |
| reward/                 |             |
|    r_energy             | -0.27       |
|    r_pose               | -0.0465     |
|    r_vel                | 0.288       |
|    r_xvel               | -1.51       |
| rollout/                |             |
|    ep_len_mean          | 82          |
|    ep_rew_mean          | -179        |
| time/                   |             |
|    fps                  | 46          |
|    iterations           | 2           |
|    time_elapsed         | 174         |
|    total_timesteps      | 8192        |
| train/                  |             |
|    approx_kl            | 0.009268096 |
|    clip_fraction        | 0.105       |
|    clip_range           | 0.2         |
|    entropy_loss         | -14.2       |
|    explained_variance   | -0.00193    |
|    learning_rate        | 0.0003      |
|    loss                 | 200         |
|    n_updates            | 10          |
|    policy_gradient_loss | -0.016      |
|    std                  | 1           |
|    value_loss           | 616         |
-----------------------------------------
-----------------------------------------
| energy/                 |             |
|    E_damp_J             | 0.122       |
|    E_fric_J             | 0.0253      |
|    E_norm_J             | 0.0118      |
|    W_neg_J              | 0.131       |
|    W_pos_J              | 0.279       |
| reward/                 |             |
|    r_energy             | -0.236      |
|    r_pose               | -0.053      |
|    r_vel                | 0.229       |
|    r_xvel               | -1.8        |
| rollout/                |             |
|    ep_len_mean          | 82          |
|    ep_rew_mean          | -177        |
| time/                   |             |
|    fps                  | 47          |
|    iterations           | 3           |
|    time_elapsed         | 260         |
|    total_timesteps      | 12288       |
| train/                  |             |
|    approx_kl            | 0.009248075 |
|    clip_fraction        | 0.084       |
|    clip_range           | 0.2         |
|    entropy_loss         | -14.2       |
|    explained_variance   | -0.000525   |
|    learning_rate        | 0.0003      |
|    loss                 | 273         |
|    n_updates            | 20          |
|    policy_gradient_loss | -0.0147     |
|    std                  | 1           |
|    value_loss           | 663         |
-----------------------------------------
-----------------------------------------
| energy/                 |             |
|    E_damp_J             | 0.14        |
|    E_fric_J             | 0.0249      |
|    E_norm_J             | 0.0113      |
|    W_neg_J              | 0.137       |
|    W_pos_J              | 0.314       |
| reward/                 |             |
|    r_energy             | -0.259      |
|    r_pose               | -0.041      |
|    r_vel                | 0.218       |
|    r_xvel               | -1.62       |
| rollout/                |             |
|    ep_len_mean          | 82          |
|    ep_rew_mean          | -176        |
| time/                   |             |
|    fps                  | 47          |
|    iterations           | 4           |
|    time_elapsed         | 344         |
|    total_timesteps      | 16384       |
| train/                  |             |
|    approx_kl            | 0.009150471 |
|    clip_fraction        | 0.0892      |
|    clip_range           | 0.2         |
|    entropy_loss         | -14.2       |
|    explained_variance   | -0.000321   |
|    learning_rate        | 0.0003      |
|    loss                 | 265         |
|    n_updates            | 30          |
|    policy_gradient_loss | -0.0159     |
|    std                  | 1           |
|    value_loss           | 653         |
-----------------------------------------
---------------------------------------
| energy/                 |           |
|    E_damp_J             | 0.126     |
|    E_fric_J             | 0.0237    |
|    E_norm_J             | 0.0116    |
|    W_neg_J              | 0.131     |
|    W_pos_J              | 0.297     |
| reward/                 |           |
|    r_energy             | -0.243    |
|    r_pose               | -0.0342   |
|    r_vel                | 0.26      |
|    r_xvel               | -1.58     |
| rollout/                |           |
|    ep_len_mean          | 82        |
|    ep_rew_mean          | -174      |
| time/                   |           |
|    fps                  | 47        |
|    iterations           | 5         |
|    time_elapsed         | 428       |
|    total_timesteps      | 20480     |
| train/                  |           |
|    approx_kl            | 0.0092821 |
|    clip_fraction        | 0.104     |
|    clip_range           | 0.2       |
|    entropy_loss         | -14.3     |
|    explained_variance   | -4.71e-05 |
|    learning_rate        | 0.0003    |
|    loss                 | 220       |
|    n_updates            | 40        |
|    policy_gradient_loss | -0.0164   |
|    std                  | 1.01      |
|    value_loss           | 594       |
---------------------------------------
-----------------------------------------
| energy/                 |             |
|    E_damp_J             | 0.122       |
|    E_fric_J             | 0.0241      |
|    E_norm_J             | 0.0111      |
|    W_neg_J              | 0.133       |
|    W_pos_J              | 0.29        |
| reward/                 |             |
|    r_energy             | -0.24       |
|    r_pose               | -0.0429     |
|    r_vel                | 0.253       |
|    r_xvel               | -1.77       |
| rollout/                |             |
|    ep_len_mean          | 82          |
|    ep_rew_mean          | -172        |
| time/                   |             |
|    fps                  | 47          |
|    iterations           | 6           |
|    time_elapsed         | 513         |
|    total_timesteps      | 24576       |
| train/                  |             |
|    approx_kl            | 0.010832338 |
|    clip_fraction        | 0.114       |
|    clip_range           | 0.2         |
|    entropy_loss         | -14.3       |
|    explained_variance   | -5.6e-05    |
|    learning_rate        | 0.0003      |
|    loss                 | 205         |
|    n_updates            | 50          |
|    policy_gradient_loss | -0.0173     |
|    std                  | 1.01        |
|    value_loss           | 513         |
-----------------------------------------
-----------------------------------------
| energy/                 |             |
|    E_damp_J             | 0.134       |
|    E_fric_J             | 0.0254      |
|    E_norm_J             | 0.0135      |
|    W_neg_J              | 0.15        |
|    W_pos_J              | 0.313       |
| reward/                 |             |
|    r_energy             | -0.264      |
|    r_pose               | -0.0377     |
|    r_vel                | 0.227       |
|    r_xvel               | -1.5        |
| rollout/                |             |
|    ep_len_mean          | 82          |
|    ep_rew_mean          | -166        |
| time/                   |             |
|    fps                  | 47          |
|    iterations           | 7           |
|    time_elapsed         | 599         |
|    total_timesteps      | 28672       |
| train/                  |             |
|    approx_kl            | 0.010214002 |
|    clip_fraction        | 0.115       |
|    clip_range           | 0.2         |
|    entropy_loss         | -14.2       |
|    explained_variance   | -8.07e-05   |
|    learning_rate        | 0.0003      |
|    loss                 | 197         |
|    n_updates            | 60          |
|    policy_gradient_loss | -0.0184     |
|    std                  | 1           |
|    value_loss           | 472         |
-----------------------------------------
----------------------------------------
| energy/                 |            |
|    E_damp_J             | 0.119      |
|    E_fric_J             | 0.0244     |
|    E_norm_J             | 0.0113     |
|    W_neg_J              | 0.124      |
|    W_pos_J              | 0.269      |
| reward/                 |            |
|    r_energy             | -0.227     |
|    r_pose               | -0.0469    |
|    r_vel                | 0.207      |
|    r_xvel               | -1.52      |
| rollout/                |            |
|    ep_len_mean          | 82         |
|    ep_rew_mean          | -161       |
| time/                   |            |
|    fps                  | 47         |
|    iterations           | 8          |
|    time_elapsed         | 683        |
|    total_timesteps      | 32768      |
| train/                  |            |
|    approx_kl            | 0.01027542 |
|    clip_fraction        | 0.121      |
|    clip_range           | 0.2        |
|    entropy_loss         | -14.2      |
|    explained_variance   | -5.61e-05  |
|    learning_rate        | 0.0003     |
|    loss                 | 141        |
|    n_updates            | 70         |
|    policy_gradient_loss | -0.0192    |
|    std                  | 0.999      |
|    value_loss           | 379        |
----------------------------------------
-----------------------------------------
| energy/                 |             |
|    E_damp_J             | 0.114       |
|    E_fric_J             | 0.0226      |
|    E_norm_J             | 0.0106      |
|    W_neg_J              | 0.107       |
|    W_pos_J              | 0.275       |
| reward/                 |             |
|    r_energy             | -0.215      |
|    r_pose               | -0.0406     |
|    r_vel                | 0.249       |
|    r_xvel               | -1.5        |
| rollout/                |             |
|    ep_len_mean          | 82          |
|    ep_rew_mean          | -158        |
| time/                   |             |
|    fps                  | 47          |
|    iterations           | 9           |
|    time_elapsed         | 768         |
|    total_timesteps      | 36864       |
| train/                  |             |
|    approx_kl            | 0.012684336 |
|    clip_fraction        | 0.146       |
|    clip_range           | 0.2         |
|    entropy_loss         | -14.2       |
|    explained_variance   | -5.85e-05   |
|    learning_rate        | 0.0003      |
|    loss                 | 117         |
|    n_updates            | 80          |
|    policy_gradient_loss | -0.0202     |
|    std                  | 1           |
|    value_loss           | 339         |
-----------------------------------------
-----------------------------------------
| energy/                 |             |
|    E_damp_J             | 0.11        |
|    E_fric_J             | 0.022       |
|    E_norm_J             | 0.0103      |
|    W_neg_J              | 0.115       |
|    W_pos_J              | 0.265       |
| reward/                 |             |
|    r_energy             | -0.214      |
|    r_pose               | -0.0383     |
|    r_vel                | 0.276       |
|    r_xvel               | -1.49       |
| rollout/                |             |
|    ep_len_mean          | 82          |
|    ep_rew_mean          | -153        |
| time/                   |             |
|    fps                  | 47          |
|    iterations           | 10          |
|    time_elapsed         | 853         |
|    total_timesteps      | 40960       |
| train/                  |             |
|    approx_kl            | 0.011125663 |
|    clip_fraction        | 0.135       |
|    clip_range           | 0.2         |
|    entropy_loss         | -14.2       |
|    explained_variance   | -2.67e-05   |
|    learning_rate        | 0.0003      |
|    loss                 | 98.2        |
|    n_updates            | 90          |
|    policy_gradient_loss | -0.0208     |
|    std                  | 0.994       |
|    value_loss           | 264         |
-----------------------------------------
-----------------------------------------
| energy/                 |             |
|    E_damp_J             | 0.101       |
|    E_fric_J             | 0.0211      |
|    E_norm_J             | 0.00995     |
|    W_neg_J              | 0.124       |
|    W_pos_J              | 0.23        |
| reward/                 |             |
|    r_energy             | -0.205      |
|    r_pose               | -0.0401     |
|    r_vel                | 0.223       |
|    r_xvel               | -1.35       |
| rollout/                |             |
|    ep_len_mean          | 82          |
|    ep_rew_mean          | -150        |
| time/                   |             |
|    fps                  | 47          |
|    iterations           | 11          |
|    time_elapsed         | 939         |
|    total_timesteps      | 45056       |
| train/                  |             |
|    approx_kl            | 0.013311939 |
|    clip_fraction        | 0.159       |
|    clip_range           | 0.2         |
|    entropy_loss         | -14.1       |
|    explained_variance   | -2.87e-05   |
|    learning_rate        | 0.0003      |
|    loss                 | 73.8        |
|    n_updates            | 100         |
|    policy_gradient_loss | -0.0226     |
|    std                  | 0.994       |
|    value_loss           | 222         |
-----------------------------------------
-----------------------------------------
| energy/                 |             |
|    E_damp_J             | 0.107       |
|    E_fric_J             | 0.0234      |
|    E_norm_J             | 0.0101      |
|    W_neg_J              | 0.13        |
|    W_pos_J              | 0.244       |
| reward/                 |             |
|    r_energy             | -0.217      |
|    r_pose               | -0.0382     |
|    r_vel                | 0.288       |
|    r_xvel               | -1.39       |
| rollout/                |             |
|    ep_len_mean          | 82          |
|    ep_rew_mean          | -146        |
| time/                   |             |
|    fps                  | 47          |
|    iterations           | 12          |
|    time_elapsed         | 1024        |
|    total_timesteps      | 49152       |
| train/                  |             |
|    approx_kl            | 0.011921825 |
|    clip_fraction        | 0.142       |
|    clip_range           | 0.2         |
|    entropy_loss         | -14.1       |
|    explained_variance   | -1.97e-05   |
|    learning_rate        | 0.0003      |
|    loss                 | 60.2        |
|    n_updates            | 110         |
|    policy_gradient_loss | -0.0213     |
|    std                  | 0.986       |
|    value_loss           | 191         |
-----------------------------------------
-----------------------------------------
| energy/                 |             |
|    E_damp_J             | 0.089       |
|    E_fric_J             | 0.0201      |
|    E_norm_J             | 0.00905     |
|    W_neg_J              | 0.111       |
|    W_pos_J              | 0.209       |
| reward/                 |             |
|    r_energy             | -0.184      |
|    r_pose               | -0.0306     |
|    r_vel                | 0.267       |
|    r_xvel               | -1.13       |
| rollout/                |             |
|    ep_len_mean          | 82          |
|    ep_rew_mean          | -140        |
| time/                   |             |
|    fps                  | 48          |
|    iterations           | 13          |
|    time_elapsed         | 1108        |
|    total_timesteps      | 53248       |
| train/                  |             |
|    approx_kl            | 0.012766209 |
|    clip_fraction        | 0.145       |
|    clip_range           | 0.2         |
|    entropy_loss         | -14         |
|    explained_variance   | -2.04e-05   |
|    learning_rate        | 0.0003      |
|    loss                 | 45.7        |
|    n_updates            | 120         |
|    policy_gradient_loss | -0.0223     |
|    std                  | 0.979       |
|    value_loss           | 152         |
-----------------------------------------
-----------------------------------------
| energy/                 |             |
|    E_damp_J             | 0.0835      |
|    E_fric_J             | 0.0198      |
|    E_norm_J             | 0.00996     |
|    W_neg_J              | 0.0832      |
|    W_pos_J              | 0.218       |
| reward/                 |             |
|    r_energy             | -0.167      |
|    r_pose               | -0.023      |
|    r_vel                | 0.234       |
|    r_xvel               | -1.02       |
| rollout/                |             |
|    ep_len_mean          | 82          |
|    ep_rew_mean          | -131        |
| time/                   |             |
|    fps                  | 47          |
|    iterations           | 14          |
|    time_elapsed         | 1195        |
|    total_timesteps      | 57344       |
| train/                  |             |
|    approx_kl            | 0.014965268 |
|    clip_fraction        | 0.176       |
|    clip_range           | 0.2         |
|    entropy_loss         | -14         |
|    explained_variance   | -9.06e-06   |
|    learning_rate        | 0.0003      |
|    loss                 | 29.8        |
|    n_updates            | 130         |
|    policy_gradient_loss | -0.0236     |
|    std                  | 0.978       |
|    value_loss           | 101         |
-----------------------------------------
-----------------------------------------
| energy/                 |             |
|    E_damp_J             | 0.0828      |
|    E_fric_J             | 0.0193      |
|    E_norm_J             | 0.0255      |
|    W_neg_J              | 0.0783      |
|    W_pos_J              | 0.236       |
| reward/                 |             |
|    r_energy             | -0.169      |
|    r_pose               | -0.0297     |
|    r_vel                | 0.196       |
|    r_xvel               | -1.13       |
| rollout/                |             |
|    ep_len_mean          | 82          |
|    ep_rew_mean          | -121        |
| time/                   |             |
|    fps                  | 47          |
|    iterations           | 15          |
|    time_elapsed         | 1280        |
|    total_timesteps      | 61440       |
| train/                  |             |
|    approx_kl            | 0.015220968 |
|    clip_fraction        | 0.167       |
|    clip_range           | 0.2         |
|    entropy_loss         | -13.9       |
|    explained_variance   | -8.58e-06   |
|    learning_rate        | 0.0003      |
|    loss                 | 17.5        |
|    n_updates            | 140         |
|    policy_gradient_loss | -0.0219     |
|    std                  | 0.977       |
|    value_loss           | 58.8        |
-----------------------------------------
-----------------------------------------
| energy/                 |             |
|    E_damp_J             | 0.0725      |
|    E_fric_J             | 0.0195      |
|    E_norm_J             | 0.0095      |
|    W_neg_J              | 0.0884      |
|    W_pos_J              | 0.194       |
| reward/                 |             |
|    r_energy             | -0.157      |
|    r_pose               | -0.0336     |
|    r_vel                | 0.26        |
|    r_xvel               | -1.29       |
| rollout/                |             |
|    ep_len_mean          | 82          |
|    ep_rew_mean          | -117        |
| time/                   |             |
|    fps                  | 47          |
|    iterations           | 16          |
|    time_elapsed         | 1365        |
|    total_timesteps      | 65536       |
| train/                  |             |
|    approx_kl            | 0.025902292 |
|    clip_fraction        | 0.235       |
|    clip_range           | 0.2         |
|    entropy_loss         | -13.9       |
|    explained_variance   | -8.82e-06   |
|    learning_rate        | 0.0003      |
|    loss                 | 9.8         |
|    n_updates            | 150         |
|    policy_gradient_loss | -0.0259     |
|    std                  | 0.972       |
|    value_loss           | 33.3        |
-----------------------------------------
-----------------------------------------
| energy/                 |             |
|    E_damp_J             | 0.0725      |
|    E_fric_J             | 0.0155      |
|    E_norm_J             | 0.0236      |
|    W_neg_J              | 0.0902      |
|    W_pos_J              | 0.177       |
| reward/                 |             |
|    r_energy             | -0.151      |
|    r_pose               | -0.0226     |
|    r_vel                | 0.214       |
|    r_xvel               | -0.74       |
| rollout/                |             |
|    ep_len_mean          | 82          |
|    ep_rew_mean          | -111        |
| time/                   |             |
|    fps                  | 47          |
|    iterations           | 17          |
|    time_elapsed         | 1452        |
|    total_timesteps      | 69632       |
| train/                  |             |
|    approx_kl            | 0.024088742 |
|    clip_fraction        | 0.233       |
|    clip_range           | 0.2         |
|    entropy_loss         | -13.9       |
|    explained_variance   | -1e-05      |
|    learning_rate        | 0.0003      |
|    loss                 | 9.13        |
|    n_updates            | 160         |
|    policy_gradient_loss | -0.0187     |
|    std                  | 0.969       |
|    value_loss           | 26.2        |
-----------------------------------------
-----------------------------------------
| energy/                 |             |
|    E_damp_J             | 0.0654      |
|    E_fric_J             | 0.0174      |
|    E_norm_J             | 0.00736     |
|    W_neg_J              | 0.0831      |
|    W_pos_J              | 0.169       |
| reward/                 |             |
|    r_energy             | -0.142      |
|    r_pose               | -0.0336     |
|    r_vel                | 0.274       |
|    r_xvel               | -1.03       |
| rollout/                |             |
|    ep_len_mean          | 82          |
|    ep_rew_mean          | -101        |
| time/                   |             |
|    fps                  | 47          |
|    iterations           | 18          |
|    time_elapsed         | 1539        |
|    total_timesteps      | 73728       |
| train/                  |             |
|    approx_kl            | 0.020231405 |
|    clip_fraction        | 0.231       |
|    clip_range           | 0.2         |
|    entropy_loss         | -13.8       |
|    explained_variance   | -4.53e-06   |
|    learning_rate        | 0.0003      |
|    loss                 | 8.95        |
|    n_updates            | 170         |
|    policy_gradient_loss | -0.0238     |
|    std                  | 0.964       |
|    value_loss           | 18.7        |
-----------------------------------------
-----------------------------------------
| energy/                 |             |
|    E_damp_J             | 0.0852      |
|    E_fric_J             | 0.0171      |
|    E_norm_J             | 0.0237      |
|    W_neg_J              | 0.093       |
|    W_pos_J              | 0.213       |
| reward/                 |             |
|    r_energy             | -0.171      |
|    r_pose               | -0.0219     |
|    r_vel                | 0.186       |
|    r_xvel               | -0.753      |
| rollout/                |             |
|    ep_len_mean          | 82          |
|    ep_rew_mean          | -94.6       |
| time/                   |             |
|    fps                  | 47          |
|    iterations           | 19          |
|    time_elapsed         | 1625        |
|    total_timesteps      | 77824       |
| train/                  |             |
|    approx_kl            | 0.018360771 |
|    clip_fraction        | 0.224       |
|    clip_range           | 0.2         |
|    entropy_loss         | -13.7       |
|    explained_variance   | -7.87e-06   |
|    learning_rate        | 0.0003      |
|    loss                 | 6.55        |
|    n_updates            | 180         |
|    policy_gradient_loss | -0.0263     |
|    std                  | 0.956       |
|    value_loss           | 12.9        |
-----------------------------------------
-----------------------------------------
| energy/                 |             |
|    E_damp_J             | 0.0464      |
|    E_fric_J             | 0.0154      |
|    E_norm_J             | 0.00694     |
|    W_neg_J              | 0.061       |
|    W_pos_J              | 0.142       |
| reward/                 |             |
|    r_energy             | -0.11       |
|    r_pose               | -0.0183     |
|    r_vel                | 0.196       |
|    r_xvel               | -0.713      |
| rollout/                |             |
|    ep_len_mean          | 82          |
|    ep_rew_mean          | -88.9       |
| time/                   |             |
|    fps                  | 47          |
|    iterations           | 20          |
|    time_elapsed         | 1712        |
|    total_timesteps      | 81920       |
| train/                  |             |
|    approx_kl            | 0.018756848 |
|    clip_fraction        | 0.213       |
|    clip_range           | 0.2         |
|    entropy_loss         | -13.6       |
|    explained_variance   | -5.72e-06   |
|    learning_rate        | 0.0003      |
|    loss                 | 5.03        |
|    n_updates            | 190         |
|    policy_gradient_loss | -0.028      |
|    std                  | 0.949       |
|    value_loss           | 12.1        |
-----------------------------------------
-----------------------------------------
| energy/                 |             |
|    E_damp_J             | 0.0776      |
|    E_fric_J             | 0.0157      |
|    E_norm_J             | 0.0228      |
|    W_neg_J              | 0.0787      |
|    W_pos_J              | 0.192       |
| reward/                 |             |
|    r_energy             | -0.151      |
|    r_pose               | -0.0254     |
|    r_vel                | 0.225       |
|    r_xvel               | -1          |
| rollout/                |             |
|    ep_len_mean          | 82          |
|    ep_rew_mean          | -82         |
| time/                   |             |
|    fps                  | 47          |
|    iterations           | 21          |
|    time_elapsed         | 1800        |
|    total_timesteps      | 86016       |
| train/                  |             |
|    approx_kl            | 0.016270647 |
|    clip_fraction        | 0.2         |
|    clip_range           | 0.2         |
|    entropy_loss         | -13.6       |
|    explained_variance   | -5.72e-06   |
|    learning_rate        | 0.0003      |
|    loss                 | 5.76        |
|    n_updates            | 200         |
|    policy_gradient_loss | -0.0263     |
|    std                  | 0.947       |
|    value_loss           | 10.9        |
-----------------------------------------
-----------------------------------------
| energy/                 |             |
|    E_damp_J             | 0.053       |
|    E_fric_J             | 0.0148      |
|    E_norm_J             | 0.00696     |
|    W_neg_J              | 0.067       |
|    W_pos_J              | 0.145       |
| reward/                 |             |
|    r_energy             | -0.118      |
|    r_pose               | -0.0194     |
|    r_vel                | 0.203       |
|    r_xvel               | -0.693      |
| rollout/                |             |
|    ep_len_mean          | 82          |
|    ep_rew_mean          | -76.9       |
| time/                   |             |
|    fps                  | 47          |
|    iterations           | 22          |
|    time_elapsed         | 1887        |
|    total_timesteps      | 90112       |
| train/                  |             |
|    approx_kl            | 0.016705545 |
|    clip_fraction        | 0.17        |
|    clip_range           | 0.2         |
|    entropy_loss         | -13.6       |
|    explained_variance   | -7.75e-06   |
|    learning_rate        | 0.0003      |
|    loss                 | 6.04        |
|    n_updates            | 210         |
|    policy_gradient_loss | -0.0222     |
|    std                  | 0.943       |
|    value_loss           | 11.3        |
-----------------------------------------
-----------------------------------------
| energy/                 |             |
|    E_damp_J             | 0.064       |
|    E_fric_J             | 0.0152      |
|    E_norm_J             | 0.0236      |
|    W_neg_J              | 0.076       |
|    W_pos_J              | 0.176       |
| reward/                 |             |
|    r_energy             | -0.138      |
|    r_pose               | -0.0169     |
|    r_vel                | 0.148       |
|    r_xvel               | -0.679      |
| rollout/                |             |
|    ep_len_mean          | 82          |
|    ep_rew_mean          | -70.5       |
| time/                   |             |
|    fps                  | 47          |
|    iterations           | 23          |
|    time_elapsed         | 1972        |
|    total_timesteps      | 94208       |
| train/                  |             |
|    approx_kl            | 0.013240114 |
|    clip_fraction        | 0.143       |
|    clip_range           | 0.2         |
|    entropy_loss         | -13.5       |
|    explained_variance   | -7.39e-06   |
|    learning_rate        | 0.0003      |
|    loss                 | 4.82        |
|    n_updates            | 220         |
|    policy_gradient_loss | -0.0191     |
|    std                  | 0.942       |
|    value_loss           | 11.7        |
-----------------------------------------
-----------------------------------------
| energy/                 |             |
|    E_damp_J             | 0.045       |
|    E_fric_J             | 0.0153      |
|    E_norm_J             | 0.00712     |
|    W_neg_J              | 0.0606      |
|    W_pos_J              | 0.125       |
| reward/                 |             |
|    r_energy             | -0.104      |
|    r_pose               | -0.0215     |
|    r_vel                | 0.221       |
|    r_xvel               | -0.832      |
| rollout/                |             |
|    ep_len_mean          | 82          |
|    ep_rew_mean          | -66.4       |
| time/                   |             |
|    fps                  | 47          |
|    iterations           | 24          |
|    time_elapsed         | 2060        |
|    total_timesteps      | 98304       |
| train/                  |             |
|    approx_kl            | 0.013270371 |
|    clip_fraction        | 0.126       |
|    clip_range           | 0.2         |
|    entropy_loss         | -13.5       |
|    explained_variance   | -1.34e-05   |
|    learning_rate        | 0.0003      |
|    loss                 | 3.73        |
|    n_updates            | 230         |
|    policy_gradient_loss | -0.0172     |
|    std                  | 0.934       |
|    value_loss           | 10.3        |
-----------------------------------------
------------------------------------------
| energy/                 |              |
|    E_damp_J             | 0.0544       |
|    E_fric_J             | 0.0129       |
|    E_norm_J             | 0.0229       |
|    W_neg_J              | 0.0715       |
|    W_pos_J              | 0.133        |
| reward/                 |              |
|    r_energy             | -0.117       |
|    r_pose               | -0.0116      |
|    r_vel                | 0.134        |
|    r_xvel               | -0.566       |
| rollout/                |              |
|    ep_len_mean          | 82           |
|    ep_rew_mean          | -62.9        |
| time/                   |              |
|    fps                  | 47           |
|    iterations           | 25           |
|    time_elapsed         | 2148         |
|    total_timesteps      | 102400       |
| train/                  |              |
|    approx_kl            | 0.0151185095 |
|    clip_fraction        | 0.159        |
|    clip_range           | 0.2          |
|    entropy_loss         | -13.4        |
|    explained_variance   | -7.27e-06    |
|    learning_rate        | 0.0003       |
|    loss                 | 4.44         |
|    n_updates            | 240          |
|    policy_gradient_loss | -0.0213      |
|    std                  | 0.929        |
|    value_loss           | 11.2         |
------------------------------------------
-----------------------------------------
| energy/                 |             |
|    E_damp_J             | 0.0338      |
|    E_fric_J             | 0.0127      |
|    E_norm_J             | 0.00601     |
|    W_neg_J              | 0.0401      |
|    W_pos_J              | 0.107       |
| reward/                 |             |
|    r_energy             | -0.0793     |
|    r_pose               | -0.0131     |
|    r_vel                | 0.206       |
|    r_xvel               | -0.501      |
| rollout/                |             |
|    ep_len_mean          | 82          |
|    ep_rew_mean          | -59.1       |
| time/                   |             |
|    fps                  | 47          |
|    iterations           | 26          |
|    time_elapsed         | 2236        |
|    total_timesteps      | 106496      |
| train/                  |             |
|    approx_kl            | 0.013321907 |
|    clip_fraction        | 0.133       |
|    clip_range           | 0.2         |
|    entropy_loss         | -13.3       |
|    explained_variance   | -5.72e-06   |
|    learning_rate        | 0.0003      |
|    loss                 | 3.26        |
|    n_updates            | 250         |
|    policy_gradient_loss | -0.0167     |
|    std                  | 0.922       |
|    value_loss           | 11          |
-----------------------------------------
-----------------------------------------
| energy/                 |             |
|    E_damp_J             | 0.0628      |
|    E_fric_J             | 0.0129      |
|    E_norm_J             | 0.0223      |
|    W_neg_J              | 0.081       |
|    W_pos_J              | 0.147       |
| reward/                 |             |
|    r_energy             | -0.131      |
|    r_pose               | -0.0134     |
|    r_vel                | 0.182       |
|    r_xvel               | -0.683      |
| rollout/                |             |
|    ep_len_mean          | 82          |
|    ep_rew_mean          | -56.6       |
| time/                   |             |
|    fps                  | 47          |
|    iterations           | 27          |
|    time_elapsed         | 2325        |
|    total_timesteps      | 110592      |
| train/                  |             |
|    approx_kl            | 0.015014123 |
|    clip_fraction        | 0.123       |
|    clip_range           | 0.2         |
|    entropy_loss         | -13.2       |
|    explained_variance   | -1.2e-05    |
|    learning_rate        | 0.0003      |
|    loss                 | 5.22        |
|    n_updates            | 260         |
|    policy_gradient_loss | -0.0164     |
|    std                  | 0.918       |
|    value_loss           | 11.7        |
-----------------------------------------
-----------------------------------------
| energy/                 |             |
|    E_damp_J             | 0.0418      |
|    E_fric_J             | 0.0129      |
|    E_norm_J             | 0.00592     |
|    W_neg_J              | 0.0543      |
|    W_pos_J              | 0.116       |
| reward/                 |             |
|    r_energy             | -0.0947     |
|    r_pose               | -0.0163     |
|    r_vel                | 0.183       |
|    r_xvel               | -0.611      |
| rollout/                |             |
|    ep_len_mean          | 82          |
|    ep_rew_mean          | -55.8       |
| time/                   |             |
|    fps                  | 47          |
|    iterations           | 28          |
|    time_elapsed         | 2413        |
|    total_timesteps      | 114688      |
| train/                  |             |
|    approx_kl            | 0.014554435 |
|    clip_fraction        | 0.151       |
|    clip_range           | 0.2         |
|    entropy_loss         | -13.2       |
|    explained_variance   | -1.47e-05   |
|    learning_rate        | 0.0003      |
|    loss                 | 4.73        |
|    n_updates            | 270         |
|    policy_gradient_loss | -0.0196     |
|    std                  | 0.914       |
|    value_loss           | 10.5        |
-----------------------------------------
-----------------------------------------
| energy/                 |             |
|    E_damp_J             | 0.0589      |
|    E_fric_J             | 0.0128      |
|    E_norm_J             | 0.0224      |
|    W_neg_J              | 0.063       |
|    W_pos_J              | 0.143       |
| reward/                 |             |
|    r_energy             | -0.116      |
|    r_pose               | -0.011      |
|    r_vel                | 0.14        |
|    r_xvel               | -0.416      |
| rollout/                |             |
|    ep_len_mean          | 82          |
|    ep_rew_mean          | -53.5       |
| time/                   |             |
|    fps                  | 47          |
|    iterations           | 29          |
|    time_elapsed         | 2501        |
|    total_timesteps      | 118784      |
| train/                  |             |
|    approx_kl            | 0.017423471 |
|    clip_fraction        | 0.196       |
|    clip_range           | 0.2         |
|    entropy_loss         | -13.1       |
|    explained_variance   | 0.000106    |
|    learning_rate        | 0.0003      |
|    loss                 | 3.82        |
|    n_updates            | 280         |
|    policy_gradient_loss | -0.0276     |
|    std                  | 0.914       |
|    value_loss           | 8.41        |
-----------------------------------------
-----------------------------------------
| energy/                 |             |
|    E_damp_J             | 0.0303      |
|    E_fric_J             | 0.0114      |
|    E_norm_J             | 0.00497     |
|    W_neg_J              | 0.0409      |
|    W_pos_J              | 0.0853      |
| reward/                 |             |
|    r_energy             | -0.071      |
|    r_pose               | -0.0115     |
|    r_vel                | 0.191       |
|    r_xvel               | -0.445      |
| rollout/                |             |
|    ep_len_mean          | 82          |
|    ep_rew_mean          | -49.1       |
| time/                   |             |
|    fps                  | 47          |
|    iterations           | 30          |
|    time_elapsed         | 2588        |
|    total_timesteps      | 122880      |
| train/                  |             |
|    approx_kl            | 0.013055492 |
|    clip_fraction        | 0.169       |
|    clip_range           | 0.2         |
|    entropy_loss         | -13.1       |
|    explained_variance   | 0.00876     |
|    learning_rate        | 0.0003      |
|    loss                 | 2.5         |
|    n_updates            | 290         |
|    policy_gradient_loss | -0.0224     |
|    std                  | 0.908       |
|    value_loss           | 7.75        |
-----------------------------------------
-----------------------------------------
| energy/                 |             |
|    E_damp_J             | 0.0476      |
|    E_fric_J             | 0.0109      |
|    E_norm_J             | 0.0222      |
|    W_neg_J              | 0.0526      |
|    W_pos_J              | 0.124       |
| reward/                 |             |
|    r_energy             | -0.098      |
|    r_pose               | -0.0103     |
|    r_vel                | 0.148       |
|    r_xvel               | -0.386      |
| rollout/                |             |
|    ep_len_mean          | 82          |
|    ep_rew_mean          | -44.4       |
| time/                   |             |
|    fps                  | 47          |
|    iterations           | 31          |
|    time_elapsed         | 2678        |
|    total_timesteps      | 126976      |
| train/                  |             |
|    approx_kl            | 0.013522501 |
|    clip_fraction        | 0.156       |
|    clip_range           | 0.2         |
|    entropy_loss         | -13         |
|    explained_variance   | 0.0119      |
|    learning_rate        | 0.0003      |
|    loss                 | 2.84        |
|    n_updates            | 300         |
|    policy_gradient_loss | -0.0224     |
|    std                  | 0.903       |
|    value_loss           | 7.66        |
-----------------------------------------
-----------------------------------------
| energy/                 |             |
|    E_damp_J             | 0.0299      |
|    E_fric_J             | 0.0106      |
|    E_norm_J             | 0.00492     |
|    W_neg_J              | 0.0413      |
|    W_pos_J              | 0.0855      |
| reward/                 |             |
|    r_energy             | -0.0707     |
|    r_pose               | -0.00822    |
|    r_vel                | 0.144       |
|    r_xvel               | -0.314      |
| rollout/                |             |
|    ep_len_mean          | 82          |
|    ep_rew_mean          | -41.4       |
| time/                   |             |
|    fps                  | 47          |
|    iterations           | 32          |
|    time_elapsed         | 2766        |
|    total_timesteps      | 131072      |
| train/                  |             |
|    approx_kl            | 0.013096035 |
|    clip_fraction        | 0.151       |
|    clip_range           | 0.2         |
|    entropy_loss         | -13         |
|    explained_variance   | 0.0151      |
|    learning_rate        | 0.0003      |
|    loss                 | 4.11        |
|    n_updates            | 310         |
|    policy_gradient_loss | -0.019      |
|    std                  | 0.901       |
|    value_loss           | 8.46        |
-----------------------------------------
-----------------------------------------
| energy/                 |             |
|    E_damp_J             | 0.0519      |
|    E_fric_J             | 0.0107      |
|    E_norm_J             | 0.0217      |
|    W_neg_J              | 0.0567      |
|    W_pos_J              | 0.128       |
| reward/                 |             |
|    r_energy             | -0.104      |
|    r_pose               | -0.00938    |
|    r_vel                | 0.148       |
|    r_xvel               | -0.438      |
| rollout/                |             |
|    ep_len_mean          | 82          |
|    ep_rew_mean          | -39.2       |
| time/                   |             |
|    fps                  | 47          |
|    iterations           | 33          |
|    time_elapsed         | 2856        |
|    total_timesteps      | 135168      |
| train/                  |             |
|    approx_kl            | 0.014477087 |
|    clip_fraction        | 0.153       |
|    clip_range           | 0.2         |
|    entropy_loss         | -12.9       |
|    explained_variance   | 0.0104      |
|    learning_rate        | 0.0003      |
|    loss                 | 2.34        |
|    n_updates            | 320         |
|    policy_gradient_loss | -0.0204     |
|    std                  | 0.896       |
|    value_loss           | 5.96        |
-----------------------------------------
-----------------------------------------
| energy/                 |             |
|    E_damp_J             | 0.0298      |
|    E_fric_J             | 0.0113      |
|    E_norm_J             | 0.00516     |
|    W_neg_J              | 0.0431      |
|    W_pos_J              | 0.0733      |
| reward/                 |             |
|    r_energy             | -0.0684     |
|    r_pose               | -0.0101     |
|    r_vel                | 0.149       |
|    r_xvel               | -0.479      |
| rollout/                |             |
|    ep_len_mean          | 82          |
|    ep_rew_mean          | -36.7       |
| time/                   |             |
|    fps                  | 47          |
|    iterations           | 34          |
|    time_elapsed         | 2944        |
|    total_timesteps      | 139264      |
| train/                  |             |
|    approx_kl            | 0.015115295 |
|    clip_fraction        | 0.173       |
|    clip_range           | 0.2         |
|    entropy_loss         | -12.9       |
|    explained_variance   | 0.029       |
|    learning_rate        | 0.0003      |
|    loss                 | 2.33        |
|    n_updates            | 330         |
|    policy_gradient_loss | -0.0229     |
|    std                  | 0.892       |
|    value_loss           | 5.46        |
-----------------------------------------
-----------------------------------------
| energy/                 |             |
|    E_damp_J             | 0.0553      |
|    E_fric_J             | 0.0123      |
|    E_norm_J             | 0.0215      |
|    W_neg_J              | 0.0699      |
|    W_pos_J              | 0.124       |
| reward/                 |             |
|    r_energy             | -0.113      |
|    r_pose               | -0.008      |
|    r_vel                | 0.16        |
|    r_xvel               | -0.335      |
| rollout/                |             |
|    ep_len_mean          | 82          |
|    ep_rew_mean          | -33.7       |
| time/                   |             |
|    fps                  | 47          |
|    iterations           | 35          |
|    time_elapsed         | 3034        |
|    total_timesteps      | 143360      |
| train/                  |             |
|    approx_kl            | 0.014253262 |
|    clip_fraction        | 0.175       |
|    clip_range           | 0.2         |
|    entropy_loss         | -12.8       |
|    explained_variance   | 0.0166      |
|    learning_rate        | 0.0003      |
|    loss                 | 3.12        |
|    n_updates            | 340         |
|    policy_gradient_loss | -0.0213     |
|    std                  | 0.886       |
|    value_loss           | 6.23        |
-----------------------------------------
-----------------------------------------
| energy/                 |             |
|    E_damp_J             | 0.0265      |
|    E_fric_J             | 0.0101      |
|    E_norm_J             | 0.00412     |
|    W_neg_J              | 0.0393      |
|    W_pos_J              | 0.0614      |
| reward/                 |             |
|    r_energy             | -0.0604     |
|    r_pose               | -0.00609    |
|    r_vel                | 0.155       |
|    r_xvel               | -0.235      |
| rollout/                |             |
|    ep_len_mean          | 82          |
|    ep_rew_mean          | -32.3       |
| time/                   |             |
|    fps                  | 47          |
|    iterations           | 36          |
|    time_elapsed         | 3122        |
|    total_timesteps      | 147456      |
| train/                  |             |
|    approx_kl            | 0.016069159 |
|    clip_fraction        | 0.164       |
|    clip_range           | 0.2         |
|    entropy_loss         | -12.7       |
|    explained_variance   | 0.0331      |
|    learning_rate        | 0.0003      |
|    loss                 | 2.09        |
|    n_updates            | 350         |
|    policy_gradient_loss | -0.0207     |
|    std                  | 0.88        |
|    value_loss           | 4.67        |
-----------------------------------------
-----------------------------------------
| energy/                 |             |
|    E_damp_J             | 0.0488      |
|    E_fric_J             | 0.00971     |
|    E_norm_J             | 0.021       |
|    W_neg_J              | 0.0595      |
|    W_pos_J              | 0.105       |
| reward/                 |             |
|    r_energy             | -0.0964     |
|    r_pose               | -0.00524    |
|    r_vel                | 0.156       |
|    r_xvel               | -0.281      |
| rollout/                |             |
|    ep_len_mean          | 82          |
|    ep_rew_mean          | -29.7       |
| time/                   |             |
|    fps                  | 47          |
|    iterations           | 37          |
|    time_elapsed         | 3211        |
|    total_timesteps      | 151552      |
| train/                  |             |
|    approx_kl            | 0.014504837 |
|    clip_fraction        | 0.184       |
|    clip_range           | 0.2         |
|    entropy_loss         | -12.6       |
|    explained_variance   | 0.0306      |
|    learning_rate        | 0.0003      |
|    loss                 | 1.54        |
|    n_updates            | 360         |
|    policy_gradient_loss | -0.0244     |
|    std                  | 0.874       |
|    value_loss           | 4.29        |
-----------------------------------------
-----------------------------------------
| energy/                 |             |
|    E_damp_J             | 0.0217      |
|    E_fric_J             | 0.01        |
|    E_norm_J             | 0.00413     |
|    W_neg_J              | 0.0266      |
|    W_pos_J              | 0.0633      |
| reward/                 |             |
|    r_energy             | -0.0508     |
|    r_pose               | -0.00573    |
|    r_vel                | 0.171       |
|    r_xvel               | -0.252      |
| rollout/                |             |
|    ep_len_mean          | 82          |
|    ep_rew_mean          | -27.5       |
| time/                   |             |
|    fps                  | 47          |
|    iterations           | 38          |
|    time_elapsed         | 3299        |
|    total_timesteps      | 155648      |
| train/                  |             |
|    approx_kl            | 0.013377402 |
|    clip_fraction        | 0.147       |
|    clip_range           | 0.2         |
|    entropy_loss         | -12.6       |
|    explained_variance   | 0.0297      |
|    learning_rate        | 0.0003      |
|    loss                 | 1.54        |
|    n_updates            | 370         |
|    policy_gradient_loss | -0.0179     |
|    std                  | 0.868       |
|    value_loss           | 3.76        |
-----------------------------------------
-----------------------------------------
| energy/                 |             |
|    E_damp_J             | 0.043       |
|    E_fric_J             | 0.00936     |
|    E_norm_J             | 0.0208      |
|    W_neg_J              | 0.0484      |
|    W_pos_J              | 0.0965      |
| reward/                 |             |
|    r_energy             | -0.0841     |
|    r_pose               | -0.00599    |
|    r_vel                | 0.138       |
|    r_xvel               | -0.242      |
| rollout/                |             |
|    ep_len_mean          | 82          |
|    ep_rew_mean          | -26.9       |
| time/                   |             |
|    fps                  | 47          |
|    iterations           | 39          |
|    time_elapsed         | 3388        |
|    total_timesteps      | 159744      |
| train/                  |             |
|    approx_kl            | 0.017579036 |
|    clip_fraction        | 0.173       |
|    clip_range           | 0.2         |
|    entropy_loss         | -12.5       |
|    explained_variance   | 0.04        |
|    learning_rate        | 0.0003      |
|    loss                 | 1.07        |
|    n_updates            | 380         |
|    policy_gradient_loss | -0.0213     |
|    std                  | 0.865       |
|    value_loss           | 2.98        |
-----------------------------------------
-----------------------------------------
| energy/                 |             |
|    E_damp_J             | 0.0195      |
|    E_fric_J             | 0.00906     |
|    E_norm_J             | 0.00414     |
|    W_neg_J              | 0.0231      |
|    W_pos_J              | 0.0505      |
| reward/                 |             |
|    r_energy             | -0.0433     |
|    r_pose               | -0.00544    |
|    r_vel                | 0.137       |
|    r_xvel               | -0.217      |
| rollout/                |             |
|    ep_len_mean          | 82          |
|    ep_rew_mean          | -25.1       |
| time/                   |             |
|    fps                  | 47          |
|    iterations           | 40          |
|    time_elapsed         | 3476        |
|    total_timesteps      | 163840      |
| train/                  |             |
|    approx_kl            | 0.013815855 |
|    clip_fraction        | 0.166       |
|    clip_range           | 0.2         |
|    entropy_loss         | -12.5       |
|    explained_variance   | 0.0843      |
|    learning_rate        | 0.0003      |
|    loss                 | 1.11        |
|    n_updates            | 390         |
|    policy_gradient_loss | -0.0196     |
|    std                  | 0.861       |
|    value_loss           | 3.11        |
-----------------------------------------
----------------------------------------
| energy/                 |            |
|    E_damp_J             | 0.0188     |
|    E_fric_J             | 0.00903    |
|    E_norm_J             | 0.00426    |
|    W_neg_J              | 0.0255     |
|    W_pos_J              | 0.0444     |
| reward/                 |            |
|    r_energy             | -0.0425    |
|    r_pose               | -0.00403   |
|    r_vel                | 0.0972     |
|    r_xvel               | -0.173     |
| rollout/                |            |
|    ep_len_mean          | 82         |
|    ep_rew_mean          | -23.1      |
| time/                   |            |
|    fps                  | 47         |
|    iterations           | 41         |
|    time_elapsed         | 3564       |
|    total_timesteps      | 167936     |
| train/                  |            |
|    approx_kl            | 0.01445077 |
|    clip_fraction        | 0.17       |
|    clip_range           | 0.2        |
|    entropy_loss         | -12.4      |
|    explained_variance   | 0.0666     |
|    learning_rate        | 0.0003     |
|    loss                 | 1.15       |
|    n_updates            | 400        |
|    policy_gradient_loss | -0.0196    |
|    std                  | 0.856      |
|    value_loss           | 2.9        |
----------------------------------------
-----------------------------------------
| energy/                 |             |
|    E_damp_J             | 0.0186      |
|    E_fric_J             | 0.00865     |
|    E_norm_J             | 0.00378     |
|    W_neg_J              | 0.0214      |
|    W_pos_J              | 0.0481      |
| reward/                 |             |
|    r_energy             | -0.0409     |
|    r_pose               | -0.00405    |
|    r_vel                | 0.101       |
|    r_xvel               | -0.137      |
| rollout/                |             |
|    ep_len_mean          | 82          |
|    ep_rew_mean          | -22.8       |
| time/                   |             |
|    fps                  | 47          |
|    iterations           | 42          |
|    time_elapsed         | 3652        |
|    total_timesteps      | 172032      |
| train/                  |             |
|    approx_kl            | 0.016229229 |
|    clip_fraction        | 0.172       |
|    clip_range           | 0.2         |
|    entropy_loss         | -12.3       |
|    explained_variance   | 0.0602      |
|    learning_rate        | 0.0003      |
|    loss                 | 1.13        |
|    n_updates            | 410         |
|    policy_gradient_loss | -0.0198     |
|    std                  | 0.851       |
|    value_loss           | 2.33        |
-----------------------------------------
----------------------------------------
| energy/                 |            |
|    E_damp_J             | 0.0177     |
|    E_fric_J             | 0.00866    |
|    E_norm_J             | 0.00359    |
|    W_neg_J              | 0.025      |
|    W_pos_J              | 0.0404     |
| reward/                 |            |
|    r_energy             | -0.0403    |
|    r_pose               | -0.00469   |
|    r_vel                | 0.128      |
|    r_xvel               | -0.167     |
| rollout/                |            |
|    ep_len_mean          | 82         |
|    ep_rew_mean          | -22.3      |
| time/                   |            |
|    fps                  | 47         |
|    iterations           | 43         |
|    time_elapsed         | 3741       |
|    total_timesteps      | 176128     |
| train/                  |            |
|    approx_kl            | 0.01581199 |
|    clip_fraction        | 0.177      |
|    clip_range           | 0.2        |
|    entropy_loss         | -12.2      |
|    explained_variance   | 0.0985     |
|    learning_rate        | 0.0003     |
|    loss                 | 0.741      |
|    n_updates            | 420        |
|    policy_gradient_loss | -0.0224    |
|    std                  | 0.843      |
|    value_loss           | 2.13       |
----------------------------------------
-----------------------------------------
| energy/                 |             |
|    E_damp_J             | 0.0154      |
|    E_fric_J             | 0.00778     |
|    E_norm_J             | 0.00318     |
|    W_neg_J              | 0.023       |
|    W_pos_J              | 0.0349      |
| reward/                 |             |
|    r_energy             | -0.0359     |
|    r_pose               | -0.004      |
|    r_vel                | 0.12        |
|    r_xvel               | -0.123      |
| rollout/                |             |
|    ep_len_mean          | 82          |
|    ep_rew_mean          | -20.9       |
| time/                   |             |
|    fps                  | 47          |
|    iterations           | 44          |
|    time_elapsed         | 3829        |
|    total_timesteps      | 180224      |
| train/                  |             |
|    approx_kl            | 0.013952572 |
|    clip_fraction        | 0.169       |
|    clip_range           | 0.2         |
|    entropy_loss         | -12.1       |
|    explained_variance   | 0.114       |
|    learning_rate        | 0.0003      |
|    loss                 | 0.584       |
|    n_updates            | 430         |
|    policy_gradient_loss | -0.0219     |
|    std                  | 0.834       |
|    value_loss           | 1.87        |
-----------------------------------------
-----------------------------------------
| energy/                 |             |
|    E_damp_J             | 0.0179      |
|    E_fric_J             | 0.00839     |
|    E_norm_J             | 0.00362     |
|    W_neg_J              | 0.0256      |
|    W_pos_J              | 0.0469      |
| reward/                 |             |
|    r_energy             | -0.0426     |
|    r_pose               | -0.00544    |
|    r_vel                | 0.134       |
|    r_xvel               | -0.185      |
| rollout/                |             |
|    ep_len_mean          | 82          |
|    ep_rew_mean          | -20.3       |
| time/                   |             |
|    fps                  | 47          |
|    iterations           | 45          |
|    time_elapsed         | 3918        |
|    total_timesteps      | 184320      |
| train/                  |             |
|    approx_kl            | 0.015129763 |
|    clip_fraction        | 0.174       |
|    clip_range           | 0.2         |
|    entropy_loss         | -12.1       |
|    explained_variance   | 0.102       |
|    learning_rate        | 0.0003      |
|    loss                 | 0.576       |
|    n_updates            | 440         |
|    policy_gradient_loss | -0.0193     |
|    std                  | 0.829       |
|    value_loss           | 1.61        |
-----------------------------------------
-----------------------------------------
| energy/                 |             |
|    E_damp_J             | 0.0158      |
|    E_fric_J             | 0.00797     |
|    E_norm_J             | 0.00307     |
|    W_neg_J              | 0.0192      |
|    W_pos_J              | 0.0367      |
| reward/                 |             |
|    r_energy             | -0.0344     |
|    r_pose               | -0.00398    |
|    r_vel                | 0.111       |
|    r_xvel               | -0.126      |
| rollout/                |             |
|    ep_len_mean          | 82          |
|    ep_rew_mean          | -19.4       |
| time/                   |             |
|    fps                  | 47          |
|    iterations           | 46          |
|    time_elapsed         | 4007        |
|    total_timesteps      | 188416      |
| train/                  |             |
|    approx_kl            | 0.016801126 |
|    clip_fraction        | 0.188       |
|    clip_range           | 0.2         |
|    entropy_loss         | -12         |
|    explained_variance   | 0.145       |
|    learning_rate        | 0.0003      |
|    loss                 | 0.613       |
|    n_updates            | 450         |
|    policy_gradient_loss | -0.0223     |
|    std                  | 0.823       |
|    value_loss           | 1.54        |
-----------------------------------------
-----------------------------------------
| energy/                 |             |
|    E_damp_J             | 0.0173      |
|    E_fric_J             | 0.00814     |
|    E_norm_J             | 0.00374     |
|    W_neg_J              | 0.0215      |
|    W_pos_J              | 0.0429      |
| reward/                 |             |
|    r_energy             | -0.0385     |
|    r_pose               | -0.00371    |
|    r_vel                | 0.103       |
|    r_xvel               | -0.127      |
| rollout/                |             |
|    ep_len_mean          | 82          |
|    ep_rew_mean          | -18.5       |
| time/                   |             |
|    fps                  | 46          |
|    iterations           | 47          |
|    time_elapsed         | 4096        |
|    total_timesteps      | 192512      |
| train/                  |             |
|    approx_kl            | 0.016842706 |
|    clip_fraction        | 0.185       |
|    clip_range           | 0.2         |
|    entropy_loss         | -11.9       |
|    explained_variance   | 0.139       |
|    learning_rate        | 0.0003      |
|    loss                 | 0.323       |
|    n_updates            | 460         |
|    policy_gradient_loss | -0.0237     |
|    std                  | 0.819       |
|    value_loss           | 1.33        |
-----------------------------------------
-----------------------------------------
| energy/                 |             |
|    E_damp_J             | 0.0185      |
|    E_fric_J             | 0.00852     |
|    E_norm_J             | 0.00348     |
|    W_neg_J              | 0.0245      |
|    W_pos_J              | 0.045       |
| reward/                 |             |
|    r_energy             | -0.0417     |
|    r_pose               | -0.00357    |
|    r_vel                | 0.109       |
|    r_xvel               | -0.112      |
| rollout/                |             |
|    ep_len_mean          | 82          |
|    ep_rew_mean          | -17.6       |
| time/                   |             |
|    fps                  | 46          |
|    iterations           | 48          |
|    time_elapsed         | 4186        |
|    total_timesteps      | 196608      |
| train/                  |             |
|    approx_kl            | 0.014446743 |
|    clip_fraction        | 0.181       |
|    clip_range           | 0.2         |
|    entropy_loss         | -11.8       |
|    explained_variance   | 0.11        |
|    learning_rate        | 0.0003      |
|    loss                 | 0.404       |
|    n_updates            | 470         |
|    policy_gradient_loss | -0.0204     |
|    std                  | 0.811       |
|    value_loss           | 1.6         |
-----------------------------------------
-----------------------------------------
| energy/                 |             |
|    E_damp_J             | 0.0143      |
|    E_fric_J             | 0.0081      |
|    E_norm_J             | 0.00373     |
|    W_neg_J              | 0.0205      |
|    W_pos_J              | 0.0344      |
| reward/                 |             |
|    r_energy             | -0.0338     |
|    r_pose               | -0.00335    |
|    r_vel                | 0.0854      |
|    r_xvel               | -0.139      |
| rollout/                |             |
|    ep_len_mean          | 82          |
|    ep_rew_mean          | -16.7       |
| time/                   |             |
|    fps                  | 46          |
|    iterations           | 49          |
|    time_elapsed         | 4276        |
|    total_timesteps      | 200704      |
| train/                  |             |
|    approx_kl            | 0.014580421 |
|    clip_fraction        | 0.198       |
|    clip_range           | 0.2         |
|    entropy_loss         | -11.8       |
|    explained_variance   | 0.167       |
|    learning_rate        | 0.0003      |
|    loss                 | 0.542       |
|    n_updates            | 480         |
|    policy_gradient_loss | -0.0214     |
|    std                  | 0.806       |
|    value_loss           | 1.33        |
-----------------------------------------
-----------------------------------------
| energy/                 |             |
|    E_damp_J             | 0.0181      |
|    E_fric_J             | 0.00809     |
|    E_norm_J             | 0.00362     |
|    W_neg_J              | 0.0202      |
|    W_pos_J              | 0.0499      |
| reward/                 |             |
|    r_energy             | -0.0401     |
|    r_pose               | -0.0044     |
|    r_vel                | 0.0924      |
|    r_xvel               | -0.159      |
| rollout/                |             |
|    ep_len_mean          | 82          |
|    ep_rew_mean          | -15.7       |
| time/                   |             |
|    fps                  | 46          |
|    iterations           | 50          |
|    time_elapsed         | 4368        |
|    total_timesteps      | 204800      |
| train/                  |             |
|    approx_kl            | 0.017857615 |
|    clip_fraction        | 0.206       |
|    clip_range           | 0.2         |
|    entropy_loss         | -11.7       |
|    explained_variance   | 0.202       |
|    learning_rate        | 0.0003      |
|    loss                 | 0.411       |
|    n_updates            | 490         |
|    policy_gradient_loss | -0.0243     |
|    std                  | 0.802       |
|    value_loss           | 1.17        |
-----------------------------------------
-----------------------------------------
| energy/                 |             |
|    E_damp_J             | 0.0128      |
|    E_fric_J             | 0.0073      |
|    E_norm_J             | 0.00313     |
|    W_neg_J              | 0.0166      |
|    W_pos_J              | 0.036       |
| reward/                 |             |
|    r_energy             | -0.0308     |
|    r_pose               | -0.00334    |
|    r_vel                | 0.113       |
|    r_xvel               | -0.0932     |
| rollout/                |             |
|    ep_len_mean          | 82          |
|    ep_rew_mean          | -14.8       |
| time/                   |             |
|    fps                  | 46          |
|    iterations           | 51          |
|    time_elapsed         | 4459        |
|    total_timesteps      | 208896      |
| train/                  |             |
|    approx_kl            | 0.016133185 |
|    clip_fraction        | 0.176       |
|    clip_range           | 0.2         |
|    entropy_loss         | -11.6       |
|    explained_variance   | 0.237       |
|    learning_rate        | 0.0003      |
|    loss                 | 0.258       |
|    n_updates            | 500         |
|    policy_gradient_loss | -0.0184     |
|    std                  | 0.796       |
|    value_loss           | 0.942       |
-----------------------------------------
-----------------------------------------
| energy/                 |             |
|    E_damp_J             | 0.0145      |
|    E_fric_J             | 0.0079      |
|    E_norm_J             | 0.0034      |
|    W_neg_J              | 0.0192      |
|    W_pos_J              | 0.0417      |
| reward/                 |             |
|    r_energy             | -0.0352     |
|    r_pose               | -0.00366    |
|    r_vel                | 0.102       |
|    r_xvel               | -0.114      |
| rollout/                |             |
|    ep_len_mean          | 82          |
|    ep_rew_mean          | -14.4       |
| time/                   |             |
|    fps                  | 46          |
|    iterations           | 52          |
|    time_elapsed         | 4550        |
|    total_timesteps      | 212992      |
| train/                  |             |
|    approx_kl            | 0.017987948 |
|    clip_fraction        | 0.197       |
|    clip_range           | 0.2         |
|    entropy_loss         | -11.5       |
|    explained_variance   | 0.173       |
|    learning_rate        | 0.0003      |
|    loss                 | 0.416       |
|    n_updates            | 510         |
|    policy_gradient_loss | -0.0208     |
|    std                  | 0.789       |
|    value_loss           | 1.07        |
-----------------------------------------
-----------------------------------------
| energy/                 |             |
|    E_damp_J             | 0.0127      |
|    E_fric_J             | 0.00799     |
|    E_norm_J             | 0.00316     |
|    W_neg_J              | 0.0171      |
|    W_pos_J              | 0.0331      |
| reward/                 |             |
|    r_energy             | -0.0305     |
|    r_pose               | -0.00414    |
|    r_vel                | 0.121       |
|    r_xvel               | -0.13       |
| rollout/                |             |
|    ep_len_mean          | 82          |
|    ep_rew_mean          | -14         |
| time/                   |             |
|    fps                  | 46          |
|    iterations           | 53          |
|    time_elapsed         | 4640        |
|    total_timesteps      | 217088      |
| train/                  |             |
|    approx_kl            | 0.017958872 |
|    clip_fraction        | 0.207       |
|    clip_range           | 0.2         |
|    entropy_loss         | -11.4       |
|    explained_variance   | 0.281       |
|    learning_rate        | 0.0003      |
|    loss                 | 0.225       |
|    n_updates            | 520         |
|    policy_gradient_loss | -0.0233     |
|    std                  | 0.783       |
|    value_loss           | 0.949       |
-----------------------------------------
-----------------------------------------
| energy/                 |             |
|    E_damp_J             | 0.0151      |
|    E_fric_J             | 0.00734     |
|    E_norm_J             | 0.0031      |
|    W_neg_J              | 0.021       |
|    W_pos_J              | 0.0413      |
| reward/                 |             |
|    r_energy             | -0.0362     |
|    r_pose               | -0.00292    |
|    r_vel                | 0.121       |
|    r_xvel               | -0.163      |
| rollout/                |             |
|    ep_len_mean          | 82          |
|    ep_rew_mean          | -13.7       |
| time/                   |             |
|    fps                  | 46          |
|    iterations           | 54          |
|    time_elapsed         | 4730        |
|    total_timesteps      | 221184      |
| train/                  |             |
|    approx_kl            | 0.015708648 |
|    clip_fraction        | 0.176       |
|    clip_range           | 0.2         |
|    entropy_loss         | -11.4       |
|    explained_variance   | 0.311       |
|    learning_rate        | 0.0003      |
|    loss                 | 0.165       |
|    n_updates            | 530         |
|    policy_gradient_loss | -0.019      |
|    std                  | 0.779       |
|    value_loss           | 0.749       |
-----------------------------------------
-----------------------------------------
| energy/                 |             |
|    E_damp_J             | 0.0106      |
|    E_fric_J             | 0.00706     |
|    E_norm_J             | 0.00284     |
|    W_neg_J              | 0.0129      |
|    W_pos_J              | 0.0302      |
| reward/                 |             |
|    r_energy             | -0.0256     |
|    r_pose               | -0.00343    |
|    r_vel                | 0.0953      |
|    r_xvel               | -0.0803     |
| rollout/                |             |
|    ep_len_mean          | 82          |
|    ep_rew_mean          | -13.1       |
| time/                   |             |
|    fps                  | 46          |
|    iterations           | 55          |
|    time_elapsed         | 4820        |
|    total_timesteps      | 225280      |
| train/                  |             |
|    approx_kl            | 0.015941773 |
|    clip_fraction        | 0.194       |
|    clip_range           | 0.2         |
|    entropy_loss         | -11.3       |
|    explained_variance   | 0.292       |
|    learning_rate        | 0.0003      |
|    loss                 | 0.35        |
|    n_updates            | 540         |
|    policy_gradient_loss | -0.0219     |
|    std                  | 0.773       |
|    value_loss           | 0.848       |
-----------------------------------------
-----------------------------------------
| energy/                 |             |
|    E_damp_J             | 0.0237      |
|    E_fric_J             | 0.00849     |
|    E_norm_J             | 0.0207      |
|    W_neg_J              | 0.0272      |
|    W_pos_J              | 0.0644      |
| reward/                 |             |
|    r_energy             | -0.0518     |
|    r_pose               | -0.00281    |
|    r_vel                | 0.0802      |
|    r_xvel               | -0.156      |
| rollout/                |             |
|    ep_len_mean          | 82          |
|    ep_rew_mean          | -12.2       |
| time/                   |             |
|    fps                  | 46          |
|    iterations           | 56          |
|    time_elapsed         | 4911        |
|    total_timesteps      | 229376      |
| train/                  |             |
|    approx_kl            | 0.018142426 |
|    clip_fraction        | 0.194       |
|    clip_range           | 0.2         |
|    entropy_loss         | -11.2       |
|    explained_variance   | 0.34        |
|    learning_rate        | 0.0003      |
|    loss                 | 0.176       |
|    n_updates            | 550         |
|    policy_gradient_loss | -0.0224     |
|    std                  | 0.768       |
|    value_loss           | 0.598       |
-----------------------------------------
-----------------------------------------
| energy/                 |             |
|    E_damp_J             | 0.0118      |
|    E_fric_J             | 0.00678     |
|    E_norm_J             | 0.00285     |
|    W_neg_J              | 0.0181      |
|    W_pos_J              | 0.0297      |
| reward/                 |             |
|    r_energy             | -0.029      |
|    r_pose               | -0.003      |
|    r_vel                | 0.0878      |
|    r_xvel               | -0.08       |
| rollout/                |             |
|    ep_len_mean          | 82          |
|    ep_rew_mean          | -11.5       |
| time/                   |             |
|    fps                  | 46          |
|    iterations           | 57          |
|    time_elapsed         | 5001        |
|    total_timesteps      | 233472      |
| train/                  |             |
|    approx_kl            | 0.015707612 |
|    clip_fraction        | 0.196       |
|    clip_range           | 0.2         |
|    entropy_loss         | -11.2       |
|    explained_variance   | 0.371       |
|    learning_rate        | 0.0003      |
|    loss                 | 0.127       |
|    n_updates            | 560         |
|    policy_gradient_loss | -0.0208     |
|    std                  | 0.762       |
|    value_loss           | 0.581       |
-----------------------------------------
-----------------------------------------
| energy/                 |             |
|    E_damp_J             | 0.0361      |
|    E_fric_J             | 0.00721     |
|    E_norm_J             | 0.0202      |
|    W_neg_J              | 0.0503      |
|    W_pos_J              | 0.0703      |
| reward/                 |             |
|    r_energy             | -0.0729     |
|    r_pose               | -0.00231    |
|    r_vel                | 0.0861      |
|    r_xvel               | -0.147      |
| rollout/                |             |
|    ep_len_mean          | 82          |
|    ep_rew_mean          | -10.8       |
| time/                   |             |
|    fps                  | 46          |
|    iterations           | 58          |
|    time_elapsed         | 5091        |
|    total_timesteps      | 237568      |
| train/                  |             |
|    approx_kl            | 0.016466642 |
|    clip_fraction        | 0.191       |
|    clip_range           | 0.2         |
|    entropy_loss         | -11.1       |
|    explained_variance   | 0.377       |
|    learning_rate        | 0.0003      |
|    loss                 | 0.102       |
|    n_updates            | 570         |
|    policy_gradient_loss | -0.0207     |
|    std                  | 0.756       |
|    value_loss           | 0.52        |
-----------------------------------------
-----------------------------------------
| energy/                 |             |
|    E_damp_J             | 0.00993     |
|    E_fric_J             | 0.00666     |
|    E_norm_J             | 0.00262     |
|    W_neg_J              | 0.0147      |
|    W_pos_J              | 0.0248      |
| reward/                 |             |
|    r_energy             | -0.0246     |
|    r_pose               | -0.00246    |
|    r_vel                | 0.112       |
|    r_xvel               | -0.0701     |
| rollout/                |             |
|    ep_len_mean          | 82          |
|    ep_rew_mean          | -10.6       |
| time/                   |             |
|    fps                  | 46          |
|    iterations           | 59          |
|    time_elapsed         | 5182        |
|    total_timesteps      | 241664      |
| train/                  |             |
|    approx_kl            | 0.016152373 |
|    clip_fraction        | 0.202       |
|    clip_range           | 0.2         |
|    entropy_loss         | -11         |
|    explained_variance   | 0.328       |
|    learning_rate        | 0.0003      |
|    loss                 | 0.181       |
|    n_updates            | 580         |
|    policy_gradient_loss | -0.0219     |
|    std                  | 0.751       |
|    value_loss           | 0.513       |
-----------------------------------------
-----------------------------------------
| energy/                 |             |
|    E_damp_J             | 0.0373      |
|    E_fric_J             | 0.00848     |
|    E_norm_J             | 0.0202      |
|    W_neg_J              | 0.0447      |
|    W_pos_J              | 0.0816      |
| reward/                 |             |
|    r_energy             | -0.0742     |
|    r_pose               | -0.00266    |
|    r_vel                | 0.0916      |
|    r_xvel               | -0.147      |
| rollout/                |             |
|    ep_len_mean          | 82          |
|    ep_rew_mean          | -10.5       |
| time/                   |             |
|    fps                  | 46          |
|    iterations           | 60          |
|    time_elapsed         | 5272        |
|    total_timesteps      | 245760      |
| train/                  |             |
|    approx_kl            | 0.017944677 |
|    clip_fraction        | 0.211       |
|    clip_range           | 0.2         |
|    entropy_loss         | -10.9       |
|    explained_variance   | 0.394       |
|    learning_rate        | 0.0003      |
|    loss                 | 0.124       |
|    n_updates            | 590         |
|    policy_gradient_loss | -0.0231     |
|    std                  | 0.743       |
|    value_loss           | 0.493       |
-----------------------------------------
-----------------------------------------
| energy/                 |             |
|    E_damp_J             | 0.0102      |
|    E_fric_J             | 0.00592     |
|    E_norm_J             | 0.00252     |
|    W_neg_J              | 0.0104      |
|    W_pos_J              | 0.027       |
| reward/                 |             |
|    r_energy             | -0.0224     |
|    r_pose               | -0.00251    |
|    r_vel                | 0.0793      |
|    r_xvel               | -0.0447     |
| rollout/                |             |
|    ep_len_mean          | 82          |
|    ep_rew_mean          | -9.92       |
| time/                   |             |
|    fps                  | 46          |
|    iterations           | 61          |
|    time_elapsed         | 5362        |
|    total_timesteps      | 249856      |
| train/                  |             |
|    approx_kl            | 0.015302679 |
|    clip_fraction        | 0.189       |
|    clip_range           | 0.2         |
|    entropy_loss         | -10.8       |
|    explained_variance   | 0.437       |
|    learning_rate        | 0.0003      |
|    loss                 | 0.122       |
|    n_updates            | 600         |
|    policy_gradient_loss | -0.0217     |
|    std                  | 0.739       |
|    value_loss           | 0.504       |
-----------------------------------------
-----------------------------------------
| energy/                 |             |
|    E_damp_J             | 0.0355      |
|    E_fric_J             | 0.0079      |
|    E_norm_J             | 0.0202      |
|    W_neg_J              | 0.0437      |
|    W_pos_J              | 0.0779      |
| reward/                 |             |
|    r_energy             | -0.0713     |
|    r_pose               | -0.00304    |
|    r_vel                | 0.0699      |
|    r_xvel               | -0.139      |
| rollout/                |             |
|    ep_len_mean          | 82          |
|    ep_rew_mean          | -9.46       |
| time/                   |             |
|    fps                  | 46          |
|    iterations           | 62          |
|    time_elapsed         | 5453        |
|    total_timesteps      | 253952      |
| train/                  |             |
|    approx_kl            | 0.020668188 |
|    clip_fraction        | 0.227       |
|    clip_range           | 0.2         |
|    entropy_loss         | -10.8       |
|    explained_variance   | 0.397       |
|    learning_rate        | 0.0003      |
|    loss                 | 0.117       |
|    n_updates            | 610         |
|    policy_gradient_loss | -0.0223     |
|    std                  | 0.734       |
|    value_loss           | 0.394       |
-----------------------------------------
----------------------------------------
| energy/                 |            |
|    E_damp_J             | 0.00913    |
|    E_fric_J             | 0.00581    |
|    E_norm_J             | 0.00235    |
|    W_neg_J              | 0.0129     |
|    W_pos_J              | 0.0234     |
| reward/                 |            |
|    r_energy             | -0.0222    |
|    r_pose               | -0.00235   |
|    r_vel                | 0.0882     |
|    r_xvel               | -0.0479    |
| rollout/                |            |
|    ep_len_mean          | 82         |
|    ep_rew_mean          | -9.39      |
| time/                   |            |
|    fps                  | 46         |
|    iterations           | 63         |
|    time_elapsed         | 5543       |
|    total_timesteps      | 258048     |
| train/                  |            |
|    approx_kl            | 0.01764467 |
|    clip_fraction        | 0.205      |
|    clip_range           | 0.2        |
|    entropy_loss         | -10.7      |
|    explained_variance   | 0.498      |
|    learning_rate        | 0.0003     |
|    loss                 | 0.0186     |
|    n_updates            | 620        |
|    policy_gradient_loss | -0.0223    |
|    std                  | 0.727      |
|    value_loss           | 0.414      |
----------------------------------------
-----------------------------------------
| energy/                 |             |
|    E_damp_J             | 0.0357      |
|    E_fric_J             | 0.00759     |
|    E_norm_J             | 0.02        |
|    W_neg_J              | 0.0386      |
|    W_pos_J              | 0.0838      |
| reward/                 |             |
|    r_energy             | -0.07       |
|    r_pose               | -0.00285    |
|    r_vel                | 0.084       |
|    r_xvel               | -0.0849     |
| rollout/                |             |
|    ep_len_mean          | 82          |
|    ep_rew_mean          | -9.04       |
| time/                   |             |
|    fps                  | 46          |
|    iterations           | 64          |
|    time_elapsed         | 5635        |
|    total_timesteps      | 262144      |
| train/                  |             |
|    approx_kl            | 0.017300092 |
|    clip_fraction        | 0.208       |
|    clip_range           | 0.2         |
|    entropy_loss         | -10.6       |
|    explained_variance   | 0.437       |
|    learning_rate        | 0.0003      |
|    loss                 | 0.105       |
|    n_updates            | 630         |
|    policy_gradient_loss | -0.0209     |
|    std                  | 0.721       |
|    value_loss           | 0.407       |
-----------------------------------------
-----------------------------------------
| energy/                 |             |
|    E_damp_J             | 0.00849     |
|    E_fric_J             | 0.00557     |
|    E_norm_J             | 0.00214     |
|    W_neg_J              | 0.0126      |
|    W_pos_J              | 0.0255      |
| reward/                 |             |
|    r_energy             | -0.0222     |
|    r_pose               | -0.00224    |
|    r_vel                | 0.112       |
|    r_xvel               | -0.0547     |
| rollout/                |             |
|    ep_len_mean          | 82          |
|    ep_rew_mean          | -8.82       |
| time/                   |             |
|    fps                  | 46          |
|    iterations           | 65          |
|    time_elapsed         | 5726        |
|    total_timesteps      | 266240      |
| train/                  |             |
|    approx_kl            | 0.017318256 |
|    clip_fraction        | 0.211       |
|    clip_range           | 0.2         |
|    entropy_loss         | -10.5       |
|    explained_variance   | 0.514       |
|    learning_rate        | 0.0003      |
|    loss                 | 0.0897      |
|    n_updates            | 640         |
|    policy_gradient_loss | -0.0224     |
|    std                  | 0.715       |
|    value_loss           | 0.353       |
-----------------------------------------
-----------------------------------------
| energy/                 |             |
|    E_damp_J             | 0.0348      |
|    E_fric_J             | 0.00714     |
|    E_norm_J             | 0.0197      |
|    W_neg_J              | 0.0433      |
|    W_pos_J              | 0.0705      |
| reward/                 |             |
|    r_energy             | -0.0681     |
|    r_pose               | -0.00215    |
|    r_vel                | 0.0886      |
|    r_xvel               | -0.0842     |
| rollout/                |             |
|    ep_len_mean          | 82          |
|    ep_rew_mean          | -8.23       |
| time/                   |             |
|    fps                  | 46          |
|    iterations           | 66          |
|    time_elapsed         | 5817        |
|    total_timesteps      | 270336      |
| train/                  |             |
|    approx_kl            | 0.019112593 |
|    clip_fraction        | 0.235       |
|    clip_range           | 0.2         |
|    entropy_loss         | -10.4       |
|    explained_variance   | 0.479       |
|    learning_rate        | 0.0003      |
|    loss                 | 0.0618      |
|    n_updates            | 650         |
|    policy_gradient_loss | -0.0244     |
|    std                  | 0.711       |
|    value_loss           | 0.336       |
-----------------------------------------
-----------------------------------------
| energy/                 |             |
|    E_damp_J             | 0.00736     |
|    E_fric_J             | 0.00567     |
|    E_norm_J             | 0.00217     |
|    W_neg_J              | 0.00758     |
|    W_pos_J              | 0.0185      |
| reward/                 |             |
|    r_energy             | -0.0166     |
|    r_pose               | -0.00232    |
|    r_vel                | 0.0797      |
|    r_xvel               | -0.0402     |
| rollout/                |             |
|    ep_len_mean          | 82          |
|    ep_rew_mean          | -7.65       |
| time/                   |             |
|    fps                  | 46          |
|    iterations           | 67          |
|    time_elapsed         | 5908        |
|    total_timesteps      | 274432      |
| train/                  |             |
|    approx_kl            | 0.016730312 |
|    clip_fraction        | 0.217       |
|    clip_range           | 0.2         |
|    entropy_loss         | -10.4       |
|    explained_variance   | 0.572       |
|    learning_rate        | 0.0003      |
|    loss                 | -0.013      |
|    n_updates            | 660         |
|    policy_gradient_loss | -0.0225     |
|    std                  | 0.706       |
|    value_loss           | 0.281       |
-----------------------------------------
-----------------------------------------
| energy/                 |             |
|    E_damp_J             | 0.0351      |
|    E_fric_J             | 0.00724     |
|    E_norm_J             | 0.0194      |
|    W_neg_J              | 0.0457      |
|    W_pos_J              | 0.0722      |
| reward/                 |             |
|    r_energy             | -0.0703     |
|    r_pose               | -0.00218    |
|    r_vel                | 0.0934      |
|    r_xvel               | -0.0874     |
| rollout/                |             |
|    ep_len_mean          | 82          |
|    ep_rew_mean          | -7.82       |
| time/                   |             |
|    fps                  | 46          |
|    iterations           | 68          |
|    time_elapsed         | 6000        |
|    total_timesteps      | 278528      |
| train/                  |             |
|    approx_kl            | 0.019246794 |
|    clip_fraction        | 0.229       |
|    clip_range           | 0.2         |
|    entropy_loss         | -10.3       |
|    explained_variance   | 0.569       |
|    learning_rate        | 0.0003      |
|    loss                 | -0.0104     |
|    n_updates            | 670         |
|    policy_gradient_loss | -0.0237     |
|    std                  | 0.699       |
|    value_loss           | 0.265       |
-----------------------------------------
-----------------------------------------
| energy/                 |             |
|    E_damp_J             | 0.00862     |
|    E_fric_J             | 0.00542     |
|    E_norm_J             | 0.00221     |
|    W_neg_J              | 0.0111      |
|    W_pos_J              | 0.0199      |
| reward/                 |             |
|    r_energy             | -0.0197     |
|    r_pose               | -0.00245    |
|    r_vel                | 0.0774      |
|    r_xvel               | -0.0508     |
| rollout/                |             |
|    ep_len_mean          | 82          |
|    ep_rew_mean          | -7.75       |
| time/                   |             |
|    fps                  | 46          |
|    iterations           | 69          |
|    time_elapsed         | 6092        |
|    total_timesteps      | 282624      |
| train/                  |             |
|    approx_kl            | 0.016620945 |
|    clip_fraction        | 0.215       |
|    clip_range           | 0.2         |
|    entropy_loss         | -10.2       |
|    explained_variance   | 0.577       |
|    learning_rate        | 0.0003      |
|    loss                 | 0.027       |
|    n_updates            | 680         |
|    policy_gradient_loss | -0.0189     |
|    std                  | 0.692       |
|    value_loss           | 0.292       |
-----------------------------------------
-----------------------------------------
| energy/                 |             |
|    E_damp_J             | 0.0374      |
|    E_fric_J             | 0.0067      |
|    E_norm_J             | 0.0198      |
|    W_neg_J              | 0.0446      |
|    W_pos_J              | 0.0783      |
| reward/                 |             |
|    r_energy             | -0.0723     |
|    r_pose               | -0.00251    |
|    r_vel                | 0.0949      |
|    r_xvel               | -0.0752     |
| rollout/                |             |
|    ep_len_mean          | 82          |
|    ep_rew_mean          | -7.43       |
| time/                   |             |
|    fps                  | 46          |
|    iterations           | 70          |
|    time_elapsed         | 6183        |
|    total_timesteps      | 286720      |
| train/                  |             |
|    approx_kl            | 0.017371226 |
|    clip_fraction        | 0.226       |
|    clip_range           | 0.2         |
|    entropy_loss         | -10.1       |
|    explained_variance   | 0.564       |
|    learning_rate        | 0.0003      |
|    loss                 | -0.0317     |
|    n_updates            | 690         |
|    policy_gradient_loss | -0.0236     |
|    std                  | 0.685       |
|    value_loss           | 0.283       |
-----------------------------------------
-----------------------------------------
| energy/                 |             |
|    E_damp_J             | 0.00896     |
|    E_fric_J             | 0.00606     |
|    E_norm_J             | 0.00246     |
|    W_neg_J              | 0.0108      |
|    W_pos_J              | 0.026       |
| reward/                 |             |
|    r_energy             | -0.0218     |
|    r_pose               | -0.00224    |
|    r_vel                | 0.0962      |
|    r_xvel               | -0.0617     |
| rollout/                |             |
|    ep_len_mean          | 82          |
|    ep_rew_mean          | -6.99       |
| time/                   |             |
|    fps                  | 46          |
|    iterations           | 71          |
|    time_elapsed         | 6275        |
|    total_timesteps      | 290816      |
| train/                  |             |
|    approx_kl            | 0.017962256 |
|    clip_fraction        | 0.238       |
|    clip_range           | 0.2         |
|    entropy_loss         | -9.98       |
|    explained_variance   | 0.586       |
|    learning_rate        | 0.0003      |
|    loss                 | -0.0128     |
|    n_updates            | 700         |
|    policy_gradient_loss | -0.0235     |
|    std                  | 0.679       |
|    value_loss           | 0.269       |
-----------------------------------------
-----------------------------------------
| energy/                 |             |
|    E_damp_J             | 0.035       |
|    E_fric_J             | 0.00755     |
|    E_norm_J             | 0.0199      |
|    W_neg_J              | 0.0431      |
|    W_pos_J              | 0.0703      |
| reward/                 |             |
|    r_energy             | -0.0682     |
|    r_pose               | -0.00242    |
|    r_vel                | 0.0848      |
|    r_xvel               | -0.106      |
| rollout/                |             |
|    ep_len_mean          | 82          |
|    ep_rew_mean          | -6.49       |
| time/                   |             |
|    fps                  | 46          |
|    iterations           | 72          |
|    time_elapsed         | 6368        |
|    total_timesteps      | 294912      |
| train/                  |             |
|    approx_kl            | 0.020386418 |
|    clip_fraction        | 0.235       |
|    clip_range           | 0.2         |
|    entropy_loss         | -9.9        |
|    explained_variance   | 0.569       |
|    learning_rate        | 0.0003      |
|    loss                 | -0.0169     |
|    n_updates            | 710         |
|    policy_gradient_loss | -0.0242     |
|    std                  | 0.674       |
|    value_loss           | 0.257       |
-----------------------------------------
----------------------------------------
| energy/                 |            |
|    E_damp_J             | 0.00553    |
|    E_fric_J             | 0.00526    |
|    E_norm_J             | 0.00194    |
|    W_neg_J              | 0.00896    |
|    W_pos_J              | 0.0174     |
| reward/                 |            |
|    r_energy             | -0.016     |
|    r_pose               | -0.00211   |
|    r_vel                | 0.0966     |
|    r_xvel               | -0.0537    |
| rollout/                |            |
|    ep_len_mean          | 82         |
|    ep_rew_mean          | -6.39      |
| time/                   |            |
|    fps                  | 46         |
|    iterations           | 73         |
|    time_elapsed         | 6461       |
|    total_timesteps      | 299008     |
| train/                  |            |
|    approx_kl            | 0.01910955 |
|    clip_fraction        | 0.227      |
|    clip_range           | 0.2        |
|    entropy_loss         | -9.81      |
|    explained_variance   | 0.666      |
|    learning_rate        | 0.0003     |
|    loss                 | -0.0587    |
|    n_updates            | 720        |
|    policy_gradient_loss | -0.0233    |
|    std                  | 0.668      |
|    value_loss           | 0.211      |
----------------------------------------
-----------------------------------------
| energy/                 |             |
|    E_damp_J             | 0.0308      |
|    E_fric_J             | 0.00723     |
|    E_norm_J             | 0.0199      |
|    W_neg_J              | 0.042       |
|    W_pos_J              | 0.067       |
| reward/                 |             |
|    r_energy             | -0.0643     |
|    r_pose               | -0.00228    |
|    r_vel                | 0.086       |
|    r_xvel               | -0.0968     |
| rollout/                |             |
|    ep_len_mean          | 82          |
|    ep_rew_mean          | -6.4        |
| time/                   |             |
|    fps                  | 46          |
|    iterations           | 74          |
|    time_elapsed         | 6555        |
|    total_timesteps      | 303104      |
| train/                  |             |
|    approx_kl            | 0.017792422 |
|    clip_fraction        | 0.234       |
|    clip_range           | 0.2         |
|    entropy_loss         | -9.75       |
|    explained_variance   | 0.66        |
|    learning_rate        | 0.0003      |
|    loss                 | -0.0192     |
|    n_updates            | 730         |
|    policy_gradient_loss | -0.0197     |
|    std                  | 0.665       |
|    value_loss           | 0.193       |
-----------------------------------------
-----------------------------------------
| energy/                 |             |
|    E_damp_J             | 0.00561     |
|    E_fric_J             | 0.00411     |
|    E_norm_J             | 0.00162     |
|    W_neg_J              | 0.00812     |
|    W_pos_J              | 0.0137      |
| reward/                 |             |
|    r_energy             | -0.0139     |
|    r_pose               | -0.00199    |
|    r_vel                | 0.0762      |
|    r_xvel               | -0.0337     |
| rollout/                |             |
|    ep_len_mean          | 82          |
|    ep_rew_mean          | -6.26       |
| time/                   |             |
|    fps                  | 46          |
|    iterations           | 75          |
|    time_elapsed         | 6649        |
|    total_timesteps      | 307200      |
| train/                  |             |
|    approx_kl            | 0.018705599 |
|    clip_fraction        | 0.225       |
|    clip_range           | 0.2         |
|    entropy_loss         | -9.7        |
|    explained_variance   | 0.718       |
|    learning_rate        | 0.0003      |
|    loss                 | -0.0653     |
|    n_updates            | 740         |
|    policy_gradient_loss | -0.0205     |
|    std                  | 0.661       |
|    value_loss           | 0.183       |
-----------------------------------------
-----------------------------------------
| energy/                 |             |
|    E_damp_J             | 0.0312      |
|    E_fric_J             | 0.00628     |
|    E_norm_J             | 0.0193      |
|    W_neg_J              | 0.0388      |
|    W_pos_J              | 0.0724      |
| reward/                 |             |
|    r_energy             | -0.0637     |
|    r_pose               | -0.0026     |
|    r_vel                | 0.0892      |
|    r_xvel               | -0.0837     |
| rollout/                |             |
|    ep_len_mean          | 82          |
|    ep_rew_mean          | -5.9        |
| time/                   |             |
|    fps                  | 46          |
|    iterations           | 76          |
|    time_elapsed         | 6743        |
|    total_timesteps      | 311296      |
| train/                  |             |
|    approx_kl            | 0.019786669 |
|    clip_fraction        | 0.211       |
|    clip_range           | 0.2         |
|    entropy_loss         | -9.63       |
|    explained_variance   | 0.632       |
|    learning_rate        | 0.0003      |
|    loss                 | -0.0494     |
|    n_updates            | 750         |
|    policy_gradient_loss | -0.019      |
|    std                  | 0.656       |
|    value_loss           | 0.18        |
-----------------------------------------
-----------------------------------------
| energy/                 |             |
|    E_damp_J             | 0.0058      |
|    E_fric_J             | 0.00465     |
|    E_norm_J             | 0.00173     |
|    W_neg_J              | 0.00758     |
|    W_pos_J              | 0.0166      |
| reward/                 |             |
|    r_energy             | -0.0148     |
|    r_pose               | -0.00206    |
|    r_vel                | 0.0881      |
|    r_xvel               | -0.0334     |
| rollout/                |             |
|    ep_len_mean          | 82          |
|    ep_rew_mean          | -5.56       |
| time/                   |             |
|    fps                  | 46          |
|    iterations           | 77          |
|    time_elapsed         | 6836        |
|    total_timesteps      | 315392      |
| train/                  |             |
|    approx_kl            | 0.019308735 |
|    clip_fraction        | 0.259       |
|    clip_range           | 0.2         |
|    entropy_loss         | -9.55       |
|    explained_variance   | 0.662       |
|    learning_rate        | 0.0003      |
|    loss                 | -0.0464     |
|    n_updates            | 760         |
|    policy_gradient_loss | -0.0233     |
|    std                  | 0.65        |
|    value_loss           | 0.192       |
-----------------------------------------
----------------------------------------
| energy/                 |            |
|    E_damp_J             | 0.0348     |
|    E_fric_J             | 0.00657    |
|    E_norm_J             | 0.0196     |
|    W_neg_J              | 0.0448     |
|    W_pos_J              | 0.0697     |
| reward/                 |            |
|    r_energy             | -0.0685    |
|    r_pose               | -0.00217   |
|    r_vel                | 0.102      |
|    r_xvel               | -0.0728    |
| rollout/                |            |
|    ep_len_mean          | 82         |
|    ep_rew_mean          | -5.17      |
| time/                   |            |
|    fps                  | 46         |
|    iterations           | 78         |
|    time_elapsed         | 6931       |
|    total_timesteps      | 319488     |
| train/                  |            |
|    approx_kl            | 0.02109706 |
|    clip_fraction        | 0.243      |
|    clip_range           | 0.2        |
|    entropy_loss         | -9.51      |
|    explained_variance   | 0.667      |
|    learning_rate        | 0.0003     |
|    loss                 | -0.0447    |
|    n_updates            | 770        |
|    policy_gradient_loss | -0.0209    |
|    std                  | 0.648      |
|    value_loss           | 0.173      |
----------------------------------------
-----------------------------------------
| energy/                 |             |
|    E_damp_J             | 0.00564     |
|    E_fric_J             | 0.0047      |
|    E_norm_J             | 0.00188     |
|    W_neg_J              | 0.00986     |
|    W_pos_J              | 0.0154      |
| reward/                 |             |
|    r_energy             | -0.0157     |
|    r_pose               | -0.00212    |
|    r_vel                | 0.0766      |
|    r_xvel               | -0.0399     |
| rollout/                |             |
|    ep_len_mean          | 82          |
|    ep_rew_mean          | -5.16       |
| time/                   |             |
|    fps                  | 46          |
|    iterations           | 79          |
|    time_elapsed         | 7025        |
|    total_timesteps      | 323584      |
| train/                  |             |
|    approx_kl            | 0.017032431 |
|    clip_fraction        | 0.228       |
|    clip_range           | 0.2         |
|    entropy_loss         | -9.45       |
|    explained_variance   | 0.682       |
|    learning_rate        | 0.0003      |
|    loss                 | 0.0481      |
|    n_updates            | 780         |
|    policy_gradient_loss | -0.0217     |
|    std                  | 0.644       |
|    value_loss           | 0.173       |
-----------------------------------------
-----------------------------------------
| energy/                 |             |
|    E_damp_J             | 0.0265      |
|    E_fric_J             | 0.00499     |
|    E_norm_J             | 0.0181      |
|    W_neg_J              | 0.0292      |
|    W_pos_J              | 0.056       |
| reward/                 |             |
|    r_energy             | -0.0501     |
|    r_pose               | -0.00191    |
|    r_vel                | 0.0849      |
|    r_xvel               | -0.0385     |
| rollout/                |             |
|    ep_len_mean          | 82          |
|    ep_rew_mean          | -5.31       |
| time/                   |             |
|    fps                  | 46          |
|    iterations           | 80          |
|    time_elapsed         | 7119        |
|    total_timesteps      | 327680      |
| train/                  |             |
|    approx_kl            | 0.019477164 |
|    clip_fraction        | 0.234       |
|    clip_range           | 0.2         |
|    entropy_loss         | -9.4        |
|    explained_variance   | 0.682       |
|    learning_rate        | 0.0003      |
|    loss                 | -0.0685     |
|    n_updates            | 790         |
|    policy_gradient_loss | -0.0224     |
|    std                  | 0.642       |
|    value_loss           | 0.176       |
-----------------------------------------
-----------------------------------------
| energy/                 |             |
|    E_damp_J             | 0.00445     |
|    E_fric_J             | 0.00408     |
|    E_norm_J             | 0.0015      |
|    W_neg_J              | 0.00753     |
|    W_pos_J              | 0.0122      |
| reward/                 |             |
|    r_energy             | -0.0124     |
|    r_pose               | -0.00201    |
|    r_vel                | 0.0764      |
|    r_xvel               | -0.035      |
| rollout/                |             |
|    ep_len_mean          | 82          |
|    ep_rew_mean          | -5.09       |
| time/                   |             |
|    fps                  | 45          |
|    iterations           | 81          |
|    time_elapsed         | 7214        |
|    total_timesteps      | 331776      |
| train/                  |             |
|    approx_kl            | 0.022131126 |
|    clip_fraction        | 0.251       |
|    clip_range           | 0.2         |
|    entropy_loss         | -9.34       |
|    explained_variance   | 0.709       |
|    learning_rate        | 0.0003      |
|    loss                 | -0.0432     |
|    n_updates            | 800         |
|    policy_gradient_loss | -0.0239     |
|    std                  | 0.637       |
|    value_loss           | 0.179       |
-----------------------------------------
-----------------------------------------
| energy/                 |             |
|    E_damp_J             | 0.0054      |
|    E_fric_J             | 0.00444     |
|    E_norm_J             | 0.00154     |
|    W_neg_J              | 0.0058      |
|    W_pos_J              | 0.0156      |
| reward/                 |             |
|    r_energy             | -0.0131     |
|    r_pose               | -0.00204    |
|    r_vel                | 0.0783      |
|    r_xvel               | -0.0333     |
| rollout/                |             |
|    ep_len_mean          | 82          |
|    ep_rew_mean          | -4.64       |
| time/                   |             |
|    fps                  | 45          |
|    iterations           | 82          |
|    time_elapsed         | 7305        |
|    total_timesteps      | 335872      |
| train/                  |             |
|    approx_kl            | 0.022608154 |
|    clip_fraction        | 0.238       |
|    clip_range           | 0.2         |
|    entropy_loss         | -9.29       |
|    explained_variance   | 0.718       |
|    learning_rate        | 0.0003      |
|    loss                 | -0.0594     |
|    n_updates            | 810         |
|    policy_gradient_loss | -0.0209     |
|    std                  | 0.634       |
|    value_loss           | 0.134       |
-----------------------------------------
-----------------------------------------
| energy/                 |             |
|    E_damp_J             | 0.00653     |
|    E_fric_J             | 0.00528     |
|    E_norm_J             | 0.0018      |
|    W_neg_J              | 0.00911     |
|    W_pos_J              | 0.0169      |
| reward/                 |             |
|    r_energy             | -0.0164     |
|    r_pose               | -0.00217    |
|    r_vel                | 0.115       |
|    r_xvel               | -0.0508     |
| rollout/                |             |
|    ep_len_mean          | 82          |
|    ep_rew_mean          | -4.38       |
| time/                   |             |
|    fps                  | 45          |
|    iterations           | 83          |
|    time_elapsed         | 7398        |
|    total_timesteps      | 339968      |
| train/                  |             |
|    approx_kl            | 0.019515892 |
|    clip_fraction        | 0.248       |
|    clip_range           | 0.2         |
|    entropy_loss         | -9.24       |
|    explained_variance   | 0.758       |
|    learning_rate        | 0.0003      |
|    loss                 | -0.0366     |
|    n_updates            | 820         |
|    policy_gradient_loss | -0.0216     |
|    std                  | 0.632       |
|    value_loss           | 0.112       |
-----------------------------------------
-----------------------------------------
| energy/                 |             |
|    E_damp_J             | 0.00594     |
|    E_fric_J             | 0.00472     |
|    E_norm_J             | 0.00169     |
|    W_neg_J              | 0.0085      |
|    W_pos_J              | 0.0156      |
| reward/                 |             |
|    r_energy             | -0.0151     |
|    r_pose               | -0.00222    |
|    r_vel                | 0.0944      |
|    r_xvel               | -0.0432     |
| rollout/                |             |
|    ep_len_mean          | 82          |
|    ep_rew_mean          | -4.39       |
| time/                   |             |
|    fps                  | 45          |
|    iterations           | 84          |
|    time_elapsed         | 7491        |
|    total_timesteps      | 344064      |
| train/                  |             |
|    approx_kl            | 0.018969685 |
|    clip_fraction        | 0.243       |
|    clip_range           | 0.2         |
|    entropy_loss         | -9.17       |
|    explained_variance   | 0.742       |
|    learning_rate        | 0.0003      |
|    loss                 | -0.0626     |
|    n_updates            | 830         |
|    policy_gradient_loss | -0.0215     |
|    std                  | 0.626       |
|    value_loss           | 0.121       |
-----------------------------------------
----------------------------------------
| energy/                 |            |
|    E_damp_J             | 0.00498    |
|    E_fric_J             | 0.00439    |
|    E_norm_J             | 0.00158    |
|    W_neg_J              | 0.00712    |
|    W_pos_J              | 0.014      |
| reward/                 |            |
|    r_energy             | -0.0132    |
|    r_pose               | -0.00215   |
|    r_vel                | 0.0819     |
|    r_xvel               | -0.0265    |
| rollout/                |            |
|    ep_len_mean          | 82         |
|    ep_rew_mean          | -4.34      |
| time/                   |            |
|    fps                  | 45         |
|    iterations           | 85         |
|    time_elapsed         | 7583       |
|    total_timesteps      | 348160     |
| train/                  |            |
|    approx_kl            | 0.01917751 |
|    clip_fraction        | 0.246      |
|    clip_range           | 0.2        |
|    entropy_loss         | -9.1       |
|    explained_variance   | 0.709      |
|    learning_rate        | 0.0003     |
|    loss                 | -0.0838    |
|    n_updates            | 840        |
|    policy_gradient_loss | -0.0199    |
|    std                  | 0.622      |
|    value_loss           | 0.152      |
----------------------------------------
----------------------------------------
| energy/                 |            |
|    E_damp_J             | 0.00651    |
|    E_fric_J             | 0.00507    |
|    E_norm_J             | 0.00188    |
|    W_neg_J              | 0.00761    |
|    W_pos_J              | 0.0189     |
| reward/                 |            |
|    r_energy             | -0.016     |
|    r_pose               | -0.00221   |
|    r_vel                | 0.0913     |
|    r_xvel               | -0.0391    |
| rollout/                |            |
|    ep_len_mean          | 82         |
|    ep_rew_mean          | -4.13      |
| time/                   |            |
|    fps                  | 45         |
|    iterations           | 86         |
|    time_elapsed         | 7674       |
|    total_timesteps      | 352256     |
| train/                  |            |
|    approx_kl            | 0.01964445 |
|    clip_fraction        | 0.252      |
|    clip_range           | 0.2        |
|    entropy_loss         | -9.05      |
|    explained_variance   | 0.726      |
|    learning_rate        | 0.0003     |
|    loss                 | -0.0353    |
|    n_updates            | 850        |
|    policy_gradient_loss | -0.0201    |
|    std                  | 0.62       |
|    value_loss           | 0.129      |
----------------------------------------
---------------------------------------
| energy/                 |           |
|    E_damp_J             | 0.00599   |
|    E_fric_J             | 0.00451   |
|    E_norm_J             | 0.00164   |
|    W_neg_J              | 0.00866   |
|    W_pos_J              | 0.0162    |
| reward/                 |           |
|    r_energy             | -0.0153   |
|    r_pose               | -0.00226  |
|    r_vel                | 0.0911    |
|    r_xvel               | -0.044    |
| rollout/                |           |
|    ep_len_mean          | 82        |
|    ep_rew_mean          | -3.87     |
| time/                   |           |
|    fps                  | 45        |
|    iterations           | 87        |
|    time_elapsed         | 7766      |
|    total_timesteps      | 356352    |
| train/                  |           |
|    approx_kl            | 0.0237071 |
|    clip_fraction        | 0.242     |
|    clip_range           | 0.2       |
|    entropy_loss         | -9.01     |
|    explained_variance   | 0.739     |
|    learning_rate        | 0.0003    |
|    loss                 | -0.057    |
|    n_updates            | 860       |
|    policy_gradient_loss | -0.0211   |
|    std                  | 0.619     |
|    value_loss           | 0.138     |
---------------------------------------
-----------------------------------------
| energy/                 |             |
|    E_damp_J             | 0.00506     |
|    E_fric_J             | 0.00444     |
|    E_norm_J             | 0.00157     |
|    W_neg_J              | 0.0059      |
|    W_pos_J              | 0.0157      |
| reward/                 |             |
|    r_energy             | -0.013      |
|    r_pose               | -0.00214    |
|    r_vel                | 0.0816      |
|    r_xvel               | -0.0323     |
| rollout/                |             |
|    ep_len_mean          | 82          |
|    ep_rew_mean          | -3.83       |
| time/                   |             |
|    fps                  | 45          |
|    iterations           | 88          |
|    time_elapsed         | 7859        |
|    total_timesteps      | 360448      |
| train/                  |             |
|    approx_kl            | 0.021776488 |
|    clip_fraction        | 0.274       |
|    clip_range           | 0.2         |
|    entropy_loss         | -8.99       |
|    explained_variance   | 0.755       |
|    learning_rate        | 0.0003      |
|    loss                 | -0.0914     |
|    n_updates            | 870         |
|    policy_gradient_loss | -0.0237     |
|    std                  | 0.617       |
|    value_loss           | 0.132       |
-----------------------------------------
-----------------------------------------
| energy/                 |             |
|    E_damp_J             | 0.00847     |
|    E_fric_J             | 0.00509     |
|    E_norm_J             | 0.00182     |
|    W_neg_J              | 0.0115      |
|    W_pos_J              | 0.0199      |
| reward/                 |             |
|    r_energy             | -0.0197     |
|    r_pose               | -0.00254    |
|    r_vel                | 0.115       |
|    r_xvel               | -0.0599     |
| rollout/                |             |
|    ep_len_mean          | 82          |
|    ep_rew_mean          | -3.67       |
| time/                   |             |
|    fps                  | 45          |
|    iterations           | 89          |
|    time_elapsed         | 7951        |
|    total_timesteps      | 364544      |
| train/                  |             |
|    approx_kl            | 0.021401174 |
|    clip_fraction        | 0.273       |
|    clip_range           | 0.2         |
|    entropy_loss         | -8.92       |
|    explained_variance   | 0.773       |
|    learning_rate        | 0.0003      |
|    loss                 | -0.0655     |
|    n_updates            | 880         |
|    policy_gradient_loss | -0.0254     |
|    std                  | 0.612       |
|    value_loss           | 0.123       |
-----------------------------------------
-----------------------------------------
| energy/                 |             |
|    E_damp_J             | 0.0055      |
|    E_fric_J             | 0.00512     |
|    E_norm_J             | 0.00179     |
|    W_neg_J              | 0.0079      |
|    W_pos_J              | 0.0162      |
| reward/                 |             |
|    r_energy             | -0.0149     |
|    r_pose               | -0.00213    |
|    r_vel                | 0.11        |
|    r_xvel               | -0.032      |
| rollout/                |             |
|    ep_len_mean          | 82          |
|    ep_rew_mean          | -3.39       |
| time/                   |             |
|    fps                  | 45          |
|    iterations           | 90          |
|    time_elapsed         | 8044        |
|    total_timesteps      | 368640      |
| train/                  |             |
|    approx_kl            | 0.022345312 |
|    clip_fraction        | 0.26        |
|    clip_range           | 0.2         |
|    entropy_loss         | -8.86       |
|    explained_variance   | 0.661       |
|    learning_rate        | 0.0003      |
|    loss                 | -0.0548     |
|    n_updates            | 890         |
|    policy_gradient_loss | -0.0216     |
|    std                  | 0.609       |
|    value_loss           | 0.158       |
-----------------------------------------
-----------------------------------------
| energy/                 |             |
|    E_damp_J             | 0.00569     |
|    E_fric_J             | 0.00445     |
|    E_norm_J             | 0.00166     |
|    W_neg_J              | 0.00798     |
|    W_pos_J              | 0.017       |
| reward/                 |             |
|    r_energy             | -0.015      |
|    r_pose               | -0.00206    |
|    r_vel                | 0.0911      |
|    r_xvel               | -0.0248     |
| rollout/                |             |
|    ep_len_mean          | 82          |
|    ep_rew_mean          | -3.21       |
| time/                   |             |
|    fps                  | 45          |
|    iterations           | 91          |
|    time_elapsed         | 8138        |
|    total_timesteps      | 372736      |
| train/                  |             |
|    approx_kl            | 0.021754837 |
|    clip_fraction        | 0.27        |
|    clip_range           | 0.2         |
|    entropy_loss         | -8.82       |
|    explained_variance   | 0.749       |
|    learning_rate        | 0.0003      |
|    loss                 | -0.0621     |
|    n_updates            | 900         |
|    policy_gradient_loss | -0.0243     |
|    std                  | 0.607       |
|    value_loss           | 0.123       |
-----------------------------------------
-----------------------------------------
| energy/                 |             |
|    E_damp_J             | 0.00486     |
|    E_fric_J             | 0.00424     |
|    E_norm_J             | 0.00149     |
|    W_neg_J              | 0.00902     |
|    W_pos_J              | 0.0124      |
| reward/                 |             |
|    r_energy             | -0.0137     |
|    r_pose               | -0.00212    |
|    r_vel                | 0.0952      |
|    r_xvel               | -0.0366     |
| rollout/                |             |
|    ep_len_mean          | 82          |
|    ep_rew_mean          | -2.88       |
| time/                   |             |
|    fps                  | 45          |
|    iterations           | 92          |
|    time_elapsed         | 8232        |
|    total_timesteps      | 376832      |
| train/                  |             |
|    approx_kl            | 0.022857677 |
|    clip_fraction        | 0.257       |
|    clip_range           | 0.2         |
|    entropy_loss         | -8.82       |
|    explained_variance   | 0.699       |
|    learning_rate        | 0.0003      |
|    loss                 | -0.0683     |
|    n_updates            | 910         |
|    policy_gradient_loss | -0.0215     |
|    std                  | 0.608       |
|    value_loss           | 0.138       |
-----------------------------------------
-----------------------------------------
| energy/                 |             |
|    E_damp_J             | 0.00604     |
|    E_fric_J             | 0.00441     |
|    E_norm_J             | 0.00155     |
|    W_neg_J              | 0.00922     |
|    W_pos_J              | 0.0156      |
| reward/                 |             |
|    r_energy             | -0.0154     |
|    r_pose               | -0.00216    |
|    r_vel                | 0.114       |
|    r_xvel               | -0.049      |
| rollout/                |             |
|    ep_len_mean          | 82          |
|    ep_rew_mean          | -2.81       |
| time/                   |             |
|    fps                  | 45          |
|    iterations           | 93          |
|    time_elapsed         | 8326        |
|    total_timesteps      | 380928      |
| train/                  |             |
|    approx_kl            | 0.020276457 |
|    clip_fraction        | 0.252       |
|    clip_range           | 0.2         |
|    entropy_loss         | -8.81       |
|    explained_variance   | 0.695       |
|    learning_rate        | 0.0003      |
|    loss                 | -0.0272     |
|    n_updates            | 920         |
|    policy_gradient_loss | -0.0199     |
|    std                  | 0.608       |
|    value_loss           | 0.142       |
-----------------------------------------
-----------------------------------------
| energy/                 |             |
|    E_damp_J             | 0.00563     |
|    E_fric_J             | 0.00443     |
|    E_norm_J             | 0.0015      |
|    W_neg_J              | 0.00754     |
|    W_pos_J              | 0.0158      |
| reward/                 |             |
|    r_energy             | -0.0143     |
|    r_pose               | -0.00204    |
|    r_vel                | 0.105       |
|    r_xvel               | -0.0306     |
| rollout/                |             |
|    ep_len_mean          | 82          |
|    ep_rew_mean          | -2.81       |
| time/                   |             |
|    fps                  | 45          |
|    iterations           | 94          |
|    time_elapsed         | 8418        |
|    total_timesteps      | 385024      |
| train/                  |             |
|    approx_kl            | 0.025030104 |
|    clip_fraction        | 0.276       |
|    clip_range           | 0.2         |
|    entropy_loss         | -8.77       |
|    explained_variance   | 0.743       |
|    learning_rate        | 0.0003      |
|    loss                 | -0.0546     |
|    n_updates            | 930         |
|    policy_gradient_loss | -0.0191     |
|    std                  | 0.603       |
|    value_loss           | 0.142       |
-----------------------------------------
----------------------------------------
| energy/                 |            |
|    E_damp_J             | 0.0101     |
|    E_fric_J             | 0.006      |
|    E_norm_J             | 0.0024     |
|    W_neg_J              | 0.0169     |
|    W_pos_J              | 0.0253     |
| reward/                 |            |
|    r_energy             | -0.0258    |
|    r_pose               | -0.00227   |
|    r_vel                | 0.115      |
|    r_xvel               | -0.0644    |
| rollout/                |            |
|    ep_len_mean          | 82         |
|    ep_rew_mean          | -2.58      |
| time/                   |            |
|    fps                  | 45         |
|    iterations           | 95         |
|    time_elapsed         | 8510       |
|    total_timesteps      | 389120     |
| train/                  |            |
|    approx_kl            | 0.02189657 |
|    clip_fraction        | 0.261      |
|    clip_range           | 0.2        |
|    entropy_loss         | -8.72      |
|    explained_variance   | 0.726      |
|    learning_rate        | 0.0003     |
|    loss                 | -0.056     |
|    n_updates            | 940        |
|    policy_gradient_loss | -0.0203    |
|    std                  | 0.6        |
|    value_loss           | 0.116      |
----------------------------------------
-----------------------------------------
| energy/                 |             |
|    E_damp_J             | 0.00815     |
|    E_fric_J             | 0.00529     |
|    E_norm_J             | 0.00171     |
|    W_neg_J              | 0.0107      |
|    W_pos_J              | 0.0209      |
| reward/                 |             |
|    r_energy             | -0.0194     |
|    r_pose               | -0.00225    |
|    r_vel                | 0.148       |
|    r_xvel               | -0.0548     |
| rollout/                |             |
|    ep_len_mean          | 82          |
|    ep_rew_mean          | -2.3        |
| time/                   |             |
|    fps                  | 45          |
|    iterations           | 96          |
|    time_elapsed         | 8602        |
|    total_timesteps      | 393216      |
| train/                  |             |
|    approx_kl            | 0.026653796 |
|    clip_fraction        | 0.276       |
|    clip_range           | 0.2         |
|    entropy_loss         | -8.66       |
|    explained_variance   | 0.758       |
|    learning_rate        | 0.0003      |
|    loss                 | -0.0627     |
|    n_updates            | 950         |
|    policy_gradient_loss | -0.0229     |
|    std                  | 0.598       |
|    value_loss           | 0.115       |
-----------------------------------------
----------------------------------------
| energy/                 |            |
|    E_damp_J             | 0.0204     |
|    E_fric_J             | 0.00754    |
|    E_norm_J             | 0.0196     |
|    W_neg_J              | 0.0189     |
|    W_pos_J              | 0.0636     |
| reward/                 |            |
|    r_energy             | -0.0444    |
|    r_pose               | -0.00217   |
|    r_vel                | 0.116      |
|    r_xvel               | -0.119     |
| rollout/                |            |
|    ep_len_mean          | 82         |
|    ep_rew_mean          | -2.04      |
| time/                   |            |
|    fps                  | 45         |
|    iterations           | 97         |
|    time_elapsed         | 8693       |
|    total_timesteps      | 397312     |
| train/                  |            |
|    approx_kl            | 0.02049076 |
|    clip_fraction        | 0.269      |
|    clip_range           | 0.2        |
|    entropy_loss         | -8.58      |
|    explained_variance   | 0.71       |
|    learning_rate        | 0.0003     |
|    loss                 | -0.0434    |
|    n_updates            | 960        |
|    policy_gradient_loss | -0.0194    |
|    std                  | 0.593      |
|    value_loss           | 0.128      |
----------------------------------------
----------------------------------------
| energy/                 |            |
|    E_damp_J             | 0.00698    |
|    E_fric_J             | 0.00502    |
|    E_norm_J             | 0.00169    |
|    W_neg_J              | 0.00757    |
|    W_pos_J              | 0.0202     |
| reward/                 |            |
|    r_energy             | -0.0166    |
|    r_pose               | -0.00243   |
|    r_vel                | 0.12       |
|    r_xvel               | -0.0383    |
| rollout/                |            |
|    ep_len_mean          | 82         |
|    ep_rew_mean          | -1.95      |
| time/                   |            |
|    fps                  | 45         |
|    iterations           | 98         |
|    time_elapsed         | 8785       |
|    total_timesteps      | 401408     |
| train/                  |            |
|    approx_kl            | 0.01978196 |
|    clip_fraction        | 0.262      |
|    clip_range           | 0.2        |
|    entropy_loss         | -8.53      |
|    explained_variance   | 0.72       |
|    learning_rate        | 0.0003     |
|    loss                 | -0.00659   |
|    n_updates            | 970        |
|    policy_gradient_loss | -0.0214    |
|    std                  | 0.591      |
|    value_loss           | 0.156      |
----------------------------------------
----------------------------------------
| energy/                 |            |
|    E_damp_J             | 0.0324     |
|    E_fric_J             | 0.00705    |
|    E_norm_J             | 0.0191     |
|    W_neg_J              | 0.042      |
|    W_pos_J              | 0.0697     |
| reward/                 |            |
|    r_energy             | -0.0658    |
|    r_pose               | -0.00246   |
|    r_vel                | 0.135      |
|    r_xvel               | -0.113     |
| rollout/                |            |
|    ep_len_mean          | 82         |
|    ep_rew_mean          | -1.79      |
| time/                   |            |
|    fps                  | 45         |
|    iterations           | 99         |
|    time_elapsed         | 8876       |
|    total_timesteps      | 405504     |
| train/                  |            |
|    approx_kl            | 0.02273184 |
|    clip_fraction        | 0.26       |
|    clip_range           | 0.2        |
|    entropy_loss         | -8.47      |
|    explained_variance   | 0.67       |
|    learning_rate        | 0.0003     |
|    loss                 | -0.0592    |
|    n_updates            | 980        |
|    policy_gradient_loss | -0.0226    |
|    std                  | 0.585      |
|    value_loss           | 0.163      |
----------------------------------------
-----------------------------------------
| energy/                 |             |
|    E_damp_J             | 0.00851     |
|    E_fric_J             | 0.00531     |
|    E_norm_J             | 0.00176     |
|    W_neg_J              | 0.00968     |
|    W_pos_J              | 0.0212      |
| reward/                 |             |
|    r_energy             | -0.0191     |
|    r_pose               | -0.00249    |
|    r_vel                | 0.149       |
|    r_xvel               | -0.0382     |
| rollout/                |             |
|    ep_len_mean          | 82          |
|    ep_rew_mean          | -1.6        |
| time/                   |             |
|    fps                  | 45          |
|    iterations           | 100         |
|    time_elapsed         | 8967        |
|    total_timesteps      | 409600      |
| train/                  |             |
|    approx_kl            | 0.021531608 |
|    clip_fraction        | 0.281       |
|    clip_range           | 0.2         |
|    entropy_loss         | -8.39       |
|    explained_variance   | 0.733       |
|    learning_rate        | 0.0003      |
|    loss                 | -0.0645     |
|    n_updates            | 990         |
|    policy_gradient_loss | -0.0209     |
|    std                  | 0.581       |
|    value_loss           | 0.148       |
-----------------------------------------
-----------------------------------------
| energy/                 |             |
|    E_damp_J             | 0.036       |
|    E_fric_J             | 0.0068      |
|    E_norm_J             | 0.0197      |
|    W_neg_J              | 0.0413      |
|    W_pos_J              | 0.0798      |
| reward/                 |             |
|    r_energy             | -0.0701     |
|    r_pose               | -0.00288    |
|    r_vel                | 0.133       |
|    r_xvel               | -0.104      |
| rollout/                |             |
|    ep_len_mean          | 82          |
|    ep_rew_mean          | -1.44       |
| time/                   |             |
|    fps                  | 45          |
|    iterations           | 101         |
|    time_elapsed         | 9058        |
|    total_timesteps      | 413696      |
| train/                  |             |
|    approx_kl            | 0.023787186 |
|    clip_fraction        | 0.282       |
|    clip_range           | 0.2         |
|    entropy_loss         | -8.32       |
|    explained_variance   | 0.71        |
|    learning_rate        | 0.0003      |
|    loss                 | -0.0355     |
|    n_updates            | 1000        |
|    policy_gradient_loss | -0.0215     |
|    std                  | 0.578       |
|    value_loss           | 0.155       |
-----------------------------------------
-----------------------------------------
| energy/                 |             |
|    E_damp_J             | 0.00813     |
|    E_fric_J             | 0.00525     |
|    E_norm_J             | 0.00171     |
|    W_neg_J              | 0.0106      |
|    W_pos_J              | 0.022       |
| reward/                 |             |
|    r_energy             | -0.0197     |
|    r_pose               | -0.00268    |
|    r_vel                | 0.161       |
|    r_xvel               | -0.0458     |
| rollout/                |             |
|    ep_len_mean          | 82          |
|    ep_rew_mean          | -1.14       |
| time/                   |             |
|    fps                  | 45          |
|    iterations           | 102         |
|    time_elapsed         | 9149        |
|    total_timesteps      | 417792      |
| train/                  |             |
|    approx_kl            | 0.025016591 |
|    clip_fraction        | 0.288       |
|    clip_range           | 0.2         |
|    entropy_loss         | -8.26       |
|    explained_variance   | 0.722       |
|    learning_rate        | 0.0003      |
|    loss                 | -0.0271     |
|    n_updates            | 1010        |
|    policy_gradient_loss | -0.0226     |
|    std                  | 0.574       |
|    value_loss           | 0.163       |
-----------------------------------------
-----------------------------------------
| energy/                 |             |
|    E_damp_J             | 0.0358      |
|    E_fric_J             | 0.00737     |
|    E_norm_J             | 0.0196      |
|    W_neg_J              | 0.0433      |
|    W_pos_J              | 0.0743      |
| reward/                 |             |
|    r_energy             | -0.0699     |
|    r_pose               | -0.0026     |
|    r_vel                | 0.154       |
|    r_xvel               | -0.0801     |
| rollout/                |             |
|    ep_len_mean          | 82          |
|    ep_rew_mean          | -0.9        |
| time/                   |             |
|    fps                  | 45          |
|    iterations           | 103         |
|    time_elapsed         | 9241        |
|    total_timesteps      | 421888      |
| train/                  |             |
|    approx_kl            | 0.023942074 |
|    clip_fraction        | 0.272       |
|    clip_range           | 0.2         |
|    entropy_loss         | -8.21       |
|    explained_variance   | 0.65        |
|    learning_rate        | 0.0003      |
|    loss                 | -0.046      |
|    n_updates            | 1020        |
|    policy_gradient_loss | -0.0187     |
|    std                  | 0.571       |
|    value_loss           | 0.183       |
-----------------------------------------
-----------------------------------------
| energy/                 |             |
|    E_damp_J             | 0.00808     |
|    E_fric_J             | 0.00584     |
|    E_norm_J             | 0.00201     |
|    W_neg_J              | 0.0105      |
|    W_pos_J              | 0.0231      |
| reward/                 |             |
|    r_energy             | -0.0202     |
|    r_pose               | -0.00271    |
|    r_vel                | 0.164       |
|    r_xvel               | -0.0408     |
| rollout/                |             |
|    ep_len_mean          | 82          |
|    ep_rew_mean          | -0.776      |
| time/                   |             |
|    fps                  | 45          |
|    iterations           | 104         |
|    time_elapsed         | 9332        |
|    total_timesteps      | 425984      |
| train/                  |             |
|    approx_kl            | 0.023973279 |
|    clip_fraction        | 0.264       |
|    clip_range           | 0.2         |
|    entropy_loss         | -8.13       |
|    explained_variance   | 0.669       |
|    learning_rate        | 0.0003      |
|    loss                 | 0.0222      |
|    n_updates            | 1030        |
|    policy_gradient_loss | -0.0207     |
|    std                  | 0.565       |
|    value_loss           | 0.212       |
-----------------------------------------
-----------------------------------------
| energy/                 |             |
|    E_damp_J             | 0.0359      |
|    E_fric_J             | 0.00712     |
|    E_norm_J             | 0.0192      |
|    W_neg_J              | 0.0426      |
|    W_pos_J              | 0.0765      |
| reward/                 |             |
|    r_energy             | -0.0701     |
|    r_pose               | -0.00241    |
|    r_vel                | 0.152       |
|    r_xvel               | -0.0516     |
| rollout/                |             |
|    ep_len_mean          | 82          |
|    ep_rew_mean          | -0.508      |
| time/                   |             |
|    fps                  | 45          |
|    iterations           | 105         |
|    time_elapsed         | 9423        |
|    total_timesteps      | 430080      |
| train/                  |             |
|    approx_kl            | 0.024276882 |
|    clip_fraction        | 0.298       |
|    clip_range           | 0.2         |
|    entropy_loss         | -8.06       |
|    explained_variance   | 0.547       |
|    learning_rate        | 0.0003      |
|    loss                 | -0.0226     |
|    n_updates            | 1040        |
|    policy_gradient_loss | -0.0186     |
|    std                  | 0.562       |
|    value_loss           | 0.305       |
-----------------------------------------
-----------------------------------------
| energy/                 |             |
|    E_damp_J             | 0.00793     |
|    E_fric_J             | 0.00529     |
|    E_norm_J             | 0.00167     |
|    W_neg_J              | 0.0106      |
|    W_pos_J              | 0.0216      |
| reward/                 |             |
|    r_energy             | -0.0194     |
|    r_pose               | -0.00239    |
|    r_vel                | 0.169       |
|    r_xvel               | -0.0381     |
| rollout/                |             |
|    ep_len_mean          | 82          |
|    ep_rew_mean          | -0.475      |
| time/                   |             |
|    fps                  | 45          |
|    iterations           | 106         |
|    time_elapsed         | 9514        |
|    total_timesteps      | 434176      |
| train/                  |             |
|    approx_kl            | 0.025864314 |
|    clip_fraction        | 0.296       |
|    clip_range           | 0.2         |
|    entropy_loss         | -8          |
|    explained_variance   | 0.69        |
|    learning_rate        | 0.0003      |
|    loss                 | -0.0377     |
|    n_updates            | 1050        |
|    policy_gradient_loss | -0.0217     |
|    std                  | 0.559       |
|    value_loss           | 0.174       |
-----------------------------------------
----------------------------------------
| energy/                 |            |
|    E_damp_J             | 0.0322     |
|    E_fric_J             | 0.00655    |
|    E_norm_J             | 0.0194     |
|    W_neg_J              | 0.0343     |
|    W_pos_J              | 0.0749     |
| reward/                 |            |
|    r_energy             | -0.0624    |
|    r_pose               | -0.00258   |
|    r_vel                | 0.13       |
|    r_xvel               | -0.0586    |
| rollout/                |            |
|    ep_len_mean          | 82         |
|    ep_rew_mean          | -0.155     |
| time/                   |            |
|    fps                  | 45         |
|    iterations           | 107        |
|    time_elapsed         | 9606       |
|    total_timesteps      | 438272     |
| train/                  |            |
|    approx_kl            | 0.02279345 |
|    clip_fraction        | 0.285      |
|    clip_range           | 0.2        |
|    entropy_loss         | -7.94      |
|    explained_variance   | 0.638      |
|    learning_rate        | 0.0003     |
|    loss                 | -0.0137    |
|    n_updates            | 1060       |
|    policy_gradient_loss | -0.0196    |
|    std                  | 0.555      |
|    value_loss           | 0.193      |
----------------------------------------
-----------------------------------------
| energy/                 |             |
|    E_damp_J             | 0.00782     |
|    E_fric_J             | 0.00581     |
|    E_norm_J             | 0.00183     |
|    W_neg_J              | 0.0101      |
|    W_pos_J              | 0.0205      |
| reward/                 |             |
|    r_energy             | -0.019      |
|    r_pose               | -0.00254    |
|    r_vel                | 0.164       |
|    r_xvel               | -0.053      |
| rollout/                |             |
|    ep_len_mean          | 82          |
|    ep_rew_mean          | 0.495       |
| time/                   |             |
|    fps                  | 45          |
|    iterations           | 108         |
|    time_elapsed         | 9697        |
|    total_timesteps      | 442368      |
| train/                  |             |
|    approx_kl            | 0.025787018 |
|    clip_fraction        | 0.299       |
|    clip_range           | 0.2         |
|    entropy_loss         | -7.86       |
|    explained_variance   | 0.685       |
|    learning_rate        | 0.0003      |
|    loss                 | -0.0299     |
|    n_updates            | 1070        |
|    policy_gradient_loss | -0.0247     |
|    std                  | 0.551       |
|    value_loss           | 0.169       |
-----------------------------------------
-----------------------------------------
| energy/                 |             |
|    E_damp_J             | 0.0362      |
|    E_fric_J             | 0.00787     |
|    E_norm_J             | 0.0191      |
|    W_neg_J              | 0.0447      |
|    W_pos_J              | 0.0812      |
| reward/                 |             |
|    r_energy             | -0.0732     |
|    r_pose               | -0.00271    |
|    r_vel                | 0.198       |
|    r_xvel               | -0.107      |
| rollout/                |             |
|    ep_len_mean          | 82          |
|    ep_rew_mean          | 0.803       |
| time/                   |             |
|    fps                  | 45          |
|    iterations           | 109         |
|    time_elapsed         | 9788        |
|    total_timesteps      | 446464      |
| train/                  |             |
|    approx_kl            | 0.025214177 |
|    clip_fraction        | 0.267       |
|    clip_range           | 0.2         |
|    entropy_loss         | -7.79       |
|    explained_variance   | 0.66        |
|    learning_rate        | 0.0003      |
|    loss                 | -0.0138     |
|    n_updates            | 1080        |
|    policy_gradient_loss | -0.0183     |
|    std                  | 0.548       |
|    value_loss           | 0.183       |
-----------------------------------------
----------------------------------------
| energy/                 |            |
|    E_damp_J             | 0.00885    |
|    E_fric_J             | 0.0058     |
|    E_norm_J             | 0.0017     |
|    W_neg_J              | 0.0103     |
|    W_pos_J              | 0.0241     |
| reward/                 |            |
|    r_energy             | -0.0207    |
|    r_pose               | -0.00247   |
|    r_vel                | 0.173      |
|    r_xvel               | -0.0526    |
| rollout/                |            |
|    ep_len_mean          | 82         |
|    ep_rew_mean          | 0.919      |
| time/                   |            |
|    fps                  | 45         |
|    iterations           | 110        |
|    time_elapsed         | 9879       |
|    total_timesteps      | 450560     |
| train/                  |            |
|    approx_kl            | 0.02090687 |
|    clip_fraction        | 0.273      |
|    clip_range           | 0.2        |
|    entropy_loss         | -7.75      |
|    explained_variance   | 0.65       |
|    learning_rate        | 0.0003     |
|    loss                 | -0.0531    |
|    n_updates            | 1090       |
|    policy_gradient_loss | -0.0191    |
|    std                  | 0.547      |
|    value_loss           | 0.2        |
----------------------------------------
-----------------------------------------
| energy/                 |             |
|    E_damp_J             | 0.033       |
|    E_fric_J             | 0.00684     |
|    E_norm_J             | 0.0196      |
|    W_neg_J              | 0.0422      |
|    W_pos_J              | 0.0744      |
| reward/                 |             |
|    r_energy             | -0.0676     |
|    r_pose               | -0.00266    |
|    r_vel                | 0.158       |
|    r_xvel               | -0.113      |
| rollout/                |             |
|    ep_len_mean          | 82          |
|    ep_rew_mean          | 1.13        |
| time/                   |             |
|    fps                  | 45          |
|    iterations           | 111         |
|    time_elapsed         | 9970        |
|    total_timesteps      | 454656      |
| train/                  |             |
|    approx_kl            | 0.024127413 |
|    clip_fraction        | 0.291       |
|    clip_range           | 0.2         |
|    entropy_loss         | -7.7        |
|    explained_variance   | 0.621       |
|    learning_rate        | 0.0003      |
|    loss                 | 0.00199     |
|    n_updates            | 1100        |
|    policy_gradient_loss | -0.0216     |
|    std                  | 0.543       |
|    value_loss           | 0.225       |
-----------------------------------------
-----------------------------------------
| energy/                 |             |
|    E_damp_J             | 0.0105      |
|    E_fric_J             | 0.00653     |
|    E_norm_J             | 0.00201     |
|    W_neg_J              | 0.0132      |
|    W_pos_J              | 0.0286      |
| reward/                 |             |
|    r_energy             | -0.025      |
|    r_pose               | -0.00289    |
|    r_vel                | 0.208       |
|    r_xvel               | -0.0563     |
| rollout/                |             |
|    ep_len_mean          | 82          |
|    ep_rew_mean          | 1.21        |
| time/                   |             |
|    fps                  | 45          |
|    iterations           | 112         |
|    time_elapsed         | 10060       |
|    total_timesteps      | 458752      |
| train/                  |             |
|    approx_kl            | 0.023355808 |
|    clip_fraction        | 0.283       |
|    clip_range           | 0.2         |
|    entropy_loss         | -7.64       |
|    explained_variance   | 0.636       |
|    learning_rate        | 0.0003      |
|    loss                 | -1.16e-05   |
|    n_updates            | 1110        |
|    policy_gradient_loss | -0.0203     |
|    std                  | 0.54        |
|    value_loss           | 0.228       |
-----------------------------------------
-----------------------------------------
| energy/                 |             |
|    E_damp_J             | 0.0341      |
|    E_fric_J             | 0.0074      |
|    E_norm_J             | 0.0196      |
|    W_neg_J              | 0.0485      |
|    W_pos_J              | 0.069       |
| reward/                 |             |
|    r_energy             | -0.0706     |
|    r_pose               | -0.00281    |
|    r_vel                | 0.179       |
|    r_xvel               | -0.0861     |
| rollout/                |             |
|    ep_len_mean          | 82          |
|    ep_rew_mean          | 1.37        |
| time/                   |             |
|    fps                  | 45          |
|    iterations           | 113         |
|    time_elapsed         | 10151       |
|    total_timesteps      | 462848      |
| train/                  |             |
|    approx_kl            | 0.022539403 |
|    clip_fraction        | 0.284       |
|    clip_range           | 0.2         |
|    entropy_loss         | -7.58       |
|    explained_variance   | 0.662       |
|    learning_rate        | 0.0003      |
|    loss                 | 0.0146      |
|    n_updates            | 1120        |
|    policy_gradient_loss | -0.0185     |
|    std                  | 0.537       |
|    value_loss           | 0.209       |
-----------------------------------------
-----------------------------------------
| energy/                 |             |
|    E_damp_J             | 0.00935     |
|    E_fric_J             | 0.00618     |
|    E_norm_J             | 0.00193     |
|    W_neg_J              | 0.0123      |
|    W_pos_J              | 0.028       |
| reward/                 |             |
|    r_energy             | -0.0236     |
|    r_pose               | -0.0028     |
|    r_vel                | 0.21        |
|    r_xvel               | -0.0538     |
| rollout/                |             |
|    ep_len_mean          | 82          |
|    ep_rew_mean          | 1.77        |
| time/                   |             |
|    fps                  | 45          |
|    iterations           | 114         |
|    time_elapsed         | 10242       |
|    total_timesteps      | 466944      |
| train/                  |             |
|    approx_kl            | 0.023670372 |
|    clip_fraction        | 0.296       |
|    clip_range           | 0.2         |
|    entropy_loss         | -7.52       |
|    explained_variance   | 0.686       |
|    learning_rate        | 0.0003      |
|    loss                 | -0.0184     |
|    n_updates            | 1130        |
|    policy_gradient_loss | -0.0194     |
|    std                  | 0.534       |
|    value_loss           | 0.188       |
-----------------------------------------
-----------------------------------------
| energy/                 |             |
|    E_damp_J             | 0.0345      |
|    E_fric_J             | 0.00704     |
|    E_norm_J             | 0.0191      |
|    W_neg_J              | 0.0451      |
|    W_pos_J              | 0.0785      |
| reward/                 |             |
|    r_energy             | -0.0713     |
|    r_pose               | -0.0027     |
|    r_vel                | 0.193       |
|    r_xvel               | -0.0956     |
| rollout/                |             |
|    ep_len_mean          | 82          |
|    ep_rew_mean          | 2.29        |
| time/                   |             |
|    fps                  | 45          |
|    iterations           | 115         |
|    time_elapsed         | 10333       |
|    total_timesteps      | 471040      |
| train/                  |             |
|    approx_kl            | 0.023464844 |
|    clip_fraction        | 0.287       |
|    clip_range           | 0.2         |
|    entropy_loss         | -7.47       |
|    explained_variance   | 0.629       |
|    learning_rate        | 0.0003      |
|    loss                 | -0.0289     |
|    n_updates            | 1140        |
|    policy_gradient_loss | -0.0212     |
|    std                  | 0.53        |
|    value_loss           | 0.204       |
-----------------------------------------
----------------------------------------
| energy/                 |            |
|    E_damp_J             | 0.00977    |
|    E_fric_J             | 0.0062     |
|    E_norm_J             | 0.00199    |
|    W_neg_J              | 0.0139     |
|    W_pos_J              | 0.0234     |
| reward/                 |            |
|    r_energy             | -0.0233    |
|    r_pose               | -0.00254   |
|    r_vel                | 0.216      |
|    r_xvel               | -0.0411    |
| rollout/                |            |
|    ep_len_mean          | 82         |
|    ep_rew_mean          | 2.52       |
| time/                   |            |
|    fps                  | 45         |
|    iterations           | 116        |
|    time_elapsed         | 10423      |
|    total_timesteps      | 475136     |
| train/                  |            |
|    approx_kl            | 0.02800484 |
|    clip_fraction        | 0.301      |
|    clip_range           | 0.2        |
|    entropy_loss         | -7.43      |
|    explained_variance   | 0.651      |
|    learning_rate        | 0.0003     |
|    loss                 | 0.0135     |
|    n_updates            | 1150       |
|    policy_gradient_loss | -0.0204    |
|    std                  | 0.528      |
|    value_loss           | 0.219      |
----------------------------------------
-----------------------------------------
| energy/                 |             |
|    E_damp_J             | 0.0363      |
|    E_fric_J             | 0.00741     |
|    E_norm_J             | 0.0198      |
|    W_neg_J              | 0.0489      |
|    W_pos_J              | 0.075       |
| reward/                 |             |
|    r_energy             | -0.0737     |
|    r_pose               | -0.00245    |
|    r_vel                | 0.212       |
|    r_xvel               | -0.0815     |
| rollout/                |             |
|    ep_len_mean          | 82          |
|    ep_rew_mean          | 2.71        |
| time/                   |             |
|    fps                  | 45          |
|    iterations           | 117         |
|    time_elapsed         | 10515       |
|    total_timesteps      | 479232      |
| train/                  |             |
|    approx_kl            | 0.023906197 |
|    clip_fraction        | 0.299       |
|    clip_range           | 0.2         |
|    entropy_loss         | -7.37       |
|    explained_variance   | 0.65        |
|    learning_rate        | 0.0003      |
|    loss                 | -0.0127     |
|    n_updates            | 1160        |
|    policy_gradient_loss | -0.021      |
|    std                  | 0.525       |
|    value_loss           | 0.176       |
-----------------------------------------
----------------------------------------
| energy/                 |            |
|    E_damp_J             | 0.00979    |
|    E_fric_J             | 0.00603    |
|    E_norm_J             | 0.0017     |
|    W_neg_J              | 0.0121     |
|    W_pos_J              | 0.0245     |
| reward/                 |            |
|    r_energy             | -0.0226    |
|    r_pose               | -0.00272   |
|    r_vel                | 0.207      |
|    r_xvel               | -0.0419    |
| rollout/                |            |
|    ep_len_mean          | 82         |
|    ep_rew_mean          | 3.01       |
| time/                   |            |
|    fps                  | 45         |
|    iterations           | 118        |
|    time_elapsed         | 10607      |
|    total_timesteps      | 483328     |
| train/                  |            |
|    approx_kl            | 0.02580022 |
|    clip_fraction        | 0.288      |
|    clip_range           | 0.2        |
|    entropy_loss         | -7.32      |
|    explained_variance   | 0.672      |
|    learning_rate        | 0.0003     |
|    loss                 | -0.00994   |
|    n_updates            | 1170       |
|    policy_gradient_loss | -0.0195    |
|    std                  | 0.523      |
|    value_loss           | 0.199      |
----------------------------------------
-----------------------------------------
| energy/                 |             |
|    E_damp_J             | 0.0367      |
|    E_fric_J             | 0.0077      |
|    E_norm_J             | 0.0197      |
|    W_neg_J              | 0.0453      |
|    W_pos_J              | 0.0748      |
| reward/                 |             |
|    r_energy             | -0.0719     |
|    r_pose               | -0.00266    |
|    r_vel                | 0.207       |
|    r_xvel               | -0.051      |
| rollout/                |             |
|    ep_len_mean          | 82          |
|    ep_rew_mean          | 3.04        |
| time/                   |             |
|    fps                  | 45          |
|    iterations           | 119         |
|    time_elapsed         | 10700       |
|    total_timesteps      | 487424      |
| train/                  |             |
|    approx_kl            | 0.023392847 |
|    clip_fraction        | 0.295       |
|    clip_range           | 0.2         |
|    entropy_loss         | -7.24       |
|    explained_variance   | 0.705       |
|    learning_rate        | 0.0003      |
|    loss                 | -0.0167     |
|    n_updates            | 1180        |
|    policy_gradient_loss | -0.02       |
|    std                  | 0.517       |
|    value_loss           | 0.156       |
-----------------------------------------
-----------------------------------------
| energy/                 |             |
|    E_damp_J             | 0.0117      |
|    E_fric_J             | 0.00652     |
|    E_norm_J             | 0.00191     |
|    W_neg_J              | 0.0145      |
|    W_pos_J              | 0.0301      |
| reward/                 |             |
|    r_energy             | -0.0268     |
|    r_pose               | -0.00306    |
|    r_vel                | 0.249       |
|    r_xvel               | -0.0573     |
| rollout/                |             |
|    ep_len_mean          | 82          |
|    ep_rew_mean          | 3.52        |
| time/                   |             |
|    fps                  | 45          |
|    iterations           | 120         |
|    time_elapsed         | 10793       |
|    total_timesteps      | 491520      |
| train/                  |             |
|    approx_kl            | 0.022964543 |
|    clip_fraction        | 0.29        |
|    clip_range           | 0.2         |
|    entropy_loss         | -7.16       |
|    explained_variance   | 0.701       |
|    learning_rate        | 0.0003      |
|    loss                 | -0.00877    |
|    n_updates            | 1190        |
|    policy_gradient_loss | -0.0187     |
|    std                  | 0.513       |
|    value_loss           | 0.19        |
-----------------------------------------
----------------------------------------
| energy/                 |            |
|    E_damp_J             | 0.0322     |
|    E_fric_J             | 0.00612    |
|    E_norm_J             | 0.0184     |
|    W_neg_J              | 0.0416     |
|    W_pos_J              | 0.0593     |
| reward/                 |            |
|    r_energy             | -0.0619    |
|    r_pose               | -0.00251   |
|    r_vel                | 0.218      |
|    r_xvel               | -0.0718    |
| rollout/                |            |
|    ep_len_mean          | 82         |
|    ep_rew_mean          | 4.2        |
| time/                   |            |
|    fps                  | 45         |
|    iterations           | 121        |
|    time_elapsed         | 10884      |
|    total_timesteps      | 495616     |
| train/                  |            |
|    approx_kl            | 0.02463933 |
|    clip_fraction        | 0.313      |
|    clip_range           | 0.2        |
|    entropy_loss         | -7.07      |
|    explained_variance   | 0.61       |
|    learning_rate        | 0.0003     |
|    loss                 | -0.0137    |
|    n_updates            | 1200       |
|    policy_gradient_loss | -0.0198    |
|    std                  | 0.509      |
|    value_loss           | 0.208      |
----------------------------------------
-----------------------------------------
| energy/                 |             |
|    E_damp_J             | 0.00851     |
|    E_fric_J             | 0.00606     |
|    E_norm_J             | 0.00172     |
|    W_neg_J              | 0.013       |
|    W_pos_J              | 0.0229      |
| reward/                 |             |
|    r_energy             | -0.0219     |
|    r_pose               | -0.00274    |
|    r_vel                | 0.211       |
|    r_xvel               | -0.0529     |
| rollout/                |             |
|    ep_len_mean          | 82          |
|    ep_rew_mean          | 4.32        |
| time/                   |             |
|    fps                  | 45          |
|    iterations           | 122         |
|    time_elapsed         | 10974       |
|    total_timesteps      | 499712      |
| train/                  |             |
|    approx_kl            | 0.025981175 |
|    clip_fraction        | 0.294       |
|    clip_range           | 0.2         |
|    entropy_loss         | -7          |
|    explained_variance   | 0.624       |
|    learning_rate        | 0.0003      |
|    loss                 | 0.0147      |
|    n_updates            | 1210        |
|    policy_gradient_loss | -0.0201     |
|    std                  | 0.507       |
|    value_loss           | 0.24        |
-----------------------------------------
-----------------------------------------
| energy/                 |             |
|    E_damp_J             | 0.0114      |
|    E_fric_J             | 0.00715     |
|    E_norm_J             | 0.00201     |
|    W_neg_J              | 0.014       |
|    W_pos_J              | 0.0312      |
| reward/                 |             |
|    r_energy             | -0.0271     |
|    r_pose               | -0.00269    |
|    r_vel                | 0.254       |
|    r_xvel               | -0.0452     |
| rollout/                |             |
|    ep_len_mean          | 82          |
|    ep_rew_mean          | 4.59        |
| time/                   |             |
|    fps                  | 45          |
|    iterations           | 123         |
|    time_elapsed         | 11065       |
|    total_timesteps      | 503808      |
| train/                  |             |
|    approx_kl            | 0.023232356 |
|    clip_fraction        | 0.315       |
|    clip_range           | 0.2         |
|    entropy_loss         | -6.95       |
|    explained_variance   | 0.629       |
|    learning_rate        | 0.0003      |
|    loss                 | -0.00646    |
|    n_updates            | 1220        |
|    policy_gradient_loss | -0.0185     |
|    std                  | 0.504       |
|    value_loss           | 0.219       |
-----------------------------------------
-----------------------------------------
| energy/                 |             |
|    E_damp_J             | 0.00975     |
|    E_fric_J             | 0.00661     |
|    E_norm_J             | 0.00182     |
|    W_neg_J              | 0.0132      |
|    W_pos_J              | 0.0277      |
| reward/                 |             |
|    r_energy             | -0.0244     |
|    r_pose               | -0.00274    |
|    r_vel                | 0.255       |
|    r_xvel               | -0.0356     |
| rollout/                |             |
|    ep_len_mean          | 82          |
|    ep_rew_mean          | 4.63        |
| time/                   |             |
|    fps                  | 45          |
|    iterations           | 124         |
|    time_elapsed         | 11156       |
|    total_timesteps      | 507904      |
| train/                  |             |
|    approx_kl            | 0.028857993 |
|    clip_fraction        | 0.312       |
|    clip_range           | 0.2         |
|    entropy_loss         | -6.88       |
|    explained_variance   | 0.64        |
|    learning_rate        | 0.0003      |
|    loss                 | -0.0271     |
|    n_updates            | 1230        |
|    policy_gradient_loss | -0.0185     |
|    std                  | 0.499       |
|    value_loss           | 0.227       |
-----------------------------------------
-----------------------------------------
| energy/                 |             |
|    E_damp_J             | 0.0127      |
|    E_fric_J             | 0.0075      |
|    E_norm_J             | 0.00188     |
|    W_neg_J              | 0.0159      |
|    W_pos_J              | 0.0362      |
| reward/                 |             |
|    r_energy             | -0.0305     |
|    r_pose               | -0.00281    |
|    r_vel                | 0.303       |
|    r_xvel               | -0.0717     |
| rollout/                |             |
|    ep_len_mean          | 82          |
|    ep_rew_mean          | 5.11        |
| time/                   |             |
|    fps                  | 45          |
|    iterations           | 125         |
|    time_elapsed         | 11246       |
|    total_timesteps      | 512000      |
| train/                  |             |
|    approx_kl            | 0.024290718 |
|    clip_fraction        | 0.304       |
|    clip_range           | 0.2         |
|    entropy_loss         | -6.78       |
|    explained_variance   | 0.684       |
|    learning_rate        | 0.0003      |
|    loss                 | 0.0149      |
|    n_updates            | 1240        |
|    policy_gradient_loss | -0.0198     |
|    std                  | 0.494       |
|    value_loss           | 0.218       |
-----------------------------------------
----------------------------------------
| energy/                 |            |
|    E_damp_J             | 0.0165     |
|    E_fric_J             | 0.00801    |
|    E_norm_J             | 0.00212    |
|    W_neg_J              | 0.0206     |
|    W_pos_J              | 0.0446     |
| reward/                 |            |
|    r_energy             | -0.038     |
|    r_pose               | -0.003     |
|    r_vel                | 0.309      |
|    r_xvel               | -0.0707    |
| rollout/                |            |
|    ep_len_mean          | 82         |
|    ep_rew_mean          | 5.82       |
| time/                   |            |
|    fps                  | 45         |
|    iterations           | 126        |
|    time_elapsed         | 11339      |
|    total_timesteps      | 516096     |
| train/                  |            |
|    approx_kl            | 0.02687286 |
|    clip_fraction        | 0.313      |
|    clip_range           | 0.2        |
|    entropy_loss         | -6.7       |
|    explained_variance   | 0.638      |
|    learning_rate        | 0.0003     |
|    loss                 | -0.008     |
|    n_updates            | 1250       |
|    policy_gradient_loss | -0.0212    |
|    std                  | 0.49       |
|    value_loss           | 0.244      |
----------------------------------------
-----------------------------------------
| energy/                 |             |
|    E_damp_J             | 0.011       |
|    E_fric_J             | 0.00694     |
|    E_norm_J             | 0.00191     |
|    W_neg_J              | 0.0173      |
|    W_pos_J              | 0.03        |
| reward/                 |             |
|    r_energy             | -0.0283     |
|    r_pose               | -0.00274    |
|    r_vel                | 0.275       |
|    r_xvel               | -0.0461     |
| rollout/                |             |
|    ep_len_mean          | 82          |
|    ep_rew_mean          | 6.03        |
| time/                   |             |
|    fps                  | 45          |
|    iterations           | 127         |
|    time_elapsed         | 11431       |
|    total_timesteps      | 520192      |
| train/                  |             |
|    approx_kl            | 0.024095261 |
|    clip_fraction        | 0.308       |
|    clip_range           | 0.2         |
|    entropy_loss         | -6.63       |
|    explained_variance   | 0.648       |
|    learning_rate        | 0.0003      |
|    loss                 | 0.0448      |
|    n_updates            | 1260        |
|    policy_gradient_loss | -0.0201     |
|    std                  | 0.487       |
|    value_loss           | 0.254       |
-----------------------------------------
-----------------------------------------
| energy/                 |             |
|    E_damp_J             | 0.0121      |
|    E_fric_J             | 0.00702     |
|    E_norm_J             | 0.00182     |
|    W_neg_J              | 0.0188      |
|    W_pos_J              | 0.0328      |
| reward/                 |             |
|    r_energy             | -0.0307     |
|    r_pose               | -0.00256    |
|    r_vel                | 0.316       |
|    r_xvel               | -0.0571     |
| rollout/                |             |
|    ep_len_mean          | 82          |
|    ep_rew_mean          | 6.38        |
| time/                   |             |
|    fps                  | 45          |
|    iterations           | 128         |
|    time_elapsed         | 11523       |
|    total_timesteps      | 524288      |
| train/                  |             |
|    approx_kl            | 0.029488292 |
|    clip_fraction        | 0.322       |
|    clip_range           | 0.2         |
|    entropy_loss         | -6.56       |
|    explained_variance   | 0.589       |
|    learning_rate        | 0.0003      |
|    loss                 | 0.055       |
|    n_updates            | 1270        |
|    policy_gradient_loss | -0.0212     |
|    std                  | 0.484       |
|    value_loss           | 0.272       |
-----------------------------------------
-----------------------------------------
| energy/                 |             |
|    E_damp_J             | 0.0173      |
|    E_fric_J             | 0.00833     |
|    E_norm_J             | 0.00218     |
|    W_neg_J              | 0.0172      |
|    W_pos_J              | 0.0479      |
| reward/                 |             |
|    r_energy             | -0.0375     |
|    r_pose               | -0.00272    |
|    r_vel                | 0.34        |
|    r_xvel               | -0.049      |
| rollout/                |             |
|    ep_len_mean          | 82          |
|    ep_rew_mean          | 6.61        |
| time/                   |             |
|    fps                  | 45          |
|    iterations           | 129         |
|    time_elapsed         | 11613       |
|    total_timesteps      | 528384      |
| train/                  |             |
|    approx_kl            | 0.025185335 |
|    clip_fraction        | 0.313       |
|    clip_range           | 0.2         |
|    entropy_loss         | -6.5        |
|    explained_variance   | 0.611       |
|    learning_rate        | 0.0003      |
|    loss                 | 0.0337      |
|    n_updates            | 1280        |
|    policy_gradient_loss | -0.0198     |
|    std                  | 0.48        |
|    value_loss           | 0.254       |
-----------------------------------------
-----------------------------------------
| energy/                 |             |
|    E_damp_J             | 0.0143      |
|    E_fric_J             | 0.00823     |
|    E_norm_J             | 0.00228     |
|    W_neg_J              | 0.0176      |
|    W_pos_J              | 0.0407      |
| reward/                 |             |
|    r_energy             | -0.034      |
|    r_pose               | -0.00282    |
|    r_vel                | 0.331       |
|    r_xvel               | -0.0581     |
| rollout/                |             |
|    ep_len_mean          | 82          |
|    ep_rew_mean          | 6.84        |
| time/                   |             |
|    fps                  | 45          |
|    iterations           | 130         |
|    time_elapsed         | 11703       |
|    total_timesteps      | 532480      |
| train/                  |             |
|    approx_kl            | 0.023679333 |
|    clip_fraction        | 0.3         |
|    clip_range           | 0.2         |
|    entropy_loss         | -6.43       |
|    explained_variance   | 0.612       |
|    learning_rate        | 0.0003      |
|    loss                 | 0.0314      |
|    n_updates            | 1290        |
|    policy_gradient_loss | -0.0184     |
|    std                  | 0.477       |
|    value_loss           | 0.265       |
-----------------------------------------
-----------------------------------------
| energy/                 |             |
|    E_damp_J             | 0.0141      |
|    E_fric_J             | 0.00867     |
|    E_norm_J             | 0.00235     |
|    W_neg_J              | 0.019       |
|    W_pos_J              | 0.038       |
| reward/                 |             |
|    r_energy             | -0.0342     |
|    r_pose               | -0.00264    |
|    r_vel                | 0.334       |
|    r_xvel               | -0.0511     |
| rollout/                |             |
|    ep_len_mean          | 82          |
|    ep_rew_mean          | 7.48        |
| time/                   |             |
|    fps                  | 45          |
|    iterations           | 131         |
|    time_elapsed         | 11793       |
|    total_timesteps      | 536576      |
| train/                  |             |
|    approx_kl            | 0.030165657 |
|    clip_fraction        | 0.312       |
|    clip_range           | 0.2         |
|    entropy_loss         | -6.36       |
|    explained_variance   | 0.639       |
|    learning_rate        | 0.0003      |
|    loss                 | 0.0343      |
|    n_updates            | 1300        |
|    policy_gradient_loss | -0.0199     |
|    std                  | 0.473       |
|    value_loss           | 0.285       |
-----------------------------------------
-----------------------------------------
| energy/                 |             |
|    E_damp_J             | 0.0125      |
|    E_fric_J             | 0.00798     |
|    E_norm_J             | 0.0023      |
|    W_neg_J              | 0.0211      |
|    W_pos_J              | 0.0316      |
| reward/                 |             |
|    r_energy             | -0.0324     |
|    r_pose               | -0.00294    |
|    r_vel                | 0.298       |
|    r_xvel               | -0.0501     |
| rollout/                |             |
|    ep_len_mean          | 82          |
|    ep_rew_mean          | 7.87        |
| time/                   |             |
|    fps                  | 45          |
|    iterations           | 132         |
|    time_elapsed         | 11885       |
|    total_timesteps      | 540672      |
| train/                  |             |
|    approx_kl            | 0.027692594 |
|    clip_fraction        | 0.321       |
|    clip_range           | 0.2         |
|    entropy_loss         | -6.29       |
|    explained_variance   | 0.601       |
|    learning_rate        | 0.0003      |
|    loss                 | 0.024       |
|    n_updates            | 1310        |
|    policy_gradient_loss | -0.0184     |
|    std                  | 0.471       |
|    value_loss           | 0.292       |
-----------------------------------------
-----------------------------------------
| energy/                 |             |
|    E_damp_J             | 0.0144      |
|    E_fric_J             | 0.00777     |
|    E_norm_J             | 0.002       |
|    W_neg_J              | 0.0166      |
|    W_pos_J              | 0.0403      |
| reward/                 |             |
|    r_energy             | -0.0331     |
|    r_pose               | -0.00291    |
|    r_vel                | 0.341       |
|    r_xvel               | -0.0581     |
| rollout/                |             |
|    ep_len_mean          | 82          |
|    ep_rew_mean          | 8.06        |
| time/                   |             |
|    fps                  | 45          |
|    iterations           | 133         |
|    time_elapsed         | 11977       |
|    total_timesteps      | 544768      |
| train/                  |             |
|    approx_kl            | 0.027829995 |
|    clip_fraction        | 0.311       |
|    clip_range           | 0.2         |
|    entropy_loss         | -6.2        |
|    explained_variance   | 0.605       |
|    learning_rate        | 0.0003      |
|    loss                 | 0.0302      |
|    n_updates            | 1320        |
|    policy_gradient_loss | -0.0189     |
|    std                  | 0.466       |
|    value_loss           | 0.275       |
-----------------------------------------
----------------------------------------
| energy/                 |            |
|    E_damp_J             | 0.0139     |
|    E_fric_J             | 0.00744    |
|    E_norm_J             | 0.002      |
|    W_neg_J              | 0.0219     |
|    W_pos_J              | 0.0314     |
| reward/                 |            |
|    r_energy             | -0.0332    |
|    r_pose               | -0.00313   |
|    r_vel                | 0.305      |
|    r_xvel               | -0.0476    |
| rollout/                |            |
|    ep_len_mean          | 82         |
|    ep_rew_mean          | 8.42       |
| time/                   |            |
|    fps                  | 45         |
|    iterations           | 134        |
|    time_elapsed         | 12069      |
|    total_timesteps      | 548864     |
| train/                  |            |
|    approx_kl            | 0.02550321 |
|    clip_fraction        | 0.311      |
|    clip_range           | 0.2        |
|    entropy_loss         | -6.1       |
|    explained_variance   | 0.519      |
|    learning_rate        | 0.0003     |
|    loss                 | 0.0949     |
|    n_updates            | 1330       |
|    policy_gradient_loss | -0.0143    |
|    std                  | 0.461      |
|    value_loss           | 0.34       |
----------------------------------------
-----------------------------------------
| energy/                 |             |
|    E_damp_J             | 0.0148      |
|    E_fric_J             | 0.00793     |
|    E_norm_J             | 0.00214     |
|    W_neg_J              | 0.0233      |
|    W_pos_J              | 0.031       |
| reward/                 |             |
|    r_energy             | -0.0346     |
|    r_pose               | -0.00273    |
|    r_vel                | 0.33        |
|    r_xvel               | -0.0745     |
| rollout/                |             |
|    ep_len_mean          | 82          |
|    ep_rew_mean          | 8.68        |
| time/                   |             |
|    fps                  | 45          |
|    iterations           | 135         |
|    time_elapsed         | 12161       |
|    total_timesteps      | 552960      |
| train/                  |             |
|    approx_kl            | 0.032584548 |
|    clip_fraction        | 0.328       |
|    clip_range           | 0.2         |
|    entropy_loss         | -6          |
|    explained_variance   | 0.618       |
|    learning_rate        | 0.0003      |
|    loss                 | 0.0744      |
|    n_updates            | 1340        |
|    policy_gradient_loss | -0.0167     |
|    std                  | 0.457       |
|    value_loss           | 0.289       |
-----------------------------------------
-----------------------------------------
| energy/                 |             |
|    E_damp_J             | 0.0154      |
|    E_fric_J             | 0.00788     |
|    E_norm_J             | 0.00235     |
|    W_neg_J              | 0.0247      |
|    W_pos_J              | 0.038       |
| reward/                 |             |
|    r_energy             | -0.0379     |
|    r_pose               | -0.00253    |
|    r_vel                | 0.331       |
|    r_xvel               | -0.0772     |
| rollout/                |             |
|    ep_len_mean          | 82          |
|    ep_rew_mean          | 9.11        |
| time/                   |             |
|    fps                  | 45          |
|    iterations           | 136         |
|    time_elapsed         | 12252       |
|    total_timesteps      | 557056      |
| train/                  |             |
|    approx_kl            | 0.025279418 |
|    clip_fraction        | 0.318       |
|    clip_range           | 0.2         |
|    entropy_loss         | -5.93       |
|    explained_variance   | 0.605       |
|    learning_rate        | 0.0003      |
|    loss                 | 0.0525      |
|    n_updates            | 1350        |
|    policy_gradient_loss | -0.0194     |
|    std                  | 0.454       |
|    value_loss           | 0.303       |
-----------------------------------------
----------------------------------------
| energy/                 |            |
|    E_damp_J             | 0.0137     |
|    E_fric_J             | 0.00757    |
|    E_norm_J             | 0.00202    |
|    W_neg_J              | 0.0171     |
|    W_pos_J              | 0.038      |
| reward/                 |            |
|    r_energy             | -0.0323    |
|    r_pose               | -0.00284   |
|    r_vel                | 0.318      |
|    r_xvel               | -0.0651    |
| rollout/                |            |
|    ep_len_mean          | 82         |
|    ep_rew_mean          | 9.3        |
| time/                   |            |
|    fps                  | 45         |
|    iterations           | 137        |
|    time_elapsed         | 12344      |
|    total_timesteps      | 561152     |
| train/                  |            |
|    approx_kl            | 0.02723937 |
|    clip_fraction        | 0.325      |
|    clip_range           | 0.2        |
|    entropy_loss         | -5.86      |
|    explained_variance   | 0.566      |
|    learning_rate        | 0.0003     |
|    loss                 | 0.0546     |
|    n_updates            | 1360       |
|    policy_gradient_loss | -0.0182    |
|    std                  | 0.451      |
|    value_loss           | 0.337      |
----------------------------------------
-----------------------------------------
| energy/                 |             |
|    E_damp_J             | 0.024       |
|    E_fric_J             | 0.00928     |
|    E_norm_J             | 0.02        |
|    W_neg_J              | 0.0294      |
|    W_pos_J              | 0.0613      |
| reward/                 |             |
|    r_energy             | -0.0526     |
|    r_pose               | -0.00267    |
|    r_vel                | 0.296       |
|    r_xvel               | -0.0905     |
| rollout/                |             |
|    ep_len_mean          | 82          |
|    ep_rew_mean          | 9.59        |
| time/                   |             |
|    fps                  | 45          |
|    iterations           | 138         |
|    time_elapsed         | 12435       |
|    total_timesteps      | 565248      |
| train/                  |             |
|    approx_kl            | 0.029644284 |
|    clip_fraction        | 0.32        |
|    clip_range           | 0.2         |
|    entropy_loss         | -5.78       |
|    explained_variance   | 0.568       |
|    learning_rate        | 0.0003      |
|    loss                 | 0.0697      |
|    n_updates            | 1370        |
|    policy_gradient_loss | -0.0184     |
|    std                  | 0.447       |
|    value_loss           | 0.344       |
-----------------------------------------
-----------------------------------------
| energy/                 |             |
|    E_damp_J             | 0.0158      |
|    E_fric_J             | 0.00845     |
|    E_norm_J             | 0.00221     |
|    W_neg_J              | 0.02        |
|    W_pos_J              | 0.0477      |
| reward/                 |             |
|    r_energy             | -0.0385     |
|    r_pose               | -0.00289    |
|    r_vel                | 0.356       |
|    r_xvel               | -0.0549     |
| rollout/                |             |
|    ep_len_mean          | 82          |
|    ep_rew_mean          | 9.91        |
| time/                   |             |
|    fps                  | 45          |
|    iterations           | 139         |
|    time_elapsed         | 12525       |
|    total_timesteps      | 569344      |
| train/                  |             |
|    approx_kl            | 0.024846258 |
|    clip_fraction        | 0.339       |
|    clip_range           | 0.2         |
|    entropy_loss         | -5.72       |
|    explained_variance   | 0.578       |
|    learning_rate        | 0.0003      |
|    loss                 | 0.102       |
|    n_updates            | 1380        |
|    policy_gradient_loss | -0.013      |
|    std                  | 0.445       |
|    value_loss           | 0.321       |
-----------------------------------------
-----------------------------------------
| energy/                 |             |
|    E_damp_J             | 0.0465      |
|    E_fric_J             | 0.00954     |
|    E_norm_J             | 0.0195      |
|    W_neg_J              | 0.0577      |
|    W_pos_J              | 0.0965      |
| reward/                 |             |
|    r_energy             | -0.0916     |
|    r_pose               | -0.00259    |
|    r_vel                | 0.348       |
|    r_xvel               | -0.091      |
| rollout/                |             |
|    ep_len_mean          | 82          |
|    ep_rew_mean          | 10.5        |
| time/                   |             |
|    fps                  | 45          |
|    iterations           | 140         |
|    time_elapsed         | 12614       |
|    total_timesteps      | 573440      |
| train/                  |             |
|    approx_kl            | 0.027772035 |
|    clip_fraction        | 0.327       |
|    clip_range           | 0.2         |
|    entropy_loss         | -5.64       |
|    explained_variance   | 0.578       |
|    learning_rate        | 0.0003      |
|    loss                 | 0.0722      |
|    n_updates            | 1390        |
|    policy_gradient_loss | -0.0164     |
|    std                  | 0.441       |
|    value_loss           | 0.302       |
-----------------------------------------
----------------------------------------
| energy/                 |            |
|    E_damp_J             | 0.0183     |
|    E_fric_J             | 0.00893    |
|    E_norm_J             | 0.00218    |
|    W_neg_J              | 0.0176     |
|    W_pos_J              | 0.05       |
| reward/                 |            |
|    r_energy             | -0.0391    |
|    r_pose               | -0.00303   |
|    r_vel                | 0.408      |
|    r_xvel               | -0.11      |
| rollout/                |            |
|    ep_len_mean          | 82         |
|    ep_rew_mean          | 11.1       |
| time/                   |            |
|    fps                  | 45         |
|    iterations           | 141        |
|    time_elapsed         | 12704      |
|    total_timesteps      | 577536     |
| train/                  |            |
|    approx_kl            | 0.02532969 |
|    clip_fraction        | 0.326      |
|    clip_range           | 0.2        |
|    entropy_loss         | -5.57      |
|    explained_variance   | 0.642      |
|    learning_rate        | 0.0003     |
|    loss                 | 0.031      |
|    n_updates            | 1400       |
|    policy_gradient_loss | -0.0136    |
|    std                  | 0.438      |
|    value_loss           | 0.278      |
----------------------------------------
-----------------------------------------
| energy/                 |             |
|    E_damp_J             | 0.0409      |
|    E_fric_J             | 0.0097      |
|    E_norm_J             | 0.0194      |
|    W_neg_J              | 0.0526      |
|    W_pos_J              | 0.0934      |
| reward/                 |             |
|    r_energy             | -0.0848     |
|    r_pose               | -0.00268    |
|    r_vel                | 0.353       |
|    r_xvel               | -0.122      |
| rollout/                |             |
|    ep_len_mean          | 82          |
|    ep_rew_mean          | 11.2        |
| time/                   |             |
|    fps                  | 45          |
|    iterations           | 142         |
|    time_elapsed         | 12795       |
|    total_timesteps      | 581632      |
| train/                  |             |
|    approx_kl            | 0.031107588 |
|    clip_fraction        | 0.327       |
|    clip_range           | 0.2         |
|    entropy_loss         | -5.48       |
|    explained_variance   | 0.593       |
|    learning_rate        | 0.0003      |
|    loss                 | 0.0473      |
|    n_updates            | 1410        |
|    policy_gradient_loss | -0.0161     |
|    std                  | 0.434       |
|    value_loss           | 0.267       |
-----------------------------------------
-----------------------------------------
| energy/                 |             |
|    E_damp_J             | 0.0177      |
|    E_fric_J             | 0.00894     |
|    E_norm_J             | 0.00205     |
|    W_neg_J              | 0.0214      |
|    W_pos_J              | 0.0502      |
| reward/                 |             |
|    r_energy             | -0.0412     |
|    r_pose               | -0.00289    |
|    r_vel                | 0.405       |
|    r_xvel               | -0.0892     |
| rollout/                |             |
|    ep_len_mean          | 82          |
|    ep_rew_mean          | 11.5        |
| time/                   |             |
|    fps                  | 45          |
|    iterations           | 143         |
|    time_elapsed         | 12886       |
|    total_timesteps      | 585728      |
| train/                  |             |
|    approx_kl            | 0.027325567 |
|    clip_fraction        | 0.314       |
|    clip_range           | 0.2         |
|    entropy_loss         | -5.38       |
|    explained_variance   | 0.51        |
|    learning_rate        | 0.0003      |
|    loss                 | 0.113       |
|    n_updates            | 1420        |
|    policy_gradient_loss | -0.0128     |
|    std                  | 0.43        |
|    value_loss           | 0.401       |
-----------------------------------------
-----------------------------------------
| energy/                 |             |
|    E_damp_J             | 0.0418      |
|    E_fric_J             | 0.00919     |
|    E_norm_J             | 0.0197      |
|    W_neg_J              | 0.0509      |
|    W_pos_J              | 0.0966      |
| reward/                 |             |
|    r_energy             | -0.085      |
|    r_pose               | -0.00253    |
|    r_vel                | 0.338       |
|    r_xvel               | -0.0784     |
| rollout/                |             |
|    ep_len_mean          | 82          |
|    ep_rew_mean          | 12          |
| time/                   |             |
|    fps                  | 45          |
|    iterations           | 144         |
|    time_elapsed         | 12975       |
|    total_timesteps      | 589824      |
| train/                  |             |
|    approx_kl            | 0.030099895 |
|    clip_fraction        | 0.334       |
|    clip_range           | 0.2         |
|    entropy_loss         | -5.29       |
|    explained_variance   | 0.611       |
|    learning_rate        | 0.0003      |
|    loss                 | 0.0642      |
|    n_updates            | 1430        |
|    policy_gradient_loss | -0.0156     |
|    std                  | 0.426       |
|    value_loss           | 0.261       |
-----------------------------------------
-----------------------------------------
| energy/                 |             |
|    E_damp_J             | 0.0185      |
|    E_fric_J             | 0.00896     |
|    E_norm_J             | 0.00201     |
|    W_neg_J              | 0.0195      |
|    W_pos_J              | 0.0506      |
| reward/                 |             |
|    r_energy             | -0.0406     |
|    r_pose               | -0.00276    |
|    r_vel                | 0.409       |
|    r_xvel               | -0.0767     |
| rollout/                |             |
|    ep_len_mean          | 82          |
|    ep_rew_mean          | 12.3        |
| time/                   |             |
|    fps                  | 45          |
|    iterations           | 145         |
|    time_elapsed         | 13065       |
|    total_timesteps      | 593920      |
| train/                  |             |
|    approx_kl            | 0.027815912 |
|    clip_fraction        | 0.329       |
|    clip_range           | 0.2         |
|    entropy_loss         | -5.22       |
|    explained_variance   | 0.599       |
|    learning_rate        | 0.0003      |
|    loss                 | 0.0721      |
|    n_updates            | 1440        |
|    policy_gradient_loss | -0.0135     |
|    std                  | 0.424       |
|    value_loss           | 0.281       |
-----------------------------------------
----------------------------------------
| energy/                 |            |
|    E_damp_J             | 0.0429     |
|    E_fric_J             | 0.00954    |
|    E_norm_J             | 0.0202     |
|    W_neg_J              | 0.0556     |
|    W_pos_J              | 0.0947     |
| reward/                 |            |
|    r_energy             | -0.088     |
|    r_pose               | -0.00287   |
|    r_vel                | 0.369      |
|    r_xvel               | -0.0861    |
| rollout/                |            |
|    ep_len_mean          | 82         |
|    ep_rew_mean          | 12.1       |
| time/                   |            |
|    fps                  | 45         |
|    iterations           | 146        |
|    time_elapsed         | 13154      |
|    total_timesteps      | 598016     |
| train/                  |            |
|    approx_kl            | 0.02982866 |
|    clip_fraction        | 0.317      |
|    clip_range           | 0.2        |
|    entropy_loss         | -5.15      |
|    explained_variance   | 0.574      |
|    learning_rate        | 0.0003     |
|    loss                 | 0.0562     |
|    n_updates            | 1450       |
|    policy_gradient_loss | -0.0126    |
|    std                  | 0.421      |
|    value_loss           | 0.325      |
----------------------------------------
-----------------------------------------
| energy/                 |             |
|    E_damp_J             | 0.0172      |
|    E_fric_J             | 0.00856     |
|    E_norm_J             | 0.00202     |
|    W_neg_J              | 0.021       |
|    W_pos_J              | 0.0526      |
| reward/                 |             |
|    r_energy             | -0.0413     |
|    r_pose               | -0.00283    |
|    r_vel                | 0.403       |
|    r_xvel               | -0.058      |
| rollout/                |             |
|    ep_len_mean          | 82          |
|    ep_rew_mean          | 12.2        |
| time/                   |             |
|    fps                  | 45          |
|    iterations           | 147         |
|    time_elapsed         | 13243       |
|    total_timesteps      | 602112      |
| train/                  |             |
|    approx_kl            | 0.025023974 |
|    clip_fraction        | 0.321       |
|    clip_range           | 0.2         |
|    entropy_loss         | -5.1        |
|    explained_variance   | 0.469       |
|    learning_rate        | 0.0003      |
|    loss                 | 0.219       |
|    n_updates            | 1460        |
|    policy_gradient_loss | -0.0132     |
|    std                  | 0.419       |
|    value_loss           | 0.485       |
-----------------------------------------
-----------------------------------------
| energy/                 |             |
|    E_damp_J             | 0.0432      |
|    E_fric_J             | 0.0098      |
|    E_norm_J             | 0.0193      |
|    W_neg_J              | 0.0508      |
|    W_pos_J              | 0.0932      |
| reward/                 |             |
|    r_energy             | -0.0849     |
|    r_pose               | -0.00277    |
|    r_vel                | 0.358       |
|    r_xvel               | -0.0827     |
| rollout/                |             |
|    ep_len_mean          | 82          |
|    ep_rew_mean          | 12.9        |
| time/                   |             |
|    fps                  | 45          |
|    iterations           | 148         |
|    time_elapsed         | 13332       |
|    total_timesteps      | 606208      |
| train/                  |             |
|    approx_kl            | 0.031548657 |
|    clip_fraction        | 0.338       |
|    clip_range           | 0.2         |
|    entropy_loss         | -5          |
|    explained_variance   | 0.61        |
|    learning_rate        | 0.0003      |
|    loss                 | 0.0634      |
|    n_updates            | 1470        |
|    policy_gradient_loss | -0.0146     |
|    std                  | 0.414       |
|    value_loss           | 0.293       |
-----------------------------------------
-----------------------------------------
| energy/                 |             |
|    E_damp_J             | 0.0175      |
|    E_fric_J             | 0.00924     |
|    E_norm_J             | 0.00217     |
|    W_neg_J              | 0.0186      |
|    W_pos_J              | 0.0504      |
| reward/                 |             |
|    r_energy             | -0.0396     |
|    r_pose               | -0.00286    |
|    r_vel                | 0.417       |
|    r_xvel               | -0.0935     |
| rollout/                |             |
|    ep_len_mean          | 82          |
|    ep_rew_mean          | 13          |
| time/                   |             |
|    fps                  | 45          |
|    iterations           | 149         |
|    time_elapsed         | 13422       |
|    total_timesteps      | 610304      |
| train/                  |             |
|    approx_kl            | 0.026419442 |
|    clip_fraction        | 0.322       |
|    clip_range           | 0.2         |
|    entropy_loss         | -4.92       |
|    explained_variance   | 0.596       |
|    learning_rate        | 0.0003      |
|    loss                 | 0.0606      |
|    n_updates            | 1480        |
|    policy_gradient_loss | -0.0102     |
|    std                  | 0.412       |
|    value_loss           | 0.298       |
-----------------------------------------
-----------------------------------------
| energy/                 |             |
|    E_damp_J             | 0.0414      |
|    E_fric_J             | 0.00952     |
|    E_norm_J             | 0.0193      |
|    W_neg_J              | 0.0519      |
|    W_pos_J              | 0.0927      |
| reward/                 |             |
|    r_energy             | -0.0844     |
|    r_pose               | -0.00286    |
|    r_vel                | 0.37        |
|    r_xvel               | -0.0832     |
| rollout/                |             |
|    ep_len_mean          | 82          |
|    ep_rew_mean          | 12.9        |
| time/                   |             |
|    fps                  | 45          |
|    iterations           | 150         |
|    time_elapsed         | 13512       |
|    total_timesteps      | 614400      |
| train/                  |             |
|    approx_kl            | 0.030969882 |
|    clip_fraction        | 0.337       |
|    clip_range           | 0.2         |
|    entropy_loss         | -4.84       |
|    explained_variance   | 0.523       |
|    learning_rate        | 0.0003      |
|    loss                 | 0.139       |
|    n_updates            | 1490        |
|    policy_gradient_loss | -0.0111     |
|    std                  | 0.408       |
|    value_loss           | 0.416       |
-----------------------------------------
-----------------------------------------
| energy/                 |             |
|    E_damp_J             | 0.0194      |
|    E_fric_J             | 0.00886     |
|    E_norm_J             | 0.00189     |
|    W_neg_J              | 0.0205      |
|    W_pos_J              | 0.051       |
| reward/                 |             |
|    r_energy             | -0.0417     |
|    r_pose               | -0.00323    |
|    r_vel                | 0.444       |
|    r_xvel               | -0.0836     |
| rollout/                |             |
|    ep_len_mean          | 82          |
|    ep_rew_mean          | 13.3        |
| time/                   |             |
|    fps                  | 45          |
|    iterations           | 151         |
|    time_elapsed         | 13601       |
|    total_timesteps      | 618496      |
| train/                  |             |
|    approx_kl            | 0.026591497 |
|    clip_fraction        | 0.332       |
|    clip_range           | 0.2         |
|    entropy_loss         | -4.74       |
|    explained_variance   | 0.565       |
|    learning_rate        | 0.0003      |
|    loss                 | 0.0906      |
|    n_updates            | 1500        |
|    policy_gradient_loss | -0.0126     |
|    std                  | 0.405       |
|    value_loss           | 0.388       |
-----------------------------------------
----------------------------------------
| energy/                 |            |
|    E_damp_J             | 0.0437     |
|    E_fric_J             | 0.00891    |
|    E_norm_J             | 0.0196     |
|    W_neg_J              | 0.0593     |
|    W_pos_J              | 0.0881     |
| reward/                 |            |
|    r_energy             | -0.0884    |
|    r_pose               | -0.00254   |
|    r_vel                | 0.356      |
|    r_xvel               | -0.11      |
| rollout/                |            |
|    ep_len_mean          | 82         |
|    ep_rew_mean          | 13.5       |
| time/                   |            |
|    fps                  | 45         |
|    iterations           | 152        |
|    time_elapsed         | 13692      |
|    total_timesteps      | 622592     |
| train/                  |            |
|    approx_kl            | 0.02927242 |
|    clip_fraction        | 0.332      |
|    clip_range           | 0.2        |
|    entropy_loss         | -4.66      |
|    explained_variance   | 0.61       |
|    learning_rate        | 0.0003     |
|    loss                 | 0.0592     |
|    n_updates            | 1510       |
|    policy_gradient_loss | -0.0119    |
|    std                  | 0.403      |
|    value_loss           | 0.27       |
----------------------------------------
----------------------------------------
| energy/                 |            |
|    E_damp_J             | 0.0183     |
|    E_fric_J             | 0.00915    |
|    E_norm_J             | 0.00199    |
|    W_neg_J              | 0.0206     |
|    W_pos_J              | 0.0542     |
| reward/                 |            |
|    r_energy             | -0.0424    |
|    r_pose               | -0.00297   |
|    r_vel                | 0.437      |
|    r_xvel               | -0.0636    |
| rollout/                |            |
|    ep_len_mean          | 82         |
|    ep_rew_mean          | 13.7       |
| time/                   |            |
|    fps                  | 45         |
|    iterations           | 153        |
|    time_elapsed         | 13785      |
|    total_timesteps      | 626688     |
| train/                  |            |
|    approx_kl            | 0.03055678 |
|    clip_fraction        | 0.334      |
|    clip_range           | 0.2        |
|    entropy_loss         | -4.59      |
|    explained_variance   | 0.583      |
|    learning_rate        | 0.0003     |
|    loss                 | 0.0819     |
|    n_updates            | 1520       |
|    policy_gradient_loss | -0.0135    |
|    std                  | 0.4        |
|    value_loss           | 0.371      |
----------------------------------------
-----------------------------------------
| energy/                 |             |
|    E_damp_J             | 0.0425      |
|    E_fric_J             | 0.00945     |
|    E_norm_J             | 0.0196      |
|    W_neg_J              | 0.0528      |
|    W_pos_J              | 0.095       |
| reward/                 |             |
|    r_energy             | -0.0861     |
|    r_pose               | -0.00242    |
|    r_vel                | 0.376       |
|    r_xvel               | -0.0931     |
| rollout/                |             |
|    ep_len_mean          | 82          |
|    ep_rew_mean          | 14.2        |
| time/                   |             |
|    fps                  | 45          |
|    iterations           | 154         |
|    time_elapsed         | 13877       |
|    total_timesteps      | 630784      |
| train/                  |             |
|    approx_kl            | 0.032693557 |
|    clip_fraction        | 0.348       |
|    clip_range           | 0.2         |
|    entropy_loss         | -4.55       |
|    explained_variance   | 0.596       |
|    learning_rate        | 0.0003      |
|    loss                 | 0.0983      |
|    n_updates            | 1530        |
|    policy_gradient_loss | -0.0154     |
|    std                  | 0.399       |
|    value_loss           | 0.314       |
-----------------------------------------
-----------------------------------------
| energy/                 |             |
|    E_damp_J             | 0.0195      |
|    E_fric_J             | 0.00878     |
|    E_norm_J             | 0.00198     |
|    W_neg_J              | 0.0203      |
|    W_pos_J              | 0.0514      |
| reward/                 |             |
|    r_energy             | -0.0417     |
|    r_pose               | -0.00292    |
|    r_vel                | 0.438       |
|    r_xvel               | -0.0678     |
| rollout/                |             |
|    ep_len_mean          | 82          |
|    ep_rew_mean          | 14.6        |
| time/                   |             |
|    fps                  | 45          |
|    iterations           | 155         |
|    time_elapsed         | 13968       |
|    total_timesteps      | 634880      |
| train/                  |             |
|    approx_kl            | 0.028190834 |
|    clip_fraction        | 0.334       |
|    clip_range           | 0.2         |
|    entropy_loss         | -4.51       |
|    explained_variance   | 0.626       |
|    learning_rate        | 0.0003      |
|    loss                 | 0.0591      |
|    n_updates            | 1540        |
|    policy_gradient_loss | -0.0136     |
|    std                  | 0.398       |
|    value_loss           | 0.272       |
-----------------------------------------
-----------------------------------------
| energy/                 |             |
|    E_damp_J             | 0.0451      |
|    E_fric_J             | 0.0101      |
|    E_norm_J             | 0.0198      |
|    W_neg_J              | 0.0627      |
|    W_pos_J              | 0.0838      |
| reward/                 |             |
|    r_energy             | -0.0903     |
|    r_pose               | -0.00266    |
|    r_vel                | 0.361       |
|    r_xvel               | -0.149      |
| rollout/                |             |
|    ep_len_mean          | 82          |
|    ep_rew_mean          | 14.5        |
| time/                   |             |
|    fps                  | 45          |
|    iterations           | 156         |
|    time_elapsed         | 14058       |
|    total_timesteps      | 638976      |
| train/                  |             |
|    approx_kl            | 0.033486836 |
|    clip_fraction        | 0.343       |
|    clip_range           | 0.2         |
|    entropy_loss         | -4.44       |
|    explained_variance   | 0.648       |
|    learning_rate        | 0.0003      |
|    loss                 | 0.0443      |
|    n_updates            | 1550        |
|    policy_gradient_loss | -0.0115     |
|    std                  | 0.395       |
|    value_loss           | 0.264       |
-----------------------------------------
----------------------------------------
| energy/                 |            |
|    E_damp_J             | 0.0181     |
|    E_fric_J             | 0.00902    |
|    E_norm_J             | 0.00189    |
|    W_neg_J              | 0.0205     |
|    W_pos_J              | 0.0519     |
| reward/                 |            |
|    r_energy             | -0.0415    |
|    r_pose               | -0.00274   |
|    r_vel                | 0.442      |
|    r_xvel               | -0.0636    |
| rollout/                |            |
|    ep_len_mean          | 82         |
|    ep_rew_mean          | 14.7       |
| time/                   |            |
|    fps                  | 45         |
|    iterations           | 157        |
|    time_elapsed         | 14149      |
|    total_timesteps      | 643072     |
| train/                  |            |
|    approx_kl            | 0.03181897 |
|    clip_fraction        | 0.351      |
|    clip_range           | 0.2        |
|    entropy_loss         | -4.39      |
|    explained_variance   | 0.607      |
|    learning_rate        | 0.0003     |
|    loss                 | 0.0999     |
|    n_updates            | 1560       |
|    policy_gradient_loss | -0.0135    |
|    std                  | 0.393      |
|    value_loss           | 0.328      |
----------------------------------------
-----------------------------------------
| energy/                 |             |
|    E_damp_J             | 0.0497      |
|    E_fric_J             | 0.0108      |
|    E_norm_J             | 0.0203      |
|    W_neg_J              | 0.066       |
|    W_pos_J              | 0.0994      |
| reward/                 |             |
|    r_energy             | -0.0997     |
|    r_pose               | -0.00283    |
|    r_vel                | 0.419       |
|    r_xvel               | -0.086      |
| rollout/                |             |
|    ep_len_mean          | 82          |
|    ep_rew_mean          | 15.4        |
| time/                   |             |
|    fps                  | 45          |
|    iterations           | 158         |
|    time_elapsed         | 14241       |
|    total_timesteps      | 647168      |
| train/                  |             |
|    approx_kl            | 0.030340228 |
|    clip_fraction        | 0.336       |
|    clip_range           | 0.2         |
|    entropy_loss         | -4.34       |
|    explained_variance   | 0.604       |
|    learning_rate        | 0.0003      |
|    loss                 | 0.0825      |
|    n_updates            | 1570        |
|    policy_gradient_loss | -0.0118     |
|    std                  | 0.391       |
|    value_loss           | 0.308       |
-----------------------------------------
----------------------------------------
| energy/                 |            |
|    E_damp_J             | 0.0192     |
|    E_fric_J             | 0.00939    |
|    E_norm_J             | 0.00216    |
|    W_neg_J              | 0.0178     |
|    W_pos_J              | 0.0543     |
| reward/                 |            |
|    r_energy             | -0.0413    |
|    r_pose               | -0.00281   |
|    r_vel                | 0.452      |
|    r_xvel               | -0.0894    |
| rollout/                |            |
|    ep_len_mean          | 82         |
|    ep_rew_mean          | 15.9       |
| time/                   |            |
|    fps                  | 45         |
|    iterations           | 159        |
|    time_elapsed         | 14330      |
|    total_timesteps      | 651264     |
| train/                  |            |
|    approx_kl            | 0.03513194 |
|    clip_fraction        | 0.353      |
|    clip_range           | 0.2        |
|    entropy_loss         | -4.26      |
|    explained_variance   | 0.62       |
|    learning_rate        | 0.0003     |
|    loss                 | 0.0879     |
|    n_updates            | 1580       |
|    policy_gradient_loss | -0.014     |
|    std                  | 0.388      |
|    value_loss           | 0.303      |
----------------------------------------
-----------------------------------------
| energy/                 |             |
|    E_damp_J             | 0.0404      |
|    E_fric_J             | 0.00954     |
|    E_norm_J             | 0.0195      |
|    W_neg_J              | 0.0566      |
|    W_pos_J              | 0.0863      |
| reward/                 |             |
|    r_energy             | -0.0848     |
|    r_pose               | -0.00261    |
|    r_vel                | 0.397       |
|    r_xvel               | -0.0919     |
| rollout/                |             |
|    ep_len_mean          | 82          |
|    ep_rew_mean          | 15.7        |
| time/                   |             |
|    fps                  | 45          |
|    iterations           | 160         |
|    time_elapsed         | 14419       |
|    total_timesteps      | 655360      |
| train/                  |             |
|    approx_kl            | 0.034522638 |
|    clip_fraction        | 0.344       |
|    clip_range           | 0.2         |
|    entropy_loss         | -4.22       |
|    explained_variance   | 0.625       |
|    learning_rate        | 0.0003      |
|    loss                 | 0.103       |
|    n_updates            | 1590        |
|    policy_gradient_loss | -0.0102     |
|    std                  | 0.387       |
|    value_loss           | 0.288       |
-----------------------------------------
-----------------------------------------
| energy/                 |             |
|    E_damp_J             | 0.0195      |
|    E_fric_J             | 0.00962     |
|    E_norm_J             | 0.00217     |
|    W_neg_J              | 0.0201      |
|    W_pos_J              | 0.0528      |
| reward/                 |             |
|    r_energy             | -0.0425     |
|    r_pose               | -0.00279    |
|    r_vel                | 0.464       |
|    r_xvel               | -0.0596     |
| rollout/                |             |
|    ep_len_mean          | 82          |
|    ep_rew_mean          | 15.8        |
| time/                   |             |
|    fps                  | 45          |
|    iterations           | 161         |
|    time_elapsed         | 14508       |
|    total_timesteps      | 659456      |
| train/                  |             |
|    approx_kl            | 0.034375384 |
|    clip_fraction        | 0.372       |
|    clip_range           | 0.2         |
|    entropy_loss         | -4.16       |
|    explained_variance   | 0.648       |
|    learning_rate        | 0.0003      |
|    loss                 | 0.0507      |
|    n_updates            | 1600        |
|    policy_gradient_loss | -0.0138     |
|    std                  | 0.385       |
|    value_loss           | 0.326       |
-----------------------------------------
-----------------------------------------
| energy/                 |             |
|    E_damp_J             | 0.0386      |
|    E_fric_J             | 0.00915     |
|    E_norm_J             | 0.0187      |
|    W_neg_J              | 0.0446      |
|    W_pos_J              | 0.0852      |
| reward/                 |             |
|    r_energy             | -0.0762     |
|    r_pose               | -0.00271    |
|    r_vel                | 0.447       |
|    r_xvel               | -0.0648     |
| rollout/                |             |
|    ep_len_mean          | 82          |
|    ep_rew_mean          | 16.1        |
| time/                   |             |
|    fps                  | 45          |
|    iterations           | 162         |
|    time_elapsed         | 14599       |
|    total_timesteps      | 663552      |
| train/                  |             |
|    approx_kl            | 0.030948754 |
|    clip_fraction        | 0.351       |
|    clip_range           | 0.2         |
|    entropy_loss         | -4.1        |
|    explained_variance   | 0.614       |
|    learning_rate        | 0.0003      |
|    loss                 | 0.0627      |
|    n_updates            | 1610        |
|    policy_gradient_loss | -0.00951    |
|    std                  | 0.382       |
|    value_loss           | 0.314       |
-----------------------------------------
-----------------------------------------
| energy/                 |             |
|    E_damp_J             | 0.0209      |
|    E_fric_J             | 0.00941     |
|    E_norm_J             | 0.00205     |
|    W_neg_J              | 0.0212      |
|    W_pos_J              | 0.0559      |
| reward/                 |             |
|    r_energy             | -0.0447     |
|    r_pose               | -0.00293    |
|    r_vel                | 0.48        |
|    r_xvel               | -0.0892     |
| rollout/                |             |
|    ep_len_mean          | 82          |
|    ep_rew_mean          | 16.3        |
| time/                   |             |
|    fps                  | 45          |
|    iterations           | 163         |
|    time_elapsed         | 14689       |
|    total_timesteps      | 667648      |
| train/                  |             |
|    approx_kl            | 0.030380553 |
|    clip_fraction        | 0.349       |
|    clip_range           | 0.2         |
|    entropy_loss         | -4.03       |
|    explained_variance   | 0.581       |
|    learning_rate        | 0.0003      |
|    loss                 | 0.151       |
|    n_updates            | 1620        |
|    policy_gradient_loss | -0.0159     |
|    std                  | 0.38        |
|    value_loss           | 0.354       |
-----------------------------------------
-----------------------------------------
| energy/                 |             |
|    E_damp_J             | 0.0195      |
|    E_fric_J             | 0.00937     |
|    E_norm_J             | 0.00194     |
|    W_neg_J              | 0.0203      |
|    W_pos_J              | 0.0549      |
| reward/                 |             |
|    r_energy             | -0.0431     |
|    r_pose               | -0.00288    |
|    r_vel                | 0.481       |
|    r_xvel               | -0.0807     |
| rollout/                |             |
|    ep_len_mean          | 82          |
|    ep_rew_mean          | 16.8        |
| time/                   |             |
|    fps                  | 45          |
|    iterations           | 164         |
|    time_elapsed         | 14780       |
|    total_timesteps      | 671744      |
| train/                  |             |
|    approx_kl            | 0.031414002 |
|    clip_fraction        | 0.337       |
|    clip_range           | 0.2         |
|    entropy_loss         | -3.96       |
|    explained_variance   | 0.609       |
|    learning_rate        | 0.0003      |
|    loss                 | 0.107       |
|    n_updates            | 1630        |
|    policy_gradient_loss | -0.0112     |
|    std                  | 0.378       |
|    value_loss           | 0.351       |
-----------------------------------------
----------------------------------------
| energy/                 |            |
|    E_damp_J             | 0.0176     |
|    E_fric_J             | 0.00926    |
|    E_norm_J             | 0.00199    |
|    W_neg_J              | 0.0213     |
|    W_pos_J              | 0.0492     |
| reward/                 |            |
|    r_energy             | -0.041     |
|    r_pose               | -0.00301   |
|    r_vel                | 0.48       |
|    r_xvel               | -0.0645    |
| rollout/                |            |
|    ep_len_mean          | 82         |
|    ep_rew_mean          | 17.2       |
| time/                   |            |
|    fps                  | 45         |
|    iterations           | 165        |
|    time_elapsed         | 14870      |
|    total_timesteps      | 675840     |
| train/                  |            |
|    approx_kl            | 0.03736416 |
|    clip_fraction        | 0.356      |
|    clip_range           | 0.2        |
|    entropy_loss         | -3.87      |
|    explained_variance   | 0.61       |
|    learning_rate        | 0.0003     |
|    loss                 | 0.0599     |
|    n_updates            | 1640       |
|    policy_gradient_loss | -0.0132    |
|    std                  | 0.375      |
|    value_loss           | 0.293      |
----------------------------------------
-----------------------------------------
| energy/                 |             |
|    E_damp_J             | 0.0193      |
|    E_fric_J             | 0.00911     |
|    E_norm_J             | 0.00212     |
|    W_neg_J              | 0.0202      |
|    W_pos_J              | 0.0548      |
| reward/                 |             |
|    r_energy             | -0.0428     |
|    r_pose               | -0.00307    |
|    r_vel                | 0.468       |
|    r_xvel               | -0.0802     |
| rollout/                |             |
|    ep_len_mean          | 82          |
|    ep_rew_mean          | 17.2        |
| time/                   |             |
|    fps                  | 45          |
|    iterations           | 166         |
|    time_elapsed         | 14960       |
|    total_timesteps      | 679936      |
| train/                  |             |
|    approx_kl            | 0.029164396 |
|    clip_fraction        | 0.357       |
|    clip_range           | 0.2         |
|    entropy_loss         | -3.81       |
|    explained_variance   | 0.65        |
|    learning_rate        | 0.0003      |
|    loss                 | 0.0835      |
|    n_updates            | 1650        |
|    policy_gradient_loss | -0.00734    |
|    std                  | 0.374       |
|    value_loss           | 0.266       |
-----------------------------------------
-----------------------------------------
| energy/                 |             |
|    E_damp_J             | 0.0189      |
|    E_fric_J             | 0.00931     |
|    E_norm_J             | 0.00206     |
|    W_neg_J              | 0.0195      |
|    W_pos_J              | 0.0538      |
| reward/                 |             |
|    r_energy             | -0.042      |
|    r_pose               | -0.00278    |
|    r_vel                | 0.484       |
|    r_xvel               | -0.0858     |
| rollout/                |             |
|    ep_len_mean          | 82          |
|    ep_rew_mean          | 17          |
| time/                   |             |
|    fps                  | 45          |
|    iterations           | 167         |
|    time_elapsed         | 15050       |
|    total_timesteps      | 684032      |
| train/                  |             |
|    approx_kl            | 0.029122911 |
|    clip_fraction        | 0.328       |
|    clip_range           | 0.2         |
|    entropy_loss         | -3.77       |
|    explained_variance   | 0.6         |
|    learning_rate        | 0.0003      |
|    loss                 | 0.0989      |
|    n_updates            | 1660        |
|    policy_gradient_loss | -0.00947    |
|    std                  | 0.373       |
|    value_loss           | 0.34        |
-----------------------------------------
----------------------------------------
| energy/                 |            |
|    E_damp_J             | 0.0218     |
|    E_fric_J             | 0.00961    |
|    E_norm_J             | 0.0021     |
|    W_neg_J              | 0.0243     |
|    W_pos_J              | 0.0573     |
| reward/                 |            |
|    r_energy             | -0.0474    |
|    r_pose               | -0.00311   |
|    r_vel                | 0.474      |
|    r_xvel               | -0.0806    |
| rollout/                |            |
|    ep_len_mean          | 82         |
|    ep_rew_mean          | 17.3       |
| time/                   |            |
|    fps                  | 45         |
|    iterations           | 168        |
|    time_elapsed         | 15140      |
|    total_timesteps      | 688128     |
| train/                  |            |
|    approx_kl            | 0.03432773 |
|    clip_fraction        | 0.367      |
|    clip_range           | 0.2        |
|    entropy_loss         | -3.72      |
|    explained_variance   | 0.59       |
|    learning_rate        | 0.0003     |
|    loss                 | 0.181      |
|    n_updates            | 1670       |
|    policy_gradient_loss | -0.0115    |
|    std                  | 0.37       |
|    value_loss           | 0.358      |
----------------------------------------
-----------------------------------------
| energy/                 |             |
|    E_damp_J             | 0.0192      |
|    E_fric_J             | 0.00913     |
|    E_norm_J             | 0.00193     |
|    W_neg_J              | 0.022       |
|    W_pos_J              | 0.0519      |
| reward/                 |             |
|    r_energy             | -0.043      |
|    r_pose               | -0.00305    |
|    r_vel                | 0.482       |
|    r_xvel               | -0.0882     |
| rollout/                |             |
|    ep_len_mean          | 82          |
|    ep_rew_mean          | 17.5        |
| time/                   |             |
|    fps                  | 45          |
|    iterations           | 169         |
|    time_elapsed         | 15231       |
|    total_timesteps      | 692224      |
| train/                  |             |
|    approx_kl            | 0.028983446 |
|    clip_fraction        | 0.353       |
|    clip_range           | 0.2         |
|    entropy_loss         | -3.64       |
|    explained_variance   | 0.609       |
|    learning_rate        | 0.0003      |
|    loss                 | 0.0925      |
|    n_updates            | 1680        |
|    policy_gradient_loss | -0.0082     |
|    std                  | 0.367       |
|    value_loss           | 0.282       |
-----------------------------------------
-----------------------------------------
| energy/                 |             |
|    E_damp_J             | 0.0201      |
|    E_fric_J             | 0.00937     |
|    E_norm_J             | 0.00199     |
|    W_neg_J              | 0.0217      |
|    W_pos_J              | 0.056       |
| reward/                 |             |
|    r_energy             | -0.0445     |
|    r_pose               | -0.00326    |
|    r_vel                | 0.493       |
|    r_xvel               | -0.0736     |
| rollout/                |             |
|    ep_len_mean          | 82          |
|    ep_rew_mean          | 17.7        |
| time/                   |             |
|    fps                  | 45          |
|    iterations           | 170         |
|    time_elapsed         | 15321       |
|    total_timesteps      | 696320      |
| train/                  |             |
|    approx_kl            | 0.028845333 |
|    clip_fraction        | 0.372       |
|    clip_range           | 0.2         |
|    entropy_loss         | -3.59       |
|    explained_variance   | 0.641       |
|    learning_rate        | 0.0003      |
|    loss                 | 0.107       |
|    n_updates            | 1690        |
|    policy_gradient_loss | -0.0105     |
|    std                  | 0.366       |
|    value_loss           | 0.301       |
-----------------------------------------
----------------------------------------
| energy/                 |            |
|    E_damp_J             | 0.0202     |
|    E_fric_J             | 0.00963    |
|    E_norm_J             | 0.00208    |
|    W_neg_J              | 0.0212     |
|    W_pos_J              | 0.0561     |
| reward/                 |            |
|    r_energy             | -0.0445    |
|    r_pose               | -0.00314   |
|    r_vel                | 0.505      |
|    r_xvel               | -0.0786    |
| rollout/                |            |
|    ep_len_mean          | 82         |
|    ep_rew_mean          | 18.1       |
| time/                   |            |
|    fps                  | 45         |
|    iterations           | 171        |
|    time_elapsed         | 15412      |
|    total_timesteps      | 700416     |
| train/                  |            |
|    approx_kl            | 0.03104213 |
|    clip_fraction        | 0.362      |
|    clip_range           | 0.2        |
|    entropy_loss         | -3.53      |
|    explained_variance   | 0.634      |
|    learning_rate        | 0.0003     |
|    loss                 | 0.0424     |
|    n_updates            | 1700       |
|    policy_gradient_loss | -0.0127    |
|    std                  | 0.364      |
|    value_loss           | 0.275      |
----------------------------------------
-----------------------------------------
| energy/                 |             |
|    E_damp_J             | 0.0199      |
|    E_fric_J             | 0.00971     |
|    E_norm_J             | 0.00205     |
|    W_neg_J              | 0.0202      |
|    W_pos_J              | 0.0608      |
| reward/                 |             |
|    r_energy             | -0.0452     |
|    r_pose               | -0.00319    |
|    r_vel                | 0.511       |
|    r_xvel               | -0.0635     |
| rollout/                |             |
|    ep_len_mean          | 82          |
|    ep_rew_mean          | 18.3        |
| time/                   |             |
|    fps                  | 45          |
|    iterations           | 172         |
|    time_elapsed         | 15503       |
|    total_timesteps      | 704512      |
| train/                  |             |
|    approx_kl            | 0.029900402 |
|    clip_fraction        | 0.357       |
|    clip_range           | 0.2         |
|    entropy_loss         | -3.47       |
|    explained_variance   | 0.644       |
|    learning_rate        | 0.0003      |
|    loss                 | 0.0711      |
|    n_updates            | 1710        |
|    policy_gradient_loss | -0.00752    |
|    std                  | 0.362       |
|    value_loss           | 0.275       |
-----------------------------------------
-----------------------------------------
| energy/                 |             |
|    E_damp_J             | 0.0193      |
|    E_fric_J             | 0.00932     |
|    E_norm_J             | 0.00185     |
|    W_neg_J              | 0.0223      |
|    W_pos_J              | 0.0496      |
| reward/                 |             |
|    r_energy             | -0.0426     |
|    r_pose               | -0.00333    |
|    r_vel                | 0.477       |
|    r_xvel               | -0.0625     |
| rollout/                |             |
|    ep_len_mean          | 82          |
|    ep_rew_mean          | 18.8        |
| time/                   |             |
|    fps                  | 45          |
|    iterations           | 173         |
|    time_elapsed         | 15592       |
|    total_timesteps      | 708608      |
| train/                  |             |
|    approx_kl            | 0.034968697 |
|    clip_fraction        | 0.363       |
|    clip_range           | 0.2         |
|    entropy_loss         | -3.39       |
|    explained_variance   | 0.631       |
|    learning_rate        | 0.0003      |
|    loss                 | 0.0955      |
|    n_updates            | 1720        |
|    policy_gradient_loss | -0.00657    |
|    std                  | 0.358       |
|    value_loss           | 0.28        |
-----------------------------------------
----------------------------------------
| energy/                 |            |
|    E_damp_J             | 0.0189     |
|    E_fric_J             | 0.00955    |
|    E_norm_J             | 0.00206    |
|    W_neg_J              | 0.0212     |
|    W_pos_J              | 0.0515     |
| reward/                 |            |
|    r_energy             | -0.0424    |
|    r_pose               | -0.00348   |
|    r_vel                | 0.491      |
|    r_xvel               | -0.0709    |
| rollout/                |            |
|    ep_len_mean          | 82         |
|    ep_rew_mean          | 18.8       |
| time/                   |            |
|    fps                  | 45         |
|    iterations           | 174        |
|    time_elapsed         | 15681      |
|    total_timesteps      | 712704     |
| train/                  |            |
|    approx_kl            | 0.03493181 |
|    clip_fraction        | 0.365      |
|    clip_range           | 0.2        |
|    entropy_loss         | -3.33      |
|    explained_variance   | 0.686      |
|    learning_rate        | 0.0003     |
|    loss                 | 0.0457     |
|    n_updates            | 1730       |
|    policy_gradient_loss | -0.0107    |
|    std                  | 0.357      |
|    value_loss           | 0.23       |
----------------------------------------
-----------------------------------------
| energy/                 |             |
|    E_damp_J             | 0.0179      |
|    E_fric_J             | 0.00893     |
|    E_norm_J             | 0.00173     |
|    W_neg_J              | 0.0185      |
|    W_pos_J              | 0.0498      |
| reward/                 |             |
|    r_energy             | -0.0395     |
|    r_pose               | -0.00309    |
|    r_vel                | 0.496       |
|    r_xvel               | -0.053      |
| rollout/                |             |
|    ep_len_mean          | 82          |
|    ep_rew_mean          | 18.9        |
| time/                   |             |
|    fps                  | 45          |
|    iterations           | 175         |
|    time_elapsed         | 15770       |
|    total_timesteps      | 716800      |
| train/                  |             |
|    approx_kl            | 0.029214278 |
|    clip_fraction        | 0.353       |
|    clip_range           | 0.2         |
|    entropy_loss         | -3.28       |
|    explained_variance   | 0.586       |
|    learning_rate        | 0.0003      |
|    loss                 | 0.0764      |
|    n_updates            | 1740        |
|    policy_gradient_loss | -0.0111     |
|    std                  | 0.355       |
|    value_loss           | 0.363       |
-----------------------------------------
----------------------------------------
| energy/                 |            |
|    E_damp_J             | 0.0198     |
|    E_fric_J             | 0.00898    |
|    E_norm_J             | 0.00186    |
|    W_neg_J              | 0.0206     |
|    W_pos_J              | 0.0511     |
| reward/                 |            |
|    r_energy             | -0.0421    |
|    r_pose               | -0.00294   |
|    r_vel                | 0.467      |
|    r_xvel               | -0.0761    |
| rollout/                |            |
|    ep_len_mean          | 82         |
|    ep_rew_mean          | 19.5       |
| time/                   |            |
|    fps                  | 45         |
|    iterations           | 176        |
|    time_elapsed         | 15860      |
|    total_timesteps      | 720896     |
| train/                  |            |
|    approx_kl            | 0.03272861 |
|    clip_fraction        | 0.355      |
|    clip_range           | 0.2        |
|    entropy_loss         | -3.21      |
|    explained_variance   | 0.647      |
|    learning_rate        | 0.0003     |
|    loss                 | 0.104      |
|    n_updates            | 1750       |
|    policy_gradient_loss | -0.0113    |
|    std                  | 0.353      |
|    value_loss           | 0.281      |
----------------------------------------
----------------------------------------
| energy/                 |            |
|    E_damp_J             | 0.02       |
|    E_fric_J             | 0.00972    |
|    E_norm_J             | 0.00278    |
|    W_neg_J              | 0.0242     |
|    W_pos_J              | 0.0543     |
| reward/                 |            |
|    r_energy             | -0.0457    |
|    r_pose               | -0.00301   |
|    r_vel                | 0.452      |
|    r_xvel               | -0.0882    |
| rollout/                |            |
|    ep_len_mean          | 82         |
|    ep_rew_mean          | 19.3       |
| time/                   |            |
|    fps                  | 45         |
|    iterations           | 177        |
|    time_elapsed         | 15949      |
|    total_timesteps      | 724992     |
| train/                  |            |
|    approx_kl            | 0.03189736 |
|    clip_fraction        | 0.369      |
|    clip_range           | 0.2        |
|    entropy_loss         | -3.15      |
|    explained_variance   | 0.686      |
|    learning_rate        | 0.0003     |
|    loss                 | 0.0499     |
|    n_updates            | 1760       |
|    policy_gradient_loss | -0.0107    |
|    std                  | 0.351      |
|    value_loss           | 0.23       |
----------------------------------------
---------------------------------------
| energy/                 |           |
|    E_damp_J             | 0.0227    |
|    E_fric_J             | 0.00951   |
|    E_norm_J             | 0.00196   |
|    W_neg_J              | 0.0216    |
|    W_pos_J              | 0.0594    |
| reward/                 |           |
|    r_energy             | -0.0469   |
|    r_pose               | -0.00305  |
|    r_vel                | 0.512     |
|    r_xvel               | -0.0847   |
| rollout/                |           |
|    ep_len_mean          | 82        |
|    ep_rew_mean          | 19.5      |
| time/                   |           |
|    fps                  | 45        |
|    iterations           | 178       |
|    time_elapsed         | 16040     |
|    total_timesteps      | 729088    |
| train/                  |           |
|    approx_kl            | 0.0366318 |
|    clip_fraction        | 0.386     |
|    clip_range           | 0.2       |
|    entropy_loss         | -3.1      |
|    explained_variance   | 0.612     |
|    learning_rate        | 0.0003    |
|    loss                 | 0.131     |
|    n_updates            | 1770      |
|    policy_gradient_loss | -0.0102   |
|    std                  | 0.35      |
|    value_loss           | 0.343     |
---------------------------------------
-----------------------------------------
| energy/                 |             |
|    E_damp_J             | 0.024       |
|    E_fric_J             | 0.0103      |
|    E_norm_J             | 0.0188      |
|    W_neg_J              | 0.0272      |
|    W_pos_J              | 0.0731      |
| reward/                 |             |
|    r_energy             | -0.0554     |
|    r_pose               | -0.00286    |
|    r_vel                | 0.43        |
|    r_xvel               | -0.0988     |
| rollout/                |             |
|    ep_len_mean          | 82          |
|    ep_rew_mean          | 20.2        |
| time/                   |             |
|    fps                  | 45          |
|    iterations           | 179         |
|    time_elapsed         | 16131       |
|    total_timesteps      | 733184      |
| train/                  |             |
|    approx_kl            | 0.043984827 |
|    clip_fraction        | 0.379       |
|    clip_range           | 0.2         |
|    entropy_loss         | -3.04       |
|    explained_variance   | 0.642       |
|    learning_rate        | 0.0003      |
|    loss                 | 0.0288      |
|    n_updates            | 1780        |
|    policy_gradient_loss | -0.00868    |
|    std                  | 0.348       |
|    value_loss           | 0.247       |
-----------------------------------------
----------------------------------------
| energy/                 |            |
|    E_damp_J             | 0.0197     |
|    E_fric_J             | 0.00957    |
|    E_norm_J             | 0.00208    |
|    W_neg_J              | 0.021      |
|    W_pos_J              | 0.0538     |
| reward/                 |            |
|    r_energy             | -0.0434    |
|    r_pose               | -0.00298   |
|    r_vel                | 0.488      |
|    r_xvel               | -0.09      |
| rollout/                |            |
|    ep_len_mean          | 82         |
|    ep_rew_mean          | 20.2       |
| time/                   |            |
|    fps                  | 45         |
|    iterations           | 180        |
|    time_elapsed         | 16221      |
|    total_timesteps      | 737280     |
| train/                  |            |
|    approx_kl            | 0.03414247 |
|    clip_fraction        | 0.369      |
|    clip_range           | 0.2        |
|    entropy_loss         | -2.98      |
|    explained_variance   | 0.728      |
|    learning_rate        | 0.0003     |
|    loss                 | 0.0646     |
|    n_updates            | 1790       |
|    policy_gradient_loss | -0.00969   |
|    std                  | 0.346      |
|    value_loss           | 0.198      |
----------------------------------------
-----------------------------------------
| energy/                 |             |
|    E_damp_J             | 0.0447      |
|    E_fric_J             | 0.01        |
|    E_norm_J             | 0.0201      |
|    W_neg_J              | 0.0618      |
|    W_pos_J              | 0.0927      |
| reward/                 |             |
|    r_energy             | -0.0922     |
|    r_pose               | -0.00255    |
|    r_vel                | 0.41        |
|    r_xvel               | -0.0863     |
| rollout/                |             |
|    ep_len_mean          | 82          |
|    ep_rew_mean          | 20          |
| time/                   |             |
|    fps                  | 45          |
|    iterations           | 181         |
|    time_elapsed         | 16312       |
|    total_timesteps      | 741376      |
| train/                  |             |
|    approx_kl            | 0.034777347 |
|    clip_fraction        | 0.39        |
|    clip_range           | 0.2         |
|    entropy_loss         | -2.9        |
|    explained_variance   | 0.681       |
|    learning_rate        | 0.0003      |
|    loss                 | 0.0664      |
|    n_updates            | 1800        |
|    policy_gradient_loss | -0.013      |
|    std                  | 0.343       |
|    value_loss           | 0.246       |
-----------------------------------------
----------------------------------------
| energy/                 |            |
|    E_damp_J             | 0.0191     |
|    E_fric_J             | 0.00882    |
|    E_norm_J             | 0.0017     |
|    W_neg_J              | 0.0188     |
|    W_pos_J              | 0.0544     |
| reward/                 |            |
|    r_energy             | -0.0415    |
|    r_pose               | -0.00304   |
|    r_vel                | 0.488      |
|    r_xvel               | -0.0633    |
| rollout/                |            |
|    ep_len_mean          | 82         |
|    ep_rew_mean          | 20.3       |
| time/                   |            |
|    fps                  | 45         |
|    iterations           | 182        |
|    time_elapsed         | 16403      |
|    total_timesteps      | 745472     |
| train/                  |            |
|    approx_kl            | 0.03459817 |
|    clip_fraction        | 0.395      |
|    clip_range           | 0.2        |
|    entropy_loss         | -2.83      |
|    explained_variance   | 0.632      |
|    learning_rate        | 0.0003     |
|    loss                 | 0.139      |
|    n_updates            | 1810       |
|    policy_gradient_loss | -0.0112    |
|    std                  | 0.34       |
|    value_loss           | 0.324      |
----------------------------------------
-----------------------------------------
| energy/                 |             |
|    E_damp_J             | 0.0376      |
|    E_fric_J             | 0.00982     |
|    E_norm_J             | 0.0187      |
|    W_neg_J              | 0.0436      |
|    W_pos_J              | 0.0837      |
| reward/                 |             |
|    r_energy             | -0.075      |
|    r_pose               | -0.00283    |
|    r_vel                | 0.404       |
|    r_xvel               | -0.0785     |
| rollout/                |             |
|    ep_len_mean          | 82          |
|    ep_rew_mean          | 20.7        |
| time/                   |             |
|    fps                  | 45          |
|    iterations           | 183         |
|    time_elapsed         | 16495       |
|    total_timesteps      | 749568      |
| train/                  |             |
|    approx_kl            | 0.034643278 |
|    clip_fraction        | 0.373       |
|    clip_range           | 0.2         |
|    entropy_loss         | -2.77       |
|    explained_variance   | 0.648       |
|    learning_rate        | 0.0003      |
|    loss                 | 0.0329      |
|    n_updates            | 1820        |
|    policy_gradient_loss | -0.00788    |
|    std                  | 0.339       |
|    value_loss           | 0.261       |
-----------------------------------------
-----------------------------------------
| energy/                 |             |
|    E_damp_J             | 0.021       |
|    E_fric_J             | 0.00955     |
|    E_norm_J             | 0.00185     |
|    W_neg_J              | 0.0202      |
|    W_pos_J              | 0.0569      |
| reward/                 |             |
|    r_energy             | -0.0445     |
|    r_pose               | -0.00331    |
|    r_vel                | 0.529       |
|    r_xvel               | -0.0625     |
| rollout/                |             |
|    ep_len_mean          | 82          |
|    ep_rew_mean          | 20.8        |
| time/                   |             |
|    fps                  | 45          |
|    iterations           | 184         |
|    time_elapsed         | 16586       |
|    total_timesteps      | 753664      |
| train/                  |             |
|    approx_kl            | 0.041973688 |
|    clip_fraction        | 0.385       |
|    clip_range           | 0.2         |
|    entropy_loss         | -2.68       |
|    explained_variance   | 0.713       |
|    learning_rate        | 0.0003      |
|    loss                 | 0.0552      |
|    n_updates            | 1830        |
|    policy_gradient_loss | -0.00729    |
|    std                  | 0.336       |
|    value_loss           | 0.224       |
-----------------------------------------
-----------------------------------------
| energy/                 |             |
|    E_damp_J             | 0.0431      |
|    E_fric_J             | 0.0104      |
|    E_norm_J             | 0.02        |
|    W_neg_J              | 0.0563      |
|    W_pos_J              | 0.0931      |
| reward/                 |             |
|    r_energy             | -0.0884     |
|    r_pose               | -0.00284    |
|    r_vel                | 0.433       |
|    r_xvel               | -0.105      |
| rollout/                |             |
|    ep_len_mean          | 82          |
|    ep_rew_mean          | 21.2        |
| time/                   |             |
|    fps                  | 45          |
|    iterations           | 185         |
|    time_elapsed         | 16676       |
|    total_timesteps      | 757760      |
| train/                  |             |
|    approx_kl            | 0.033118863 |
|    clip_fraction        | 0.379       |
|    clip_range           | 0.2         |
|    entropy_loss         | -2.62       |
|    explained_variance   | 0.657       |
|    learning_rate        | 0.0003      |
|    loss                 | 0.129       |
|    n_updates            | 1840        |
|    policy_gradient_loss | -0.00587    |
|    std                  | 0.334       |
|    value_loss           | 0.254       |
-----------------------------------------
-----------------------------------------
| energy/                 |             |
|    E_damp_J             | 0.0213      |
|    E_fric_J             | 0.0101      |
|    E_norm_J             | 0.00202     |
|    W_neg_J              | 0.0205      |
|    W_pos_J              | 0.0562      |
| reward/                 |             |
|    r_energy             | -0.0449     |
|    r_pose               | -0.00316    |
|    r_vel                | 0.553       |
|    r_xvel               | -0.0893     |
| rollout/                |             |
|    ep_len_mean          | 82          |
|    ep_rew_mean          | 21.4        |
| time/                   |             |
|    fps                  | 45          |
|    iterations           | 186         |
|    time_elapsed         | 16767       |
|    total_timesteps      | 761856      |
| train/                  |             |
|    approx_kl            | 0.036697738 |
|    clip_fraction        | 0.394       |
|    clip_range           | 0.2         |
|    entropy_loss         | -2.53       |
|    explained_variance   | 0.665       |
|    learning_rate        | 0.0003      |
|    loss                 | 0.0944      |
|    n_updates            | 1850        |
|    policy_gradient_loss | -0.00667    |
|    std                  | 0.331       |
|    value_loss           | 0.248       |
-----------------------------------------
----------------------------------------
| energy/                 |            |
|    E_damp_J             | 0.043      |
|    E_fric_J             | 0.0102     |
|    E_norm_J             | 0.0193     |
|    W_neg_J              | 0.0467     |
|    W_pos_J              | 0.095      |
| reward/                 |            |
|    r_energy             | -0.0831    |
|    r_pose               | -0.00278   |
|    r_vel                | 0.451      |
|    r_xvel               | -0.0768    |
| rollout/                |            |
|    ep_len_mean          | 82         |
|    ep_rew_mean          | 21.6       |
| time/                   |            |
|    fps                  | 45         |
|    iterations           | 187        |
|    time_elapsed         | 16858      |
|    total_timesteps      | 765952     |
| train/                  |            |
|    approx_kl            | 0.03651639 |
|    clip_fraction        | 0.383      |
|    clip_range           | 0.2        |
|    entropy_loss         | -2.47      |
|    explained_variance   | 0.673      |
|    learning_rate        | 0.0003     |
|    loss                 | 0.0319     |
|    n_updates            | 1860       |
|    policy_gradient_loss | -0.00748   |
|    std                  | 0.33       |
|    value_loss           | 0.255      |
----------------------------------------
----------------------------------------
| energy/                 |            |
|    E_damp_J             | 0.0227     |
|    E_fric_J             | 0.0103     |
|    E_norm_J             | 0.00217    |
|    W_neg_J              | 0.0193     |
|    W_pos_J              | 0.0578     |
| reward/                 |            |
|    r_energy             | -0.0455    |
|    r_pose               | -0.00307   |
|    r_vel                | 0.547      |
|    r_xvel               | -0.0811    |
| rollout/                |            |
|    ep_len_mean          | 82         |
|    ep_rew_mean          | 21.8       |
| time/                   |            |
|    fps                  | 45         |
|    iterations           | 188        |
|    time_elapsed         | 16948      |
|    total_timesteps      | 770048     |
| train/                  |            |
|    approx_kl            | 0.03543298 |
|    clip_fraction        | 0.383      |
|    clip_range           | 0.2        |
|    entropy_loss         | -2.43      |
|    explained_variance   | 0.689      |
|    learning_rate        | 0.0003     |
|    loss                 | 0.0644     |
|    n_updates            | 1870       |
|    policy_gradient_loss | -0.00688   |
|    std                  | 0.329      |
|    value_loss           | 0.255      |
----------------------------------------
-----------------------------------------
| energy/                 |             |
|    E_damp_J             | 0.0424      |
|    E_fric_J             | 0.0105      |
|    E_norm_J             | 0.0195      |
|    W_neg_J              | 0.0497      |
|    W_pos_J              | 0.097       |
| reward/                 |             |
|    r_energy             | -0.0854     |
|    r_pose               | -0.00264    |
|    r_vel                | 0.442       |
|    r_xvel               | -0.111      |
| rollout/                |             |
|    ep_len_mean          | 82          |
|    ep_rew_mean          | 21.8        |
| time/                   |             |
|    fps                  | 45          |
|    iterations           | 189         |
|    time_elapsed         | 17036       |
|    total_timesteps      | 774144      |
| train/                  |             |
|    approx_kl            | 0.042650744 |
|    clip_fraction        | 0.383       |
|    clip_range           | 0.2         |
|    entropy_loss         | -2.4        |
|    explained_variance   | 0.662       |
|    learning_rate        | 0.0003      |
|    loss                 | 0.101       |
|    n_updates            | 1880        |
|    policy_gradient_loss | -0.00629    |
|    std                  | 0.328       |
|    value_loss           | 0.269       |
-----------------------------------------
----------------------------------------
| energy/                 |            |
|    E_damp_J             | 0.0211     |
|    E_fric_J             | 0.00991    |
|    E_norm_J             | 0.00198    |
|    W_neg_J              | 0.0213     |
|    W_pos_J              | 0.0547     |
| reward/                 |            |
|    r_energy             | -0.0447    |
|    r_pose               | -0.00272   |
|    r_vel                | 0.555      |
|    r_xvel               | -0.106     |
| rollout/                |            |
|    ep_len_mean          | 82         |
|    ep_rew_mean          | 21.8       |
| time/                   |            |
|    fps                  | 45         |
|    iterations           | 190        |
|    time_elapsed         | 17128      |
|    total_timesteps      | 778240     |
| train/                  |            |
|    approx_kl            | 0.03543052 |
|    clip_fraction        | 0.395      |
|    clip_range           | 0.2        |
|    entropy_loss         | -2.35      |
|    explained_variance   | 0.661      |
|    learning_rate        | 0.0003     |
|    loss                 | 0.114      |
|    n_updates            | 1890       |
|    policy_gradient_loss | -0.00563   |
|    std                  | 0.325      |
|    value_loss           | 0.288      |
----------------------------------------
-----------------------------------------
| energy/                 |             |
|    E_damp_J             | 0.0422      |
|    E_fric_J             | 0.0106      |
|    E_norm_J             | 0.0188      |
|    W_neg_J              | 0.0468      |
|    W_pos_J              | 0.0938      |
| reward/                 |             |
|    r_energy             | -0.0827     |
|    r_pose               | -0.00276    |
|    r_vel                | 0.446       |
|    r_xvel               | -0.0953     |
| rollout/                |             |
|    ep_len_mean          | 82          |
|    ep_rew_mean          | 21.7        |
| time/                   |             |
|    fps                  | 45          |
|    iterations           | 191         |
|    time_elapsed         | 17219       |
|    total_timesteps      | 782336      |
| train/                  |             |
|    approx_kl            | 0.044585675 |
|    clip_fraction        | 0.405       |
|    clip_range           | 0.2         |
|    entropy_loss         | -2.28       |
|    explained_variance   | 0.652       |
|    learning_rate        | 0.0003      |
|    loss                 | 0.0763      |
|    n_updates            | 1900        |
|    policy_gradient_loss | -0.00539    |
|    std                  | 0.323       |
|    value_loss           | 0.281       |
-----------------------------------------
-----------------------------------------
| energy/                 |             |
|    E_damp_J             | 0.021       |
|    E_fric_J             | 0.00967     |
|    E_norm_J             | 0.00189     |
|    W_neg_J              | 0.0177      |
|    W_pos_J              | 0.0577      |
| reward/                 |             |
|    r_energy             | -0.0433     |
|    r_pose               | -0.00304    |
|    r_vel                | 0.533       |
|    r_xvel               | -0.0749     |
| rollout/                |             |
|    ep_len_mean          | 82          |
|    ep_rew_mean          | 21.7        |
| time/                   |             |
|    fps                  | 45          |
|    iterations           | 192         |
|    time_elapsed         | 17308       |
|    total_timesteps      | 786432      |
| train/                  |             |
|    approx_kl            | 0.040853083 |
|    clip_fraction        | 0.385       |
|    clip_range           | 0.2         |
|    entropy_loss         | -2.2        |
|    explained_variance   | 0.698       |
|    learning_rate        | 0.0003      |
|    loss                 | 0.0763      |
|    n_updates            | 1910        |
|    policy_gradient_loss | -0.008      |
|    std                  | 0.32        |
|    value_loss           | 0.253       |
-----------------------------------------
-----------------------------------------
| energy/                 |             |
|    E_damp_J             | 0.0454      |
|    E_fric_J             | 0.0104      |
|    E_norm_J             | 0.0201      |
|    W_neg_J              | 0.0572      |
|    W_pos_J              | 0.0914      |
| reward/                 |             |
|    r_energy             | -0.0897     |
|    r_pose               | -0.00249    |
|    r_vel                | 0.443       |
|    r_xvel               | -0.0848     |
| rollout/                |             |
|    ep_len_mean          | 82          |
|    ep_rew_mean          | 22.3        |
| time/                   |             |
|    fps                  | 45          |
|    iterations           | 193         |
|    time_elapsed         | 17398       |
|    total_timesteps      | 790528      |
| train/                  |             |
|    approx_kl            | 0.035380505 |
|    clip_fraction        | 0.381       |
|    clip_range           | 0.2         |
|    entropy_loss         | -2.12       |
|    explained_variance   | 0.617       |
|    learning_rate        | 0.0003      |
|    loss                 | 0.111       |
|    n_updates            | 1920        |
|    policy_gradient_loss | -0.00644    |
|    std                  | 0.319       |
|    value_loss           | 0.292       |
-----------------------------------------
----------------------------------------
| energy/                 |            |
|    E_damp_J             | 0.0218     |
|    E_fric_J             | 0.00984    |
|    E_norm_J             | 0.00205    |
|    W_neg_J              | 0.0183     |
|    W_pos_J              | 0.0598     |
| reward/                 |            |
|    r_energy             | -0.0447    |
|    r_pose               | -0.00288   |
|    r_vel                | 0.541      |
|    r_xvel               | -0.0806    |
| rollout/                |            |
|    ep_len_mean          | 82         |
|    ep_rew_mean          | 22.5       |
| time/                   |            |
|    fps                  | 45         |
|    iterations           | 194        |
|    time_elapsed         | 17488      |
|    total_timesteps      | 794624     |
| train/                  |            |
|    approx_kl            | 0.03622579 |
|    clip_fraction        | 0.389      |
|    clip_range           | 0.2        |
|    entropy_loss         | -2.07      |
|    explained_variance   | 0.671      |
|    learning_rate        | 0.0003     |
|    loss                 | 0.0627     |
|    n_updates            | 1930       |
|    policy_gradient_loss | -0.00635   |
|    std                  | 0.317      |
|    value_loss           | 0.245      |
----------------------------------------
-----------------------------------------
| energy/                 |             |
|    E_damp_J             | 0.0417      |
|    E_fric_J             | 0.0105      |
|    E_norm_J             | 0.0196      |
|    W_neg_J              | 0.049       |
|    W_pos_J              | 0.0931      |
| reward/                 |             |
|    r_energy             | -0.0834     |
|    r_pose               | -0.00278    |
|    r_vel                | 0.467       |
|    r_xvel               | -0.0951     |
| rollout/                |             |
|    ep_len_mean          | 82          |
|    ep_rew_mean          | 22.5        |
| time/                   |             |
|    fps                  | 45          |
|    iterations           | 195         |
|    time_elapsed         | 17579       |
|    total_timesteps      | 798720      |
| train/                  |             |
|    approx_kl            | 0.039641738 |
|    clip_fraction        | 0.43        |
|    clip_range           | 0.2         |
|    entropy_loss         | -2.02       |
|    explained_variance   | 0.675       |
|    learning_rate        | 0.0003      |
|    loss                 | 0.0708      |
|    n_updates            | 1940        |
|    policy_gradient_loss | -0.00703    |
|    std                  | 0.316       |
|    value_loss           | 0.248       |
-----------------------------------------
-----------------------------------------
| energy/                 |             |
|    E_damp_J             | 0.0218      |
|    E_fric_J             | 0.01        |
|    E_norm_J             | 0.00204     |
|    W_neg_J              | 0.0205      |
|    W_pos_J              | 0.0555      |
| reward/                 |             |
|    r_energy             | -0.0448     |
|    r_pose               | -0.00298    |
|    r_vel                | 0.559       |
|    r_xvel               | -0.0612     |
| rollout/                |             |
|    ep_len_mean          | 82          |
|    ep_rew_mean          | 22.9        |
| time/                   |             |
|    fps                  | 45          |
|    iterations           | 196         |
|    time_elapsed         | 17669       |
|    total_timesteps      | 802816      |
| train/                  |             |
|    approx_kl            | 0.039159484 |
|    clip_fraction        | 0.391       |
|    clip_range           | 0.2         |
|    entropy_loss         | -1.97       |
|    explained_variance   | 0.704       |
|    learning_rate        | 0.0003      |
|    loss                 | 0.0648      |
|    n_updates            | 1950        |
|    policy_gradient_loss | -0.00226    |
|    std                  | 0.314       |
|    value_loss           | 0.249       |
-----------------------------------------
----------------------------------------
| energy/                 |            |
|    E_damp_J             | 0.0419     |
|    E_fric_J             | 0.0109     |
|    E_norm_J             | 0.0193     |
|    W_neg_J              | 0.0516     |
|    W_pos_J              | 0.0952     |
| reward/                 |            |
|    r_energy             | -0.086     |
|    r_pose               | -0.00282   |
|    r_vel                | 0.481      |
|    r_xvel               | -0.127     |
| rollout/                |            |
|    ep_len_mean          | 82         |
|    ep_rew_mean          | 23.3       |
| time/                   |            |
|    fps                  | 45         |
|    iterations           | 197        |
|    time_elapsed         | 17760      |
|    total_timesteps      | 806912     |
| train/                  |            |
|    approx_kl            | 0.04042252 |
|    clip_fraction        | 0.384      |
|    clip_range           | 0.2        |
|    entropy_loss         | -1.9       |
|    explained_variance   | 0.693      |
|    learning_rate        | 0.0003     |
|    loss                 | 0.109      |
|    n_updates            | 1960       |
|    policy_gradient_loss | -0.00662   |
|    std                  | 0.312      |
|    value_loss           | 0.224      |
----------------------------------------
-----------------------------------------
| energy/                 |             |
|    E_damp_J             | 0.021       |
|    E_fric_J             | 0.00977     |
|    E_norm_J             | 0.00187     |
|    W_neg_J              | 0.0193      |
|    W_pos_J              | 0.0589      |
| reward/                 |             |
|    r_energy             | -0.0447     |
|    r_pose               | -0.00304    |
|    r_vel                | 0.545       |
|    r_xvel               | -0.0682     |
| rollout/                |             |
|    ep_len_mean          | 82          |
|    ep_rew_mean          | 23.4        |
| time/                   |             |
|    fps                  | 45          |
|    iterations           | 198         |
|    time_elapsed         | 17851       |
|    total_timesteps      | 811008      |
| train/                  |             |
|    approx_kl            | 0.045671843 |
|    clip_fraction        | 0.393       |
|    clip_range           | 0.2         |
|    entropy_loss         | -1.83       |
|    explained_variance   | 0.673       |
|    learning_rate        | 0.0003      |
|    loss                 | 0.117       |
|    n_updates            | 1970        |
|    policy_gradient_loss | -0.00875    |
|    std                  | 0.31        |
|    value_loss           | 0.276       |
-----------------------------------------
-----------------------------------------
| energy/                 |             |
|    E_damp_J             | 0.0446      |
|    E_fric_J             | 0.0105      |
|    E_norm_J             | 0.0196      |
|    W_neg_J              | 0.0541      |
|    W_pos_J              | 0.0976      |
| reward/                 |             |
|    r_energy             | -0.0893     |
|    r_pose               | -0.00278    |
|    r_vel                | 0.478       |
|    r_xvel               | -0.0834     |
| rollout/                |             |
|    ep_len_mean          | 82          |
|    ep_rew_mean          | 23.8        |
| time/                   |             |
|    fps                  | 45          |
|    iterations           | 199         |
|    time_elapsed         | 17941       |
|    total_timesteps      | 815104      |
| train/                  |             |
|    approx_kl            | 0.038922623 |
|    clip_fraction        | 0.404       |
|    clip_range           | 0.2         |
|    entropy_loss         | -1.74       |
|    explained_variance   | 0.732       |
|    learning_rate        | 0.0003      |
|    loss                 | 0.0463      |
|    n_updates            | 1980        |
|    policy_gradient_loss | -0.00701    |
|    std                  | 0.307       |
|    value_loss           | 0.214       |
-----------------------------------------
-----------------------------------------
| energy/                 |             |
|    E_damp_J             | 0.0224      |
|    E_fric_J             | 0.0105      |
|    E_norm_J             | 0.00218     |
|    W_neg_J              | 0.018       |
|    W_pos_J              | 0.0601      |
| reward/                 |             |
|    r_energy             | -0.0453     |
|    r_pose               | -0.0029     |
|    r_vel                | 0.569       |
|    r_xvel               | -0.0826     |
| rollout/                |             |
|    ep_len_mean          | 82          |
|    ep_rew_mean          | 24.2        |
| time/                   |             |
|    fps                  | 45          |
|    iterations           | 200         |
|    time_elapsed         | 18030       |
|    total_timesteps      | 819200      |
| train/                  |             |
|    approx_kl            | 0.043217674 |
|    clip_fraction        | 0.4         |
|    clip_range           | 0.2         |
|    entropy_loss         | -1.64       |
|    explained_variance   | 0.701       |
|    learning_rate        | 0.0003      |
|    loss                 | 0.0687      |
|    n_updates            | 1990        |
|    policy_gradient_loss | -0.00853    |
|    std                  | 0.305       |
|    value_loss           | 0.248       |
-----------------------------------------
---------------------------------------
| energy/                 |           |
|    E_damp_J             | 0.0419    |
|    E_fric_J             | 0.0107    |
|    E_norm_J             | 0.0197    |
|    W_neg_J              | 0.0504    |
|    W_pos_J              | 0.0934    |
| reward/                 |           |
|    r_energy             | -0.0846   |
|    r_pose               | -0.00266  |
|    r_vel                | 0.468     |
|    r_xvel               | -0.111    |
| rollout/                |           |
|    ep_len_mean          | 82        |
|    ep_rew_mean          | 23.8      |
| time/                   |           |
|    fps                  | 45        |
|    iterations           | 201       |
|    time_elapsed         | 18120     |
|    total_timesteps      | 823296    |
| train/                  |           |
|    approx_kl            | 0.0483172 |
|    clip_fraction        | 0.407     |
|    clip_range           | 0.2       |
|    entropy_loss         | -1.58     |
|    explained_variance   | 0.689     |
|    learning_rate        | 0.0003    |
|    loss                 | 0.0466    |
|    n_updates            | 2000      |
|    policy_gradient_loss | -0.00406  |
|    std                  | 0.304     |
|    value_loss           | 0.231     |
---------------------------------------
-----------------------------------------
| energy/                 |             |
|    E_damp_J             | 0.0212      |
|    E_fric_J             | 0.0101      |
|    E_norm_J             | 0.00197     |
|    W_neg_J              | 0.02        |
|    W_pos_J              | 0.0607      |
| reward/                 |             |
|    r_energy             | -0.0459     |
|    r_pose               | -0.00307    |
|    r_vel                | 0.572       |
|    r_xvel               | -0.0649     |
| rollout/                |             |
|    ep_len_mean          | 82          |
|    ep_rew_mean          | 23.9        |
| time/                   |             |
|    fps                  | 45          |
|    iterations           | 202         |
|    time_elapsed         | 18209       |
|    total_timesteps      | 827392      |
| train/                  |             |
|    approx_kl            | 0.038231373 |
|    clip_fraction        | 0.421       |
|    clip_range           | 0.2         |
|    entropy_loss         | -1.54       |
|    explained_variance   | 0.699       |
|    learning_rate        | 0.0003      |
|    loss                 | 0.0747      |
|    n_updates            | 2010        |
|    policy_gradient_loss | -0.00328    |
|    std                  | 0.302       |
|    value_loss           | 0.253       |
-----------------------------------------
----------------------------------------
| energy/                 |            |
|    E_damp_J             | 0.0428     |
|    E_fric_J             | 0.00995    |
|    E_norm_J             | 0.019      |
|    W_neg_J              | 0.0475     |
|    W_pos_J              | 0.0891     |
| reward/                 |            |
|    r_energy             | -0.0816    |
|    r_pose               | -0.0027    |
|    r_vel                | 0.54       |
|    r_xvel               | -0.0776    |
| rollout/                |            |
|    ep_len_mean          | 82         |
|    ep_rew_mean          | 24.4       |
| time/                   |            |
|    fps                  | 45         |
|    iterations           | 203        |
|    time_elapsed         | 18298      |
|    total_timesteps      | 831488     |
| train/                  |            |
|    approx_kl            | 0.04341861 |
|    clip_fraction        | 0.406      |
|    clip_range           | 0.2        |
|    entropy_loss         | -1.51      |
|    explained_variance   | 0.724      |
|    learning_rate        | 0.0003     |
|    loss                 | 0.0962     |
|    n_updates            | 2020       |
|    policy_gradient_loss | -0.00401   |
|    std                  | 0.303      |
|    value_loss           | 0.21       |
----------------------------------------
-----------------------------------------
| energy/                 |             |
|    E_damp_J             | 0.0212      |
|    E_fric_J             | 0.00992     |
|    E_norm_J             | 0.00188     |
|    W_neg_J              | 0.0195      |
|    W_pos_J              | 0.0539      |
| reward/                 |             |
|    r_energy             | -0.0434     |
|    r_pose               | -0.00309    |
|    r_vel                | 0.564       |
|    r_xvel               | -0.0561     |
| rollout/                |             |
|    ep_len_mean          | 82          |
|    ep_rew_mean          | 24.5        |
| time/                   |             |
|    fps                  | 45          |
|    iterations           | 204         |
|    time_elapsed         | 18388       |
|    total_timesteps      | 835584      |
| train/                  |             |
|    approx_kl            | 0.037514143 |
|    clip_fraction        | 0.399       |
|    clip_range           | 0.2         |
|    entropy_loss         | -1.45       |
|    explained_variance   | 0.742       |
|    learning_rate        | 0.0003      |
|    loss                 | 0.0845      |
|    n_updates            | 2030        |
|    policy_gradient_loss | -0.00544    |
|    std                  | 0.3         |
|    value_loss           | 0.202       |
-----------------------------------------
-----------------------------------------
| energy/                 |             |
|    E_damp_J             | 0.0218      |
|    E_fric_J             | 0.0101      |
|    E_norm_J             | 0.00193     |
|    W_neg_J              | 0.021       |
|    W_pos_J              | 0.054       |
| reward/                 |             |
|    r_energy             | -0.0447     |
|    r_pose               | -0.00293    |
|    r_vel                | 0.563       |
|    r_xvel               | -0.0504     |
| rollout/                |             |
|    ep_len_mean          | 82          |
|    ep_rew_mean          | 24.8        |
| time/                   |             |
|    fps                  | 45          |
|    iterations           | 205         |
|    time_elapsed         | 18479       |
|    total_timesteps      | 839680      |
| train/                  |             |
|    approx_kl            | 0.035051182 |
|    clip_fraction        | 0.399       |
|    clip_range           | 0.2         |
|    entropy_loss         | -1.36       |
|    explained_variance   | 0.771       |
|    learning_rate        | 0.0003      |
|    loss                 | 0.0977      |
|    n_updates            | 2040        |
|    policy_gradient_loss | -0.0108     |
|    std                  | 0.298       |
|    value_loss           | 0.187       |
-----------------------------------------
-----------------------------------------
| energy/                 |             |
|    E_damp_J             | 0.0214      |
|    E_fric_J             | 0.00978     |
|    E_norm_J             | 0.00209     |
|    W_neg_J              | 0.0207      |
|    W_pos_J              | 0.0548      |
| reward/                 |             |
|    r_energy             | -0.0444     |
|    r_pose               | -0.00297    |
|    r_vel                | 0.542       |
|    r_xvel               | -0.0544     |
| rollout/                |             |
|    ep_len_mean          | 82          |
|    ep_rew_mean          | 25          |
| time/                   |             |
|    fps                  | 45          |
|    iterations           | 206         |
|    time_elapsed         | 18571       |
|    total_timesteps      | 843776      |
| train/                  |             |
|    approx_kl            | 0.036368236 |
|    clip_fraction        | 0.399       |
|    clip_range           | 0.2         |
|    entropy_loss         | -1.32       |
|    explained_variance   | 0.73        |
|    learning_rate        | 0.0003      |
|    loss                 | 0.0965      |
|    n_updates            | 2050        |
|    policy_gradient_loss | -0.00379    |
|    std                  | 0.297       |
|    value_loss           | 0.205       |
-----------------------------------------
-----------------------------------------
| energy/                 |             |
|    E_damp_J             | 0.0239      |
|    E_fric_J             | 0.00985     |
|    E_norm_J             | 0.00193     |
|    W_neg_J              | 0.0206      |
|    W_pos_J              | 0.0596      |
| reward/                 |             |
|    r_energy             | -0.0471     |
|    r_pose               | -0.00286    |
|    r_vel                | 0.566       |
|    r_xvel               | -0.0902     |
| rollout/                |             |
|    ep_len_mean          | 82          |
|    ep_rew_mean          | 25.2        |
| time/                   |             |
|    fps                  | 45          |
|    iterations           | 207         |
|    time_elapsed         | 18661       |
|    total_timesteps      | 847872      |
| train/                  |             |
|    approx_kl            | 0.040520266 |
|    clip_fraction        | 0.428       |
|    clip_range           | 0.2         |
|    entropy_loss         | -1.29       |
|    explained_variance   | 0.742       |
|    learning_rate        | 0.0003      |
|    loss                 | 0.0951      |
|    n_updates            | 2060        |
|    policy_gradient_loss | -0.0073     |
|    std                  | 0.296       |
|    value_loss           | 0.205       |
-----------------------------------------
----------------------------------------
| energy/                 |            |
|    E_damp_J             | 0.0224     |
|    E_fric_J             | 0.00981    |
|    E_norm_J             | 0.00184    |
|    W_neg_J              | 0.0205     |
|    W_pos_J              | 0.061      |
| reward/                 |            |
|    r_energy             | -0.0467    |
|    r_pose               | -0.00287   |
|    r_vel                | 0.571      |
|    r_xvel               | -0.0548    |
| rollout/                |            |
|    ep_len_mean          | 82         |
|    ep_rew_mean          | 25.3       |
| time/                   |            |
|    fps                  | 45         |
|    iterations           | 208        |
|    time_elapsed         | 18752      |
|    total_timesteps      | 851968     |
| train/                  |            |
|    approx_kl            | 0.05057411 |
|    clip_fraction        | 0.416      |
|    clip_range           | 0.2        |
|    entropy_loss         | -1.23      |
|    explained_variance   | 0.747      |
|    learning_rate        | 0.0003     |
|    loss                 | 0.0577     |
|    n_updates            | 2070       |
|    policy_gradient_loss | 0.000758   |
|    std                  | 0.294      |
|    value_loss           | 0.184      |
----------------------------------------
-----------------------------------------
| energy/                 |             |
|    E_damp_J             | 0.0214      |
|    E_fric_J             | 0.0101      |
|    E_norm_J             | 0.00191     |
|    W_neg_J              | 0.022       |
|    W_pos_J              | 0.0528      |
| reward/                 |             |
|    r_energy             | -0.0448     |
|    r_pose               | -0.00292    |
|    r_vel                | 0.568       |
|    r_xvel               | -0.0995     |
| rollout/                |             |
|    ep_len_mean          | 82          |
|    ep_rew_mean          | 25.4        |
| time/                   |             |
|    fps                  | 45          |
|    iterations           | 209         |
|    time_elapsed         | 18843       |
|    total_timesteps      | 856064      |
| train/                  |             |
|    approx_kl            | 0.042842485 |
|    clip_fraction        | 0.405       |
|    clip_range           | 0.2         |
|    entropy_loss         | -1.15       |
|    explained_variance   | 0.816       |
|    learning_rate        | 0.0003      |
|    loss                 | 0.0631      |
|    n_updates            | 2080        |
|    policy_gradient_loss | -0.00266    |
|    std                  | 0.292       |
|    value_loss           | 0.155       |
-----------------------------------------
-----------------------------------------
| energy/                 |             |
|    E_damp_J             | 0.0221      |
|    E_fric_J             | 0.0104      |
|    E_norm_J             | 0.00197     |
|    W_neg_J              | 0.0209      |
|    W_pos_J              | 0.0552      |
| reward/                 |             |
|    r_energy             | -0.0453     |
|    r_pose               | -0.00297    |
|    r_vel                | 0.573       |
|    r_xvel               | -0.0579     |
| rollout/                |             |
|    ep_len_mean          | 82          |
|    ep_rew_mean          | 25.2        |
| time/                   |             |
|    fps                  | 45          |
|    iterations           | 210         |
|    time_elapsed         | 18934       |
|    total_timesteps      | 860160      |
| train/                  |             |
|    approx_kl            | 0.052456625 |
|    clip_fraction        | 0.433       |
|    clip_range           | 0.2         |
|    entropy_loss         | -1.06       |
|    explained_variance   | 0.716       |
|    learning_rate        | 0.0003      |
|    loss                 | 0.0762      |
|    n_updates            | 2090        |
|    policy_gradient_loss | -0.00311    |
|    std                  | 0.29        |
|    value_loss           | 0.218       |
-----------------------------------------
-----------------------------------------
| energy/                 |             |
|    E_damp_J             | 0.0222      |
|    E_fric_J             | 0.0101      |
|    E_norm_J             | 0.00181     |
|    W_neg_J              | 0.0207      |
|    W_pos_J              | 0.0581      |
| reward/                 |             |
|    r_energy             | -0.046      |
|    r_pose               | -0.00304    |
|    r_vel                | 0.571       |
|    r_xvel               | -0.0545     |
| rollout/                |             |
|    ep_len_mean          | 82          |
|    ep_rew_mean          | 25.3        |
| time/                   |             |
|    fps                  | 45          |
|    iterations           | 211         |
|    time_elapsed         | 19023       |
|    total_timesteps      | 864256      |
| train/                  |             |
|    approx_kl            | 0.040688813 |
|    clip_fraction        | 0.431       |
|    clip_range           | 0.2         |
|    entropy_loss         | -1.04       |
|    explained_variance   | 0.723       |
|    learning_rate        | 0.0003      |
|    loss                 | 0.0797      |
|    n_updates            | 2100        |
|    policy_gradient_loss | -0.00172    |
|    std                  | 0.29        |
|    value_loss           | 0.245       |
-----------------------------------------
-----------------------------------------
| energy/                 |             |
|    E_damp_J             | 0.0235      |
|    E_fric_J             | 0.01        |
|    E_norm_J             | 0.00187     |
|    W_neg_J              | 0.0192      |
|    W_pos_J              | 0.0614      |
| reward/                 |             |
|    r_energy             | -0.0467     |
|    r_pose               | -0.00303    |
|    r_vel                | 0.586       |
|    r_xvel               | -0.054      |
| rollout/                |             |
|    ep_len_mean          | 82          |
|    ep_rew_mean          | 25.8        |
| time/                   |             |
|    fps                  | 45          |
|    iterations           | 212         |
|    time_elapsed         | 19111       |
|    total_timesteps      | 868352      |
| train/                  |             |
|    approx_kl            | 0.037657347 |
|    clip_fraction        | 0.42        |
|    clip_range           | 0.2         |
|    entropy_loss         | -1.01       |
|    explained_variance   | 0.765       |
|    learning_rate        | 0.0003      |
|    loss                 | 0.0777      |
|    n_updates            | 2110        |
|    policy_gradient_loss | -0.00305    |
|    std                  | 0.289       |
|    value_loss           | 0.185       |
-----------------------------------------
-----------------------------------------
| energy/                 |             |
|    E_damp_J             | 0.0222      |
|    E_fric_J             | 0.0105      |
|    E_norm_J             | 0.00191     |
|    W_neg_J              | 0.0205      |
|    W_pos_J              | 0.0555      |
| reward/                 |             |
|    r_energy             | -0.0453     |
|    r_pose               | -0.00293    |
|    r_vel                | 0.599       |
|    r_xvel               | -0.072      |
| rollout/                |             |
|    ep_len_mean          | 82          |
|    ep_rew_mean          | 25.8        |
| time/                   |             |
|    fps                  | 45          |
|    iterations           | 213         |
|    time_elapsed         | 19199       |
|    total_timesteps      | 872448      |
| train/                  |             |
|    approx_kl            | 0.043972008 |
|    clip_fraction        | 0.42        |
|    clip_range           | 0.2         |
|    entropy_loss         | -0.936      |
|    explained_variance   | 0.807       |
|    learning_rate        | 0.0003      |
|    loss                 | 0.0637      |
|    n_updates            | 2120        |
|    policy_gradient_loss | -0.00429    |
|    std                  | 0.286       |
|    value_loss           | 0.151       |
-----------------------------------------
----------------------------------------
| energy/                 |            |
|    E_damp_J             | 0.023      |
|    E_fric_J             | 0.0104     |
|    E_norm_J             | 0.00198    |
|    W_neg_J              | 0.0212     |
|    W_pos_J              | 0.0599     |
| reward/                 |            |
|    r_energy             | -0.0474    |
|    r_pose               | -0.00295   |
|    r_vel                | 0.579      |
|    r_xvel               | -0.0664    |
| rollout/                |            |
|    ep_len_mean          | 82         |
|    ep_rew_mean          | 25.9       |
| time/                   |            |
|    fps                  | 45         |
|    iterations           | 214        |
|    time_elapsed         | 19288      |
|    total_timesteps      | 876544     |
| train/                  |            |
|    approx_kl            | 0.04358479 |
|    clip_fraction        | 0.411      |
|    clip_range           | 0.2        |
|    entropy_loss         | -0.839     |
|    explained_variance   | 0.759      |
|    learning_rate        | 0.0003     |
|    loss                 | 0.121      |
|    n_updates            | 2130       |
|    policy_gradient_loss | -0.00869   |
|    std                  | 0.284      |
|    value_loss           | 0.219      |
----------------------------------------
-----------------------------------------
| energy/                 |             |
|    E_damp_J             | 0.0213      |
|    E_fric_J             | 0.0103      |
|    E_norm_J             | 0.00191     |
|    W_neg_J              | 0.0206      |
|    W_pos_J              | 0.0556      |
| reward/                 |             |
|    r_energy             | -0.0448     |
|    r_pose               | -0.00301    |
|    r_vel                | 0.577       |
|    r_xvel               | -0.0504     |
| rollout/                |             |
|    ep_len_mean          | 82          |
|    ep_rew_mean          | 26.4        |
| time/                   |             |
|    fps                  | 45          |
|    iterations           | 215         |
|    time_elapsed         | 19377       |
|    total_timesteps      | 880640      |
| train/                  |             |
|    approx_kl            | 0.045487635 |
|    clip_fraction        | 0.433       |
|    clip_range           | 0.2         |
|    entropy_loss         | -0.735      |
|    explained_variance   | 0.765       |
|    learning_rate        | 0.0003      |
|    loss                 | 0.0753      |
|    n_updates            | 2140        |
|    policy_gradient_loss | -0.00471    |
|    std                  | 0.281       |
|    value_loss           | 0.201       |
-----------------------------------------
-----------------------------------------
| energy/                 |             |
|    E_damp_J             | 0.0221      |
|    E_fric_J             | 0.0103      |
|    E_norm_J             | 0.00204     |
|    W_neg_J              | 0.0187      |
|    W_pos_J              | 0.0632      |
| reward/                 |             |
|    r_energy             | -0.0464     |
|    r_pose               | -0.00313    |
|    r_vel                | 0.572       |
|    r_xvel               | -0.0595     |
| rollout/                |             |
|    ep_len_mean          | 82          |
|    ep_rew_mean          | 26.7        |
| time/                   |             |
|    fps                  | 45          |
|    iterations           | 216         |
|    time_elapsed         | 19466       |
|    total_timesteps      | 884736      |
| train/                  |             |
|    approx_kl            | 0.046275623 |
|    clip_fraction        | 0.419       |
|    clip_range           | 0.2         |
|    entropy_loss         | -0.649      |
|    explained_variance   | 0.806       |
|    learning_rate        | 0.0003      |
|    loss                 | 0.0988      |
|    n_updates            | 2150        |
|    policy_gradient_loss | -0.000437   |
|    std                  | 0.279       |
|    value_loss           | 0.143       |
-----------------------------------------
----------------------------------------
| energy/                 |            |
|    E_damp_J             | 0.0226     |
|    E_fric_J             | 0.0102     |
|    E_norm_J             | 0.00203    |
|    W_neg_J              | 0.0214     |
|    W_pos_J              | 0.0577     |
| reward/                 |            |
|    r_energy             | -0.0466    |
|    r_pose               | -0.00284   |
|    r_vel                | 0.566      |
|    r_xvel               | -0.107     |
| rollout/                |            |
|    ep_len_mean          | 82         |
|    ep_rew_mean          | 26.7       |
| time/                   |            |
|    fps                  | 45         |
|    iterations           | 217        |
|    time_elapsed         | 19556      |
|    total_timesteps      | 888832     |
| train/                  |            |
|    approx_kl            | 0.04491768 |
|    clip_fraction        | 0.421      |
|    clip_range           | 0.2        |
|    entropy_loss         | -0.6       |
|    explained_variance   | 0.75       |
|    learning_rate        | 0.0003     |
|    loss                 | 0.089      |
|    n_updates            | 2160       |
|    policy_gradient_loss | -0.0046    |
|    std                  | 0.278      |
|    value_loss           | 0.204      |
----------------------------------------
-----------------------------------------
| energy/                 |             |
|    E_damp_J             | 0.0212      |
|    E_fric_J             | 0.0101      |
|    E_norm_J             | 0.00255     |
|    W_neg_J              | 0.0249      |
|    W_pos_J              | 0.0534      |
| reward/                 |             |
|    r_energy             | -0.0466     |
|    r_pose               | -0.00296    |
|    r_vel                | 0.517       |
|    r_xvel               | -0.066      |
| rollout/                |             |
|    ep_len_mean          | 82          |
|    ep_rew_mean          | 26.4        |
| time/                   |             |
|    fps                  | 45          |
|    iterations           | 218         |
|    time_elapsed         | 19647       |
|    total_timesteps      | 892928      |
| train/                  |             |
|    approx_kl            | 0.041418843 |
|    clip_fraction        | 0.457       |
|    clip_range           | 0.2         |
|    entropy_loss         | -0.599      |
|    explained_variance   | 0.644       |
|    learning_rate        | 0.0003      |
|    loss                 | 0.178       |
|    n_updates            | 2170        |
|    policy_gradient_loss | 0.00385     |
|    std                  | 0.279       |
|    value_loss           | 0.287       |
-----------------------------------------
----------------------------------------
| energy/                 |            |
|    E_damp_J             | 0.0228     |
|    E_fric_J             | 0.0104     |
|    E_norm_J             | 0.00197    |
|    W_neg_J              | 0.0208     |
|    W_pos_J              | 0.0571     |
| reward/                 |            |
|    r_energy             | -0.0462    |
|    r_pose               | -0.00306   |
|    r_vel                | 0.586      |
|    r_xvel               | -0.0627    |
| rollout/                |            |
|    ep_len_mean          | 82         |
|    ep_rew_mean          | 26.4       |
| time/                   |            |
|    fps                  | 45         |
|    iterations           | 219        |
|    time_elapsed         | 19738      |
|    total_timesteps      | 897024     |
| train/                  |            |
|    approx_kl            | 0.04307606 |
|    clip_fraction        | 0.423      |
|    clip_range           | 0.2        |
|    entropy_loss         | -0.557     |
|    explained_variance   | 0.794      |
|    learning_rate        | 0.0003     |
|    loss                 | 0.1        |
|    n_updates            | 2180       |
|    policy_gradient_loss | 0.00131    |
|    std                  | 0.277      |
|    value_loss           | 0.177      |
----------------------------------------
-----------------------------------------
| energy/                 |             |
|    E_damp_J             | 0.0328      |
|    E_fric_J             | 0.0112      |
|    E_norm_J             | 0.0202      |
|    W_neg_J              | 0.0334      |
|    W_pos_J              | 0.0796      |
| reward/                 |             |
|    r_energy             | -0.0659     |
|    r_pose               | -0.00281    |
|    r_vel                | 0.517       |
|    r_xvel               | -0.126      |
| rollout/                |             |
|    ep_len_mean          | 82          |
|    ep_rew_mean          | 26.7        |
| time/                   |             |
|    fps                  | 45          |
|    iterations           | 220         |
|    time_elapsed         | 19828       |
|    total_timesteps      | 901120      |
| train/                  |             |
|    approx_kl            | 0.042941462 |
|    clip_fraction        | 0.418       |
|    clip_range           | 0.2         |
|    entropy_loss         | -0.485      |
|    explained_variance   | 0.811       |
|    learning_rate        | 0.0003      |
|    loss                 | 0.0452      |
|    n_updates            | 2190        |
|    policy_gradient_loss | -0.00489    |
|    std                  | 0.276       |
|    value_loss           | 0.145       |
-----------------------------------------
-----------------------------------------
| energy/                 |             |
|    E_damp_J             | 0.0241      |
|    E_fric_J             | 0.0105      |
|    E_norm_J             | 0.002       |
|    W_neg_J              | 0.0203      |
|    W_pos_J              | 0.0607      |
| reward/                 |             |
|    r_energy             | -0.0477     |
|    r_pose               | -0.00279    |
|    r_vel                | 0.588       |
|    r_xvel               | -0.0736     |
| rollout/                |             |
|    ep_len_mean          | 82          |
|    ep_rew_mean          | 26.6        |
| time/                   |             |
|    fps                  | 45          |
|    iterations           | 221         |
|    time_elapsed         | 19918       |
|    total_timesteps      | 905216      |
| train/                  |             |
|    approx_kl            | 0.054457605 |
|    clip_fraction        | 0.446       |
|    clip_range           | 0.2         |
|    entropy_loss         | -0.426      |
|    explained_variance   | 0.814       |
|    learning_rate        | 0.0003      |
|    loss                 | 0.0848      |
|    n_updates            | 2200        |
|    policy_gradient_loss | -0.00214    |
|    std                  | 0.274       |
|    value_loss           | 0.163       |
-----------------------------------------
-----------------------------------------
| energy/                 |             |
|    E_damp_J             | 0.0425      |
|    E_fric_J             | 0.0103      |
|    E_norm_J             | 0.0194      |
|    W_neg_J              | 0.0557      |
|    W_pos_J              | 0.0904      |
| reward/                 |             |
|    r_energy             | -0.0869     |
|    r_pose               | -0.00258    |
|    r_vel                | 0.5         |
|    r_xvel               | -0.129      |
| rollout/                |             |
|    ep_len_mean          | 82          |
|    ep_rew_mean          | 26.7        |
| time/                   |             |
|    fps                  | 45          |
|    iterations           | 222         |
|    time_elapsed         | 20008       |
|    total_timesteps      | 909312      |
| train/                  |             |
|    approx_kl            | 0.048482742 |
|    clip_fraction        | 0.418       |
|    clip_range           | 0.2         |
|    entropy_loss         | -0.4        |
|    explained_variance   | 0.727       |
|    learning_rate        | 0.0003      |
|    loss                 | 0.151       |
|    n_updates            | 2210        |
|    policy_gradient_loss | 0.00128     |
|    std                  | 0.274       |
|    value_loss           | 0.221       |
-----------------------------------------
-----------------------------------------
| energy/                 |             |
|    E_damp_J             | 0.0234      |
|    E_fric_J             | 0.0106      |
|    E_norm_J             | 0.00196     |
|    W_neg_J              | 0.0186      |
|    W_pos_J              | 0.055       |
| reward/                 |             |
|    r_energy             | -0.0447     |
|    r_pose               | -0.00322    |
|    r_vel                | 0.601       |
|    r_xvel               | -0.0749     |
| rollout/                |             |
|    ep_len_mean          | 82          |
|    ep_rew_mean          | 27.2        |
| time/                   |             |
|    fps                  | 45          |
|    iterations           | 223         |
|    time_elapsed         | 20099       |
|    total_timesteps      | 913408      |
| train/                  |             |
|    approx_kl            | 0.042002045 |
|    clip_fraction        | 0.441       |
|    clip_range           | 0.2         |
|    entropy_loss         | -0.361      |
|    explained_variance   | 0.779       |
|    learning_rate        | 0.0003      |
|    loss                 | 0.0893      |
|    n_updates            | 2220        |
|    policy_gradient_loss | -0.00506    |
|    std                  | 0.273       |
|    value_loss           | 0.19        |
-----------------------------------------
----------------------------------------
| energy/                 |            |
|    E_damp_J             | 0.0418     |
|    E_fric_J             | 0.0109     |
|    E_norm_J             | 0.0193     |
|    W_neg_J              | 0.0517     |
|    W_pos_J              | 0.0901     |
| reward/                 |            |
|    r_energy             | -0.0844    |
|    r_pose               | -0.00283   |
|    r_vel                | 0.488      |
|    r_xvel               | -0.0856    |
| rollout/                |            |
|    ep_len_mean          | 82         |
|    ep_rew_mean          | 27.3       |
| time/                   |            |
|    fps                  | 45         |
|    iterations           | 224        |
|    time_elapsed         | 20189      |
|    total_timesteps      | 917504     |
| train/                  |            |
|    approx_kl            | 0.04619546 |
|    clip_fraction        | 0.425      |
|    clip_range           | 0.2        |
|    entropy_loss         | -0.294     |
|    explained_variance   | 0.761      |
|    learning_rate        | 0.0003     |
|    loss                 | 0.0724     |
|    n_updates            | 2230       |
|    policy_gradient_loss | -0.000153  |
|    std                  | 0.271      |
|    value_loss           | 0.187      |
----------------------------------------
----------------------------------------
| energy/                 |            |
|    E_damp_J             | 0.0216     |
|    E_fric_J             | 0.0102     |
|    E_norm_J             | 0.00188    |
|    W_neg_J              | 0.0198     |
|    W_pos_J              | 0.0541     |
| reward/                 |            |
|    r_energy             | -0.044     |
|    r_pose               | -0.00288   |
|    r_vel                | 0.572      |
|    r_xvel               | -0.0671    |
| rollout/                |            |
|    ep_len_mean          | 82         |
|    ep_rew_mean          | 27.5       |
| time/                   |            |
|    fps                  | 45         |
|    iterations           | 225        |
|    time_elapsed         | 20279      |
|    total_timesteps      | 921600     |
| train/                  |            |
|    approx_kl            | 0.04479649 |
|    clip_fraction        | 0.445      |
|    clip_range           | 0.2        |
|    entropy_loss         | -0.227     |
|    explained_variance   | 0.797      |
|    learning_rate        | 0.0003     |
|    loss                 | 0.0668     |
|    n_updates            | 2240       |
|    policy_gradient_loss | 0.00261    |
|    std                  | 0.269      |
|    value_loss           | 0.165      |
----------------------------------------
-----------------------------------------
| energy/                 |             |
|    E_damp_J             | 0.0401      |
|    E_fric_J             | 0.0108      |
|    E_norm_J             | 0.0189      |
|    W_neg_J              | 0.0429      |
|    W_pos_J              | 0.0913      |
| reward/                 |             |
|    r_energy             | -0.0786     |
|    r_pose               | -0.00306    |
|    r_vel                | 0.488       |
|    r_xvel               | -0.0931     |
| rollout/                |             |
|    ep_len_mean          | 82          |
|    ep_rew_mean          | 27.8        |
| time/                   |             |
|    fps                  | 45          |
|    iterations           | 226         |
|    time_elapsed         | 20370       |
|    total_timesteps      | 925696      |
| train/                  |             |
|    approx_kl            | 0.042859405 |
|    clip_fraction        | 0.446       |
|    clip_range           | 0.2         |
|    entropy_loss         | -0.15       |
|    explained_variance   | 0.81        |
|    learning_rate        | 0.0003      |
|    loss                 | 0.0423      |
|    n_updates            | 2250        |
|    policy_gradient_loss | -2.25e-05   |
|    std                  | 0.267       |
|    value_loss           | 0.143       |
-----------------------------------------
-----------------------------------------
| energy/                 |             |
|    E_damp_J             | 0.0226      |
|    E_fric_J             | 0.0104      |
|    E_norm_J             | 0.00192     |
|    W_neg_J              | 0.019       |
|    W_pos_J              | 0.0584      |
| reward/                 |             |
|    r_energy             | -0.0455     |
|    r_pose               | -0.00297    |
|    r_vel                | 0.591       |
|    r_xvel               | -0.0652     |
| rollout/                |             |
|    ep_len_mean          | 82          |
|    ep_rew_mean          | 27.6        |
| time/                   |             |
|    fps                  | 45          |
|    iterations           | 227         |
|    time_elapsed         | 20461       |
|    total_timesteps      | 929792      |
| train/                  |             |
|    approx_kl            | 0.043220073 |
|    clip_fraction        | 0.452       |
|    clip_range           | 0.2         |
|    entropy_loss         | -0.0908     |
|    explained_variance   | 0.816       |
|    learning_rate        | 0.0003      |
|    loss                 | 0.0888      |
|    n_updates            | 2260        |
|    policy_gradient_loss | -0.000811   |
|    std                  | 0.266       |
|    value_loss           | 0.151       |
-----------------------------------------
---------------------------------------
| energy/                 |           |
|    E_damp_J             | 0.0477    |
|    E_fric_J             | 0.0112    |
|    E_norm_J             | 0.0197    |
|    W_neg_J              | 0.0627    |
|    W_pos_J              | 0.0955    |
| reward/                 |           |
|    r_energy             | -0.0958   |
|    r_pose               | -0.00274  |
|    r_vel                | 0.527     |
|    r_xvel               | -0.082    |
| rollout/                |           |
|    ep_len_mean          | 82        |
|    ep_rew_mean          | 27.5      |
| time/                   |           |
|    fps                  | 45        |
|    iterations           | 228       |
|    time_elapsed         | 20552     |
|    total_timesteps      | 933888    |
| train/                  |           |
|    approx_kl            | 0.0433431 |
|    clip_fraction        | 0.438     |
|    clip_range           | 0.2       |
|    entropy_loss         | -0.047    |
|    explained_variance   | 0.769     |
|    learning_rate        | 0.0003    |
|    loss                 | 0.0727    |
|    n_updates            | 2270      |
|    policy_gradient_loss | 0.0011    |
|    std                  | 0.265     |
|    value_loss           | 0.202     |
---------------------------------------
----------------------------------------
| energy/                 |            |
|    E_damp_J             | 0.0225     |
|    E_fric_J             | 0.0103     |
|    E_norm_J             | 0.00192    |
|    W_neg_J              | 0.0199     |
|    W_pos_J              | 0.0565     |
| reward/                 |            |
|    r_energy             | -0.0453    |
|    r_pose               | -0.00303   |
|    r_vel                | 0.585      |
|    r_xvel               | -0.0572    |
| rollout/                |            |
|    ep_len_mean          | 82         |
|    ep_rew_mean          | 27.8       |
| time/                   |            |
|    fps                  | 45         |
|    iterations           | 229        |
|    time_elapsed         | 20643      |
|    total_timesteps      | 937984     |
| train/                  |            |
|    approx_kl            | 0.04993202 |
|    clip_fraction        | 0.451      |
|    clip_range           | 0.2        |
|    entropy_loss         | 0.013      |
|    explained_variance   | 0.809      |
|    learning_rate        | 0.0003     |
|    loss                 | 0.0688     |
|    n_updates            | 2280       |
|    policy_gradient_loss | 0.00126    |
|    std                  | 0.263      |
|    value_loss           | 0.146      |
----------------------------------------
----------------------------------------
| energy/                 |            |
|    E_damp_J             | 0.0496     |
|    E_fric_J             | 0.0112     |
|    E_norm_J             | 0.0194     |
|    W_neg_J              | 0.0546     |
|    W_pos_J              | 0.0989     |
| reward/                 |            |
|    r_energy             | -0.0928    |
|    r_pose               | -0.00281   |
|    r_vel                | 0.509      |
|    r_xvel               | -0.0869    |
| rollout/                |            |
|    ep_len_mean          | 82         |
|    ep_rew_mean          | 28.1       |
| time/                   |            |
|    fps                  | 45         |
|    iterations           | 230        |
|    time_elapsed         | 20734      |
|    total_timesteps      | 942080     |
| train/                  |            |
|    approx_kl            | 0.04200016 |
|    clip_fraction        | 0.444      |
|    clip_range           | 0.2        |
|    entropy_loss         | 0.0563     |
|    explained_variance   | 0.776      |
|    learning_rate        | 0.0003     |
|    loss                 | 0.0876     |
|    n_updates            | 2290       |
|    policy_gradient_loss | -0.000655  |
|    std                  | 0.263      |
|    value_loss           | 0.18       |
----------------------------------------
-----------------------------------------
| energy/                 |             |
|    E_damp_J             | 0.024       |
|    E_fric_J             | 0.0106      |
|    E_norm_J             | 0.00199     |
|    W_neg_J              | 0.0206      |
|    W_pos_J              | 0.0592      |
| reward/                 |             |
|    r_energy             | -0.0475     |
|    r_pose               | -0.00329    |
|    r_vel                | 0.596       |
|    r_xvel               | -0.0453     |
| rollout/                |             |
|    ep_len_mean          | 82          |
|    ep_rew_mean          | 28.2        |
| time/                   |             |
|    fps                  | 45          |
|    iterations           | 231         |
|    time_elapsed         | 20824       |
|    total_timesteps      | 946176      |
| train/                  |             |
|    approx_kl            | 0.046957783 |
|    clip_fraction        | 0.46        |
|    clip_range           | 0.2         |
|    entropy_loss         | 0.0863      |
|    explained_variance   | 0.832       |
|    learning_rate        | 0.0003      |
|    loss                 | 0.0401      |
|    n_updates            | 2300        |
|    policy_gradient_loss | 0.000617    |
|    std                  | 0.263       |
|    value_loss           | 0.122       |
-----------------------------------------
-----------------------------------------
| energy/                 |             |
|    E_damp_J             | 0.0469      |
|    E_fric_J             | 0.0112      |
|    E_norm_J             | 0.0195      |
|    W_neg_J              | 0.0581      |
|    W_pos_J              | 0.0942      |
| reward/                 |             |
|    r_energy             | -0.0921     |
|    r_pose               | -0.00283    |
|    r_vel                | 0.507       |
|    r_xvel               | -0.0948     |
| rollout/                |             |
|    ep_len_mean          | 82          |
|    ep_rew_mean          | 28.1        |
| time/                   |             |
|    fps                  | 45          |
|    iterations           | 232         |
|    time_elapsed         | 20914       |
|    total_timesteps      | 950272      |
| train/                  |             |
|    approx_kl            | 0.046922937 |
|    clip_fraction        | 0.437       |
|    clip_range           | 0.2         |
|    entropy_loss         | 0.114       |
|    explained_variance   | 0.792       |
|    learning_rate        | 0.0003      |
|    loss                 | 0.108       |
|    n_updates            | 2310        |
|    policy_gradient_loss | 0.00524     |
|    std                  | 0.263       |
|    value_loss           | 0.16        |
-----------------------------------------
----------------------------------------
| energy/                 |            |
|    E_damp_J             | 0.0253     |
|    E_fric_J             | 0.0108     |
|    E_norm_J             | 0.00212    |
|    W_neg_J              | 0.0211     |
|    W_pos_J              | 0.0619     |
| reward/                 |            |
|    r_energy             | -0.0492    |
|    r_pose               | -0.00321   |
|    r_vel                | 0.592      |
|    r_xvel               | -0.0732    |
| rollout/                |            |
|    ep_len_mean          | 82         |
|    ep_rew_mean          | 28.4       |
| time/                   |            |
|    fps                  | 45         |
|    iterations           | 233        |
|    time_elapsed         | 21005      |
|    total_timesteps      | 954368     |
| train/                  |            |
|    approx_kl            | 0.05359185 |
|    clip_fraction        | 0.45       |
|    clip_range           | 0.2        |
|    entropy_loss         | 0.146      |
|    explained_variance   | 0.802      |
|    learning_rate        | 0.0003     |
|    loss                 | 0.0565     |
|    n_updates            | 2320       |
|    policy_gradient_loss | 0.00407    |
|    std                  | 0.262      |
|    value_loss           | 0.162      |
----------------------------------------
----------------------------------------
| energy/                 |            |
|    E_damp_J             | 0.0406     |
|    E_fric_J             | 0.0106     |
|    E_norm_J             | 0.0196     |
|    W_neg_J              | 0.0486     |
|    W_pos_J              | 0.0917     |
| reward/                 |            |
|    r_energy             | -0.0822    |
|    r_pose               | -0.00291   |
|    r_vel                | 0.492      |
|    r_xvel               | -0.122     |
| rollout/                |            |
|    ep_len_mean          | 82         |
|    ep_rew_mean          | 28.3       |
| time/                   |            |
|    fps                  | 45         |
|    iterations           | 234        |
|    time_elapsed         | 21093      |
|    total_timesteps      | 958464     |
| train/                  |            |
|    approx_kl            | 0.05709949 |
|    clip_fraction        | 0.455      |
|    clip_range           | 0.2        |
|    entropy_loss         | 0.174      |
|    explained_variance   | 0.798      |
|    learning_rate        | 0.0003     |
|    loss                 | 0.117      |
|    n_updates            | 2330       |
|    policy_gradient_loss | 0.000636   |
|    std                  | 0.261      |
|    value_loss           | 0.158      |
----------------------------------------
----------------------------------------
| energy/                 |            |
|    E_damp_J             | 0.0229     |
|    E_fric_J             | 0.0103     |
|    E_norm_J             | 0.00185    |
|    W_neg_J              | 0.0211     |
|    W_pos_J              | 0.0527     |
| reward/                 |            |
|    r_energy             | -0.045     |
|    r_pose               | -0.00307   |
|    r_vel                | 0.598      |
|    r_xvel               | -0.0612    |
| rollout/                |            |
|    ep_len_mean          | 82         |
|    ep_rew_mean          | 28.1       |
| time/                   |            |
|    fps                  | 45         |
|    iterations           | 235        |
|    time_elapsed         | 21181      |
|    total_timesteps      | 962560     |
| train/                  |            |
|    approx_kl            | 0.04734771 |
|    clip_fraction        | 0.442      |
|    clip_range           | 0.2        |
|    entropy_loss         | 0.217      |
|    explained_variance   | 0.815      |
|    learning_rate        | 0.0003     |
|    loss                 | 0.0669     |
|    n_updates            | 2340       |
|    policy_gradient_loss | -0.000593  |
|    std                  | 0.261      |
|    value_loss           | 0.164      |
----------------------------------------
-----------------------------------------
| energy/                 |             |
|    E_damp_J             | 0.0437      |
|    E_fric_J             | 0.0107      |
|    E_norm_J             | 0.0197      |
|    W_neg_J              | 0.0578      |
|    W_pos_J              | 0.0906      |
| reward/                 |             |
|    r_energy             | -0.0891     |
|    r_pose               | -0.00295    |
|    r_vel                | 0.497       |
|    r_xvel               | -0.0933     |
| rollout/                |             |
|    ep_len_mean          | 82          |
|    ep_rew_mean          | 28.3        |
| time/                   |             |
|    fps                  | 45          |
|    iterations           | 236         |
|    time_elapsed         | 21271       |
|    total_timesteps      | 966656      |
| train/                  |             |
|    approx_kl            | 0.043453455 |
|    clip_fraction        | 0.433       |
|    clip_range           | 0.2         |
|    entropy_loss         | 0.271       |
|    explained_variance   | 0.794       |
|    learning_rate        | 0.0003      |
|    loss                 | 0.0765      |
|    n_updates            | 2350        |
|    policy_gradient_loss | 0.00268     |
|    std                  | 0.259       |
|    value_loss           | 0.17        |
-----------------------------------------
-----------------------------------------
| energy/                 |             |
|    E_damp_J             | 0.0231      |
|    E_fric_J             | 0.0103      |
|    E_norm_J             | 0.00182     |
|    W_neg_J              | 0.0212      |
|    W_pos_J              | 0.0569      |
| reward/                 |             |
|    r_energy             | -0.0465     |
|    r_pose               | -0.00316    |
|    r_vel                | 0.606       |
|    r_xvel               | -0.055      |
| rollout/                |             |
|    ep_len_mean          | 82          |
|    ep_rew_mean          | 28.7        |
| time/                   |             |
|    fps                  | 45          |
|    iterations           | 237         |
|    time_elapsed         | 21362       |
|    total_timesteps      | 970752      |
| train/                  |             |
|    approx_kl            | 0.050751776 |
|    clip_fraction        | 0.438       |
|    clip_range           | 0.2         |
|    entropy_loss         | 0.346       |
|    explained_variance   | 0.847       |
|    learning_rate        | 0.0003      |
|    loss                 | 0.0552      |
|    n_updates            | 2360        |
|    policy_gradient_loss | 0.000856    |
|    std                  | 0.258       |
|    value_loss           | 0.125       |
-----------------------------------------
-----------------------------------------
| energy/                 |             |
|    E_damp_J             | 0.0443      |
|    E_fric_J             | 0.0111      |
|    E_norm_J             | 0.0192      |
|    W_neg_J              | 0.0579      |
|    W_pos_J              | 0.0892      |
| reward/                 |             |
|    r_energy             | -0.0892     |
|    r_pose               | -0.00301    |
|    r_vel                | 0.532       |
|    r_xvel               | -0.0731     |
| rollout/                |             |
|    ep_len_mean          | 82          |
|    ep_rew_mean          | 28.8        |
| time/                   |             |
|    fps                  | 45          |
|    iterations           | 238         |
|    time_elapsed         | 21451       |
|    total_timesteps      | 974848      |
| train/                  |             |
|    approx_kl            | 0.053504296 |
|    clip_fraction        | 0.465       |
|    clip_range           | 0.2         |
|    entropy_loss         | 0.383       |
|    explained_variance   | 0.83        |
|    learning_rate        | 0.0003      |
|    loss                 | 0.0549      |
|    n_updates            | 2370        |
|    policy_gradient_loss | 0.00321     |
|    std                  | 0.257       |
|    value_loss           | 0.116       |
-----------------------------------------
-----------------------------------------
| energy/                 |             |
|    E_damp_J             | 0.0227      |
|    E_fric_J             | 0.0106      |
|    E_norm_J             | 0.00187     |
|    W_neg_J              | 0.0217      |
|    W_pos_J              | 0.0539      |
| reward/                 |             |
|    r_energy             | -0.0458     |
|    r_pose               | -0.00307    |
|    r_vel                | 0.609       |
|    r_xvel               | -0.0606     |
| rollout/                |             |
|    ep_len_mean          | 82          |
|    ep_rew_mean          | 28.8        |
| time/                   |             |
|    fps                  | 45          |
|    iterations           | 239         |
|    time_elapsed         | 21539       |
|    total_timesteps      | 978944      |
| train/                  |             |
|    approx_kl            | 0.044252925 |
|    clip_fraction        | 0.463       |
|    clip_range           | 0.2         |
|    entropy_loss         | 0.421       |
|    explained_variance   | 0.802       |
|    learning_rate        | 0.0003      |
|    loss                 | 0.108       |
|    n_updates            | 2380        |
|    policy_gradient_loss | 0.00244     |
|    std                  | 0.256       |
|    value_loss           | 0.162       |
-----------------------------------------
-----------------------------------------
| energy/                 |             |
|    E_damp_J             | 0.0413      |
|    E_fric_J             | 0.0107      |
|    E_norm_J             | 0.0195      |
|    W_neg_J              | 0.0509      |
|    W_pos_J              | 0.0874      |
| reward/                 |             |
|    r_energy             | -0.0827     |
|    r_pose               | -0.0026     |
|    r_vel                | 0.507       |
|    r_xvel               | -0.102      |
| rollout/                |             |
|    ep_len_mean          | 82          |
|    ep_rew_mean          | 28.8        |
| time/                   |             |
|    fps                  | 45          |
|    iterations           | 240         |
|    time_elapsed         | 21628       |
|    total_timesteps      | 983040      |
| train/                  |             |
|    approx_kl            | 0.051794786 |
|    clip_fraction        | 0.44        |
|    clip_range           | 0.2         |
|    entropy_loss         | 0.508       |
|    explained_variance   | 0.819       |
|    learning_rate        | 0.0003      |
|    loss                 | 0.0507      |
|    n_updates            | 2390        |
|    policy_gradient_loss | 0.00173     |
|    std                  | 0.253       |
|    value_loss           | 0.131       |
-----------------------------------------
----------------------------------------
| energy/                 |            |
|    E_damp_J             | 0.0226     |
|    E_fric_J             | 0.0106     |
|    E_norm_J             | 0.00183    |
|    W_neg_J              | 0.0218     |
|    W_pos_J              | 0.0558     |
| reward/                 |            |
|    r_energy             | -0.0465    |
|    r_pose               | -0.00311   |
|    r_vel                | 0.606      |
|    r_xvel               | -0.0637    |
| rollout/                |            |
|    ep_len_mean          | 82         |
|    ep_rew_mean          | 28.9       |
| time/                   |            |
|    fps                  | 45         |
|    iterations           | 241        |
|    time_elapsed         | 21718      |
|    total_timesteps      | 987136     |
| train/                  |            |
|    approx_kl            | 0.04423001 |
|    clip_fraction        | 0.45       |
|    clip_range           | 0.2        |
|    entropy_loss         | 0.53       |
|    explained_variance   | 0.793      |
|    learning_rate        | 0.0003     |
|    loss                 | 0.0882     |
|    n_updates            | 2400       |
|    policy_gradient_loss | 0.0078     |
|    std                  | 0.254      |
|    value_loss           | 0.17       |
----------------------------------------
-----------------------------------------
| energy/                 |             |
|    E_damp_J             | 0.0428      |
|    E_fric_J             | 0.0109      |
|    E_norm_J             | 0.0187      |
|    W_neg_J              | 0.0467      |
|    W_pos_J              | 0.0967      |
| reward/                 |             |
|    r_energy             | -0.0839     |
|    r_pose               | -0.00275    |
|    r_vel                | 0.52        |
|    r_xvel               | -0.0776     |
| rollout/                |             |
|    ep_len_mean          | 82          |
|    ep_rew_mean          | 29.1        |
| time/                   |             |
|    fps                  | 45          |
|    iterations           | 242         |
|    time_elapsed         | 21806       |
|    total_timesteps      | 991232      |
| train/                  |             |
|    approx_kl            | 0.045571566 |
|    clip_fraction        | 0.452       |
|    clip_range           | 0.2         |
|    entropy_loss         | 0.559       |
|    explained_variance   | 0.814       |
|    learning_rate        | 0.0003      |
|    loss                 | 0.0796      |
|    n_updates            | 2410        |
|    policy_gradient_loss | 0.000639    |
|    std                  | 0.252       |
|    value_loss           | 0.149       |
-----------------------------------------
-----------------------------------------
| energy/                 |             |
|    E_damp_J             | 0.0222      |
|    E_fric_J             | 0.0106      |
|    E_norm_J             | 0.0019      |
|    W_neg_J              | 0.0193      |
|    W_pos_J              | 0.0563      |
| reward/                 |             |
|    r_energy             | -0.0449     |
|    r_pose               | -0.00297    |
|    r_vel                | 0.608       |
|    r_xvel               | -0.0505     |
| rollout/                |             |
|    ep_len_mean          | 82          |
|    ep_rew_mean          | 29.4        |
| time/                   |             |
|    fps                  | 45          |
|    iterations           | 243         |
|    time_elapsed         | 21895       |
|    total_timesteps      | 995328      |
| train/                  |             |
|    approx_kl            | 0.054799356 |
|    clip_fraction        | 0.466       |
|    clip_range           | 0.2         |
|    entropy_loss         | 0.609       |
|    explained_variance   | 0.819       |
|    learning_rate        | 0.0003      |
|    loss                 | 0.0775      |
|    n_updates            | 2420        |
|    policy_gradient_loss | 0.0087      |
|    std                  | 0.251       |
|    value_loss           | 0.145       |
-----------------------------------------
-----------------------------------------
| energy/                 |             |
|    E_damp_J             | 0.0415      |
|    E_fric_J             | 0.0103      |
|    E_norm_J             | 0.0182      |
|    W_neg_J              | 0.0426      |
|    W_pos_J              | 0.0874      |
| reward/                 |             |
|    r_energy             | -0.0777     |
|    r_pose               | -0.00287    |
|    r_vel                | 0.559       |
|    r_xvel               | -0.104      |
| rollout/                |             |
|    ep_len_mean          | 82          |
|    ep_rew_mean          | 29.3        |
| time/                   |             |
|    fps                  | 45          |
|    iterations           | 244         |
|    time_elapsed         | 21984       |
|    total_timesteps      | 999424      |
| train/                  |             |
|    approx_kl            | 0.056148857 |
|    clip_fraction        | 0.466       |
|    clip_range           | 0.2         |
|    entropy_loss         | 0.65        |
|    explained_variance   | 0.82        |
|    learning_rate        | 0.0003      |
|    loss                 | 0.0302      |
|    n_updates            | 2430        |
|    policy_gradient_loss | 0.00543     |
|    std                  | 0.25        |
|    value_loss           | 0.125       |
-----------------------------------------
-----------------------------------------
| energy/                 |             |
|    E_damp_J             | 0.023       |
|    E_fric_J             | 0.0104      |
|    E_norm_J             | 0.00199     |
|    W_neg_J              | 0.0194      |
|    W_pos_J              | 0.0576      |
| reward/                 |             |
|    r_energy             | -0.0456     |
|    r_pose               | -0.00325    |
|    r_vel                | 0.595       |
|    r_xvel               | -0.0446     |
| rollout/                |             |
|    ep_len_mean          | 82          |
|    ep_rew_mean          | 28.8        |
| time/                   |             |
|    fps                  | 45          |
|    iterations           | 245         |
|    time_elapsed         | 22072       |
|    total_timesteps      | 1003520     |
| train/                  |             |
|    approx_kl            | 0.041312244 |
|    clip_fraction        | 0.445       |
|    clip_range           | 0.2         |
|    entropy_loss         | 0.685       |
|    explained_variance   | 0.811       |
|    learning_rate        | 0.0003      |
|    loss                 | 0.0659      |
|    n_updates            | 2440        |
|    policy_gradient_loss | -0.000123   |
|    std                  | 0.25        |
|    value_loss           | 0.153       |
-----------------------------------------
----------------------------------------
| energy/                 |            |
|    E_damp_J             | 0.023      |
|    E_fric_J             | 0.0103     |
|    E_norm_J             | 0.0019     |
|    W_neg_J              | 0.0209     |
|    W_pos_J              | 0.0549     |
| reward/                 |            |
|    r_energy             | -0.0457    |
|    r_pose               | -0.00308   |
|    r_vel                | 0.589      |
|    r_xvel               | -0.0503    |
| rollout/                |            |
|    ep_len_mean          | 82         |
|    ep_rew_mean          | 28.9       |
| time/                   |            |
|    fps                  | 45         |
|    iterations           | 246        |
|    time_elapsed         | 22161      |
|    total_timesteps      | 1007616    |
| train/                  |            |
|    approx_kl            | 0.05488652 |
|    clip_fraction        | 0.455      |
|    clip_range           | 0.2        |
|    entropy_loss         | 0.73       |
|    explained_variance   | 0.812      |
|    learning_rate        | 0.0003     |
|    loss                 | 0.079      |
|    n_updates            | 2450       |
|    policy_gradient_loss | 0.00462    |
|    std                  | 0.249      |
|    value_loss           | 0.147      |
----------------------------------------
-----------------------------------------
| energy/                 |             |
|    E_damp_J             | 0.0227      |
|    E_fric_J             | 0.0106      |
|    E_norm_J             | 0.00192     |
|    W_neg_J              | 0.02        |
|    W_pos_J              | 0.0576      |
| reward/                 |             |
|    r_energy             | -0.0459     |
|    r_pose               | -0.00308    |
|    r_vel                | 0.608       |
|    r_xvel               | -0.0549     |
| rollout/                |             |
|    ep_len_mean          | 82          |
|    ep_rew_mean          | 29.3        |
| time/                   |             |
|    fps                  | 45          |
|    iterations           | 247         |
|    time_elapsed         | 22250       |
|    total_timesteps      | 1011712     |
| train/                  |             |
|    approx_kl            | 0.055998463 |
|    clip_fraction        | 0.488       |
|    clip_range           | 0.2         |
|    entropy_loss         | 0.759       |
|    explained_variance   | 0.787       |
|    learning_rate        | 0.0003      |
|    loss                 | 0.0949      |
|    n_updates            | 2460        |
|    policy_gradient_loss | 0.00745     |
|    std                  | 0.248       |
|    value_loss           | 0.175       |
-----------------------------------------
-----------------------------------------
| energy/                 |             |
|    E_damp_J             | 0.0231      |
|    E_fric_J             | 0.0105      |
|    E_norm_J             | 0.00174     |
|    W_neg_J              | 0.0216      |
|    W_pos_J              | 0.057       |
| reward/                 |             |
|    r_energy             | -0.0468     |
|    r_pose               | -0.00285    |
|    r_vel                | 0.603       |
|    r_xvel               | -0.0732     |
| rollout/                |             |
|    ep_len_mean          | 82          |
|    ep_rew_mean          | 29.7        |
| time/                   |             |
|    fps                  | 45          |
|    iterations           | 248         |
|    time_elapsed         | 22338       |
|    total_timesteps      | 1015808     |
| train/                  |             |
|    approx_kl            | 0.050156906 |
|    clip_fraction        | 0.466       |
|    clip_range           | 0.2         |
|    entropy_loss         | 0.818       |
|    explained_variance   | 0.858       |
|    learning_rate        | 0.0003      |
|    loss                 | 0.0856      |
|    n_updates            | 2470        |
|    policy_gradient_loss | 0.00371     |
|    std                  | 0.247       |
|    value_loss           | 0.11        |
-----------------------------------------
----------------------------------------
| energy/                 |            |
|    E_damp_J             | 0.023      |
|    E_fric_J             | 0.0102     |
|    E_norm_J             | 0.00182    |
|    W_neg_J              | 0.021      |
|    W_pos_J              | 0.0576     |
| reward/                 |            |
|    r_energy             | -0.0465    |
|    r_pose               | -0.00301   |
|    r_vel                | 0.586      |
|    r_xvel               | -0.0423    |
| rollout/                |            |
|    ep_len_mean          | 82         |
|    ep_rew_mean          | 29.8       |
| time/                   |            |
|    fps                  | 45         |
|    iterations           | 249        |
|    time_elapsed         | 22427      |
|    total_timesteps      | 1019904    |
| train/                  |            |
|    approx_kl            | 0.04904074 |
|    clip_fraction        | 0.47       |
|    clip_range           | 0.2        |
|    entropy_loss         | 0.899      |
|    explained_variance   | 0.812      |
|    learning_rate        | 0.0003     |
|    loss                 | 0.068      |
|    n_updates            | 2480       |
|    policy_gradient_loss | 0.00525    |
|    std                  | 0.245      |
|    value_loss           | 0.139      |
----------------------------------------
-----------------------------------------
| energy/                 |             |
|    E_damp_J             | 0.0232      |
|    E_fric_J             | 0.0104      |
|    E_norm_J             | 0.00179     |
|    W_neg_J              | 0.0199      |
|    W_pos_J              | 0.06        |
| reward/                 |             |
|    r_energy             | -0.0467     |
|    r_pose               | -0.00292    |
|    r_vel                | 0.602       |
|    r_xvel               | -0.0533     |
| rollout/                |             |
|    ep_len_mean          | 82          |
|    ep_rew_mean          | 29.7        |
| time/                   |             |
|    fps                  | 45          |
|    iterations           | 250         |
|    time_elapsed         | 22516       |
|    total_timesteps      | 1024000     |
| train/                  |             |
|    approx_kl            | 0.062712476 |
|    clip_fraction        | 0.452       |
|    clip_range           | 0.2         |
|    entropy_loss         | 0.952       |
|    explained_variance   | 0.846       |
|    learning_rate        | 0.0003      |
|    loss                 | 0.0624      |
|    n_updates            | 2490        |
|    policy_gradient_loss | 0.00841     |
|    std                  | 0.245       |
|    value_loss           | 0.121       |
-----------------------------------------
-----------------------------------------
| energy/                 |             |
|    E_damp_J             | 0.0235      |
|    E_fric_J             | 0.0103      |
|    E_norm_J             | 0.00184     |
|    W_neg_J              | 0.0226      |
|    W_pos_J              | 0.0579      |
| reward/                 |             |
|    r_energy             | -0.0479     |
|    r_pose               | -0.0028     |
|    r_vel                | 0.607       |
|    r_xvel               | -0.0548     |
| rollout/                |             |
|    ep_len_mean          | 82          |
|    ep_rew_mean          | 29.5        |
| time/                   |             |
|    fps                  | 45          |
|    iterations           | 251         |
|    time_elapsed         | 22604       |
|    total_timesteps      | 1028096     |
| train/                  |             |
|    approx_kl            | 0.061770547 |
|    clip_fraction        | 0.482       |
|    clip_range           | 0.2         |
|    entropy_loss         | 0.973       |
|    explained_variance   | 0.823       |
|    learning_rate        | 0.0003      |
|    loss                 | 0.0828      |
|    n_updates            | 2500        |
|    policy_gradient_loss | 0.00846     |
|    std                  | 0.244       |
|    value_loss           | 0.132       |
-----------------------------------------
----------------------------------------
| energy/                 |            |
|    E_damp_J             | 0.0239     |
|    E_fric_J             | 0.0107     |
|    E_norm_J             | 0.00193    |
|    W_neg_J              | 0.0224     |
|    W_pos_J              | 0.0549     |
| reward/                 |            |
|    r_energy             | -0.0472    |
|    r_pose               | -0.00284   |
|    r_vel                | 0.596      |
|    r_xvel               | -0.0352    |
| rollout/                |            |
|    ep_len_mean          | 82         |
|    ep_rew_mean          | 29.7       |
| time/                   |            |
|    fps                  | 45         |
|    iterations           | 252        |
|    time_elapsed         | 22692      |
|    total_timesteps      | 1032192    |
| train/                  |            |
|    approx_kl            | 0.04909917 |
|    clip_fraction        | 0.479      |
|    clip_range           | 0.2        |
|    entropy_loss         | 1.03       |
|    explained_variance   | 0.825      |
|    learning_rate        | 0.0003     |
|    loss                 | 0.0696     |
|    n_updates            | 2510       |
|    policy_gradient_loss | 0.00314    |
|    std                  | 0.242      |
|    value_loss           | 0.154      |
----------------------------------------
----------------------------------------
| energy/                 |            |
|    E_damp_J             | 0.0233     |
|    E_fric_J             | 0.0105     |
|    E_norm_J             | 0.00191    |
|    W_neg_J              | 0.0209     |
|    W_pos_J              | 0.0555     |
| reward/                 |            |
|    r_energy             | -0.0461    |
|    r_pose               | -0.00282   |
|    r_vel                | 0.605      |
|    r_xvel               | -0.0587    |
| rollout/                |            |
|    ep_len_mean          | 82         |
|    ep_rew_mean          | 29.9       |
| time/                   |            |
|    fps                  | 45         |
|    iterations           | 253        |
|    time_elapsed         | 22781      |
|    total_timesteps      | 1036288    |
| train/                  |            |
|    approx_kl            | 0.05037646 |
|    clip_fraction        | 0.464      |
|    clip_range           | 0.2        |
|    entropy_loss         | 1.08       |
|    explained_variance   | 0.878      |
|    learning_rate        | 0.0003     |
|    loss                 | 0.0333     |
|    n_updates            | 2520       |
|    policy_gradient_loss | 0.000562   |
|    std                  | 0.242      |
|    value_loss           | 0.0884     |
----------------------------------------
-----------------------------------------
| energy/                 |             |
|    E_damp_J             | 0.0228      |
|    E_fric_J             | 0.0103      |
|    E_norm_J             | 0.00184     |
|    W_neg_J              | 0.0206      |
|    W_pos_J              | 0.0531      |
| reward/                 |             |
|    r_energy             | -0.0449     |
|    r_pose               | -0.00282    |
|    r_vel                | 0.604       |
|    r_xvel               | -0.0463     |
| rollout/                |             |
|    ep_len_mean          | 82          |
|    ep_rew_mean          | 29.9        |
| time/                   |             |
|    fps                  | 45          |
|    iterations           | 254         |
|    time_elapsed         | 22869       |
|    total_timesteps      | 1040384     |
| train/                  |             |
|    approx_kl            | 0.055162795 |
|    clip_fraction        | 0.488       |
|    clip_range           | 0.2         |
|    entropy_loss         | 1.1         |
|    explained_variance   | 0.823       |
|    learning_rate        | 0.0003      |
|    loss                 | 0.105       |
|    n_updates            | 2530        |
|    policy_gradient_loss | 0.00765     |
|    std                  | 0.241       |
|    value_loss           | 0.145       |
-----------------------------------------
-----------------------------------------
| energy/                 |             |
|    E_damp_J             | 0.022       |
|    E_fric_J             | 0.0103      |
|    E_norm_J             | 0.00181     |
|    W_neg_J              | 0.022       |
|    W_pos_J              | 0.0514      |
| reward/                 |             |
|    r_energy             | -0.0448     |
|    r_pose               | -0.00283    |
|    r_vel                | 0.604       |
|    r_xvel               | -0.056      |
| rollout/                |             |
|    ep_len_mean          | 82          |
|    ep_rew_mean          | 30          |
| time/                   |             |
|    fps                  | 45          |
|    iterations           | 255         |
|    time_elapsed         | 22958       |
|    total_timesteps      | 1044480     |
| train/                  |             |
|    approx_kl            | 0.058651898 |
|    clip_fraction        | 0.467       |
|    clip_range           | 0.2         |
|    entropy_loss         | 1.16        |
|    explained_variance   | 0.872       |
|    learning_rate        | 0.0003      |
|    loss                 | 0.0429      |
|    n_updates            | 2540        |
|    policy_gradient_loss | 0.0034      |
|    std                  | 0.24        |
|    value_loss           | 0.0911      |
-----------------------------------------
----------------------------------------
| energy/                 |            |
|    E_damp_J             | 0.0232     |
|    E_fric_J             | 0.0105     |
|    E_norm_J             | 0.00197    |
|    W_neg_J              | 0.0212     |
|    W_pos_J              | 0.0529     |
| reward/                 |            |
|    r_energy             | -0.0455    |
|    r_pose               | -0.00279   |
|    r_vel                | 0.599      |
|    r_xvel               | -0.0635    |
| rollout/                |            |
|    ep_len_mean          | 82         |
|    ep_rew_mean          | 30         |
| time/                   |            |
|    fps                  | 45         |
|    iterations           | 256        |
|    time_elapsed         | 23046      |
|    total_timesteps      | 1048576    |
| train/                  |            |
|    approx_kl            | 0.07567322 |
|    clip_fraction        | 0.482      |
|    clip_range           | 0.2        |
|    entropy_loss         | 1.22       |
|    explained_variance   | 0.853      |
|    learning_rate        | 0.0003     |
|    loss                 | 0.0797     |
|    n_updates            | 2550       |
|    policy_gradient_loss | 0.00664    |
|    std                  | 0.238      |
|    value_loss           | 0.122      |
----------------------------------------
----------------------------------------
| energy/                 |            |
|    E_damp_J             | 0.0234     |
|    E_fric_J             | 0.0103     |
|    E_norm_J             | 0.00186    |
|    W_neg_J              | 0.0224     |
|    W_pos_J              | 0.0539     |
| reward/                 |            |
|    r_energy             | -0.0465    |
|    r_pose               | -0.00293   |
|    r_vel                | 0.607      |
|    r_xvel               | -0.0538    |
| rollout/                |            |
|    ep_len_mean          | 82         |
|    ep_rew_mean          | 30.2       |
| time/                   |            |
|    fps                  | 45         |
|    iterations           | 257        |
|    time_elapsed         | 23137      |
|    total_timesteps      | 1052672    |
| train/                  |            |
|    approx_kl            | 0.06662817 |
|    clip_fraction        | 0.486      |
|    clip_range           | 0.2        |
|    entropy_loss         | 1.27       |
|    explained_variance   | 0.832      |
|    learning_rate        | 0.0003     |
|    loss                 | 0.0124     |
|    n_updates            | 2560       |
|    policy_gradient_loss | 0.00707    |
|    std                  | 0.237      |
|    value_loss           | 0.136      |
----------------------------------------
----------------------------------------
| energy/                 |            |
|    E_damp_J             | 0.0225     |
|    E_fric_J             | 0.0101     |
|    E_norm_J             | 0.00184    |
|    W_neg_J              | 0.023      |
|    W_pos_J              | 0.0497     |
| reward/                 |            |
|    r_energy             | -0.0451    |
|    r_pose               | -0.00274   |
|    r_vel                | 0.606      |
|    r_xvel               | -0.0545    |
| rollout/                |            |
|    ep_len_mean          | 82         |
|    ep_rew_mean          | 30.4       |
| time/                   |            |
|    fps                  | 45         |
|    iterations           | 258        |
|    time_elapsed         | 23227      |
|    total_timesteps      | 1056768    |
| train/                  |            |
|    approx_kl            | 0.06395125 |
|    clip_fraction        | 0.48       |
|    clip_range           | 0.2        |
|    entropy_loss         | 1.33       |
|    explained_variance   | 0.864      |
|    learning_rate        | 0.0003     |
|    loss                 | 0.0655     |
|    n_updates            | 2570       |
|    policy_gradient_loss | 0.0042     |
|    std                  | 0.235      |
|    value_loss           | 0.1        |
----------------------------------------
-----------------------------------------
| energy/                 |             |
|    E_damp_J             | 0.0241      |
|    E_fric_J             | 0.0101      |
|    E_norm_J             | 0.00199     |
|    W_neg_J              | 0.0228      |
|    W_pos_J              | 0.0559      |
| reward/                 |             |
|    r_energy             | -0.0475     |
|    r_pose               | -0.00297    |
|    r_vel                | 0.57        |
|    r_xvel               | -0.051      |
| rollout/                |             |
|    ep_len_mean          | 82          |
|    ep_rew_mean          | 30.6        |
| time/                   |             |
|    fps                  | 45          |
|    iterations           | 259         |
|    time_elapsed         | 23318       |
|    total_timesteps      | 1060864     |
| train/                  |             |
|    approx_kl            | 0.052334845 |
|    clip_fraction        | 0.493       |
|    clip_range           | 0.2         |
|    entropy_loss         | 1.4         |
|    explained_variance   | 0.875       |
|    learning_rate        | 0.0003      |
|    loss                 | 0.0565      |
|    n_updates            | 2580        |
|    policy_gradient_loss | 0.00993     |
|    std                  | 0.235       |
|    value_loss           | 0.0971      |
-----------------------------------------
-----------------------------------------
| energy/                 |             |
|    E_damp_J             | 0.0223      |
|    E_fric_J             | 0.0103      |
|    E_norm_J             | 0.00177     |
|    W_neg_J              | 0.0199      |
|    W_pos_J              | 0.0536      |
| reward/                 |             |
|    r_energy             | -0.0443     |
|    r_pose               | -0.00286    |
|    r_vel                | 0.612       |
|    r_xvel               | -0.0675     |
| rollout/                |             |
|    ep_len_mean          | 82          |
|    ep_rew_mean          | 30.9        |
| time/                   |             |
|    fps                  | 45          |
|    iterations           | 260         |
|    time_elapsed         | 23409       |
|    total_timesteps      | 1064960     |
| train/                  |             |
|    approx_kl            | 0.060704008 |
|    clip_fraction        | 0.491       |
|    clip_range           | 0.2         |
|    entropy_loss         | 1.45        |
|    explained_variance   | 0.879       |
|    learning_rate        | 0.0003      |
|    loss                 | 0.0283      |
|    n_updates            | 2590        |
|    policy_gradient_loss | 0.00575     |
|    std                  | 0.234       |
|    value_loss           | 0.0827      |
-----------------------------------------
--------------------------------------
| energy/                 |          |
|    E_damp_J             | 0.0378   |
|    E_fric_J             | 0.0115   |
|    E_norm_J             | 0.02     |
|    W_neg_J              | 0.0446   |
|    W_pos_J              | 0.085    |
| reward/                 |          |
|    r_energy             | -0.0769  |
|    r_pose               | -0.00261 |
|    r_vel                | 0.568    |
|    r_xvel               | -0.062   |
| rollout/                |          |
|    ep_len_mean          | 82       |
|    ep_rew_mean          | 30.9     |
| time/                   |          |
|    fps                  | 45       |
|    iterations           | 261      |
|    time_elapsed         | 23499    |
|    total_timesteps      | 1069056  |
| train/                  |          |
|    approx_kl            | 0.060839 |
|    clip_fraction        | 0.463    |
|    clip_range           | 0.2      |
|    entropy_loss         | 1.49     |
|    explained_variance   | 0.897    |
|    learning_rate        | 0.0003   |
|    loss                 | 0.0814   |
|    n_updates            | 2600     |
|    policy_gradient_loss | 0.00909  |
|    std                  | 0.233    |
|    value_loss           | 0.0714   |
--------------------------------------
----------------------------------------
| energy/                 |            |
|    E_damp_J             | 0.0216     |
|    E_fric_J             | 0.0106     |
|    E_norm_J             | 0.00188    |
|    W_neg_J              | 0.0207     |
|    W_pos_J              | 0.0515     |
| reward/                 |            |
|    r_energy             | -0.044     |
|    r_pose               | -0.00283   |
|    r_vel                | 0.608      |
|    r_xvel               | -0.0664    |
| rollout/                |            |
|    ep_len_mean          | 82         |
|    ep_rew_mean          | 30.8       |
| time/                   |            |
|    fps                  | 45         |
|    iterations           | 262        |
|    time_elapsed         | 23589      |
|    total_timesteps      | 1073152    |
| train/                  |            |
|    approx_kl            | 0.07413682 |
|    clip_fraction        | 0.502      |
|    clip_range           | 0.2        |
|    entropy_loss         | 1.51       |
|    explained_variance   | 0.872      |
|    learning_rate        | 0.0003     |
|    loss                 | 0.0573     |
|    n_updates            | 2610       |
|    policy_gradient_loss | 0.00808    |
|    std                  | 0.233      |
|    value_loss           | 0.0964     |
----------------------------------------
----------------------------------------
| energy/                 |            |
|    E_damp_J             | 0.0396     |
|    E_fric_J             | 0.0108     |
|    E_norm_J             | 0.0189     |
|    W_neg_J              | 0.0493     |
|    W_pos_J              | 0.0842     |
| reward/                 |            |
|    r_energy             | -0.0801    |
|    r_pose               | -0.00247   |
|    r_vel                | 0.528      |
|    r_xvel               | -0.103     |
| rollout/                |            |
|    ep_len_mean          | 82         |
|    ep_rew_mean          | 30.6       |
| time/                   |            |
|    fps                  | 45         |
|    iterations           | 263        |
|    time_elapsed         | 23680      |
|    total_timesteps      | 1077248    |
| train/                  |            |
|    approx_kl            | 0.05462914 |
|    clip_fraction        | 0.487      |
|    clip_range           | 0.2        |
|    entropy_loss         | 1.53       |
|    explained_variance   | 0.843      |
|    learning_rate        | 0.0003     |
|    loss                 | 0.0889     |
|    n_updates            | 2620       |
|    policy_gradient_loss | 0.00511    |
|    std                  | 0.233      |
|    value_loss           | 0.125      |
----------------------------------------
-----------------------------------------
| energy/                 |             |
|    E_damp_J             | 0.0225      |
|    E_fric_J             | 0.0104      |
|    E_norm_J             | 0.00186     |
|    W_neg_J              | 0.0228      |
|    W_pos_J              | 0.0492      |
| reward/                 |             |
|    r_energy             | -0.0449     |
|    r_pose               | -0.00268    |
|    r_vel                | 0.613       |
|    r_xvel               | -0.0539     |
| rollout/                |             |
|    ep_len_mean          | 82          |
|    ep_rew_mean          | 30.8        |
| time/                   |             |
|    fps                  | 45          |
|    iterations           | 264         |
|    time_elapsed         | 23770       |
|    total_timesteps      | 1081344     |
| train/                  |             |
|    approx_kl            | 0.048253436 |
|    clip_fraction        | 0.491       |
|    clip_range           | 0.2         |
|    entropy_loss         | 1.54        |
|    explained_variance   | 0.856       |
|    learning_rate        | 0.0003      |
|    loss                 | 0.0613      |
|    n_updates            | 2630        |
|    policy_gradient_loss | 0.00743     |
|    std                  | 0.234       |
|    value_loss           | 0.129       |
-----------------------------------------
-----------------------------------------
| energy/                 |             |
|    E_damp_J             | 0.0392      |
|    E_fric_J             | 0.0104      |
|    E_norm_J             | 0.0192      |
|    W_neg_J              | 0.0457      |
|    W_pos_J              | 0.0853      |
| reward/                 |             |
|    r_energy             | -0.0778     |
|    r_pose               | -0.00257    |
|    r_vel                | 0.497       |
|    r_xvel               | -0.0986     |
| rollout/                |             |
|    ep_len_mean          | 82          |
|    ep_rew_mean          | 31.2        |
| time/                   |             |
|    fps                  | 45          |
|    iterations           | 265         |
|    time_elapsed         | 23861       |
|    total_timesteps      | 1085440     |
| train/                  |             |
|    approx_kl            | 0.066801846 |
|    clip_fraction        | 0.473       |
|    clip_range           | 0.2         |
|    entropy_loss         | 1.56        |
|    explained_variance   | 0.856       |
|    learning_rate        | 0.0003      |
|    loss                 | 0.0474      |
|    n_updates            | 2640        |
|    policy_gradient_loss | 0.00695     |
|    std                  | 0.232       |
|    value_loss           | 0.0961      |
-----------------------------------------
-----------------------------------------
| energy/                 |             |
|    E_damp_J             | 0.0222      |
|    E_fric_J             | 0.0102      |
|    E_norm_J             | 0.00183     |
|    W_neg_J              | 0.0213      |
|    W_pos_J              | 0.051       |
| reward/                 |             |
|    r_energy             | -0.0442     |
|    r_pose               | -0.00289    |
|    r_vel                | 0.608       |
|    r_xvel               | -0.0427     |
| rollout/                |             |
|    ep_len_mean          | 82          |
|    ep_rew_mean          | 31.1        |
| time/                   |             |
|    fps                  | 45          |
|    iterations           | 266         |
|    time_elapsed         | 23952       |
|    total_timesteps      | 1089536     |
| train/                  |             |
|    approx_kl            | 0.052028567 |
|    clip_fraction        | 0.485       |
|    clip_range           | 0.2         |
|    entropy_loss         | 1.62        |
|    explained_variance   | 0.872       |
|    learning_rate        | 0.0003      |
|    loss                 | 0.072       |
|    n_updates            | 2650        |
|    policy_gradient_loss | 0.00802     |
|    std                  | 0.23        |
|    value_loss           | 0.102       |
-----------------------------------------
----------------------------------------
| energy/                 |            |
|    E_damp_J             | 0.0443     |
|    E_fric_J             | 0.0106     |
|    E_norm_J             | 0.0194     |
|    W_neg_J              | 0.0511     |
|    W_pos_J              | 0.0874     |
| reward/                 |            |
|    r_energy             | -0.0843    |
|    r_pose               | -0.00275   |
|    r_vel                | 0.519      |
|    r_xvel               | -0.0634    |
| rollout/                |            |
|    ep_len_mean          | 82         |
|    ep_rew_mean          | 31.3       |
| time/                   |            |
|    fps                  | 45         |
|    iterations           | 267        |
|    time_elapsed         | 24043      |
|    total_timesteps      | 1093632    |
| train/                  |            |
|    approx_kl            | 0.05606865 |
|    clip_fraction        | 0.473      |
|    clip_range           | 0.2        |
|    entropy_loss         | 1.66       |
|    explained_variance   | 0.897      |
|    learning_rate        | 0.0003     |
|    loss                 | 0.0454     |
|    n_updates            | 2660       |
|    policy_gradient_loss | 0.00485    |
|    std                  | 0.23       |
|    value_loss           | 0.0761     |
----------------------------------------
----------------------------------------
| energy/                 |            |
|    E_damp_J             | 0.0222     |
|    E_fric_J             | 0.0104     |
|    E_norm_J             | 0.00185    |
|    W_neg_J              | 0.0217     |
|    W_pos_J              | 0.0487     |
| reward/                 |            |
|    r_energy             | -0.0439    |
|    r_pose               | -0.00276   |
|    r_vel                | 0.618      |
|    r_xvel               | -0.0454    |
| rollout/                |            |
|    ep_len_mean          | 82         |
|    ep_rew_mean          | 31.3       |
| time/                   |            |
|    fps                  | 45         |
|    iterations           | 268        |
|    time_elapsed         | 24134      |
|    total_timesteps      | 1097728    |
| train/                  |            |
|    approx_kl            | 0.04693807 |
|    clip_fraction        | 0.463      |
|    clip_range           | 0.2        |
|    entropy_loss         | 1.7        |
|    explained_variance   | 0.887      |
|    learning_rate        | 0.0003     |
|    loss                 | 0.0647     |
|    n_updates            | 2670       |
|    policy_gradient_loss | 0.00537    |
|    std                  | 0.229      |
|    value_loss           | 0.0841     |
----------------------------------------
-----------------------------------------
| energy/                 |             |
|    E_damp_J             | 0.042       |
|    E_fric_J             | 0.0106      |
|    E_norm_J             | 0.0192      |
|    W_neg_J              | 0.0519      |
|    W_pos_J              | 0.0793      |
| reward/                 |             |
|    r_energy             | -0.0812     |
|    r_pose               | -0.00273    |
|    r_vel                | 0.518       |
|    r_xvel               | -0.0722     |
| rollout/                |             |
|    ep_len_mean          | 82          |
|    ep_rew_mean          | 31.3        |
| time/                   |             |
|    fps                  | 45          |
|    iterations           | 269         |
|    time_elapsed         | 24224       |
|    total_timesteps      | 1101824     |
| train/                  |             |
|    approx_kl            | 0.070772715 |
|    clip_fraction        | 0.513       |
|    clip_range           | 0.2         |
|    entropy_loss         | 1.76        |
|    explained_variance   | 0.825       |
|    learning_rate        | 0.0003      |
|    loss                 | 0.0859      |
|    n_updates            | 2680        |
|    policy_gradient_loss | 0.0127      |
|    std                  | 0.229       |
|    value_loss           | 0.132       |
-----------------------------------------
----------------------------------------
| energy/                 |            |
|    E_damp_J             | 0.0223     |
|    E_fric_J             | 0.0107     |
|    E_norm_J             | 0.00186    |
|    W_neg_J              | 0.0209     |
|    W_pos_J              | 0.0532     |
| reward/                 |            |
|    r_energy             | -0.045     |
|    r_pose               | -0.00279   |
|    r_vel                | 0.618      |
|    r_xvel               | -0.0837    |
| rollout/                |            |
|    ep_len_mean          | 82         |
|    ep_rew_mean          | 31.4       |
| time/                   |            |
|    fps                  | 45         |
|    iterations           | 270        |
|    time_elapsed         | 24313      |
|    total_timesteps      | 1105920    |
| train/                  |            |
|    approx_kl            | 0.06546367 |
|    clip_fraction        | 0.488      |
|    clip_range           | 0.2        |
|    entropy_loss         | 1.8        |
|    explained_variance   | 0.899      |
|    learning_rate        | 0.0003     |
|    loss                 | 0.0454     |
|    n_updates            | 2690       |
|    policy_gradient_loss | 0.0111     |
|    std                  | 0.228      |
|    value_loss           | 0.0725     |
----------------------------------------
----------------------------------------
| energy/                 |            |
|    E_damp_J             | 0.044      |
|    E_fric_J             | 0.0109     |
|    E_norm_J             | 0.0195     |
|    W_neg_J              | 0.0511     |
|    W_pos_J              | 0.0916     |
| reward/                 |            |
|    r_energy             | -0.0856    |
|    r_pose               | -0.00258   |
|    r_vel                | 0.53       |
|    r_xvel               | -0.0695    |
| rollout/                |            |
|    ep_len_mean          | 82         |
|    ep_rew_mean          | 31.6       |
| time/                   |            |
|    fps                  | 45         |
|    iterations           | 271        |
|    time_elapsed         | 24401      |
|    total_timesteps      | 1110016    |
| train/                  |            |
|    approx_kl            | 0.06897603 |
|    clip_fraction        | 0.52       |
|    clip_range           | 0.2        |
|    entropy_loss         | 1.85       |
|    explained_variance   | 0.846      |
|    learning_rate        | 0.0003     |
|    loss                 | 0.084      |
|    n_updates            | 2700       |
|    policy_gradient_loss | 0.00819    |
|    std                  | 0.227      |
|    value_loss           | 0.114      |
----------------------------------------
----------------------------------------
| energy/                 |            |
|    E_damp_J             | 0.0229     |
|    E_fric_J             | 0.0106     |
|    E_norm_J             | 0.00191    |
|    W_neg_J              | 0.022      |
|    W_pos_J              | 0.0502     |
| reward/                 |            |
|    r_energy             | -0.045     |
|    r_pose               | -0.00274   |
|    r_vel                | 0.629      |
|    r_xvel               | -0.043     |
| rollout/                |            |
|    ep_len_mean          | 82         |
|    ep_rew_mean          | 31.6       |
| time/                   |            |
|    fps                  | 45         |
|    iterations           | 272        |
|    time_elapsed         | 24490      |
|    total_timesteps      | 1114112    |
| train/                  |            |
|    approx_kl            | 0.06175738 |
|    clip_fraction        | 0.499      |
|    clip_range           | 0.2        |
|    entropy_loss         | 1.89       |
|    explained_variance   | 0.893      |
|    learning_rate        | 0.0003     |
|    loss                 | 0.0625     |
|    n_updates            | 2710       |
|    policy_gradient_loss | 0.0155     |
|    std                  | 0.227      |
|    value_loss           | 0.077      |
----------------------------------------
----------------------------------------
| energy/                 |            |
|    E_damp_J             | 0.0459     |
|    E_fric_J             | 0.0109     |
|    E_norm_J             | 0.0193     |
|    W_neg_J              | 0.0576     |
|    W_pos_J              | 0.0933     |
| reward/                 |            |
|    r_energy             | -0.0909    |
|    r_pose               | -0.00267   |
|    r_vel                | 0.517      |
|    r_xvel               | -0.0861    |
| rollout/                |            |
|    ep_len_mean          | 82         |
|    ep_rew_mean          | 31.5       |
| time/                   |            |
|    fps                  | 45         |
|    iterations           | 273        |
|    time_elapsed         | 24579      |
|    total_timesteps      | 1118208    |
| train/                  |            |
|    approx_kl            | 0.06835744 |
|    clip_fraction        | 0.494      |
|    clip_range           | 0.2        |
|    entropy_loss         | 1.92       |
|    explained_variance   | 0.899      |
|    learning_rate        | 0.0003     |
|    loss                 | 0.0548     |
|    n_updates            | 2720       |
|    policy_gradient_loss | 0.0125     |
|    std                  | 0.226      |
|    value_loss           | 0.0733     |
----------------------------------------
-----------------------------------------
| energy/                 |             |
|    E_damp_J             | 0.0234      |
|    E_fric_J             | 0.0103      |
|    E_norm_J             | 0.00188     |
|    W_neg_J              | 0.0221      |
|    W_pos_J              | 0.0531      |
| reward/                 |             |
|    r_energy             | -0.0461     |
|    r_pose               | -0.00296    |
|    r_vel                | 0.614       |
|    r_xvel               | -0.0518     |
| rollout/                |             |
|    ep_len_mean          | 82          |
|    ep_rew_mean          | 31.5        |
| time/                   |             |
|    fps                  | 45          |
|    iterations           | 274         |
|    time_elapsed         | 24668       |
|    total_timesteps      | 1122304     |
| train/                  |             |
|    approx_kl            | 0.054942414 |
|    clip_fraction        | 0.483       |
|    clip_range           | 0.2         |
|    entropy_loss         | 1.97        |
|    explained_variance   | 0.915       |
|    learning_rate        | 0.0003      |
|    loss                 | 0.0606      |
|    n_updates            | 2730        |
|    policy_gradient_loss | 0.0101      |
|    std                  | 0.225       |
|    value_loss           | 0.0644      |
-----------------------------------------
-----------------------------------------
| energy/                 |             |
|    E_damp_J             | 0.0445      |
|    E_fric_J             | 0.0107      |
|    E_norm_J             | 0.0196      |
|    W_neg_J              | 0.054       |
|    W_pos_J              | 0.0909      |
| reward/                 |             |
|    r_energy             | -0.0873     |
|    r_pose               | -0.00273    |
|    r_vel                | 0.515       |
|    r_xvel               | -0.0937     |
| rollout/                |             |
|    ep_len_mean          | 82          |
|    ep_rew_mean          | 31.6        |
| time/                   |             |
|    fps                  | 45          |
|    iterations           | 275         |
|    time_elapsed         | 24758       |
|    total_timesteps      | 1126400     |
| train/                  |             |
|    approx_kl            | 0.060116537 |
|    clip_fraction        | 0.487       |
|    clip_range           | 0.2         |
|    entropy_loss         | 2.03        |
|    explained_variance   | 0.89        |
|    learning_rate        | 0.0003      |
|    loss                 | 0.0506      |
|    n_updates            | 2740        |
|    policy_gradient_loss | 0.0126      |
|    std                  | 0.224       |
|    value_loss           | 0.0813      |
-----------------------------------------
----------------------------------------
| energy/                 |            |
|    E_damp_J             | 0.0229     |
|    E_fric_J             | 0.0104     |
|    E_norm_J             | 0.00192    |
|    W_neg_J              | 0.0224     |
|    W_pos_J              | 0.0522     |
| reward/                 |            |
|    r_energy             | -0.0457    |
|    r_pose               | -0.00275   |
|    r_vel                | 0.623      |
|    r_xvel               | -0.0429    |
| rollout/                |            |
|    ep_len_mean          | 82         |
|    ep_rew_mean          | 31.8       |
| time/                   |            |
|    fps                  | 45         |
|    iterations           | 276        |
|    time_elapsed         | 24847      |
|    total_timesteps      | 1130496    |
| train/                  |            |
|    approx_kl            | 0.07198392 |
|    clip_fraction        | 0.51       |
|    clip_range           | 0.2        |
|    entropy_loss         | 2.05       |
|    explained_variance   | 0.894      |
|    learning_rate        | 0.0003     |
|    loss                 | 0.087      |
|    n_updates            | 2750       |
|    policy_gradient_loss | 0.00618    |
|    std                  | 0.224      |
|    value_loss           | 0.0784     |
----------------------------------------
----------------------------------------
| energy/                 |            |
|    E_damp_J             | 0.0498     |
|    E_fric_J             | 0.0108     |
|    E_norm_J             | 0.0201     |
|    W_neg_J              | 0.0672     |
|    W_pos_J              | 0.0981     |
| reward/                 |            |
|    r_energy             | -0.1       |
|    r_pose               | -0.00254   |
|    r_vel                | 0.521      |
|    r_xvel               | -0.0762    |
| rollout/                |            |
|    ep_len_mean          | 82         |
|    ep_rew_mean          | 31.6       |
| time/                   |            |
|    fps                  | 45         |
|    iterations           | 277        |
|    time_elapsed         | 24936      |
|    total_timesteps      | 1134592    |
| train/                  |            |
|    approx_kl            | 0.07395142 |
|    clip_fraction        | 0.498      |
|    clip_range           | 0.2        |
|    entropy_loss         | 2.04       |
|    explained_variance   | 0.891      |
|    learning_rate        | 0.0003     |
|    loss                 | 0.0535     |
|    n_updates            | 2760       |
|    policy_gradient_loss | 0.0105     |
|    std                  | 0.224      |
|    value_loss           | 0.0749     |
----------------------------------------
----------------------------------------
| energy/                 |            |
|    E_damp_J             | 0.0229     |
|    E_fric_J             | 0.0104     |
|    E_norm_J             | 0.00189    |
|    W_neg_J              | 0.0222     |
|    W_pos_J              | 0.0547     |
| reward/                 |            |
|    r_energy             | -0.0464    |
|    r_pose               | -0.00285   |
|    r_vel                | 0.619      |
|    r_xvel               | -0.0499    |
| rollout/                |            |
|    ep_len_mean          | 82         |
|    ep_rew_mean          | 31.5       |
| time/                   |            |
|    fps                  | 45         |
|    iterations           | 278        |
|    time_elapsed         | 25027      |
|    total_timesteps      | 1138688    |
| train/                  |            |
|    approx_kl            | 0.06617687 |
|    clip_fraction        | 0.506      |
|    clip_range           | 0.2        |
|    entropy_loss         | 2.03       |
|    explained_variance   | 0.867      |
|    learning_rate        | 0.0003     |
|    loss                 | 0.0686     |
|    n_updates            | 2770       |
|    policy_gradient_loss | 0.0116     |
|    std                  | 0.224      |
|    value_loss           | 0.123      |
----------------------------------------
----------------------------------------
| energy/                 |            |
|    E_damp_J             | 0.0436     |
|    E_fric_J             | 0.0106     |
|    E_norm_J             | 0.0193     |
|    W_neg_J              | 0.0541     |
|    W_pos_J              | 0.0863     |
| reward/                 |            |
|    r_energy             | -0.0854    |
|    r_pose               | -0.00277   |
|    r_vel                | 0.515      |
|    r_xvel               | -0.0691    |
| rollout/                |            |
|    ep_len_mean          | 82         |
|    ep_rew_mean          | 31.9       |
| time/                   |            |
|    fps                  | 45         |
|    iterations           | 279        |
|    time_elapsed         | 25117      |
|    total_timesteps      | 1142784    |
| train/                  |            |
|    approx_kl            | 0.07806739 |
|    clip_fraction        | 0.491      |
|    clip_range           | 0.2        |
|    entropy_loss         | 2.08       |
|    explained_variance   | 0.871      |
|    learning_rate        | 0.0003     |
|    loss                 | 0.0623     |
|    n_updates            | 2780       |
|    policy_gradient_loss | 0.0106     |
|    std                  | 0.223      |
|    value_loss           | 0.0763     |
----------------------------------------
-----------------------------------------
| energy/                 |             |
|    E_damp_J             | 0.023       |
|    E_fric_J             | 0.0106      |
|    E_norm_J             | 0.0018      |
|    W_neg_J              | 0.0212      |
|    W_pos_J              | 0.0527      |
| reward/                 |             |
|    r_energy             | -0.0453     |
|    r_pose               | -0.00265    |
|    r_vel                | 0.631       |
|    r_xvel               | -0.0412     |
| rollout/                |             |
|    ep_len_mean          | 82          |
|    ep_rew_mean          | 31.9        |
| time/                   |             |
|    fps                  | 45          |
|    iterations           | 280         |
|    time_elapsed         | 25206       |
|    total_timesteps      | 1146880     |
| train/                  |             |
|    approx_kl            | 0.056417894 |
|    clip_fraction        | 0.506       |
|    clip_range           | 0.2         |
|    entropy_loss         | 2.13        |
|    explained_variance   | 0.886       |
|    learning_rate        | 0.0003      |
|    loss                 | 0.0426      |
|    n_updates            | 2790        |
|    policy_gradient_loss | 0.0141      |
|    std                  | 0.222       |
|    value_loss           | 0.0865      |
-----------------------------------------
-----------------------------------------
| energy/                 |             |
|    E_damp_J             | 0.044       |
|    E_fric_J             | 0.0114      |
|    E_norm_J             | 0.0194      |
|    W_neg_J              | 0.0542      |
|    W_pos_J              | 0.0901      |
| reward/                 |             |
|    r_energy             | -0.0872     |
|    r_pose               | -0.00272    |
|    r_vel                | 0.555       |
|    r_xvel               | -0.0904     |
| rollout/                |             |
|    ep_len_mean          | 82          |
|    ep_rew_mean          | 31.8        |
| time/                   |             |
|    fps                  | 45          |
|    iterations           | 281         |
|    time_elapsed         | 25296       |
|    total_timesteps      | 1150976     |
| train/                  |             |
|    approx_kl            | 0.059219286 |
|    clip_fraction        | 0.518       |
|    clip_range           | 0.2         |
|    entropy_loss         | 2.17        |
|    explained_variance   | 0.842       |
|    learning_rate        | 0.0003      |
|    loss                 | 0.0595      |
|    n_updates            | 2800        |
|    policy_gradient_loss | 0.0146      |
|    std                  | 0.221       |
|    value_loss           | 0.113       |
-----------------------------------------
----------------------------------------
| energy/                 |            |
|    E_damp_J             | 0.0226     |
|    E_fric_J             | 0.0106     |
|    E_norm_J             | 0.0018     |
|    W_neg_J              | 0.0223     |
|    W_pos_J              | 0.0518     |
| reward/                 |            |
|    r_energy             | -0.0455    |
|    r_pose               | -0.00291   |
|    r_vel                | 0.634      |
|    r_xvel               | -0.0547    |
| rollout/                |            |
|    ep_len_mean          | 82         |
|    ep_rew_mean          | 31.7       |
| time/                   |            |
|    fps                  | 45         |
|    iterations           | 282        |
|    time_elapsed         | 25387      |
|    total_timesteps      | 1155072    |
| train/                  |            |
|    approx_kl            | 0.08375679 |
|    clip_fraction        | 0.533      |
|    clip_range           | 0.2        |
|    entropy_loss         | 2.2        |
|    explained_variance   | 0.834      |
|    learning_rate        | 0.0003     |
|    loss                 | 0.0529     |
|    n_updates            | 2810       |
|    policy_gradient_loss | 0.0191     |
|    std                  | 0.221      |
|    value_loss           | 0.125      |
----------------------------------------
-----------------------------------------
| energy/                 |             |
|    E_damp_J             | 0.0449      |
|    E_fric_J             | 0.0107      |
|    E_norm_J             | 0.0192      |
|    W_neg_J              | 0.0552      |
|    W_pos_J              | 0.0871      |
| reward/                 |             |
|    r_energy             | -0.0871     |
|    r_pose               | -0.00245    |
|    r_vel                | 0.572       |
|    r_xvel               | -0.0621     |
| rollout/                |             |
|    ep_len_mean          | 82          |
|    ep_rew_mean          | 31.8        |
| time/                   |             |
|    fps                  | 45          |
|    iterations           | 283         |
|    time_elapsed         | 25477       |
|    total_timesteps      | 1159168     |
| train/                  |             |
|    approx_kl            | 0.051758096 |
|    clip_fraction        | 0.495       |
|    clip_range           | 0.2         |
|    entropy_loss         | 2.2         |
|    explained_variance   | 0.88        |
|    learning_rate        | 0.0003      |
|    loss                 | 0.0645      |
|    n_updates            | 2820        |
|    policy_gradient_loss | 0.00878     |
|    std                  | 0.221       |
|    value_loss           | 0.0925      |
-----------------------------------------
----------------------------------------
| energy/                 |            |
|    E_damp_J             | 0.0229     |
|    E_fric_J             | 0.0102     |
|    E_norm_J             | 0.00182    |
|    W_neg_J              | 0.0207     |
|    W_pos_J              | 0.0538     |
| reward/                 |            |
|    r_energy             | -0.0451    |
|    r_pose               | -0.00294   |
|    r_vel                | 0.615      |
|    r_xvel               | -0.0458    |
| rollout/                |            |
|    ep_len_mean          | 82         |
|    ep_rew_mean          | 32         |
| time/                   |            |
|    fps                  | 45         |
|    iterations           | 284        |
|    time_elapsed         | 25568      |
|    total_timesteps      | 1163264    |
| train/                  |            |
|    approx_kl            | 0.06555953 |
|    clip_fraction        | 0.517      |
|    clip_range           | 0.2        |
|    entropy_loss         | 2.24       |
|    explained_variance   | 0.905      |
|    learning_rate        | 0.0003     |
|    loss                 | 0.0334     |
|    n_updates            | 2830       |
|    policy_gradient_loss | 0.0119     |
|    std                  | 0.22       |
|    value_loss           | 0.0704     |
----------------------------------------
----------------------------------------
| energy/                 |            |
|    E_damp_J             | 0.0445     |
|    E_fric_J             | 0.0103     |
|    E_norm_J             | 0.0189     |
|    W_neg_J              | 0.0501     |
|    W_pos_J              | 0.0864     |
| reward/                 |            |
|    r_energy             | -0.0834    |
|    r_pose               | -0.00256   |
|    r_vel                | 0.583      |
|    r_xvel               | -0.062     |
| rollout/                |            |
|    ep_len_mean          | 82         |
|    ep_rew_mean          | 31.7       |
| time/                   |            |
|    fps                  | 45         |
|    iterations           | 285        |
|    time_elapsed         | 25658      |
|    total_timesteps      | 1167360    |
| train/                  |            |
|    approx_kl            | 0.07827717 |
|    clip_fraction        | 0.527      |
|    clip_range           | 0.2        |
|    entropy_loss         | 2.28       |
|    explained_variance   | 0.895      |
|    learning_rate        | 0.0003     |
|    loss                 | 0.0882     |
|    n_updates            | 2840       |
|    policy_gradient_loss | 0.0107     |
|    std                  | 0.219      |
|    value_loss           | 0.0769     |
----------------------------------------
-----------------------------------------
| energy/                 |             |
|    E_damp_J             | 0.0225      |
|    E_fric_J             | 0.0105      |
|    E_norm_J             | 0.00187     |
|    W_neg_J              | 0.021       |
|    W_pos_J              | 0.0531      |
| reward/                 |             |
|    r_energy             | -0.045      |
|    r_pose               | -0.00272    |
|    r_vel                | 0.623       |
|    r_xvel               | -0.044      |
| rollout/                |             |
|    ep_len_mean          | 82          |
|    ep_rew_mean          | 31.8        |
| time/                   |             |
|    fps                  | 45          |
|    iterations           | 286         |
|    time_elapsed         | 25746       |
|    total_timesteps      | 1171456     |
| train/                  |             |
|    approx_kl            | 0.065838695 |
|    clip_fraction        | 0.514       |
|    clip_range           | 0.2         |
|    entropy_loss         | 2.3         |
|    explained_variance   | 0.864       |
|    learning_rate        | 0.0003      |
|    loss                 | 0.0771      |
|    n_updates            | 2850        |
|    policy_gradient_loss | 0.0126      |
|    std                  | 0.219       |
|    value_loss           | 0.105       |
-----------------------------------------
-----------------------------------------
| energy/                 |             |
|    E_damp_J             | 0.0219      |
|    E_fric_J             | 0.0107      |
|    E_norm_J             | 0.00185     |
|    W_neg_J              | 0.0187      |
|    W_pos_J              | 0.0545      |
| reward/                 |             |
|    r_energy             | -0.0438     |
|    r_pose               | -0.00286    |
|    r_vel                | 0.621       |
|    r_xvel               | -0.0593     |
| rollout/                |             |
|    ep_len_mean          | 82          |
|    ep_rew_mean          | 31.9        |
| time/                   |             |
|    fps                  | 45          |
|    iterations           | 287         |
|    time_elapsed         | 25835       |
|    total_timesteps      | 1175552     |
| train/                  |             |
|    approx_kl            | 0.058470566 |
|    clip_fraction        | 0.525       |
|    clip_range           | 0.2         |
|    entropy_loss         | 2.33        |
|    explained_variance   | 0.828       |
|    learning_rate        | 0.0003      |
|    loss                 | 0.0964      |
|    n_updates            | 2860        |
|    policy_gradient_loss | 0.0144      |
|    std                  | 0.218       |
|    value_loss           | 0.127       |
-----------------------------------------
-----------------------------------------
| energy/                 |             |
|    E_damp_J             | 0.023       |
|    E_fric_J             | 0.0109      |
|    E_norm_J             | 0.00189     |
|    W_neg_J              | 0.0227      |
|    W_pos_J              | 0.0522      |
| reward/                 |             |
|    r_energy             | -0.0463     |
|    r_pose               | -0.00275    |
|    r_vel                | 0.64        |
|    r_xvel               | -0.0593     |
| rollout/                |             |
|    ep_len_mean          | 82          |
|    ep_rew_mean          | 31.9        |
| time/                   |             |
|    fps                  | 45          |
|    iterations           | 288         |
|    time_elapsed         | 25925       |
|    total_timesteps      | 1179648     |
| train/                  |             |
|    approx_kl            | 0.062405664 |
|    clip_fraction        | 0.504       |
|    clip_range           | 0.2         |
|    entropy_loss         | 2.33        |
|    explained_variance   | 0.865       |
|    learning_rate        | 0.0003      |
|    loss                 | 0.0738      |
|    n_updates            | 2870        |
|    policy_gradient_loss | 0.0101      |
|    std                  | 0.219       |
|    value_loss           | 0.103       |
-----------------------------------------
---------------------------------------
| energy/                 |           |
|    E_damp_J             | 0.0238    |
|    E_fric_J             | 0.0107    |
|    E_norm_J             | 0.00191   |
|    W_neg_J              | 0.0212    |
|    W_pos_J              | 0.0528    |
| reward/                 |           |
|    r_energy             | -0.0458   |
|    r_pose               | -0.0027   |
|    r_vel                | 0.627     |
|    r_xvel               | -0.0403   |
| rollout/                |           |
|    ep_len_mean          | 82        |
|    ep_rew_mean          | 32        |
| time/                   |           |
|    fps                  | 45        |
|    iterations           | 289       |
|    time_elapsed         | 26016     |
|    total_timesteps      | 1183744   |
| train/                  |           |
|    approx_kl            | 0.0627234 |
|    clip_fraction        | 0.497     |
|    clip_range           | 0.2       |
|    entropy_loss         | 2.3       |
|    explained_variance   | 0.874     |
|    learning_rate        | 0.0003    |
|    loss                 | 0.106     |
|    n_updates            | 2880      |
|    policy_gradient_loss | 0.00961   |
|    std                  | 0.219     |
|    value_loss           | 0.0998    |
---------------------------------------
----------------------------------------
| energy/                 |            |
|    E_damp_J             | 0.0226     |
|    E_fric_J             | 0.0104     |
|    E_norm_J             | 0.00187    |
|    W_neg_J              | 0.0213     |
|    W_pos_J              | 0.0543     |
| reward/                 |            |
|    r_energy             | -0.0455    |
|    r_pose               | -0.00269   |
|    r_vel                | 0.616      |
|    r_xvel               | -0.0459    |
| rollout/                |            |
|    ep_len_mean          | 82         |
|    ep_rew_mean          | 32.1       |
| time/                   |            |
|    fps                  | 45         |
|    iterations           | 290        |
|    time_elapsed         | 26106      |
|    total_timesteps      | 1187840    |
| train/                  |            |
|    approx_kl            | 0.06678842 |
|    clip_fraction        | 0.516      |
|    clip_range           | 0.2        |
|    entropy_loss         | 2.31       |
|    explained_variance   | 0.901      |
|    learning_rate        | 0.0003     |
|    loss                 | 0.0935     |
|    n_updates            | 2890       |
|    policy_gradient_loss | 0.0145     |
|    std                  | 0.219      |
|    value_loss           | 0.0658     |
----------------------------------------
-----------------------------------------
| energy/                 |             |
|    E_damp_J             | 0.0222      |
|    E_fric_J             | 0.0106      |
|    E_norm_J             | 0.00186     |
|    W_neg_J              | 0.0226      |
|    W_pos_J              | 0.0482      |
| reward/                 |             |
|    r_energy             | -0.0444     |
|    r_pose               | -0.00283    |
|    r_vel                | 0.618       |
|    r_xvel               | -0.0385     |
| rollout/                |             |
|    ep_len_mean          | 82          |
|    ep_rew_mean          | 32.1        |
| time/                   |             |
|    fps                  | 45          |
|    iterations           | 291         |
|    time_elapsed         | 26197       |
|    total_timesteps      | 1191936     |
| train/                  |             |
|    approx_kl            | 0.069731146 |
|    clip_fraction        | 0.529       |
|    clip_range           | 0.2         |
|    entropy_loss         | 2.32        |
|    explained_variance   | 0.87        |
|    learning_rate        | 0.0003      |
|    loss                 | 0.0881      |
|    n_updates            | 2900        |
|    policy_gradient_loss | 0.00846     |
|    std                  | 0.219       |
|    value_loss           | 0.1         |
-----------------------------------------
----------------------------------------
| energy/                 |            |
|    E_damp_J             | 0.0225     |
|    E_fric_J             | 0.0105     |
|    E_norm_J             | 0.00183    |
|    W_neg_J              | 0.0219     |
|    W_pos_J              | 0.0497     |
| reward/                 |            |
|    r_energy             | -0.0445    |
|    r_pose               | -0.00274   |
|    r_vel                | 0.619      |
|    r_xvel               | -0.0438    |
| rollout/                |            |
|    ep_len_mean          | 82         |
|    ep_rew_mean          | 32         |
| time/                   |            |
|    fps                  | 45         |
|    iterations           | 292        |
|    time_elapsed         | 26287      |
|    total_timesteps      | 1196032    |
| train/                  |            |
|    approx_kl            | 0.06665916 |
|    clip_fraction        | 0.519      |
|    clip_range           | 0.2        |
|    entropy_loss         | 2.34       |
|    explained_variance   | 0.866      |
|    learning_rate        | 0.0003     |
|    loss                 | 0.0577     |
|    n_updates            | 2910       |
|    policy_gradient_loss | 0.0104     |
|    std                  | 0.218      |
|    value_loss           | 0.0998     |
----------------------------------------
-----------------------------------------
| energy/                 |             |
|    E_damp_J             | 0.0239      |
|    E_fric_J             | 0.0107      |
|    E_norm_J             | 0.00192     |
|    W_neg_J              | 0.0226      |
|    W_pos_J              | 0.055       |
| reward/                 |             |
|    r_energy             | -0.0474     |
|    r_pose               | -0.00282    |
|    r_vel                | 0.62        |
|    r_xvel               | -0.058      |
| rollout/                |             |
|    ep_len_mean          | 82          |
|    ep_rew_mean          | 32          |
| time/                   |             |
|    fps                  | 45          |
|    iterations           | 293         |
|    time_elapsed         | 26376       |
|    total_timesteps      | 1200128     |
| train/                  |             |
|    approx_kl            | 0.064045526 |
|    clip_fraction        | 0.513       |
|    clip_range           | 0.2         |
|    entropy_loss         | 2.37        |
|    explained_variance   | 0.869       |
|    learning_rate        | 0.0003      |
|    loss                 | 0.0732      |
|    n_updates            | 2920        |
|    policy_gradient_loss | 0.011       |
|    std                  | 0.218       |
|    value_loss           | 0.105       |
-----------------------------------------
----------------------------------------
| energy/                 |            |
|    E_damp_J             | 0.0234     |
|    E_fric_J             | 0.0108     |
|    E_norm_J             | 0.00179    |
|    W_neg_J              | 0.0238     |
|    W_pos_J              | 0.049      |
| reward/                 |            |
|    r_energy             | -0.046     |
|    r_pose               | -0.0028    |
|    r_vel                | 0.634      |
|    r_xvel               | -0.0413    |
| rollout/                |            |
|    ep_len_mean          | 82         |
|    ep_rew_mean          | 32.1       |
| time/                   |            |
|    fps                  | 45         |
|    iterations           | 294        |
|    time_elapsed         | 26465      |
|    total_timesteps      | 1204224    |
| train/                  |            |
|    approx_kl            | 0.06279415 |
|    clip_fraction        | 0.5        |
|    clip_range           | 0.2        |
|    entropy_loss         | 2.42       |
|    explained_variance   | 0.88       |
|    learning_rate        | 0.0003     |
|    loss                 | 0.0684     |
|    n_updates            | 2930       |
|    policy_gradient_loss | 0.00615    |
|    std                  | 0.217      |
|    value_loss           | 0.0896     |
----------------------------------------
-----------------------------------------
| energy/                 |             |
|    E_damp_J             | 0.0226      |
|    E_fric_J             | 0.0107      |
|    E_norm_J             | 0.00185     |
|    W_neg_J              | 0.0208      |
|    W_pos_J              | 0.0525      |
| reward/                 |             |
|    r_energy             | -0.0449     |
|    r_pose               | -0.00276    |
|    r_vel                | 0.628       |
|    r_xvel               | -0.0436     |
| rollout/                |             |
|    ep_len_mean          | 82          |
|    ep_rew_mean          | 32.3        |
| time/                   |             |
|    fps                  | 45          |
|    iterations           | 295         |
|    time_elapsed         | 26554       |
|    total_timesteps      | 1208320     |
| train/                  |             |
|    approx_kl            | 0.061489485 |
|    clip_fraction        | 0.521       |
|    clip_range           | 0.2         |
|    entropy_loss         | 2.48        |
|    explained_variance   | 0.896       |
|    learning_rate        | 0.0003      |
|    loss                 | 0.0624      |
|    n_updates            | 2940        |
|    policy_gradient_loss | 0.0186      |
|    std                  | 0.216       |
|    value_loss           | 0.0745      |
-----------------------------------------
----------------------------------------
| energy/                 |            |
|    E_damp_J             | 0.0231     |
|    E_fric_J             | 0.0105     |
|    E_norm_J             | 0.00177    |
|    W_neg_J              | 0.0198     |
|    W_pos_J              | 0.052      |
| reward/                 |            |
|    r_energy             | -0.0443    |
|    r_pose               | -0.00283   |
|    r_vel                | 0.615      |
|    r_xvel               | -0.0483    |
| rollout/                |            |
|    ep_len_mean          | 82         |
|    ep_rew_mean          | 32.4       |
| time/                   |            |
|    fps                  | 45         |
|    iterations           | 296        |
|    time_elapsed         | 26643      |
|    total_timesteps      | 1212416    |
| train/                  |            |
|    approx_kl            | 0.07624452 |
|    clip_fraction        | 0.491      |
|    clip_range           | 0.2        |
|    entropy_loss         | 2.52       |
|    explained_variance   | 0.892      |
|    learning_rate        | 0.0003     |
|    loss                 | 0.0769     |
|    n_updates            | 2950       |
|    policy_gradient_loss | 0.00702    |
|    std                  | 0.216      |
|    value_loss           | 0.0813     |
----------------------------------------
----------------------------------------
| energy/                 |            |
|    E_damp_J             | 0.0228     |
|    E_fric_J             | 0.0106     |
|    E_norm_J             | 0.00189    |
|    W_neg_J              | 0.0221     |
|    W_pos_J              | 0.0487     |
| reward/                 |            |
|    r_energy             | -0.0445    |
|    r_pose               | -0.00284   |
|    r_vel                | 0.621      |
|    r_xvel               | -0.0524    |
| rollout/                |            |
|    ep_len_mean          | 82         |
|    ep_rew_mean          | 32.4       |
| time/                   |            |
|    fps                  | 45         |
|    iterations           | 297        |
|    time_elapsed         | 26732      |
|    total_timesteps      | 1216512    |
| train/                  |            |
|    approx_kl            | 0.06624539 |
|    clip_fraction        | 0.492      |
|    clip_range           | 0.2        |
|    entropy_loss         | 2.53       |
|    explained_variance   | 0.898      |
|    learning_rate        | 0.0003     |
|    loss                 | 0.1        |
|    n_updates            | 2960       |
|    policy_gradient_loss | 0.00544    |
|    std                  | 0.216      |
|    value_loss           | 0.078      |
----------------------------------------
----------------------------------------
| energy/                 |            |
|    E_damp_J             | 0.0224     |
|    E_fric_J             | 0.0105     |
|    E_norm_J             | 0.0018     |
|    W_neg_J              | 0.0203     |
|    W_pos_J              | 0.0517     |
| reward/                 |            |
|    r_energy             | -0.0441    |
|    r_pose               | -0.00296   |
|    r_vel                | 0.615      |
|    r_xvel               | -0.065     |
| rollout/                |            |
|    ep_len_mean          | 82         |
|    ep_rew_mean          | 32.5       |
| time/                   |            |
|    fps                  | 45         |
|    iterations           | 298        |
|    time_elapsed         | 26821      |
|    total_timesteps      | 1220608    |
| train/                  |            |
|    approx_kl            | 0.07366952 |
|    clip_fraction        | 0.542      |
|    clip_range           | 0.2        |
|    entropy_loss         | 2.54       |
|    explained_variance   | 0.861      |
|    learning_rate        | 0.0003     |
|    loss                 | 0.0971     |
|    n_updates            | 2970       |
|    policy_gradient_loss | 0.0173     |
|    std                  | 0.215      |
|    value_loss           | 0.101      |
----------------------------------------
----------------------------------------
| energy/                 |            |
|    E_damp_J             | 0.0222     |
|    E_fric_J             | 0.0106     |
|    E_norm_J             | 0.0018     |
|    W_neg_J              | 0.021      |
|    W_pos_J              | 0.0503     |
| reward/                 |            |
|    r_energy             | -0.0441    |
|    r_pose               | -0.00288   |
|    r_vel                | 0.619      |
|    r_xvel               | -0.0488    |
| rollout/                |            |
|    ep_len_mean          | 82         |
|    ep_rew_mean          | 32.4       |
| time/                   |            |
|    fps                  | 45         |
|    iterations           | 299        |
|    time_elapsed         | 26911      |
|    total_timesteps      | 1224704    |
| train/                  |            |
|    approx_kl            | 0.08932933 |
|    clip_fraction        | 0.514      |
|    clip_range           | 0.2        |
|    entropy_loss         | 2.54       |
|    explained_variance   | 0.887      |
|    learning_rate        | 0.0003     |
|    loss                 | 0.0264     |
|    n_updates            | 2980       |
|    policy_gradient_loss | 0.00467    |
|    std                  | 0.216      |
|    value_loss           | 0.0817     |
----------------------------------------
-----------------------------------------
| energy/                 |             |
|    E_damp_J             | 0.0233      |
|    E_fric_J             | 0.01        |
|    E_norm_J             | 0.00211     |
|    W_neg_J              | 0.0242      |
|    W_pos_J              | 0.0553      |
| reward/                 |             |
|    r_energy             | -0.0478     |
|    r_pose               | -0.00301    |
|    r_vel                | 0.578       |
|    r_xvel               | -0.0651     |
| rollout/                |             |
|    ep_len_mean          | 82          |
|    ep_rew_mean          | 32.3        |
| time/                   |             |
|    fps                  | 45          |
|    iterations           | 300         |
|    time_elapsed         | 27000       |
|    total_timesteps      | 1228800     |
| train/                  |             |
|    approx_kl            | 0.076468326 |
|    clip_fraction        | 0.539       |
|    clip_range           | 0.2         |
|    entropy_loss         | 2.56        |
|    explained_variance   | 0.845       |
|    learning_rate        | 0.0003      |
|    loss                 | 0.0769      |
|    n_updates            | 2990        |
|    policy_gradient_loss | 0.0135      |
|    std                  | 0.215       |
|    value_loss           | 0.112       |
-----------------------------------------
-----------------------------------------
| energy/                 |             |
|    E_damp_J             | 0.0243      |
|    E_fric_J             | 0.0104      |
|    E_norm_J             | 0.00177     |
|    W_neg_J              | 0.0225      |
|    W_pos_J              | 0.0508      |
| reward/                 |             |
|    r_energy             | -0.0461     |
|    r_pose               | -0.00288    |
|    r_vel                | 0.627       |
|    r_xvel               | -0.0619     |
| rollout/                |             |
|    ep_len_mean          | 82          |
|    ep_rew_mean          | 32.6        |
| time/                   |             |
|    fps                  | 45          |
|    iterations           | 301         |
|    time_elapsed         | 27091       |
|    total_timesteps      | 1232896     |
| train/                  |             |
|    approx_kl            | 0.067796536 |
|    clip_fraction        | 0.524       |
|    clip_range           | 0.2         |
|    entropy_loss         | 2.57        |
|    explained_variance   | 0.863       |
|    learning_rate        | 0.0003      |
|    loss                 | 0.0714      |
|    n_updates            | 3000        |
|    policy_gradient_loss | 0.0122      |
|    std                  | 0.215       |
|    value_loss           | 0.116       |
-----------------------------------------
----------------------------------------
| energy/                 |            |
|    E_damp_J             | 0.0281     |
|    E_fric_J             | 0.0112     |
|    E_norm_J             | 0.0192     |
|    W_neg_J              | 0.0305     |
|    W_pos_J              | 0.0686     |
| reward/                 |            |
|    r_energy             | -0.0585    |
|    r_pose               | -0.00288   |
|    r_vel                | 0.538      |
|    r_xvel               | -0.0901    |
| rollout/                |            |
|    ep_len_mean          | 82         |
|    ep_rew_mean          | 32.8       |
| time/                   |            |
|    fps                  | 45         |
|    iterations           | 302        |
|    time_elapsed         | 27179      |
|    total_timesteps      | 1236992    |
| train/                  |            |
|    approx_kl            | 0.05610244 |
|    clip_fraction        | 0.473      |
|    clip_range           | 0.2        |
|    entropy_loss         | 2.59       |
|    explained_variance   | 0.89       |
|    learning_rate        | 0.0003     |
|    loss                 | 0.0628     |
|    n_updates            | 3010       |
|    policy_gradient_loss | 0.00904    |
|    std                  | 0.215      |
|    value_loss           | 0.0757     |
----------------------------------------
----------------------------------------
| energy/                 |            |
|    E_damp_J             | 0.0222     |
|    E_fric_J             | 0.0104     |
|    E_norm_J             | 0.00176    |
|    W_neg_J              | 0.0205     |
|    W_pos_J              | 0.0522     |
| reward/                 |            |
|    r_energy             | -0.0442    |
|    r_pose               | -0.00298   |
|    r_vel                | 0.623      |
|    r_xvel               | -0.0437    |
| rollout/                |            |
|    ep_len_mean          | 82         |
|    ep_rew_mean          | 32.7       |
| time/                   |            |
|    fps                  | 45         |
|    iterations           | 303        |
|    time_elapsed         | 27269      |
|    total_timesteps      | 1241088    |
| train/                  |            |
|    approx_kl            | 0.07513897 |
|    clip_fraction        | 0.512      |
|    clip_range           | 0.2        |
|    entropy_loss         | 2.62       |
|    explained_variance   | 0.9        |
|    learning_rate        | 0.0003     |
|    loss                 | 0.082      |
|    n_updates            | 3020       |
|    policy_gradient_loss | 0.0114     |
|    std                  | 0.214      |
|    value_loss           | 0.0737     |
----------------------------------------
-----------------------------------------
| energy/                 |             |
|    E_damp_J             | 0.0435      |
|    E_fric_J             | 0.0108      |
|    E_norm_J             | 0.0189      |
|    W_neg_J              | 0.0516      |
|    W_pos_J              | 0.0891      |
| reward/                 |             |
|    r_energy             | -0.0849     |
|    r_pose               | -0.00288    |
|    r_vel                | 0.521       |
|    r_xvel               | -0.0943     |
| rollout/                |             |
|    ep_len_mean          | 82          |
|    ep_rew_mean          | 32.9        |
| time/                   |             |
|    fps                  | 45          |
|    iterations           | 304         |
|    time_elapsed         | 27359       |
|    total_timesteps      | 1245184     |
| train/                  |             |
|    approx_kl            | 0.058901623 |
|    clip_fraction        | 0.507       |
|    clip_range           | 0.2         |
|    entropy_loss         | 2.67        |
|    explained_variance   | 0.905       |
|    learning_rate        | 0.0003      |
|    loss                 | 0.0413      |
|    n_updates            | 3030        |
|    policy_gradient_loss | 0.0108      |
|    std                  | 0.213       |
|    value_loss           | 0.0705      |
-----------------------------------------
----------------------------------------
| energy/                 |            |
|    E_damp_J             | 0.0224     |
|    E_fric_J             | 0.0104     |
|    E_norm_J             | 0.00185    |
|    W_neg_J              | 0.0225     |
|    W_pos_J              | 0.0471     |
| reward/                 |            |
|    r_energy             | -0.0441    |
|    r_pose               | -0.00293   |
|    r_vel                | 0.624      |
|    r_xvel               | -0.0547    |
| rollout/                |            |
|    ep_len_mean          | 82         |
|    ep_rew_mean          | 33         |
| time/                   |            |
|    fps                  | 45         |
|    iterations           | 305        |
|    time_elapsed         | 27449      |
|    total_timesteps      | 1249280    |
| train/                  |            |
|    approx_kl            | 0.07446365 |
|    clip_fraction        | 0.514      |
|    clip_range           | 0.2        |
|    entropy_loss         | 2.72       |
|    explained_variance   | 0.884      |
|    learning_rate        | 0.0003     |
|    loss                 | 0.0543     |
|    n_updates            | 3040       |
|    policy_gradient_loss | 0.0138     |
|    std                  | 0.212      |
|    value_loss           | 0.0785     |
----------------------------------------
----------------------------------------
| energy/                 |            |
|    E_damp_J             | 0.0461     |
|    E_fric_J             | 0.0107     |
|    E_norm_J             | 0.0194     |
|    W_neg_J              | 0.0564     |
|    W_pos_J              | 0.0946     |
| reward/                 |            |
|    r_energy             | -0.0906    |
|    r_pose               | -0.00261   |
|    r_vel                | 0.536      |
|    r_xvel               | -0.0811    |
| rollout/                |            |
|    ep_len_mean          | 82         |
|    ep_rew_mean          | 32.9       |
| time/                   |            |
|    fps                  | 45         |
|    iterations           | 306        |
|    time_elapsed         | 27537      |
|    total_timesteps      | 1253376    |
| train/                  |            |
|    approx_kl            | 0.08176039 |
|    clip_fraction        | 0.519      |
|    clip_range           | 0.2        |
|    entropy_loss         | 2.72       |
|    explained_variance   | 0.896      |
|    learning_rate        | 0.0003     |
|    loss                 | 0.0557     |
|    n_updates            | 3050       |
|    policy_gradient_loss | 0.017      |
|    std                  | 0.212      |
|    value_loss           | 0.0694     |
----------------------------------------
----------------------------------------
| energy/                 |            |
|    E_damp_J             | 0.0227     |
|    E_fric_J             | 0.0104     |
|    E_norm_J             | 0.00178    |
|    W_neg_J              | 0.0214     |
|    W_pos_J              | 0.0486     |
| reward/                 |            |
|    r_energy             | -0.044     |
|    r_pose               | -0.00309   |
|    r_vel                | 0.622      |
|    r_xvel               | -0.0423    |
| rollout/                |            |
|    ep_len_mean          | 82         |
|    ep_rew_mean          | 32.9       |
| time/                   |            |
|    fps                  | 45         |
|    iterations           | 307        |
|    time_elapsed         | 27626      |
|    total_timesteps      | 1257472    |
| train/                  |            |
|    approx_kl            | 0.07874887 |
|    clip_fraction        | 0.527      |
|    clip_range           | 0.2        |
|    entropy_loss         | 2.75       |
|    explained_variance   | 0.908      |
|    learning_rate        | 0.0003     |
|    loss                 | 0.0551     |
|    n_updates            | 3060       |
|    policy_gradient_loss | 0.0127     |
|    std                  | 0.211      |
|    value_loss           | 0.065      |
----------------------------------------
---------------------------------------
| energy/                 |           |
|    E_damp_J             | 0.045     |
|    E_fric_J             | 0.0109    |
|    E_norm_J             | 0.0193    |
|    W_neg_J              | 0.0524    |
|    W_pos_J              | 0.0895    |
| reward/                 |           |
|    r_energy             | -0.0862   |
|    r_pose               | -0.00278  |
|    r_vel                | 0.525     |
|    r_xvel               | -0.0743   |
| rollout/                |           |
|    ep_len_mean          | 82        |
|    ep_rew_mean          | 33        |
| time/                   |           |
|    fps                  | 45        |
|    iterations           | 308       |
|    time_elapsed         | 27715     |
|    total_timesteps      | 1261568   |
| train/                  |           |
|    approx_kl            | 0.0715067 |
|    clip_fraction        | 0.543     |
|    clip_range           | 0.2       |
|    entropy_loss         | 2.79      |
|    explained_variance   | 0.851     |
|    learning_rate        | 0.0003    |
|    loss                 | 0.0994    |
|    n_updates            | 3070      |
|    policy_gradient_loss | 0.0189    |
|    std                  | 0.211     |
|    value_loss           | 0.104     |
---------------------------------------
----------------------------------------
| energy/                 |            |
|    E_damp_J             | 0.0232     |
|    E_fric_J             | 0.0104     |
|    E_norm_J             | 0.00175    |
|    W_neg_J              | 0.0231     |
|    W_pos_J              | 0.0497     |
| reward/                 |            |
|    r_energy             | -0.0456    |
|    r_pose               | -0.0028    |
|    r_vel                | 0.636      |
|    r_xvel               | -0.0374    |
| rollout/                |            |
|    ep_len_mean          | 82         |
|    ep_rew_mean          | 33         |
| time/                   |            |
|    fps                  | 45         |
|    iterations           | 309        |
|    time_elapsed         | 27804      |
|    total_timesteps      | 1265664    |
| train/                  |            |
|    approx_kl            | 0.06112486 |
|    clip_fraction        | 0.522      |
|    clip_range           | 0.2        |
|    entropy_loss         | 2.82       |
|    explained_variance   | 0.909      |
|    learning_rate        | 0.0003     |
|    loss                 | 0.0711     |
|    n_updates            | 3080       |
|    policy_gradient_loss | 0.0119     |
|    std                  | 0.21       |
|    value_loss           | 0.0663     |
----------------------------------------
-----------------------------------------
| energy/                 |             |
|    E_damp_J             | 0.0408      |
|    E_fric_J             | 0.011       |
|    E_norm_J             | 0.0183      |
|    W_neg_J              | 0.0402      |
|    W_pos_J              | 0.0879      |
| reward/                 |             |
|    r_energy             | -0.0764     |
|    r_pose               | -0.00289    |
|    r_vel                | 0.557       |
|    r_xvel               | -0.0642     |
| rollout/                |             |
|    ep_len_mean          | 82          |
|    ep_rew_mean          | 33          |
| time/                   |             |
|    fps                  | 45          |
|    iterations           | 310         |
|    time_elapsed         | 27892       |
|    total_timesteps      | 1269760     |
| train/                  |             |
|    approx_kl            | 0.053831298 |
|    clip_fraction        | 0.507       |
|    clip_range           | 0.2         |
|    entropy_loss         | 2.85        |
|    explained_variance   | 0.894       |
|    learning_rate        | 0.0003      |
|    loss                 | 0.0691      |
|    n_updates            | 3090        |
|    policy_gradient_loss | 0.0133      |
|    std                  | 0.21        |
|    value_loss           | 0.0808      |
-----------------------------------------
----------------------------------------
| energy/                 |            |
|    E_damp_J             | 0.0228     |
|    E_fric_J             | 0.0104     |
|    E_norm_J             | 0.00177    |
|    W_neg_J              | 0.0218     |
|    W_pos_J              | 0.0511     |
| reward/                 |            |
|    r_energy             | -0.045     |
|    r_pose               | -0.003     |
|    r_vel                | 0.628      |
|    r_xvel               | -0.0341    |
| rollout/                |            |
|    ep_len_mean          | 82         |
|    ep_rew_mean          | 33.1       |
| time/                   |            |
|    fps                  | 45         |
|    iterations           | 311        |
|    time_elapsed         | 27980      |
|    total_timesteps      | 1273856    |
| train/                  |            |
|    approx_kl            | 0.06984262 |
|    clip_fraction        | 0.53       |
|    clip_range           | 0.2        |
|    entropy_loss         | 2.88       |
|    explained_variance   | 0.9        |
|    learning_rate        | 0.0003     |
|    loss                 | 0.0555     |
|    n_updates            | 3100       |
|    policy_gradient_loss | 0.0197     |
|    std                  | 0.209      |
|    value_loss           | 0.0767     |
----------------------------------------
-----------------------------------------
| energy/                 |             |
|    E_damp_J             | 0.0446      |
|    E_fric_J             | 0.0108      |
|    E_norm_J             | 0.0201      |
|    W_neg_J              | 0.0585      |
|    W_pos_J              | 0.0879      |
| reward/                 |             |
|    r_energy             | -0.0892     |
|    r_pose               | -0.00244    |
|    r_vel                | 0.549       |
|    r_xvel               | -0.0803     |
| rollout/                |             |
|    ep_len_mean          | 82          |
|    ep_rew_mean          | 33.3        |
| time/                   |             |
|    fps                  | 45          |
|    iterations           | 312         |
|    time_elapsed         | 28069       |
|    total_timesteps      | 1277952     |
| train/                  |             |
|    approx_kl            | 0.063109875 |
|    clip_fraction        | 0.524       |
|    clip_range           | 0.2         |
|    entropy_loss         | 2.93        |
|    explained_variance   | 0.904       |
|    learning_rate        | 0.0003      |
|    loss                 | 0.0357      |
|    n_updates            | 3110        |
|    policy_gradient_loss | 0.014       |
|    std                  | 0.208       |
|    value_loss           | 0.0653      |
-----------------------------------------
----------------------------------------
| energy/                 |            |
|    E_damp_J             | 0.0228     |
|    E_fric_J             | 0.0107     |
|    E_norm_J             | 0.00189    |
|    W_neg_J              | 0.0235     |
|    W_pos_J              | 0.0504     |
| reward/                 |            |
|    r_energy             | -0.046     |
|    r_pose               | -0.00294   |
|    r_vel                | 0.635      |
|    r_xvel               | -0.0505    |
| rollout/                |            |
|    ep_len_mean          | 82         |
|    ep_rew_mean          | 33.4       |
| time/                   |            |
|    fps                  | 45         |
|    iterations           | 313        |
|    time_elapsed         | 28157      |
|    total_timesteps      | 1282048    |
| train/                  |            |
|    approx_kl            | 0.07673934 |
|    clip_fraction        | 0.509      |
|    clip_range           | 0.2        |
|    entropy_loss         | 2.97       |
|    explained_variance   | 0.893      |
|    learning_rate        | 0.0003     |
|    loss                 | 0.0387     |
|    n_updates            | 3120       |
|    policy_gradient_loss | 0.0165     |
|    std                  | 0.208      |
|    value_loss           | 0.0798     |
----------------------------------------
----------------------------------------
| energy/                 |            |
|    E_damp_J             | 0.0432     |
|    E_fric_J             | 0.0105     |
|    E_norm_J             | 0.0185     |
|    W_neg_J              | 0.0504     |
|    W_pos_J              | 0.0846     |
| reward/                 |            |
|    r_energy             | -0.0825    |
|    r_pose               | -0.00282   |
|    r_vel                | 0.528      |
|    r_xvel               | -0.0739    |
| rollout/                |            |
|    ep_len_mean          | 82         |
|    ep_rew_mean          | 33.3       |
| time/                   |            |
|    fps                  | 45         |
|    iterations           | 314        |
|    time_elapsed         | 28246      |
|    total_timesteps      | 1286144    |
| train/                  |            |
|    approx_kl            | 0.06790115 |
|    clip_fraction        | 0.494      |
|    clip_range           | 0.2        |
|    entropy_loss         | 2.95       |
|    explained_variance   | 0.906      |
|    learning_rate        | 0.0003     |
|    loss                 | 0.0806     |
|    n_updates            | 3130       |
|    policy_gradient_loss | 0.0122     |
|    std                  | 0.209      |
|    value_loss           | 0.0612     |
----------------------------------------
---------------------------------------
| energy/                 |           |
|    E_damp_J             | 0.0221    |
|    E_fric_J             | 0.0105    |
|    E_norm_J             | 0.00175   |
|    W_neg_J              | 0.021     |
|    W_pos_J              | 0.0501    |
| reward/                 |           |
|    r_energy             | -0.0439   |
|    r_pose               | -0.00305  |
|    r_vel                | 0.619     |
|    r_xvel               | -0.0436   |
| rollout/                |           |
|    ep_len_mean          | 82        |
|    ep_rew_mean          | 33.3      |
| time/                   |           |
|    fps                  | 45        |
|    iterations           | 315       |
|    time_elapsed         | 28335     |
|    total_timesteps      | 1290240   |
| train/                  |           |
|    approx_kl            | 0.0757925 |
|    clip_fraction        | 0.531     |
|    clip_range           | 0.2       |
|    entropy_loss         | 2.96      |
|    explained_variance   | 0.896     |
|    learning_rate        | 0.0003    |
|    loss                 | 0.0711    |
|    n_updates            | 3140      |
|    policy_gradient_loss | 0.0122    |
|    std                  | 0.209     |
|    value_loss           | 0.0778    |
---------------------------------------
----------------------------------------
| energy/                 |            |
|    E_damp_J             | 0.0468     |
|    E_fric_J             | 0.0108     |
|    E_norm_J             | 0.0196     |
|    W_neg_J              | 0.059      |
|    W_pos_J              | 0.0885     |
| reward/                 |            |
|    r_energy             | -0.0907    |
|    r_pose               | -0.00266   |
|    r_vel                | 0.546      |
|    r_xvel               | -0.0632    |
| rollout/                |            |
|    ep_len_mean          | 82         |
|    ep_rew_mean          | 33.5       |
| time/                   |            |
|    fps                  | 45         |
|    iterations           | 316        |
|    time_elapsed         | 28423      |
|    total_timesteps      | 1294336    |
| train/                  |            |
|    approx_kl            | 0.06965695 |
|    clip_fraction        | 0.495      |
|    clip_range           | 0.2        |
|    entropy_loss         | 2.97       |
|    explained_variance   | 0.912      |
|    learning_rate        | 0.0003     |
|    loss                 | 0.0465     |
|    n_updates            | 3150       |
|    policy_gradient_loss | 0.0138     |
|    std                  | 0.209      |
|    value_loss           | 0.0588     |
----------------------------------------
----------------------------------------
| energy/                 |            |
|    E_damp_J             | 0.0224     |
|    E_fric_J             | 0.0104     |
|    E_norm_J             | 0.00184    |
|    W_neg_J              | 0.0216     |
|    W_pos_J              | 0.052      |
| reward/                 |            |
|    r_energy             | -0.045     |
|    r_pose               | -0.00293   |
|    r_vel                | 0.628      |
|    r_xvel               | -0.0463    |
| rollout/                |            |
|    ep_len_mean          | 82         |
|    ep_rew_mean          | 33.7       |
| time/                   |            |
|    fps                  | 45         |
|    iterations           | 317        |
|    time_elapsed         | 28513      |
|    total_timesteps      | 1298432    |
| train/                  |            |
|    approx_kl            | 0.07060789 |
|    clip_fraction        | 0.528      |
|    clip_range           | 0.2        |
|    entropy_loss         | 3          |
|    explained_variance   | 0.902      |
|    learning_rate        | 0.0003     |
|    loss                 | 0.066      |
|    n_updates            | 3160       |
|    policy_gradient_loss | 0.00712    |
|    std                  | 0.208      |
|    value_loss           | 0.075      |
----------------------------------------
----------------------------------------
| energy/                 |            |
|    E_damp_J             | 0.0402     |
|    E_fric_J             | 0.0107     |
|    E_norm_J             | 0.0187     |
|    W_neg_J              | 0.0463     |
|    W_pos_J              | 0.0822     |
| reward/                 |            |
|    r_energy             | -0.0779    |
|    r_pose               | -0.00286   |
|    r_vel                | 0.527      |
|    r_xvel               | -0.0711    |
| rollout/                |            |
|    ep_len_mean          | 82         |
|    ep_rew_mean          | 33.8       |
| time/                   |            |
|    fps                  | 45         |
|    iterations           | 318        |
|    time_elapsed         | 28602      |
|    total_timesteps      | 1302528    |
| train/                  |            |
|    approx_kl            | 0.07791272 |
|    clip_fraction        | 0.521      |
|    clip_range           | 0.2        |
|    entropy_loss         | 3.06       |
|    explained_variance   | 0.913      |
|    learning_rate        | 0.0003     |
|    loss                 | 0.0921     |
|    n_updates            | 3170       |
|    policy_gradient_loss | 0.0157     |
|    std                  | 0.207      |
|    value_loss           | 0.0558     |
----------------------------------------
----------------------------------------
| energy/                 |            |
|    E_damp_J             | 0.0226     |
|    E_fric_J             | 0.0105     |
|    E_norm_J             | 0.00171    |
|    W_neg_J              | 0.0214     |
|    W_pos_J              | 0.0514     |
| reward/                 |            |
|    r_energy             | -0.0448    |
|    r_pose               | -0.00294   |
|    r_vel                | 0.629      |
|    r_xvel               | -0.0307    |
| rollout/                |            |
|    ep_len_mean          | 82         |
|    ep_rew_mean          | 33.7       |
| time/                   |            |
|    fps                  | 45         |
|    iterations           | 319        |
|    time_elapsed         | 28690      |
|    total_timesteps      | 1306624    |
| train/                  |            |
|    approx_kl            | 0.09413861 |
|    clip_fraction        | 0.551      |
|    clip_range           | 0.2        |
|    entropy_loss         | 3.12       |
|    explained_variance   | 0.871      |
|    learning_rate        | 0.0003     |
|    loss                 | 0.107      |
|    n_updates            | 3180       |
|    policy_gradient_loss | 0.024      |
|    std                  | 0.207      |
|    value_loss           | 0.0986     |
----------------------------------------
-----------------------------------------
| energy/                 |             |
|    E_damp_J             | 0.0445      |
|    E_fric_J             | 0.0112      |
|    E_norm_J             | 0.019       |
|    W_neg_J              | 0.054       |
|    W_pos_J              | 0.0854      |
| reward/                 |             |
|    r_energy             | -0.0859     |
|    r_pose               | -0.00279    |
|    r_vel                | 0.556       |
|    r_xvel               | -0.0557     |
| rollout/                |             |
|    ep_len_mean          | 82          |
|    ep_rew_mean          | 33.8        |
| time/                   |             |
|    fps                  | 45          |
|    iterations           | 320         |
|    time_elapsed         | 28778       |
|    total_timesteps      | 1310720     |
| train/                  |             |
|    approx_kl            | 0.082352765 |
|    clip_fraction        | 0.507       |
|    clip_range           | 0.2         |
|    entropy_loss         | 3.13        |
|    explained_variance   | 0.919       |
|    learning_rate        | 0.0003      |
|    loss                 | 0.0476      |
|    n_updates            | 3190        |
|    policy_gradient_loss | 0.0102      |
|    std                  | 0.206       |
|    value_loss           | 0.0585      |
-----------------------------------------
-----------------------------------------
| energy/                 |             |
|    E_damp_J             | 0.0224      |
|    E_fric_J             | 0.0106      |
|    E_norm_J             | 0.00175     |
|    W_neg_J              | 0.0228      |
|    W_pos_J              | 0.0523      |
| reward/                 |             |
|    r_energy             | -0.0459     |
|    r_pose               | -0.00283    |
|    r_vel                | 0.627       |
|    r_xvel               | -0.0283     |
| rollout/                |             |
|    ep_len_mean          | 82          |
|    ep_rew_mean          | 33.8        |
| time/                   |             |
|    fps                  | 45          |
|    iterations           | 321         |
|    time_elapsed         | 28866       |
|    total_timesteps      | 1314816     |
| train/                  |             |
|    approx_kl            | 0.057487093 |
|    clip_fraction        | 0.514       |
|    clip_range           | 0.2         |
|    entropy_loss         | 3.17        |
|    explained_variance   | 0.902       |
|    learning_rate        | 0.0003      |
|    loss                 | 0.0647      |
|    n_updates            | 3200        |
|    policy_gradient_loss | 0.0145      |
|    std                  | 0.205       |
|    value_loss           | 0.0702      |
-----------------------------------------
----------------------------------------
| energy/                 |            |
|    E_damp_J             | 0.039      |
|    E_fric_J             | 0.0108     |
|    E_norm_J             | 0.0189     |
|    W_neg_J              | 0.0447     |
|    W_pos_J              | 0.0869     |
| reward/                 |            |
|    r_energy             | -0.0778    |
|    r_pose               | -0.00265   |
|    r_vel                | 0.528      |
|    r_xvel               | -0.0691    |
| rollout/                |            |
|    ep_len_mean          | 82         |
|    ep_rew_mean          | 33.8       |
| time/                   |            |
|    fps                  | 45         |
|    iterations           | 322        |
|    time_elapsed         | 28955      |
|    total_timesteps      | 1318912    |
| train/                  |            |
|    approx_kl            | 0.08219357 |
|    clip_fraction        | 0.514      |
|    clip_range           | 0.2        |
|    entropy_loss         | 3.21       |
|    explained_variance   | 0.909      |
|    learning_rate        | 0.0003     |
|    loss                 | 0.0677     |
|    n_updates            | 3210       |
|    policy_gradient_loss | 0.0116     |
|    std                  | 0.205      |
|    value_loss           | 0.0639     |
----------------------------------------
----------------------------------------
| energy/                 |            |
|    E_damp_J             | 0.0229     |
|    E_fric_J             | 0.0107     |
|    E_norm_J             | 0.00181    |
|    W_neg_J              | 0.0221     |
|    W_pos_J              | 0.0542     |
| reward/                 |            |
|    r_energy             | -0.0463    |
|    r_pose               | -0.00293   |
|    r_vel                | 0.634      |
|    r_xvel               | -0.0472    |
| rollout/                |            |
|    ep_len_mean          | 82         |
|    ep_rew_mean          | 33.8       |
| time/                   |            |
|    fps                  | 45         |
|    iterations           | 323        |
|    time_elapsed         | 29044      |
|    total_timesteps      | 1323008    |
| train/                  |            |
|    approx_kl            | 0.06456429 |
|    clip_fraction        | 0.526      |
|    clip_range           | 0.2        |
|    entropy_loss         | 3.25       |
|    explained_variance   | 0.837      |
|    learning_rate        | 0.0003     |
|    loss                 | 0.0473     |
|    n_updates            | 3220       |
|    policy_gradient_loss | 0.00908    |
|    std                  | 0.204      |
|    value_loss           | 0.136      |
----------------------------------------
----------------------------------------
| energy/                 |            |
|    E_damp_J             | 0.0428     |
|    E_fric_J             | 0.0109     |
|    E_norm_J             | 0.0187     |
|    W_neg_J              | 0.0496     |
|    W_pos_J              | 0.0905     |
| reward/                 |            |
|    r_energy             | -0.0837    |
|    r_pose               | -0.00248   |
|    r_vel                | 0.551      |
|    r_xvel               | -0.0428    |
| rollout/                |            |
|    ep_len_mean          | 82         |
|    ep_rew_mean          | 33.5       |
| time/                   |            |
|    fps                  | 45         |
|    iterations           | 324        |
|    time_elapsed         | 29134      |
|    total_timesteps      | 1327104    |
| train/                  |            |
|    approx_kl            | 0.08301128 |
|    clip_fraction        | 0.535      |
|    clip_range           | 0.2        |
|    entropy_loss         | 3.28       |
|    explained_variance   | 0.866      |
|    learning_rate        | 0.0003     |
|    loss                 | 0.0391     |
|    n_updates            | 3230       |
|    policy_gradient_loss | 0.0169     |
|    std                  | 0.204      |
|    value_loss           | 0.0878     |
----------------------------------------
-----------------------------------------
| energy/                 |             |
|    E_damp_J             | 0.0229      |
|    E_fric_J             | 0.0106      |
|    E_norm_J             | 0.00169     |
|    W_neg_J              | 0.0226      |
|    W_pos_J              | 0.0539      |
| reward/                 |             |
|    r_energy             | -0.0465     |
|    r_pose               | -0.00288    |
|    r_vel                | 0.637       |
|    r_xvel               | -0.0331     |
| rollout/                |             |
|    ep_len_mean          | 82          |
|    ep_rew_mean          | 33.5        |
| time/                   |             |
|    fps                  | 45          |
|    iterations           | 325         |
|    time_elapsed         | 29225       |
|    total_timesteps      | 1331200     |
| train/                  |             |
|    approx_kl            | 0.080873966 |
|    clip_fraction        | 0.542       |
|    clip_range           | 0.2         |
|    entropy_loss         | 3.26        |
|    explained_variance   | 0.899       |
|    learning_rate        | 0.0003      |
|    loss                 | 0.0995      |
|    n_updates            | 3240        |
|    policy_gradient_loss | 0.0151      |
|    std                  | 0.204       |
|    value_loss           | 0.0806      |
-----------------------------------------
----------------------------------------
| energy/                 |            |
|    E_damp_J             | 0.0411     |
|    E_fric_J             | 0.0104     |
|    E_norm_J             | 0.0183     |
|    W_neg_J              | 0.0434     |
|    W_pos_J              | 0.0852     |
| reward/                 |            |
|    r_energy             | -0.0773    |
|    r_pose               | -0.00266   |
|    r_vel                | 0.583      |
|    r_xvel               | -0.0559    |
| rollout/                |            |
|    ep_len_mean          | 82         |
|    ep_rew_mean          | 33.7       |
| time/                   |            |
|    fps                  | 45         |
|    iterations           | 326        |
|    time_elapsed         | 29316      |
|    total_timesteps      | 1335296    |
| train/                  |            |
|    approx_kl            | 0.06548914 |
|    clip_fraction        | 0.515      |
|    clip_range           | 0.2        |
|    entropy_loss         | 3.22       |
|    explained_variance   | 0.89       |
|    learning_rate        | 0.0003     |
|    loss                 | 0.0537     |
|    n_updates            | 3250       |
|    policy_gradient_loss | 0.0161     |
|    std                  | 0.205      |
|    value_loss           | 0.0826     |
----------------------------------------
-----------------------------------------
| energy/                 |             |
|    E_damp_J             | 0.0231      |
|    E_fric_J             | 0.0105      |
|    E_norm_J             | 0.00173     |
|    W_neg_J              | 0.0213      |
|    W_pos_J              | 0.0546      |
| reward/                 |             |
|    r_energy             | -0.046      |
|    r_pose               | -0.00284    |
|    r_vel                | 0.633       |
|    r_xvel               | -0.0371     |
| rollout/                |             |
|    ep_len_mean          | 82          |
|    ep_rew_mean          | 33.9        |
| time/                   |             |
|    fps                  | 45          |
|    iterations           | 327         |
|    time_elapsed         | 29404       |
|    total_timesteps      | 1339392     |
| train/                  |             |
|    approx_kl            | 0.081651166 |
|    clip_fraction        | 0.544       |
|    clip_range           | 0.2         |
|    entropy_loss         | 3.24        |
|    explained_variance   | 0.907       |
|    learning_rate        | 0.0003      |
|    loss                 | 0.0475      |
|    n_updates            | 3260        |
|    policy_gradient_loss | 0.0216      |
|    std                  | 0.204       |
|    value_loss           | 0.0695      |
-----------------------------------------
----------------------------------------
| energy/                 |            |
|    E_damp_J             | 0.0222     |
|    E_fric_J             | 0.0106     |
|    E_norm_J             | 0.00171    |
|    W_neg_J              | 0.0209     |
|    W_pos_J              | 0.0503     |
| reward/                 |            |
|    r_energy             | -0.044     |
|    r_pose               | -0.00287   |
|    r_vel                | 0.636      |
|    r_xvel               | -0.0368    |
| rollout/                |            |
|    ep_len_mean          | 82         |
|    ep_rew_mean          | 33.9       |
| time/                   |            |
|    fps                  | 45         |
|    iterations           | 328        |
|    time_elapsed         | 29493      |
|    total_timesteps      | 1343488    |
| train/                  |            |
|    approx_kl            | 0.07571843 |
|    clip_fraction        | 0.531      |
|    clip_range           | 0.2        |
|    entropy_loss         | 3.27       |
|    explained_variance   | 0.916      |
|    learning_rate        | 0.0003     |
|    loss                 | 0.115      |
|    n_updates            | 3270       |
|    policy_gradient_loss | 0.0151     |
|    std                  | 0.204      |
|    value_loss           | 0.0611     |
----------------------------------------
----------------------------------------
| energy/                 |            |
|    E_damp_J             | 0.0225     |
|    E_fric_J             | 0.0107     |
|    E_norm_J             | 0.00177    |
|    W_neg_J              | 0.0199     |
|    W_pos_J              | 0.0562     |
| reward/                 |            |
|    r_energy             | -0.0454    |
|    r_pose               | -0.00287   |
|    r_vel                | 0.634      |
|    r_xvel               | -0.0409    |
| rollout/                |            |
|    ep_len_mean          | 82         |
|    ep_rew_mean          | 33.9       |
| time/                   |            |
|    fps                  | 45         |
|    iterations           | 329        |
|    time_elapsed         | 29581      |
|    total_timesteps      | 1347584    |
| train/                  |            |
|    approx_kl            | 0.07049325 |
|    clip_fraction        | 0.522      |
|    clip_range           | 0.2        |
|    entropy_loss         | 3.28       |
|    explained_variance   | 0.906      |
|    learning_rate        | 0.0003     |
|    loss                 | 0.0884     |
|    n_updates            | 3280       |
|    policy_gradient_loss | 0.0181     |
|    std                  | 0.204      |
|    value_loss           | 0.0634     |
----------------------------------------
----------------------------------------
| energy/                 |            |
|    E_damp_J             | 0.0227     |
|    E_fric_J             | 0.0105     |
|    E_norm_J             | 0.00171    |
|    W_neg_J              | 0.0228     |
|    W_pos_J              | 0.0541     |
| reward/                 |            |
|    r_energy             | -0.0465    |
|    r_pose               | -0.00283   |
|    r_vel                | 0.631      |
|    r_xvel               | -0.0309    |
| rollout/                |            |
|    ep_len_mean          | 82         |
|    ep_rew_mean          | 34         |
| time/                   |            |
|    fps                  | 45         |
|    iterations           | 330        |
|    time_elapsed         | 29670      |
|    total_timesteps      | 1351680    |
| train/                  |            |
|    approx_kl            | 0.06812982 |
|    clip_fraction        | 0.527      |
|    clip_range           | 0.2        |
|    entropy_loss         | 3.31       |
|    explained_variance   | 0.928      |
|    learning_rate        | 0.0003     |
|    loss                 | 0.0644     |
|    n_updates            | 3290       |
|    policy_gradient_loss | 0.0157     |
|    std                  | 0.203      |
|    value_loss           | 0.0569     |
----------------------------------------
----------------------------------------
| energy/                 |            |
|    E_damp_J             | 0.0229     |
|    E_fric_J             | 0.0106     |
|    E_norm_J             | 0.00167    |
|    W_neg_J              | 0.0239     |
|    W_pos_J              | 0.0535     |
| reward/                 |            |
|    r_energy             | -0.0472    |
|    r_pose               | -0.00286   |
|    r_vel                | 0.641      |
|    r_xvel               | -0.0422    |
| rollout/                |            |
|    ep_len_mean          | 82         |
|    ep_rew_mean          | 34         |
| time/                   |            |
|    fps                  | 45         |
|    iterations           | 331        |
|    time_elapsed         | 29758      |
|    total_timesteps      | 1355776    |
| train/                  |            |
|    approx_kl            | 0.06312646 |
|    clip_fraction        | 0.5        |
|    clip_range           | 0.2        |
|    entropy_loss         | 3.34       |
|    explained_variance   | 0.929      |
|    learning_rate        | 0.0003     |
|    loss                 | 0.0658     |
|    n_updates            | 3300       |
|    policy_gradient_loss | 0.0117     |
|    std                  | 0.203      |
|    value_loss           | 0.0514     |
----------------------------------------
----------------------------------------
| energy/                 |            |
|    E_damp_J             | 0.0224     |
|    E_fric_J             | 0.0107     |
|    E_norm_J             | 0.0018     |
|    W_neg_J              | 0.0221     |
|    W_pos_J              | 0.0553     |
| reward/                 |            |
|    r_energy             | -0.0464    |
|    r_pose               | -0.00285   |
|    r_vel                | 0.633      |
|    r_xvel               | -0.0336    |
| rollout/                |            |
|    ep_len_mean          | 82         |
|    ep_rew_mean          | 34.1       |
| time/                   |            |
|    fps                  | 45         |
|    iterations           | 332        |
|    time_elapsed         | 29847      |
|    total_timesteps      | 1359872    |
| train/                  |            |
|    approx_kl            | 0.06503528 |
|    clip_fraction        | 0.533      |
|    clip_range           | 0.2        |
|    entropy_loss         | 3.39       |
|    explained_variance   | 0.922      |
|    learning_rate        | 0.0003     |
|    loss                 | 0.0443     |
|    n_updates            | 3310       |
|    policy_gradient_loss | 0.00912    |
|    std                  | 0.202      |
|    value_loss           | 0.0559     |
----------------------------------------
-----------------------------------------
| energy/                 |             |
|    E_damp_J             | 0.0218      |
|    E_fric_J             | 0.0107      |
|    E_norm_J             | 0.00175     |
|    W_neg_J              | 0.0206      |
|    W_pos_J              | 0.0519      |
| reward/                 |             |
|    r_energy             | -0.0442     |
|    r_pose               | -0.00292    |
|    r_vel                | 0.635       |
|    r_xvel               | -0.0335     |
| rollout/                |             |
|    ep_len_mean          | 82          |
|    ep_rew_mean          | 34.2        |
| time/                   |             |
|    fps                  | 45          |
|    iterations           | 333         |
|    time_elapsed         | 29936       |
|    total_timesteps      | 1363968     |
| train/                  |             |
|    approx_kl            | 0.075349405 |
|    clip_fraction        | 0.554       |
|    clip_range           | 0.2         |
|    entropy_loss         | 3.42        |
|    explained_variance   | 0.905       |
|    learning_rate        | 0.0003      |
|    loss                 | 0.0676      |
|    n_updates            | 3320        |
|    policy_gradient_loss | 0.00991     |
|    std                  | 0.202       |
|    value_loss           | 0.064       |
-----------------------------------------
----------------------------------------
| energy/                 |            |
|    E_damp_J             | 0.0222     |
|    E_fric_J             | 0.0106     |
|    E_norm_J             | 0.00165    |
|    W_neg_J              | 0.0219     |
|    W_pos_J              | 0.0526     |
| reward/                 |            |
|    r_energy             | -0.0453    |
|    r_pose               | -0.00297   |
|    r_vel                | 0.633      |
|    r_xvel               | -0.0336    |
| rollout/                |            |
|    ep_len_mean          | 82         |
|    ep_rew_mean          | 34.3       |
| time/                   |            |
|    fps                  | 45         |
|    iterations           | 334        |
|    time_elapsed         | 30028      |
|    total_timesteps      | 1368064    |
| train/                  |            |
|    approx_kl            | 0.07750171 |
|    clip_fraction        | 0.529      |
|    clip_range           | 0.2        |
|    entropy_loss         | 3.43       |
|    explained_variance   | 0.926      |
|    learning_rate        | 0.0003     |
|    loss                 | 0.0757     |
|    n_updates            | 3330       |
|    policy_gradient_loss | 0.0154     |
|    std                  | 0.202      |
|    value_loss           | 0.0545     |
----------------------------------------
----------------------------------------
| energy/                 |            |
|    E_damp_J             | 0.0237     |
|    E_fric_J             | 0.0105     |
|    E_norm_J             | 0.00184    |
|    W_neg_J              | 0.0231     |
|    W_pos_J              | 0.0537     |
| reward/                 |            |
|    r_energy             | -0.047     |
|    r_pose               | -0.003     |
|    r_vel                | 0.622      |
|    r_xvel               | -0.0382    |
| rollout/                |            |
|    ep_len_mean          | 82         |
|    ep_rew_mean          | 34.3       |
| time/                   |            |
|    fps                  | 45         |
|    iterations           | 335        |
|    time_elapsed         | 30117      |
|    total_timesteps      | 1372160    |
| train/                  |            |
|    approx_kl            | 0.05713013 |
|    clip_fraction        | 0.534      |
|    clip_range           | 0.2        |
|    entropy_loss         | 3.44       |
|    explained_variance   | 0.92       |
|    learning_rate        | 0.0003     |
|    loss                 | 0.0544     |
|    n_updates            | 3340       |
|    policy_gradient_loss | 0.0129     |
|    std                  | 0.202      |
|    value_loss           | 0.0569     |
----------------------------------------
----------------------------------------
| energy/                 |            |
|    E_damp_J             | 0.0237     |
|    E_fric_J             | 0.0106     |
|    E_norm_J             | 0.00171    |
|    W_neg_J              | 0.0223     |
|    W_pos_J              | 0.0578     |
| reward/                 |            |
|    r_energy             | -0.0478    |
|    r_pose               | -0.00301   |
|    r_vel                | 0.642      |
|    r_xvel               | -0.0391    |
| rollout/                |            |
|    ep_len_mean          | 82         |
|    ep_rew_mean          | 34.1       |
| time/                   |            |
|    fps                  | 45         |
|    iterations           | 336        |
|    time_elapsed         | 30208      |
|    total_timesteps      | 1376256    |
| train/                  |            |
|    approx_kl            | 0.10761532 |
|    clip_fraction        | 0.534      |
|    clip_range           | 0.2        |
|    entropy_loss         | 3.48       |
|    explained_variance   | 0.926      |
|    learning_rate        | 0.0003     |
|    loss                 | 0.12       |
|    n_updates            | 3350       |
|    policy_gradient_loss | 0.0179     |
|    std                  | 0.201      |
|    value_loss           | 0.0475     |
----------------------------------------
----------------------------------------
| energy/                 |            |
|    E_damp_J             | 0.0221     |
|    E_fric_J             | 0.0107     |
|    E_norm_J             | 0.00176    |
|    W_neg_J              | 0.0209     |
|    W_pos_J              | 0.0567     |
| reward/                 |            |
|    r_energy             | -0.0459    |
|    r_pose               | -0.0029    |
|    r_vel                | 0.624      |
|    r_xvel               | -0.0473    |
| rollout/                |            |
|    ep_len_mean          | 82         |
|    ep_rew_mean          | 34.2       |
| time/                   |            |
|    fps                  | 45         |
|    iterations           | 337        |
|    time_elapsed         | 30299      |
|    total_timesteps      | 1380352    |
| train/                  |            |
|    approx_kl            | 0.07568161 |
|    clip_fraction        | 0.538      |
|    clip_range           | 0.2        |
|    entropy_loss         | 3.49       |
|    explained_variance   | 0.919      |
|    learning_rate        | 0.0003     |
|    loss                 | 0.0599     |
|    n_updates            | 3360       |
|    policy_gradient_loss | 0.018      |
|    std                  | 0.201      |
|    value_loss           | 0.0547     |
----------------------------------------
----------------------------------------
| energy/                 |            |
|    E_damp_J             | 0.0225     |
|    E_fric_J             | 0.0108     |
|    E_norm_J             | 0.00173    |
|    W_neg_J              | 0.0233     |
|    W_pos_J              | 0.053      |
| reward/                 |            |
|    r_energy             | -0.0466    |
|    r_pose               | -0.00297   |
|    r_vel                | 0.639      |
|    r_xvel               | -0.0413    |
| rollout/                |            |
|    ep_len_mean          | 82         |
|    ep_rew_mean          | 34.3       |
| time/                   |            |
|    fps                  | 45         |
|    iterations           | 338        |
|    time_elapsed         | 30388      |
|    total_timesteps      | 1384448    |
| train/                  |            |
|    approx_kl            | 0.08706801 |
|    clip_fraction        | 0.545      |
|    clip_range           | 0.2        |
|    entropy_loss         | 3.49       |
|    explained_variance   | 0.916      |
|    learning_rate        | 0.0003     |
|    loss                 | 0.0798     |
|    n_updates            | 3370       |
|    policy_gradient_loss | 0.0163     |
|    std                  | 0.201      |
|    value_loss           | 0.0592     |
----------------------------------------
-----------------------------------------
| energy/                 |             |
|    E_damp_J             | 0.0223      |
|    E_fric_J             | 0.0109      |
|    E_norm_J             | 0.00175     |
|    W_neg_J              | 0.021       |
|    W_pos_J              | 0.0501      |
| reward/                 |             |
|    r_energy             | -0.0442     |
|    r_pose               | -0.00297    |
|    r_vel                | 0.638       |
|    r_xvel               | -0.031      |
| rollout/                |             |
|    ep_len_mean          | 82          |
|    ep_rew_mean          | 34.1        |
| time/                   |             |
|    fps                  | 45          |
|    iterations           | 339         |
|    time_elapsed         | 30478       |
|    total_timesteps      | 1388544     |
| train/                  |             |
|    approx_kl            | 0.075505264 |
|    clip_fraction        | 0.542       |
|    clip_range           | 0.2         |
|    entropy_loss         | 3.49        |
|    explained_variance   | 0.889       |
|    learning_rate        | 0.0003      |
|    loss                 | 0.13        |
|    n_updates            | 3380        |
|    policy_gradient_loss | 0.0161      |
|    std                  | 0.201       |
|    value_loss           | 0.0762      |
-----------------------------------------
----------------------------------------
| energy/                 |            |
|    E_damp_J             | 0.0225     |
|    E_fric_J             | 0.0108     |
|    E_norm_J             | 0.00178    |
|    W_neg_J              | 0.0222     |
|    W_pos_J              | 0.0529     |
| reward/                 |            |
|    r_energy             | -0.0458    |
|    r_pose               | -0.00288   |
|    r_vel                | 0.634      |
|    r_xvel               | -0.0362    |
| rollout/                |            |
|    ep_len_mean          | 82         |
|    ep_rew_mean          | 34.1       |
| time/                   |            |
|    fps                  | 45         |
|    iterations           | 340        |
|    time_elapsed         | 30568      |
|    total_timesteps      | 1392640    |
| train/                  |            |
|    approx_kl            | 0.07536804 |
|    clip_fraction        | 0.536      |
|    clip_range           | 0.2        |
|    entropy_loss         | 3.49       |
|    explained_variance   | 0.912      |
|    learning_rate        | 0.0003     |
|    loss                 | 0.0645     |
|    n_updates            | 3390       |
|    policy_gradient_loss | 0.0141     |
|    std                  | 0.201      |
|    value_loss           | 0.0654     |
----------------------------------------
-----------------------------------------
| energy/                 |             |
|    E_damp_J             | 0.0242      |
|    E_fric_J             | 0.0108      |
|    E_norm_J             | 0.00215     |
|    W_neg_J              | 0.0281      |
|    W_pos_J              | 0.0529      |
| reward/                 |             |
|    r_energy             | -0.0502     |
|    r_pose               | -0.00295    |
|    r_vel                | 0.606       |
|    r_xvel               | -0.0356     |
| rollout/                |             |
|    ep_len_mean          | 82          |
|    ep_rew_mean          | 34.2        |
| time/                   |             |
|    fps                  | 45          |
|    iterations           | 341         |
|    time_elapsed         | 30659       |
|    total_timesteps      | 1396736     |
| train/                  |             |
|    approx_kl            | 0.089865774 |
|    clip_fraction        | 0.533       |
|    clip_range           | 0.2         |
|    entropy_loss         | 3.5         |
|    explained_variance   | 0.911       |
|    learning_rate        | 0.0003      |
|    loss                 | 0.062       |
|    n_updates            | 3400        |
|    policy_gradient_loss | 0.0161      |
|    std                  | 0.201       |
|    value_loss           | 0.0685      |
-----------------------------------------
---------------------------------------
| energy/                 |           |
|    E_damp_J             | 0.0221    |
|    E_fric_J             | 0.0107    |
|    E_norm_J             | 0.00168   |
|    W_neg_J              | 0.0235    |
|    W_pos_J              | 0.0482    |
| reward/                 |           |
|    r_energy             | -0.045    |
|    r_pose               | -0.00291  |
|    r_vel                | 0.632     |
|    r_xvel               | -0.0391   |
| rollout/                |           |
|    ep_len_mean          | 82        |
|    ep_rew_mean          | 34.4      |
| time/                   |           |
|    fps                  | 45        |
|    iterations           | 342       |
|    time_elapsed         | 30748     |
|    total_timesteps      | 1400832   |
| train/                  |           |
|    approx_kl            | 0.0748569 |
|    clip_fraction        | 0.541     |
|    clip_range           | 0.2       |
|    entropy_loss         | 3.51      |
|    explained_variance   | 0.907     |
|    learning_rate        | 0.0003    |
|    loss                 | 0.0802    |
|    n_updates            | 3410      |
|    policy_gradient_loss | 0.0216    |
|    std                  | 0.2       |
|    value_loss           | 0.0664    |
---------------------------------------
----------------------------------------
| energy/                 |            |
|    E_damp_J             | 0.0338     |
|    E_fric_J             | 0.0116     |
|    E_norm_J             | 0.0197     |
|    W_neg_J              | 0.0351     |
|    W_pos_J              | 0.0811     |
| reward/                 |            |
|    r_energy             | -0.0681    |
|    r_pose               | -0.00288   |
|    r_vel                | 0.591      |
|    r_xvel               | -0.0559    |
| rollout/                |            |
|    ep_len_mean          | 82         |
|    ep_rew_mean          | 34.5       |
| time/                   |            |
|    fps                  | 45         |
|    iterations           | 343        |
|    time_elapsed         | 30840      |
|    total_timesteps      | 1404928    |
| train/                  |            |
|    approx_kl            | 0.06641345 |
|    clip_fraction        | 0.509      |
|    clip_range           | 0.2        |
|    entropy_loss         | 3.56       |
|    explained_variance   | 0.917      |
|    learning_rate        | 0.0003     |
|    loss                 | 0.0612     |
|    n_updates            | 3420       |
|    policy_gradient_loss | 0.0138     |
|    std                  | 0.199      |
|    value_loss           | 0.0553     |
----------------------------------------
-----------------------------------------
| energy/                 |             |
|    E_damp_J             | 0.0222      |
|    E_fric_J             | 0.0108      |
|    E_norm_J             | 0.00183     |
|    W_neg_J              | 0.0221      |
|    W_pos_J              | 0.0507      |
| reward/                 |             |
|    r_energy             | -0.045      |
|    r_pose               | -0.00296    |
|    r_vel                | 0.642       |
|    r_xvel               | -0.0381     |
| rollout/                |             |
|    ep_len_mean          | 82          |
|    ep_rew_mean          | 34.4        |
| time/                   |             |
|    fps                  | 45          |
|    iterations           | 344         |
|    time_elapsed         | 30929       |
|    total_timesteps      | 1409024     |
| train/                  |             |
|    approx_kl            | 0.072899684 |
|    clip_fraction        | 0.523       |
|    clip_range           | 0.2         |
|    entropy_loss         | 3.61        |
|    explained_variance   | 0.925       |
|    learning_rate        | 0.0003      |
|    loss                 | 0.0845      |
|    n_updates            | 3430        |
|    policy_gradient_loss | 0.0149      |
|    std                  | 0.198       |
|    value_loss           | 0.0521      |
-----------------------------------------
-----------------------------------------
| energy/                 |             |
|    E_damp_J             | 0.0479      |
|    E_fric_J             | 0.0112      |
|    E_norm_J             | 0.0192      |
|    W_neg_J              | 0.0608      |
|    W_pos_J              | 0.089       |
| reward/                 |             |
|    r_energy             | -0.0928     |
|    r_pose               | -0.00266    |
|    r_vel                | 0.558       |
|    r_xvel               | -0.0418     |
| rollout/                |             |
|    ep_len_mean          | 82          |
|    ep_rew_mean          | 34.3        |
| time/                   |             |
|    fps                  | 45          |
|    iterations           | 345         |
|    time_elapsed         | 31018       |
|    total_timesteps      | 1413120     |
| train/                  |             |
|    approx_kl            | 0.073017865 |
|    clip_fraction        | 0.544       |
|    clip_range           | 0.2         |
|    entropy_loss         | 3.65        |
|    explained_variance   | 0.903       |
|    learning_rate        | 0.0003      |
|    loss                 | 0.0871      |
|    n_updates            | 3440        |
|    policy_gradient_loss | 0.02        |
|    std                  | 0.198       |
|    value_loss           | 0.0663      |
-----------------------------------------
----------------------------------------
| energy/                 |            |
|    E_damp_J             | 0.0221     |
|    E_fric_J             | 0.0108     |
|    E_norm_J             | 0.00184    |
|    W_neg_J              | 0.0227     |
|    W_pos_J              | 0.0496     |
| reward/                 |            |
|    r_energy             | -0.045     |
|    r_pose               | -0.00296   |
|    r_vel                | 0.635      |
|    r_xvel               | -0.045     |
| rollout/                |            |
|    ep_len_mean          | 82         |
|    ep_rew_mean          | 34.4       |
| time/                   |            |
|    fps                  | 45         |
|    iterations           | 346        |
|    time_elapsed         | 31107      |
|    total_timesteps      | 1417216    |
| train/                  |            |
|    approx_kl            | 0.10201983 |
|    clip_fraction        | 0.563      |
|    clip_range           | 0.2        |
|    entropy_loss         | 3.67       |
|    explained_variance   | 0.874      |
|    learning_rate        | 0.0003     |
|    loss                 | 0.0725     |
|    n_updates            | 3450       |
|    policy_gradient_loss | 0.0158     |
|    std                  | 0.198      |
|    value_loss           | 0.0981     |
----------------------------------------
----------------------------------------
| energy/                 |            |
|    E_damp_J             | 0.0422     |
|    E_fric_J             | 0.0114     |
|    E_norm_J             | 0.0187     |
|    W_neg_J              | 0.0461     |
|    W_pos_J              | 0.0819     |
| reward/                 |            |
|    r_energy             | -0.079     |
|    r_pose               | -0.00286   |
|    r_vel                | 0.554      |
|    r_xvel               | -0.0786    |
| rollout/                |            |
|    ep_len_mean          | 82         |
|    ep_rew_mean          | 34.5       |
| time/                   |            |
|    fps                  | 45         |
|    iterations           | 347        |
|    time_elapsed         | 31195      |
|    total_timesteps      | 1421312    |
| train/                  |            |
|    approx_kl            | 0.07459086 |
|    clip_fraction        | 0.539      |
|    clip_range           | 0.2        |
|    entropy_loss         | 3.71       |
|    explained_variance   | 0.906      |
|    learning_rate        | 0.0003     |
|    loss                 | 0.0345     |
|    n_updates            | 3460       |
|    policy_gradient_loss | 0.0111     |
|    std                  | 0.197      |
|    value_loss           | 0.0642     |
----------------------------------------
----------------------------------------
| energy/                 |            |
|    E_damp_J             | 0.0224     |
|    E_fric_J             | 0.0108     |
|    E_norm_J             | 0.00181    |
|    W_neg_J              | 0.0219     |
|    W_pos_J              | 0.0482     |
| reward/                 |            |
|    r_energy             | -0.0442    |
|    r_pose               | -0.0029    |
|    r_vel                | 0.641      |
|    r_xvel               | -0.0291    |
| rollout/                |            |
|    ep_len_mean          | 82         |
|    ep_rew_mean          | 34.6       |
| time/                   |            |
|    fps                  | 45         |
|    iterations           | 348        |
|    time_elapsed         | 31284      |
|    total_timesteps      | 1425408    |
| train/                  |            |
|    approx_kl            | 0.07720263 |
|    clip_fraction        | 0.53       |
|    clip_range           | 0.2        |
|    entropy_loss         | 3.74       |
|    explained_variance   | 0.912      |
|    learning_rate        | 0.0003     |
|    loss                 | 0.102      |
|    n_updates            | 3470       |
|    policy_gradient_loss | 0.0181     |
|    std                  | 0.197      |
|    value_loss           | 0.0649     |
----------------------------------------
-----------------------------------------
| energy/                 |             |
|    E_damp_J             | 0.0416      |
|    E_fric_J             | 0.011       |
|    E_norm_J             | 0.0195      |
|    W_neg_J              | 0.0489      |
|    W_pos_J              | 0.088       |
| reward/                 |             |
|    r_energy             | -0.082      |
|    r_pose               | -0.00267    |
|    r_vel                | 0.532       |
|    r_xvel               | -0.0512     |
| rollout/                |             |
|    ep_len_mean          | 82          |
|    ep_rew_mean          | 34.5        |
| time/                   |             |
|    fps                  | 45          |
|    iterations           | 349         |
|    time_elapsed         | 31373       |
|    total_timesteps      | 1429504     |
| train/                  |             |
|    approx_kl            | 0.086698286 |
|    clip_fraction        | 0.57        |
|    clip_range           | 0.2         |
|    entropy_loss         | 3.79        |
|    explained_variance   | 0.909       |
|    learning_rate        | 0.0003      |
|    loss                 | 0.0816      |
|    n_updates            | 3480        |
|    policy_gradient_loss | 0.0186      |
|    std                  | 0.195       |
|    value_loss           | 0.0663      |
-----------------------------------------
---------------------------------------
| energy/                 |           |
|    E_damp_J             | 0.0219    |
|    E_fric_J             | 0.0106    |
|    E_norm_J             | 0.00178   |
|    W_neg_J              | 0.0212    |
|    W_pos_J              | 0.0489    |
| reward/                 |           |
|    r_energy             | -0.0436   |
|    r_pose               | -0.00285  |
|    r_vel                | 0.636     |
|    r_xvel               | -0.029    |
| rollout/                |           |
|    ep_len_mean          | 82        |
|    ep_rew_mean          | 34.3      |
| time/                   |           |
|    fps                  | 45        |
|    iterations           | 350       |
|    time_elapsed         | 31461     |
|    total_timesteps      | 1433600   |
| train/                  |           |
|    approx_kl            | 0.0776497 |
|    clip_fraction        | 0.535     |
|    clip_range           | 0.2       |
|    entropy_loss         | 3.84      |
|    explained_variance   | 0.925     |
|    learning_rate        | 0.0003    |
|    loss                 | 0.0903    |
|    n_updates            | 3490      |
|    policy_gradient_loss | 0.0172    |
|    std                  | 0.195     |
|    value_loss           | 0.0569    |
---------------------------------------
----------------------------------------
| energy/                 |            |
|    E_damp_J             | 0.0435     |
|    E_fric_J             | 0.0107     |
|    E_norm_J             | 0.0192     |
|    W_neg_J              | 0.0614     |
|    W_pos_J              | 0.0809     |
| reward/                 |            |
|    r_energy             | -0.0882    |
|    r_pose               | -0.0026    |
|    r_vel                | 0.537      |
|    r_xvel               | -0.107     |
| rollout/                |            |
|    ep_len_mean          | 82         |
|    ep_rew_mean          | 34.5       |
| time/                   |            |
|    fps                  | 45         |
|    iterations           | 351        |
|    time_elapsed         | 31550      |
|    total_timesteps      | 1437696    |
| train/                  |            |
|    approx_kl            | 0.08905555 |
|    clip_fraction        | 0.543      |
|    clip_range           | 0.2        |
|    entropy_loss         | 3.86       |
|    explained_variance   | 0.899      |
|    learning_rate        | 0.0003     |
|    loss                 | 0.0679     |
|    n_updates            | 3500       |
|    policy_gradient_loss | 0.0191     |
|    std                  | 0.194      |
|    value_loss           | 0.074      |
----------------------------------------
----------------------------------------
| energy/                 |            |
|    E_damp_J             | 0.0224     |
|    E_fric_J             | 0.0109     |
|    E_norm_J             | 0.00177    |
|    W_neg_J              | 0.0225     |
|    W_pos_J              | 0.0518     |
| reward/                 |            |
|    r_energy             | -0.0457    |
|    r_pose               | -0.00283   |
|    r_vel                | 0.648      |
|    r_xvel               | -0.0473    |
| rollout/                |            |
|    ep_len_mean          | 82         |
|    ep_rew_mean          | 34.6       |
| time/                   |            |
|    fps                  | 45         |
|    iterations           | 352        |
|    time_elapsed         | 31638      |
|    total_timesteps      | 1441792    |
| train/                  |            |
|    approx_kl            | 0.07603553 |
|    clip_fraction        | 0.54       |
|    clip_range           | 0.2        |
|    entropy_loss         | 3.89       |
|    explained_variance   | 0.92       |
|    learning_rate        | 0.0003     |
|    loss                 | 0.0853     |
|    n_updates            | 3510       |
|    policy_gradient_loss | 0.0139     |
|    std                  | 0.193      |
|    value_loss           | 0.0608     |
----------------------------------------
-----------------------------------------
| energy/                 |             |
|    E_damp_J             | 0.0418      |
|    E_fric_J             | 0.0111      |
|    E_norm_J             | 0.0194      |
|    W_neg_J              | 0.0446      |
|    W_pos_J              | 0.09        |
| reward/                 |             |
|    r_energy             | -0.0803     |
|    r_pose               | -0.00284    |
|    r_vel                | 0.536       |
|    r_xvel               | -0.0721     |
| rollout/                |             |
|    ep_len_mean          | 82          |
|    ep_rew_mean          | 34.5        |
| time/                   |             |
|    fps                  | 45          |
|    iterations           | 353         |
|    time_elapsed         | 31728       |
|    total_timesteps      | 1445888     |
| train/                  |             |
|    approx_kl            | 0.076730005 |
|    clip_fraction        | 0.536       |
|    clip_range           | 0.2         |
|    entropy_loss         | 3.92        |
|    explained_variance   | 0.9         |
|    learning_rate        | 0.0003      |
|    loss                 | 0.0634      |
|    n_updates            | 3520        |
|    policy_gradient_loss | 0.0215      |
|    std                  | 0.193       |
|    value_loss           | 0.0676      |
-----------------------------------------
----------------------------------------
| energy/                 |            |
|    E_damp_J             | 0.0224     |
|    E_fric_J             | 0.0107     |
|    E_norm_J             | 0.00176    |
|    W_neg_J              | 0.0214     |
|    W_pos_J              | 0.048      |
| reward/                 |            |
|    r_energy             | -0.0438    |
|    r_pose               | -0.00295   |
|    r_vel                | 0.642      |
|    r_xvel               | -0.0315    |
| rollout/                |            |
|    ep_len_mean          | 82         |
|    ep_rew_mean          | 34.6       |
| time/                   |            |
|    fps                  | 45         |
|    iterations           | 354        |
|    time_elapsed         | 31817      |
|    total_timesteps      | 1449984    |
| train/                  |            |
|    approx_kl            | 0.06941896 |
|    clip_fraction        | 0.53       |
|    clip_range           | 0.2        |
|    entropy_loss         | 3.95       |
|    explained_variance   | 0.917      |
|    learning_rate        | 0.0003     |
|    loss                 | 0.0708     |
|    n_updates            | 3530       |
|    policy_gradient_loss | 0.017      |
|    std                  | 0.191      |
|    value_loss           | 0.062      |
----------------------------------------
----------------------------------------
| energy/                 |            |
|    E_damp_J             | 0.0452     |
|    E_fric_J             | 0.0111     |
|    E_norm_J             | 0.0191     |
|    W_neg_J              | 0.0535     |
|    W_pos_J              | 0.0888     |
| reward/                 |            |
|    r_energy             | -0.0869    |
|    r_pose               | -0.00271   |
|    r_vel                | 0.554      |
|    r_xvel               | -0.0445    |
| rollout/                |            |
|    ep_len_mean          | 82         |
|    ep_rew_mean          | 34.8       |
| time/                   |            |
|    fps                  | 45         |
|    iterations           | 355        |
|    time_elapsed         | 31906      |
|    total_timesteps      | 1454080    |
| train/                  |            |
|    approx_kl            | 0.07342447 |
|    clip_fraction        | 0.543      |
|    clip_range           | 0.2        |
|    entropy_loss         | 3.98       |
|    explained_variance   | 0.927      |
|    learning_rate        | 0.0003     |
|    loss                 | 0.0728     |
|    n_updates            | 3540       |
|    policy_gradient_loss | 0.0169     |
|    std                  | 0.191      |
|    value_loss           | 0.0509     |
----------------------------------------
----------------------------------------
| energy/                 |            |
|    E_damp_J             | 0.0218     |
|    E_fric_J             | 0.0106     |
|    E_norm_J             | 0.00175    |
|    W_neg_J              | 0.0223     |
|    W_pos_J              | 0.0481     |
| reward/                 |            |
|    r_energy             | -0.044     |
|    r_pose               | -0.00287   |
|    r_vel                | 0.639      |
|    r_xvel               | -0.0425    |
| rollout/                |            |
|    ep_len_mean          | 82         |
|    ep_rew_mean          | 34.7       |
| time/                   |            |
|    fps                  | 45         |
|    iterations           | 356        |
|    time_elapsed         | 31994      |
|    total_timesteps      | 1458176    |
| train/                  |            |
|    approx_kl            | 0.09933169 |
|    clip_fraction        | 0.572      |
|    clip_range           | 0.2        |
|    entropy_loss         | 3.99       |
|    explained_variance   | 0.911      |
|    learning_rate        | 0.0003     |
|    loss                 | 0.101      |
|    n_updates            | 3550       |
|    policy_gradient_loss | 0.0178     |
|    std                  | 0.191      |
|    value_loss           | 0.0643     |
----------------------------------------
----------------------------------------
| energy/                 |            |
|    E_damp_J             | 0.0411     |
|    E_fric_J             | 0.0106     |
|    E_norm_J             | 0.0189     |
|    W_neg_J              | 0.0497     |
|    W_pos_J              | 0.0881     |
| reward/                 |            |
|    r_energy             | -0.0821    |
|    r_pose               | -0.00275   |
|    r_vel                | 0.526      |
|    r_xvel               | -0.0674    |
| rollout/                |            |
|    ep_len_mean          | 82         |
|    ep_rew_mean          | 34.6       |
| time/                   |            |
|    fps                  | 45         |
|    iterations           | 357        |
|    time_elapsed         | 32082      |
|    total_timesteps      | 1462272    |
| train/                  |            |
|    approx_kl            | 0.07504939 |
|    clip_fraction        | 0.535      |
|    clip_range           | 0.2        |
|    entropy_loss         | 4.03       |
|    explained_variance   | 0.919      |
|    learning_rate        | 0.0003     |
|    loss                 | 0.051      |
|    n_updates            | 3560       |
|    policy_gradient_loss | 0.0109     |
|    std                  | 0.19       |
|    value_loss           | 0.0562     |
----------------------------------------
-----------------------------------------
| energy/                 |             |
|    E_damp_J             | 0.0218      |
|    E_fric_J             | 0.0108      |
|    E_norm_J             | 0.00181     |
|    W_neg_J              | 0.0204      |
|    W_pos_J              | 0.0481      |
| reward/                 |             |
|    r_energy             | -0.043      |
|    r_pose               | -0.00304    |
|    r_vel                | 0.638       |
|    r_xvel               | -0.0329     |
| rollout/                |             |
|    ep_len_mean          | 82          |
|    ep_rew_mean          | 34.9        |
| time/                   |             |
|    fps                  | 45          |
|    iterations           | 358         |
|    time_elapsed         | 32170       |
|    total_timesteps      | 1466368     |
| train/                  |             |
|    approx_kl            | 0.089325294 |
|    clip_fraction        | 0.541       |
|    clip_range           | 0.2         |
|    entropy_loss         | 4.07        |
|    explained_variance   | 0.936       |
|    learning_rate        | 0.0003      |
|    loss                 | 0.0396      |
|    n_updates            | 3570        |
|    policy_gradient_loss | 0.0117      |
|    std                  | 0.19        |
|    value_loss           | 0.0469      |
-----------------------------------------
----------------------------------------
| energy/                 |            |
|    E_damp_J             | 0.0412     |
|    E_fric_J             | 0.0113     |
|    E_norm_J             | 0.0192     |
|    W_neg_J              | 0.0487     |
|    W_pos_J              | 0.0859     |
| reward/                 |            |
|    r_energy             | -0.0812    |
|    r_pose               | -0.00294   |
|    r_vel                | 0.543      |
|    r_xvel               | -0.0727    |
| rollout/                |            |
|    ep_len_mean          | 82         |
|    ep_rew_mean          | 35         |
| time/                   |            |
|    fps                  | 45         |
|    iterations           | 359        |
|    time_elapsed         | 32260      |
|    total_timesteps      | 1470464    |
| train/                  |            |
|    approx_kl            | 0.07354933 |
|    clip_fraction        | 0.537      |
|    clip_range           | 0.2        |
|    entropy_loss         | 4.09       |
|    explained_variance   | 0.936      |
|    learning_rate        | 0.0003     |
|    loss                 | 0.0319     |
|    n_updates            | 3580       |
|    policy_gradient_loss | 0.0157     |
|    std                  | 0.189      |
|    value_loss           | 0.0427     |
----------------------------------------
----------------------------------------
| energy/                 |            |
|    E_damp_J             | 0.0223     |
|    E_fric_J             | 0.0109     |
|    E_norm_J             | 0.00186    |
|    W_neg_J              | 0.0222     |
|    W_pos_J              | 0.0492     |
| reward/                 |            |
|    r_energy             | -0.0447    |
|    r_pose               | -0.0031    |
|    r_vel                | 0.652      |
|    r_xvel               | -0.0394    |
| rollout/                |            |
|    ep_len_mean          | 82         |
|    ep_rew_mean          | 34.9       |
| time/                   |            |
|    fps                  | 45         |
|    iterations           | 360        |
|    time_elapsed         | 32349      |
|    total_timesteps      | 1474560    |
| train/                  |            |
|    approx_kl            | 0.06812489 |
|    clip_fraction        | 0.527      |
|    clip_range           | 0.2        |
|    entropy_loss         | 4.11       |
|    explained_variance   | 0.899      |
|    learning_rate        | 0.0003     |
|    loss                 | 0.14       |
|    n_updates            | 3590       |
|    policy_gradient_loss | 0.0146     |
|    std                  | 0.189      |
|    value_loss           | 0.0802     |
----------------------------------------
----------------------------------------
| energy/                 |            |
|    E_damp_J             | 0.0431     |
|    E_fric_J             | 0.0108     |
|    E_norm_J             | 0.0192     |
|    W_neg_J              | 0.0501     |
|    W_pos_J              | 0.0858     |
| reward/                 |            |
|    r_energy             | -0.0827    |
|    r_pose               | -0.00289   |
|    r_vel                | 0.534      |
|    r_xvel               | -0.0662    |
| rollout/                |            |
|    ep_len_mean          | 82         |
|    ep_rew_mean          | 34.8       |
| time/                   |            |
|    fps                  | 45         |
|    iterations           | 361        |
|    time_elapsed         | 32438      |
|    total_timesteps      | 1478656    |
| train/                  |            |
|    approx_kl            | 0.08030193 |
|    clip_fraction        | 0.539      |
|    clip_range           | 0.2        |
|    entropy_loss         | 4.13       |
|    explained_variance   | 0.909      |
|    learning_rate        | 0.0003     |
|    loss                 | 0.0747     |
|    n_updates            | 3600       |
|    policy_gradient_loss | 0.0214     |
|    std                  | 0.189      |
|    value_loss           | 0.0624     |
----------------------------------------
-----------------------------------------
| energy/                 |             |
|    E_damp_J             | 0.0216      |
|    E_fric_J             | 0.0107      |
|    E_norm_J             | 0.00187     |
|    W_neg_J              | 0.0216      |
|    W_pos_J              | 0.0471      |
| reward/                 |             |
|    r_energy             | -0.0432     |
|    r_pose               | -0.00305    |
|    r_vel                | 0.636       |
|    r_xvel               | -0.0313     |
| rollout/                |             |
|    ep_len_mean          | 82          |
|    ep_rew_mean          | 34.7        |
| time/                   |             |
|    fps                  | 45          |
|    iterations           | 362         |
|    time_elapsed         | 32526       |
|    total_timesteps      | 1482752     |
| train/                  |             |
|    approx_kl            | 0.076382145 |
|    clip_fraction        | 0.547       |
|    clip_range           | 0.2         |
|    entropy_loss         | 4.14        |
|    explained_variance   | 0.917       |
|    learning_rate        | 0.0003      |
|    loss                 | 0.0483      |
|    n_updates            | 3610        |
|    policy_gradient_loss | 0.0183      |
|    std                  | 0.188       |
|    value_loss           | 0.0616      |
-----------------------------------------
---------------------------------------
| energy/                 |           |
|    E_damp_J             | 0.0427    |
|    E_fric_J             | 0.0111    |
|    E_norm_J             | 0.0189    |
|    W_neg_J              | 0.0489    |
|    W_pos_J              | 0.0889    |
| reward/                 |           |
|    r_energy             | -0.0829   |
|    r_pose               | -0.0027   |
|    r_vel                | 0.555     |
|    r_xvel               | -0.0684   |
| rollout/                |           |
|    ep_len_mean          | 82        |
|    ep_rew_mean          | 34.9      |
| time/                   |           |
|    fps                  | 45        |
|    iterations           | 363       |
|    time_elapsed         | 32616     |
|    total_timesteps      | 1486848   |
| train/                  |           |
|    approx_kl            | 0.0993146 |
|    clip_fraction        | 0.602     |
|    clip_range           | 0.2       |
|    entropy_loss         | 4.13      |
|    explained_variance   | 0.83      |
|    learning_rate        | 0.0003    |
|    loss                 | 0.17      |
|    n_updates            | 3620      |
|    policy_gradient_loss | 0.0255    |
|    std                  | 0.188     |
|    value_loss           | 0.148     |
---------------------------------------
---------------------------------------
| energy/                 |           |
|    E_damp_J             | 0.0221    |
|    E_fric_J             | 0.0109    |
|    E_norm_J             | 0.00178   |
|    W_neg_J              | 0.021     |
|    W_pos_J              | 0.0486    |
| reward/                 |           |
|    r_energy             | -0.0436   |
|    r_pose               | -0.00298  |
|    r_vel                | 0.648     |
|    r_xvel               | -0.0368   |
| rollout/                |           |
|    ep_len_mean          | 82        |
|    ep_rew_mean          | 35        |
| time/                   |           |
|    fps                  | 45        |
|    iterations           | 364       |
|    time_elapsed         | 32704     |
|    total_timesteps      | 1490944   |
| train/                  |           |
|    approx_kl            | 0.0819384 |
|    clip_fraction        | 0.545     |
|    clip_range           | 0.2       |
|    entropy_loss         | 4.12      |
|    explained_variance   | 0.89      |
|    learning_rate        | 0.0003    |
|    loss                 | 0.0944    |
|    n_updates            | 3630      |
|    policy_gradient_loss | 0.0205    |
|    std                  | 0.188     |
|    value_loss           | 0.0719    |
---------------------------------------
-----------------------------------------
| energy/                 |             |
|    E_damp_J             | 0.0403      |
|    E_fric_J             | 0.0111      |
|    E_norm_J             | 0.0194      |
|    W_neg_J              | 0.0491      |
|    W_pos_J              | 0.0795      |
| reward/                 |             |
|    r_energy             | -0.079      |
|    r_pose               | -0.00267    |
|    r_vel                | 0.551       |
|    r_xvel               | -0.0644     |
| rollout/                |             |
|    ep_len_mean          | 82          |
|    ep_rew_mean          | 35.1        |
| time/                   |             |
|    fps                  | 45          |
|    iterations           | 365         |
|    time_elapsed         | 32793       |
|    total_timesteps      | 1495040     |
| train/                  |             |
|    approx_kl            | 0.062090818 |
|    clip_fraction        | 0.536       |
|    clip_range           | 0.2         |
|    entropy_loss         | 4.15        |
|    explained_variance   | 0.907       |
|    learning_rate        | 0.0003      |
|    loss                 | 0.0601      |
|    n_updates            | 3640        |
|    policy_gradient_loss | 0.0155      |
|    std                  | 0.188       |
|    value_loss           | 0.0622      |
-----------------------------------------
----------------------------------------
| energy/                 |            |
|    E_damp_J             | 0.022      |
|    E_fric_J             | 0.011      |
|    E_norm_J             | 0.00197    |
|    W_neg_J              | 0.0213     |
|    W_pos_J              | 0.0475     |
| reward/                 |            |
|    r_energy             | -0.0436    |
|    r_pose               | -0.00306   |
|    r_vel                | 0.649      |
|    r_xvel               | -0.0307    |
| rollout/                |            |
|    ep_len_mean          | 82         |
|    ep_rew_mean          | 34.9       |
| time/                   |            |
|    fps                  | 45         |
|    iterations           | 366        |
|    time_elapsed         | 32882      |
|    total_timesteps      | 1499136    |
| train/                  |            |
|    approx_kl            | 0.08071289 |
|    clip_fraction        | 0.528      |
|    clip_range           | 0.2        |
|    entropy_loss         | 4.18       |
|    explained_variance   | 0.928      |
|    learning_rate        | 0.0003     |
|    loss                 | 0.0935     |
|    n_updates            | 3650       |
|    policy_gradient_loss | 0.0188     |
|    std                  | 0.187      |
|    value_loss           | 0.0493     |
----------------------------------------
--------------------------------------
| energy/                 |          |
|    E_damp_J             | 0.039    |
|    E_fric_J             | 0.0107   |
|    E_norm_J             | 0.0186   |
|    W_neg_J              | 0.0431   |
|    W_pos_J              | 0.0776   |
| reward/                 |          |
|    r_energy             | -0.074   |
|    r_pose               | -0.0029  |
|    r_vel                | 0.602    |
|    r_xvel               | -0.0706  |
| rollout/                |          |
|    ep_len_mean          | 82       |
|    ep_rew_mean          | 34.8     |
| time/                   |          |
|    fps                  | 45       |
|    iterations           | 367      |
|    time_elapsed         | 32970    |
|    total_timesteps      | 1503232  |
| train/                  |          |
|    approx_kl            | 0.093538 |
|    clip_fraction        | 0.55     |
|    clip_range           | 0.2      |
|    entropy_loss         | 4.2      |
|    explained_variance   | 0.857    |
|    learning_rate        | 0.0003   |
|    loss                 | 0.171    |
|    n_updates            | 3660     |
|    policy_gradient_loss | 0.0237   |
|    std                  | 0.186    |
|    value_loss           | 0.0961   |
--------------------------------------
